title,author,year,issue,word_count,content,leader_period,economic_era,decade,log_word_count
새로운 동력원천을 얻어내는것은 현시기 경제건설의 필수적과제,로철송,2014,4,903,"세계적으로 인구가 끊임없이 증가하고 경제가 발전하는데 따라 에네르기에 대한 수요가 빠른 속도로 늘어나고있다. 더욱더 늘어나는 에네르기에 대한 수요를 원만히 충족시키는것은 인류의 생존과 경제의 지속적인 발전을 보장하는데서 절실한 문제로 나선다.

지금 인류가 동력으로 리용하고있는 에네르기는 화석에네르기, 재생에네르기, 핵에네르기이다.

국제에네르기기구의 자료에 의하면 2011년 현재 세계 전기생산량에서 석탄과 원유, 천연가스 등 전통적인 에네르기를 리용한 전기생산량은 근 69%, 재생가능한 에네르기를 리용한 전기생산량은 17%, 핵에네르기를 리용한 전기생산량은 14%를 차지하였다.

그런데 지금 주요 에네르기자원으로 리용되고있는 화석에네르기는 당면하게 또는 전망적으로 볼 때 늘어나는 에네르기에 대한 수요를 해결하는데서나 그리고 인류의 생존과 발전, 번영에 이바지하는데서 커다란 제한성을 가지고있다. 이러한 제한성을 극복하고 에네르기문제를 원만히 해결하자면 새로운 동력원천을 얻어내지 않으면 안된다.

위대한 령도자 김정일동지께서는 다음과 같이 지적하시였다.
《앞으로 석탄과 원유는 경제가 발전함에 따라 일정한 기간이 지나면 고갈될것입니다. 이것은 불가피한 일입니다. 그러므로 새로운 동력원천을 얻어내는것은 경제건설의 필수적인 과제라고 말할수 있습니다.》(《김정일전집》 제1권 481페지)

새로운 동력원천을 얻어내는것이 경제건설의 필수적인 과제로 나서는것은 무엇보다먼저 지금 인류가 크게 의존하고있는 원유, 석탄과 같은 에네르기자원이 고갈성자원이라는것과 관련된다.

지금 세계 많은 나라들은 여전히 원유, 석탄과 같은 전통적인 에네르기자원에 의거하여 연료, 동력문제를 해결하고있다. 그런데 이러한 화석에네르기자원은 어디까지나 한계가 있는 천연자원인것만큼 절대적으로 제한되여있을뿐아니라 오랜 기간에 걸쳐 대대적으로 채취, 리용한것으로 하여 급격히 줄어들고있다.

자료에 의하면 앞으로 인류가 지금처럼 화석에네르기자원을 계속 소비한다면 원유는 40여년, 천연가스는 50여년, 석탄은 200여년이면 바닥이 날것이라고 한다.

이것은 전망적으로 볼 때 고갈되여가는 화석에네르기자원에 의거해서는 늘어나는 에네르기에 대한 수요를 원만히 해결할수 없다는것을 보여준다.

에네르기에 대한 수요와 소비는 주로 경제의 장성과 인구의 증가에 의존하는것만큼 경제가 발전하고 인구가 늘어나면 그에 맞게 에네르기자원을 해결하는것이 필수적요구로 나선다.

오늘 세계적으로 경제장성률이 일정하게 높아지고 인구도 계속 늘어나고있는 조건에서 에네르기에 대한 수요도 계속 증가하고있다. 그러나 그 원천은 제한되여있다.

현재 세계 총에네르기소비량에서 절반이상을 차지하는 원유만 보더라도 개발리용된 력사가 오래고 특히 최근 수십년간에 걸쳐 많이 채취한것으로 하여 크게 즐어들었다.

지금 세계적으로 원유생산과 소비사이에 심한 불균형이 생기고 그에 따라 원유가격이 계속 높아지고 있는것은 이러한 사정을 반영한것이라고 볼수 있다.

원유, 석탄과 같은 화석에네르기자원이 날이 감에 따라 고갈되는것이 불가피한것만큼 그것을 대신할수 있는 새로운 동력원천을 얻어내지 않으면 안된다.

새로운 동력원천을 얻어내는것이 현시기 경제건설의 필수적과제로 나서는것은 또한 원유, 석탄과 같은 화석에네르기에 기초한 경제가 대기중에 이산화탄소를 대량 방출함으로써 지구생태환경을 파괴하는것과 같은 부정적후과를 가져오것과도 중요하게 관련된다.

화석연료에 의한 전통적인 에네르기생산은 지구온난화를 초래하는 이산화탄소를 대량적으로 내보낸다.

국제에네르기기구는 지금의 에네르기자원소비량이 계속 유지되는 경우 2030년에 세계적인 이산화탄소방출량은 1990년의 거의 2배에 달하게 될것이라고 발표하였다.

화석연료의 연소과정에 생기는 이산화탄소는 기온상승을 가져오는 온실효과에 가장 큰 영향을 미친다.

이산화탄소 등 온실효과가스방출량이 늘어남에 따라 세계적범위에서 지구온난화과정이 급속히 추진되고있다.

전문가들은 지금의 지구온난화현상이 그대로 지속되는 경우 
										21세기말에 가서 세계평균기온이 가장 무더운 해로 기록된 1998년보다 4℃ 더 높아질것이라고 예측하였다.

지구온난화는 지구표면의 온도가 높아지는 현상으로서 그 가장 중요한 요인은 어디까지나 이산화탄소와 같은 온실효과가스방출량이 증대되고 축적되여 그 농도가 높아지는데 있다.

지구온난화가 심해짐에 따라 지구의 생태환경이 심히 파괴되고있다.

생태환경은 사람을 둘러싸고있는 자연 및 생활환경으로서 사람들의 정상적인 생명활동과 인류사회발전의 필수적이며 항구적인 조건이다. 그러므로 생태환경이 파괴되면 사람들의 생존과 활동, 사회경제발전에 커다란 위험이 생기고 인류사회의 정상적인 발전이 심히 제한을 받게 된다.

오랜 기간에 걸치는 원유, 석탄과 같은 화석연료의 소비로 인한 이산화탄소의 대량적인 방출에 의하여 초래된 지구온난화는 오늘 생태환경을 파괴하는 주되는 요인으로 되고있다.

지구온난화가 생태환경을 파괴하는데 주는 가장 심각한 영향은 그것이 기후변동과 이상기후현상을 가져오는데 있다.

기후변동과 이상기후현상에 의한 생태환경파괴는 오늘 세계적으로 인류의 생존과 안정을 엄중히 위협하고 경제발전에 커다란 저애를 주고있다.

이상기후현상으로 지구의 대기온도가 높아짐에 따라 방대한 규모의 토지가 사막화되고 세계 많은 나라와 지역들에서 전례없는 열파와 심한 가물, 무더기비와 큰물, 폭풍과 폭설 등과 같은 현상이 자주 일어나고있으며 이것은 농산물생산에 커다란 지장을 줌으로써 식량위기를 초래하고 있다.

식량부족으로 겪게 되는 재난인 식량위기는 전쟁이나 자연재해 등이 그 요인으로 될수 있고 해당 나라의 경제정책과 같은 사회경제적요인에 의해서도 빚어질수 있다.

새 세기에 들어와서 심화되고있는 식량위기에는 이상기후현상에 의한 자연재해의 심화, 국제알곡시장에서의 투기행위의 성행, 미국을 비롯한 서방자본주의나라들의 알곡을 리용한 생물연료의 대대적인 생산, 세계인구의 빠른 장성에 의한 식량수요의 급격한 장성과 식량가격의 등귀 등 여러가지 요인들이 작용하고있다. 이러한 요인들가운데서 특히 이상기후의 영향으로 인하여 토지의 사막화와 자연재난으로 부침땅면적이 크게 줄어들고 농업생산이 퇴보함으로써 알곡생산이 많이 줄어든것이 주되는 요인의 하나로 되고있다.

지금 이상기후현상으로 빚어지고있는 식량위기는 전례없이 심각한것으로 되고있다.

세계적으로 먹을것이 없어 수천만명의 사람들이 굶어죽고있으며 수억의 인구가 굶주림에 허덕이고있다.

지구온난화와 이상기후현상은 자연재해와 여러가지 질병을 초래하고 그로하여 목숨을 잃는 사람들의 수가 늘어나고있다.

생태환경파괴는 또한 동식물들의 생존공간을 줄이고 그것들을 사멸시키고있다.

화석연료위주의 에네르기자원소비구조는 지구의 생태환경을 심히 파괴할뿐아니라 원유로 인한 국제적분쟁을 산생시켜 세계정세를 끊임없이 불안정하게 하고있다.

원유를 비롯한 에네르기자원을 독점하기 위한 미국의 침략과 간섭책동, 원유소비대국들사이의 치렬한 경쟁으로 하여 세계 수많은 나라와 지역들에서 분쟁이 지속되고있다.

주요 원유생산국들에서의 불안정한 정치정세를 비롯한 여러가지 원인으로하여 원유의 공급이 수요와 심히 배리되고 그 가격이 끊임없이 높아지고있으며 이것은 국제적으로 새로운 원유위기에 대한 불안과 우려를 가져오고 있다.

이처럼 원유, 석탄 등 화석연료위주의 에네르기자원소비구조는 전망적으로 늘어나는 에네르기에 대한 수요를 보장하는데서나 지구의 생태환경을 보장하며 인류의 생존과 안정된 사회경제발전을 보장하는데서 커다란 제한성을 가지고있다.

이로부터 오늘 늘어나는 에네르기에 대한 수요를 원만히 충족시킬뿐아니라 인류의 생존자체를 위협하는 이산화탄소에 의한 재난적인 환경오염과 파괴를 가져오지 않는 새로운 동력원천을 얻어내는것이 필수적이며 절박한 과제로 나선다.

고갈되여가는 화석연료를 전략적인 동력원천으로 리용할수 없게 되고 그것이 생태환경을 심히 파괴함으로써 인류의 생존과 사회경제발전에 심각한 후과를 가져오는 조건에서 그것을 혁신하여야 할 현실적이며 절박한 요구를 반영하여 출현한것이 록색에네르기자원이다.

수력과 태양열, 풍력, 지열, 생물질에네르기, 파도에네르기 등과 같은 록색에네르기자원은 인류가 영구적으로 리용할수 있는 재생에네르기자원들이다.

록색에네르기자원의 여러가지 형태들은 재생가능하고 그 원천이 풍부한것으로 하여 개발잠재력이 크고 깨끗하며 에네르기 자원으로서의 리용가치도 높다.

그러나 록색에네르기자원은 그 개발리용에서 자연지리적, 기후적조건의 영향을 많이 받는다.

그것들은 자연력을 원천으로 하고있기때문에 주기적특성을 띠거나 지역적으로 고르롭지 못하며 이로부터 에네르기에 대한 수요를 중단없이 지속적으로 그리고 지역에 관계없이 원만히 보장하는데서 일정한 제한성을 가진다.

또한 개개의 록색에네르기자원으로서는 절대적으로 큰 출력의 에네르기를 얻기 힘들다.

생물연료와 같은 일부 록색에네르기자원의 개발은 사람들의 경제생활과 환경에 부정적인 영향을 주는것들도 있다.

그리고 록색에네르기자원은 그 개발과 리용을 위한 기술이 아직 응당한 높이에 이르지 못하고 초기투자와 원가가 많이 드는것으로 하여 널리 도입되지 못하고있다. 이것은 록색에네르기자원도 에네르기문제를 해결하는데서 실용성이 적다는것을 보여준다.

우리는 록색에네르기자원을 널리 개발리용하면서 심각해지는 기후변화에도 대처할수 있고 늘어나는 에네르기에 대한 수요를 원만히 해결하는데서 보다 실용적인 동력원천을 얻기 위한 사업을 적극 벌려나가야 할것이다.",KJU,byungjin_sanctions,2010s,6.806829360392176
정보봉사기관들의 경영전략작성에서 나서는 중요문제,부교수 최창수,2013,4,497,"새 세기 최첨단돌파전이 힘있게 벌어지고있는 오늘 정보봉사사업은 지식경제강국건설의 강력한 추동력으로 되고있다.

정보봉사기관들과 단위들에서 정보봉사사업을 활발하게 벌려나가자면 옳바른 경영전략을 세우고 그 실현을 위한 투쟁을 힘있게 밀고나가야 한다.

위대한 령도자 김정일동지께서는 다음과 같이 지적하시였다.
《...생산을 정상화하려면 경영전략을 바로세워야 합니다.》

정보봉사기관들과 단위들에서 봉사경영전략을 정확히 세우는것은 정보봉사사업을 과학적으로, 합리적으로, 효률적으로 하며 끊임없이 개선하기 위한 선차적인 과업으로 된다.

정보봉사경영전략은 국가적인 정보봉사발전전략에 기초하여 정보봉사기관들과 단위들에서 봉사활동을 개선하기 위한 책략을 세우는것을 기본내용으로 한다.

정보봉사경영전략은 해당 단위의 봉사활동전반을 포괄하여 종합적으로 세울수도 있고 해당 단위의 사업특성에 따라 봉사사업전반에 영향을 주는 어느 한 측면을 대상으로 하여 세울수도 있다. 봉사활동의 어느 측면을 대상으로 하는가에 따라 정보제공전략, 정보수요연구전략, 정보예측전략, 정보평가전략으로 구분하여 세울수도 있고 정보제품생산과 판매의 공정별내용에 따라 정보제품의 선정 및 연구개발전략, 정보제품생산전략, 정보제품의 보급 및 판매전략 등으로 구분하여 세울수도 있다. 뿐만아니라 정보봉사기관들의 경영활동의 측면별관리내용에 따라 설비관리전략, 인재관리전략, 품질관리전략, 자재 및 제품관리전략, 재정관리전략, 정보사업성과관리전략 등으로 구분하여 세울수도 있다.

정보봉사경영전략을 세우는데서 나서는 중요한 문제는 무엇보다도 정보봉사기관들과 단위들에서 당의 로선과 정책을 지침으로 하고 국가의 정보봉사발전전략에 기초하여 경영전략을 작성하는것이다.

당의 로선과 정책은 모든 부문, 모든 단위에서 튼튼히 틀어쥐고나가야 할 유일한 지도적지침이다. 그러므로 경영전략을 세우는데서는 당의 로선과 정책을 무조건 철저히 관철하는데 중심을 두어야 한다.

정보봉사기관들과 단위들에서는 당의 로선과 정책을 철저히 관철하는데 이바지할수 있는 전략작성에 절실히 필요한 여러가지 정보들을 제때에 정확하게 수집하여 보급할수 있게 봉사경영전략을 세워야 한다. 뿐만아니라 국가의 전망적인 정보봉사발전전략과 계획에 기초하여 해당 단위의 사명과 임무, 특성에 맞게 봉사활동을 벌려나갈수 있도록 봉사경영전략을 책략적으로 세워야 한다.

다음으로 정보제품의 개발과 연구, 생산과 봉사 및 류통의 모든 공정들에서 새 세기 산업혁명의 요구에 맞게 최첨단돌파전을 힘있게 벌려 세계적인 경쟁에서 이길수 있도록 경영전략을 세우는것이다.

정보제품의 개발과 연구, 생산과 봉사 및 류통의 매 공정은 국내적으로뿐아니라 국제적인 흐름과 발전추세에 민감하게 반응한다. 정보제품은 국내의 리용자들의 질적요구를 충분히 만족시키는것과 함께 다른 나라 수요자들에게도 만족을 주어야 한다. 정보제품은 다른 제품들에 비하여 갱신주기와 속도가 특별히 빠른 조건에서 다른 나라들과의 교류를 보다 심화시킬것을 요구한다. 그래야 제품의 질도 부단히 높일수 있다.

이와 같이 세계적인 발전추세에 맞게 정보제품의 질을 끊임없이 높여나가자면 최첨단돌파전을 벌려 세계를 앞서나갈수 있도록 매개 단위들에서 새로운 봉사형식과 방법을 받아들이고 봉사경영전략을 과학적으로, 합리적으로 세워야 한다. 여기서 중요한것은 매개 봉사기관들과 단위들에서 자기 단위의 고유한 봉사형식과 방법들가운데서 특색있는 형식과 방법들을 선정하고 봉사사업전반을 첨단의 지위에 올려세울수 있게 경영전략을 세우고 실속있게 실현해나가는것이다.

다음으로 정보봉사의 경영관리체계를 발전하는 현실에 적극 따라세우는것이다. 정보봉사단위들의 경영관리체계는 고정불변한것이 아니다. 모든 봉사기관들과 단위들에서는 당의 정책적요구를 정확히 구현하고 국가와 사회, 집단의 리익을 철저히 보장하면서 최대한의 실리를 얻을수 있는 정보제품을 개발하고 생산하며 봉사환경을 갱신할수 있게 경영관리체계를 끊임없이 개선해나가야 한다. 이와 함께 세계적인 정보봉사발전추세에 맞게 합리적인 봉사경영
										관리체계를 연구분석한데 기초하여 해당 봉사단위들의 구체적인 실정에 맞는 측면들을 봉사경영관리체계에 신속하게 받아들이는 사업도 능동적으로 벌려야 한다.

다음으로 정보봉사의 모든 결과가 최대한 빨리 실천에 구현되고 생산력으로 전환될수 있게 전략전술적의도를 가지고 경영전략을 세우는것이다.

당정책과 국가의 결정, 지시에 따라 정보를 해당 단위들에 정상적으로 보급해주는 경우에도, 수요자들의 요구에 따라 정보를 봉사해주는 경우에도 정보봉사의 모든 결과는 그것이 실천에 최대한 빨리 구현되여야만 의의가 있게 된다. 특히 과학기술정보나 경제정보를 비롯한 물질적결과가 나타나게 되여있는 봉사의 경우에는 그것이 계획된 기간에 정확히 경제력, 생산력으로 나타나거나 전환되여야만 실리가 보장되는것으로 된다. 이것은 실질적인 결과가 충분히 나타날수 있게 정보의 가공과 봉사를 창조적으로, 능동적으로 벌려나갈수 있는 폭넓은 경영전략을 세울것을 요구한다.

모든 정보봉사기관들과 단위들에서는 경영전략, 기업전략을 과학적으로, 합리적으로 세우고 실천해나감으로써 높은 정보봉사실적으로 당의 경제강국건설구상을 실현하는데 적극 이바지하여야 한다.",KJU,byungjin_sanctions,2010s,6.210600077024653
기술의 투자가치분석에 대한 연구,라숙영,2016,2,563,"오늘날 세계적범위에서 벌어지는 치렬한 국력경쟁은 곧 과학기술경쟁, 첨단기술개발경쟁이라고 말할수 있다.

그 어느 나라를 막론하고 국가의 생사존망과 련결된 첨단기술을 개발하기 위하여 막대한 자금과 자원을 총동원하고있다.

제한된 자원으로 나라의 경제발전전략에 맞게 효률적인 투자를 통하여 최단기간내에 세계적수준의 첨단기술을 개발, 획득하기 위하여서는 그에 대한 투자가치분석이 안받침되여야 한다.

위대한 령도자 김정일동지께서는 다음과 같이 교시하시였다.
《과학기술을 발전시키고 앞선 기술을 받아들여 생산을 늘이고 리윤을 많이 냈을 때에는 많은 몫을 공장, 기업소와 과학연구기관에 주어 과학기술발전자금과 기술혁신표창자금으로 리용하도록 하여야 하겠습니다.》(《김정일선집》 증보판 제13권 377페지)

경애하는 원수님의 경제강국건설구상과 의도에 따라 첨단기술개발구들을 내오고 그것을 본보기로 하여 경제전반을 지식경제로 전환시켜나가기 위한 사업이 활발히 벌어지고있는 우리 나라의 현실은 지적자원으로서의 기술개발과 기술획득을 위한 투자가치분석과 평가를 옳게 진행해나갈것을 요구하고있다.

오늘 국제적으로 첨단기술개발과 기술획득을 위한 투자가치분석에서는 여러가지 투자가치평가체계와 방법론들이 개발적용되고있다.


① 기술과 기술의 가치

일반적으로 기술이란 자연을 정복하고 개조하기 위한 사람들의 목적의식적인 실천행정에서 형성되고 발전한 로동수단과 기능의 총체로서 기업의 견지에서 보면 제품의 생산, 판매에 필요되는 제품기술, 공정기술, 경영기술의 세가지 형태로 구성된다.

기존의 기술에 비해 새로운 기술적요소 또는 과학적지식을 추가하면서 창조되는 기술은 시대가 발전하고 시간이 흐름에 따라 반드시 로화되는것이 과학과 차이나는 중요한 특징의 하나라고 말할수 있다.

기술은 상품적가치를 전제로 하는 지적재산으로서 그 류형은 매우 다양하다. 이가운데서 법적으로 소유권을 인정받아 보호를 받을수 있는 지적재산을 지적소유권이라고 하며 여기에는 특허권, 실용신안권, 설계권, 상표권, 저작권 등이 포함된다. 지적소유권으로 인정받지 못한 기술들은 대다수 기술가치평가의 대상으로 될수 없다.

세계적으로 기술가치에 대하여 학자들마다 여러가지로 정의하고있다.

기술가치에 대해 가장 널리 적용되는 개념은 투자가의 견지에서 본 기술의 경제적수익성이다.

경제적의미에서 볼 때 기술의 가치는 매매 혹은 교환의 기준으로 되는 기술의 가치로서 대체로 기술의 시장가격을 교환가치로 보고있다.

그러나 지적재산인 새로운 기술은 일반 실물제품과 달리 초기시장을 형성하는데서는 많은 어려움이 존재하므로 시장에서 기술의 교환가치를 결정하기는 매우 힘들다.


② 기술의 투자가치분석에 영향을 주는 요인

기술개발 및 기술획득을 위한 투자가치분석에서 중요한것은 기술투자가치에 영향을 주는 다양한 요인들에 대하여 잘 아는것이다.

기술의 투자가치에 영향을 주는 요인들가운데서 평가목적에 관계없이 작용하는 가장 중요한 요인들은 국가의 전략적 및 사회적요인, 경제적요인이다.

첫째로, 국가나 기업이 추구하는 전략적인 목표에 따라 기술의 가치는 서로 다르게 표현될수 있다. 이를 위해 중요하게 적용되는 평가지표를 보면 전략적중요성과 기존의 지적재산들과의 조화성을 들수 있다.

국가나 기업들은 우선 자기가 보유하고있는 기술들의 우점과 기술적잠재력, 투자하게 될 기술이 효과적인 결합을 이루어낼수 있는가를 분석하게 되며 또한 국가나 기업이 추진하고있는 연구개발계획들과 호상 조화를 이룰수 있는가에 대해서도 분석하게 된다.

또한 다른 사업분야와의 호상 유기적련관성, 연구개발집단의 능력, 연구개발집단의 지휘체계와 지휘능력도 분석하게 된다.

둘째로, 기술의 가치를 평가할 때 기술의 기술적측면에 대해 분석하게 된다.

기술적측면에서의 분석에서 리용되는 평가지표들을 보면 주로 다음과 같다.

우선 기술이 혁신적인 새 제품개발을 위한것인가 아니면 제조공정상에서의 생산원가를 절약하기 위한 기술인가를 판단하는 기술
										목표지표가 있다.

또한 기술이 새로 개발된 첨단기술인가 아니면 이미 있던 기술인가 혹은 경쟁기술들과 비교하는 경우 새로운 기술에 속하는가 기술의 대체 혹은 모방가능성이 있는가를 분석하는 기술수명지표가 있다.

또한 기술의 응용가능성, 상업적인 허가가능성, 추가기술개발의 필요성 등을 분석하는 기술완성도지표가 있다.

또한 기존의 기술 혹은 새로운 기술들과 조화될수 있는가, 기반기술인가 아니면 주변기술인가, 주도적인 기술인가 아니면 보완적인 기술인가를 판단하게 하는 기술의 련관성지표가 있다.

또한 기술개발에 의해 지식축적가능성이 있는가 혹은 새로운 기술이 새로운 산업을 개척할 가능성이 있는가를 분석하게 되는 기술의 파급효과지표가 있다.

셋째로, 기술가치가 실현되는것은 시장에 의해서 결정되게 된다.

각이한 기술가치평가모형들을 통해 기술의 투자가치를 분석할 때 기술적측면에 대한 분석을 충분히 할수 있을 때 시장에서의 최종가치를 평가할수 있게 된다. 뿐만아니라 시장에서의 정확성이 없이 수많이 존재하는 불리한 조건들로 하여 기존의 제품 및 공정기술을 개량한 제품 및 공정개선기술들에 비해 새로운 제품 혹은 봉사기술에서는 이러한 시장에서의 최종가치분석을 매우 중요한것으로 보고있다.

시장에서의 최종가치분석에서 리용되는 평가지표들을 본다면 현재 또는 잠재적인 시장의 규모를 측정하는 시장규모지표, 경쟁기술제품 혹은 봉사와 비교하여 시장점유률의 증가속도를 분석하는 시장확대속도지표, 류통체계, 판매와 관련된 인적자원, 통신기술, 물자류통체계 등 영업관련부문의 경쟁력을 확보할수 있는 하부구조를 분석하는 시장관련 하부구조지표와 소비자의 인식을 비롯한 기타 시장환경요인 등을 들수 있다.",KJU,byungjin_sanctions,2010s,6.335054251498059
화페류통통계지표의 합리적설정,홍금옥,2012,4,731,"위대한 령도자 김정일동지께서는 다음과 같이 지적하시였다.
《사회적현상의 량적측면은 통계지표에 의하여 개괄적으로 반영됩니다. 그러므로 통계학은 사회적현상을 연구하는데서 통계지표를 수단으로 리용합니다.》

화페류통통계지표를 합리적으로 설정하는것은 화페류통에 대한 통계적연구를 심화시키는데서 나서는 선차적인 사업이다. 그것은 화페류통통계지표의 설정여부에 따라 화페류통에 대한 계산분석의 범위와 결과값도 달라지게 되는것과 관련된다.

화페류통통계지표는 화페류통에 대한 통계적연구목적에 맞게 설정하여야 한다. 화페류통에 대한 통계적연구를 진행하는것은 화페류통관리를 과학적으로 하기 위한 종합적인 분석자료를 얻자는데 있다.

그러므로 화페류통통계지표는 당의 로선과 정책을 지침으로 하여 화페류통과정과 그 결과를 전면적으로, 해부학적으로 밝힐수 있게 설정하면서도 체계성과 련관성을 보장하는 원칙에서 설정하여야 한다.

화페류통규모를 반영하는 종합계산지표로는 류통화페량지표와 화페류통액지표를 설정할수 있다.

류통화페량지표는 일정한 시점현재 류통계에 머물러있는 화페잔고를 반영하며 화페류통액지표는 일정한 기간 류통수단, 지불수단으로서 기능한 화페의 운동량을 반영한다.

화페류통액과 화페류통량은 다같이 류통과정에 놓여있는 화페량과 관련되는 개념이라는데서는 공통성을 가지지만 반영하는 측면은 다르다.

류통화페량은 정적인 상태에서 화페류통을 반영한다면 화페류통액은 동적인 상태에서 일정한 기간의 화페의 운동상태를 반영한다는것이다. 화페류통액지표와 류통화페량지표의 설정은 화페운동을 종합적으로 반영하는것으로 하여 화페류통속도의 계산을 쉽게 하고 화페류통과 생산물류통과의 련관분석을 과학적으로 할수 있게 한다는데 의의가 있다.

화페류통규모를 반영하는 세부계산지표로는 화페류통형태별, 화페류통환절별, 화페류통지역별로 구체화하여 설정할수 있다.

우선 화페류통형태에 따라 현금류통지표와 무현금류통지표를 설정할수 있다.

현금류통은 상품류통을 매개하면서 운동한 중앙은행권의 류통을 말한다. 현금류통과정에 주민소득이 이루어지고 현금으로 주민들은 필요에 따라 상품 또는 봉사를 제공받을수 있으므로 현금류통은 인민생활향상에서 중요한 의의를 가진다.

무현금류통은 그 어떤 현물적인 화페의 운동이 아니라 장부상에서 환치의 방법으로 이루어지는 화페의 운동이다. 무현금류통은 생산수단류통을 매개하는것으로 하여 전반적인 화페류통사업을 개선하는데서 의의를 가진다.

현금류통규모를 반영하는 지표로는 현금류통이 진행되는 구체적인 단계와 내용에 따라 류통중현금지표, 류통면현금지표, 조절현금지표, 화페의 발행 및 회수액지표, 지역간현금조절액지표, 현금수입 및 지출액지표, 시장현금류통액지표들로 세부화할수 있다. 현금류통을 반영하는 이러한 지표들은 현금이 어떤 통로를 통하여 얼마나 발행되였으며 그것이 어떻게 류통되여 은행으로 들어가는가, 류통에 존재하는 현금의 규모는 얼마나 되는가를 직관적으로 파악할수 있게 한다.

무현금류통규모를 반영하는 지표로는 류통무현금량지표와 무현금류통액지표를 설정할수 있다.

류통무현금량지표는 일정한 시점현재 돈자리잔고의 규모를 반영하며 무현금류통액지표는 일정한 기간에 이루어진 돈자리류동고의 규모를 반영한다.

화페류통형태에 따르는 우와 같은 세부계산지표들의 설정은 현금류통과 무현금류통의 특성에 맞게 그 구성을 합리적으로 하고 현금류통과 무현금류통이 진행되는 매 단계들에서의 화페류통정형을 분석적으로 파악할수 있게 한다는데 의의가 있다.

화페류통환절은 화페류통환절에서 매개 류통단위들이 노는 역할과 경영활동방식에 따라 중앙은행본점과 지점, 대부대상기업소, 자체자금운영기업소, 협동단체, 예산제기관, 기타 금융기관, 주민으로 구분할수 있다.

화페류통환절별 화페류통규모를 반영하는 지표들은 화페가 어느 단위에 얼마나 있으며 그것이 어디서 어디로 류통되였는가를 밝힘으로써 화페류통환절별로 머무름시간을 단축하고 화페보유한도를 바로 규정하며 류통환절을 줄이기 위한 대책을 세우는데서 의의가 있다.

화페류통규모를 반영하
										는 세부계산지표는 지역에 따라 구분하여 설정할수 있다.

지역에 따라 화페류통규모를 반영하는것은 지역별로 경제발전수준과 인민생활향상수준이 다르며 따라서 화페류통상태도 다른것과 관련된다. 농촌지역을 비롯한 산간지역의 은행지점들에서는 화페수입보다 지출이 더 많으며 화페류통이 정상적으로 진행되지 못하고 년말 결산분배를 하는 시기에 보다 활발히 진행된다. 또한 공업이 발전하고 주민들이 집중되여있는 지역들에서는 현금수입이 지출보다 많고 무현금류통도 상대적으로 많은것을 비롯하여 지역마다 화페류통이 진행되는 규모는 서로 다르다.

지역에 따르는 화페류통규모지표들은 화페가 어느 지역에 얼마나 있으며 어느 지역에서 어디로 이동하였는가를 밝힘으로써 지역별특성과 지역간균형을 맞추면서 화페류통관리를 진행해나갈수 있게 한다는데 의의가 있다.

화페류통분석지표로는 계획수행분석지표, 동태분석지표, 구성분석지표들을 설정할수 있다.

화페류통계획수행정형은 계획수행률지표, 계획초과(또는 미달)액지표, 계획수행정상화곁수지표들을 통하여 분석을 구체화할수 있다.

화페류통계획수행분석을 위한 중요지표로는 화페발행 및 회수계획수행률지표, 현금수입 및 지출계획수행률지표 등을 설정할수 있다.

화페발행 및 회수계획수행률지표는 중앙은행에 의한 화페발행계획수행정형을 반영한다. 화페는 오직 중앙은행을 통해서만 류통령역으로 방출된다. 이때 발행된 화페량이 류통계에서 요구하는 필요화페량을 초과하거나 또는 필요화페량보다 부족된다면 생산물류통에 부정적인 후과를 미치게 된다. 그러므로 화페발행계획을 과학적으로 세우는것은 물론 그것을 정확히 수행하여야 한다. 그러자면 화페발행계획을 과학적으로 세우고 그 집행과정을 정상적으로 장악하며 그에 미친 요인들의 영향을 옳바로 분석하여 그에 따르는 적극적인 대책을 제때에 세우는것이 필요하다.

현금수입 및 지출계획수행률지표는 상품류통(또는 봉사제공)을 매개하면서 중앙은행을 통하여 진행된 현금류통정형을 반영한다. 여기서 현금수입액은 상품류통과 봉사활동이 활발히 진행되는데 따라 늘어나며 반대의 경우에는 줄어든다. 다시말하여 현금수입액은 중앙은행의 주관적인 의사보다도 생산과 류통이 어떻게 진행되는가에 그 규모의 크기변동이 좌우된다고 말할수 있다. 현금지출액도 마찬가지이다. 현금수입이 있어야 현금지출이 이루어질수 있기때문에 현금지출계획수행은 현금수입계획수행에 크게 의존된다. 만일 현금수입계획을 미달하였음에도 불구하고 현금지출계획수행을 초과한다면 그것은 화페의 과잉현상을 산생시킬수 있게 한다. 그러므로 현금지출은 현금수입이 이루어지는데 따라 진행해야 하며 그것도 단번에 많은 량을 지출할것이 아니라 정상적으로 지출하는것이 합리적이다.

현금수입 및 지출계획수행을 반영하는 세부지표로는 현금수입 및 지출항목별 계획수행률지표를 설정할수 있다. 현금수입 및 지출항목별 계획수행률지표를 통하여 현금수입 및 지출계획수행에 미치는 항목별영향을 분석적으로 밝혀낼수 있다.

화페류통동태는 화페류통규모장성률과 증가률지표, 평균장성속도지표규모변동의 평균편차지표들을 통하여 밝힐수 있다.

화페류통동태분석에서 중요한것은 화페류통총액과 함께 화페류통을 이루는 구성요소별 화페류통액의 장성동태를 밝히는것이다.

여기서 화페류통총액의 장성동태를 반영하는 화페류통총액장성률, 화페류통총액평균장성속도와 같은 지표들은 화페류통과 생산물류통과의 련관을 밝히는데서 의의가 있다.

화페류통을 이루는 주요구성요소들인 현금류통액장성률, 무현금류통액장성률지표들의 설정은 현금류통과 무현금류통의 변동동태를 파악하고 그것들사이의 호상련관을 합리적으로 조절하도록 하는데서 의의가 있다.

화페류통구성분석지표로는 화페류통총액에서 차지하는 구성요소별비중지표를 설정할수 있다.

주요비중지표로는 화페류통총액에서 차지하는 현금류통액과 무현금류통액의 비중, 현금수입 및 지출총액에서 차지하는 항목별 현금수입 및 지출액의 비중, 류통화페량에서 차지하는 류통면현금과 주민보유현금의 비중, 지역별비중지표 등을 설정할수 있다.

이처럼 비중지표들을 통하여 매 지표들이 전체 화페류통에서 차지하는 지위와 역할, 그 변동동태를 밝힘으로써 화페류통사업개선을 위한 구체적인 대책을 세울수 있게 한다.

우와 같은 화페류통분석지표들은 화페류통계획수행정형과 화페류통규모변동의 일반적경향성을 파악하고 화페류통과정을 해부학적으로 밝힐수 있게 한다는데 의의가 있다.",KJU,byungjin_sanctions,2010s,6.595780513961311
"시, 군들에서 림농복합경영을 대대적으로 조직전개하기 위한 몇가지 문제",리철호,2016,4,795,"경애하는 김정은동지께서는 다음과 같이 말씀하시였다.
《시, 군들에서는 대상지를 바로 정하고 림농복합경영을 대대적으로 조직전개하여 알곡생산도 늘이고 산들의 수림화도 다그치도록 하여야 합니다.》

시, 군들에서 림농복합경영을 대대적으로 조직전개하는것은 알곡생산을 늘이고 산들의 수림화를 다그치며 집짐승먹이문제를 풀어 축산물생산을 높이는데서 큰 의의를 가진다.

시, 군들에서 림농복합경영을 대대적으로 조직전개하여야 현시기 나라의 긴장한 식량문제를 풀고 벌거숭이가 된 산들을 원상복구하여 생태환경을 보존하고 경제의 지속적인 발전을 이룩할수 있다.

림농복합경영방법은 한마디로 말하여 산림업과 농업을 결합하여 산림토지를 효과적으로 리용하는 경영방법이다.

다시말하면 산림토지에 경제적가치가 있는 여러해살이나무들과 알곡작물, 약초, 먹이풀 등 여러해살이풀들을 결합하여 재배하거나 집짐승기르기를 배합함으로써 산림토지의 리용률을 높일뿐아니라 토지의 퇴화를 막고 생태환경을 개선하는 집약적이며 지속적인 토지관리방법이다.

한 구획의 토지에 알곡생산이나 산림조성과 같은 한가지 목적으로부터 한가지 종류의 작물이나 나무를 심어 가꾸던 전통적인 토지리용방식과 달리 림농복합경영에서는 한 구획의 토지에서 여러 종류의 나무들과 작물들을 배합하여 심고 가꾸어 전체적인 생산물의 량을 늘이고 생산물을 다양화하면서 토지를 비롯한 생태환경을 보호하게 한다.

산이 많고 부침땅면적이 제한되여있는 우리 나라에서 림농복합경영방법을 받아들이는것은 산림토지를 효과적으로 리용하여 농업생산을 늘이고 사회주의강국을 일떠세우기 위하여 우리 당이 중요하게 내세우고있는 문제의 하나이다.

시, 군들에서 림농복합경영방법을 대대적으로 조직전개하여 산림토지에서 알곡생산도 늘이고 산림을 수림화하자면 무엇보다 림농복합경영대상지를 바로 정하고 림농지건설을 앞세워야 한다.

림농지건설을 앞세우는것은 림농복합경영방법을 받아들이기 위한 선결조건이다.

림농지건설을 앞세우자면 림농건설계획을 바로세우고 자연상태의 산림토지를 림농복합경영기술의 요구대로 나무와 함께 농작물을 재배할수 있도록 개간하여야 한다.

림농건설계획은 림농복합경영방법을 받아들이기 위하여 림농경영대상지와 형태를 옳게 선정하고 산림토지를 개간하는 순차와 방법, 대책들이 종합적으로 반영된 집행설계이다.

일반적으로 림농복합경영대상지는 산림에서 밭자리, 풀판이나 채벌뒤자리와 같은 무림목지, 나무가 크게 자라지 않은 조림지, 전망적으로 쓸모가 적고 생산성이 낮은 산림개조대상지에 정한다. 밭자리는 토지 및 지형조건에 관계없이 대상지로 규정하여 빠른 기간에 나무를 심어야 한다.

대상지를 무림목지와 조림지, 산림개조대상지에 정할 때에는 작물을 재배하기 위한 여러가지 조건을 고려해야 한다.

대상지는 주민지구와의 거리가 5km정도안에 정하는것이 좋다. 나무와 식량작물을 결합하는 림농대상지로서는 주민지구에 가깝고 벌거숭이로 된 산, 농작물이 잘 자랄수 있게 토양조건이 주어진 산으로 정하여야 한다.

그래야 농작물을 심어 가꾸면서 산림을 복구하기에 편리하다.

림농지건설은 등고선을 따라 1m너비로 나무와 풀을 배합하여 풀뚝을 조성한 다음 풀뚝과 풀뚝사이의 7~10m의 구간에는 식량작물을 심을수 있도록 토지를 정리하며 물모임량이 많은 골짜기에는 과일나무 같은것을 집중적으로 심고 위험개소마다에는 석축을 하거나 지피식물을 심어 산사태와 같은 피해를 근원적으로 막을수 있게 진행하여야 한다.

림농복합경영형태는 목적과 기능에 따라 일반적으로 림농복합형, 림축복합형, 림농축복합형 등으로 나누고있다.

자기 지방 실정에 맞는 합리적인 림농복합경영형태를 선정하자면 도입가능한 여러가지 림농복합경영형태들의 경제적효과성을 서로 대비하여 보아야 한다.

시, 군들에서는 림농복합경영형태들의 경제적효과성을 한사람당 또는 가동일당 생산고, 생산물단위당 원가, 정보당 또는 생산물단위당 자재소비기준, 생산비 10 000원당 생산고 등을 리용하여 계산분석하고 그 수준이 높은 형태를 선정하여 도입면적을 늘여야 한다.
										

그래야 림농복합경영방법을 받아들여 보다 큰 실리를 얻을수 있다.

다음으로 림농복합경영지의 특성에 맞게 식량작물배치와 재배조직을 합리적으로 짜고들어야 한다.

림농복합경영지는 대부분이 산림토지로서 토심이 낮고 농작물이 빨아들일수 있는 다량 및 미량원소와 유기질성분함량이 매우 적은 메마른 땅이다. 림농복합경영지는 한 밭에 키큰 나무와 농작물을 함께 심고 가꾸므로 해빛받이조건이 불리하고 해발고가 높으므로 온열자원이 부족하여 낮은 온도피해, 가물피해, 비바람피해를 받기 쉽다.

이런 특성으로부터 림농복합경영지에는 불리한 환경에 견디는 작물과 품종을 배치하여야 하며 비배관리조직을 합리적으로 하여야 높고 안전한 소출을 낼수 있다.

우선 림농복합경영지에 알맞는 작물과 품종을 배치하여야 한다.

우리 나라에서 림농복합경영지에 알맞는 식량작물들로는 강냉이, 밭벼, 수수, 밀, 보리, 조, 콩, 감자, 고구마 등이다. 림농복합경영지들에서는 겹재배, 섞음그루재배, 사이그루재배 등 두벌농사조직을 짜고들어야 한다.

비탈이 심한 림농복합경영지들에서 두벌농사를 장려하는것은 단위면적당 소출을 높이는데도 좋고 년중 토양피복기간을 늘여 장마철에 큰물로부터 토양침식을 막는데서 아주 좋다.

농작물에 대한 그루바꿈조직을 바로하여야 한다. 림농복합경영지들은 토심이 낮고 농작물이 뿌리를 박고 빨아들일수 있는 영양원소들이 매우 부족하므로 기본부침땅들에서 보다 련작피해가 심하게 나타난다.

재배환경이 특이한 림농복합경영지에서는 농작물비배관리도 그에 맞게 과학기술적으로 짜고들것을 요구한다.

림농복합경영지에서 나오는 풀들은 생활력이 매우 강하기때문에 김매기에 특별한 관심을 돌려야 한다.

림농복합경영지에서는 효능높은 흙보산비료를 많이 주는것을 기본으로 하면서 화학비료를 배합하여 지력을 보존하면서도 영양을 보장하도록 하여야한다.

시, 군들에서는 또한 림농복합경영지에서 토지를 보호하고 지력을 높이는 사업을 잘 짜고들어야 한다. 토지를 보호하고 지력을 높여야 산림자원을 대대적으로 늘이고 알곡소출을 높일수 있다.

림농복합경영지에서 토지를 보호하고 지력을 높이자면 무엇보다 토양침식현상, 산사태 등을 철저히 막아야 한다.

그러자면 나무와 지피식물을 심고 풀뚝과 돌각담과 같은 구조물을 잘 만들고 그 관리를 잘하여야 한다.

림농복합경영지관리에서는 산림토지보호에 선차적힘을 넣으면서 보호림과 풀뚝다락밭을 충분히 조성하며 큰물피해를 막을수 있게 물길과 돌각담 등 구조물들을 질적으로 만들고 그 관리를 정상적으로 하여야 한다.

다음으로 자체의 실정에 맞는 보호농법과 유기농법을 적극 받아들여야 한다. 불경재배방법이나 피복재배방법과 같은 보호농법들을 받아들이면 토양침식을 막고 본래의 토양환경을 보존하고 지력을 높이는데 아주 유리하다.

시, 군들에서는 림농복합경영지에서 유기농법으로 농사를 짓는데도 깊은 관심을 돌려야 한다. 림농복합경영지에서 유기농법을 받아들이면 투자없이 지력을 높일수 있을뿐아니라 질좋은 유기농산물을 생산할수 있다.

여기서 기본은 림농복합경영지에서 나오는 낟알짚과 나무잎, 풀 등으로 흙보산비료나 생물활성퇴비와 같은 질좋은 유기질비료를 많이 생산해내는것이다.

또한 두벌농사, 세벌농사방법을 적극 장려하여야 한다. 림농복합경영지에서 두벌농사, 세벌농사를 하면 식량생산을 늘이는데도 좋고 년중 땅이 비지 않게 되여 비바람에 의한 토양침식을 막는데도 아주 좋다.

시, 군들에서는 림농복합경영단위들이 자기 지방의 실정에 맞는 알곡대 알곡, 알곡대 남새, 알곡대 공예작물배합형과 같은 두벌, 세벌농사방법을 적극 받아들여 산림토지를 보호하고 지력을 높임으로써 산림자원을 늘이고 산림을 수림화하는것과 함께 더 많은 식량을 생산하도록 하여야 한다. 시, 군들에서 산림조성 및 알곡생산단위를 실정에 맞게 편성하고 생산지도체계를 세우는것은 림농복합경영을 대대적으로 조직전개하는데서 중요한 문제로 나선다.

시, 군들에서는 림농복합경영을 위한 생산단위들을 기관, 기업소, 농장들의 산리용반, 계절산리용반형태 등으로 조직하고 사회주의기업책임관리제의 요구에 맞게 담당책임제를 옳바로 실시하여야 한다.

이와 함께 시, 군들에서는 림농복합경영에 대한 생산지도를 산림경영소가 책임지고 협동농장경영위원회를 비롯한 기관, 기업소들의 해당 부문, 과학자, 기술자들과 합심하여 진행하는 질서를 세워야 한다.",KJU,byungjin_sanctions,2010s,6.679599185844383
행정경제사업의 정치화의 요구에 맞게 로동보수조직을 개선하는데서 제기되는 문제,부교수 최용남,2012,2,1020,"당의 웅대한 강성부흥전략을 관철하기 위한 총돌격전을 힘차게 벌려나가는데서 경제관리를 개선강화해나가는것은 매우 중요한 문제로 나선다. 경제관리운영을 개선하는것은 경제발전과 인민생활향상을 위한 관건적고리로 된다. 경제지도일군들은 경제관리운영을 개선하는데서 행정경제사업의 정치화를 실현할데 대한 조선로동당 중앙위원회, 조선로동당 중앙군사위원회 공동구호의 요구를 철저히 관철하여야 한다.

행정경제사업의 정치화는 본질에 있어서 행정경제사업의 모든 공간들이 근로자들의 생산의욕을 북돋아주고 그들의 창의창발성을 적극 발양시키기 위한 힘있는 정치사업으로 되게 한다는것을 말한다.

행정경제사업의 정치화를 실현하는데서 사회주의로동보수제공간을 옳게 리용하는것은 중요한 의의를 가진다. 사회주의적로동보수제는 근로자들이 사회와 집단을 위하여 지출한 로동의 량과 질에 따라 그들에게 물질적자극을 주는 경제적공간이기도 하다.

사회주의적로동보수제가 근로자들의 혁명적열의와 창의창발성을 적극 발양시키는 힘있는 정치사업으로 되게 하자면 로동보수조직을 결정적으로 개선하여야 한다.

위대한 령도자 김정일동지께서는 다음과 같이 지적하시였다.
《사회주의적로동보수제는 근로자들의 혁명적열의와 창조적적극성을 높이고 온 사회의 정치사상적통일과 단결을 강화하며 혁명과 건설을 힘있게 밀고나가도록 하는데서 중요한 작용을 합니다.》(《김정일선집》 제9권, 431페지)

사회주의적로동보수제를 정확히 실시하는것은 근로자들이 로동과정에 지출한 로동력을 보상하게 하며 그들에게 넉넉하고 문명한 생활을 보장해주어 혁명투쟁과 건설사업에 적극 떨쳐나서게 하는 행정경제사업의 정치화의 중요한 내용의 하나이다. 특히 발전하는 현실의 요구에 맞게 로동보수조직을 개선하는것은 로동의 량과 질에 의한 분배를 정확히 실시하여 근로자들의 로력적열성을 불러일으키는데서 중요한 작용을 한다.

행정경제사업의 정치화의 요구에 맞게 로동보수조직을 개선하는데서 제기되는 문제는 첫째로, 생활비기준을 정확히 제정하는것이다.

생활비기준은 로동의 량과 질에 따라 생활비를 지불할수 있게 하는 척도이다.

생활비기준이 바로 제정되여야 로동에 의한 분배를 바로 실시하여 근로자들의 생활을 안정향상시키고 그들의 로력적열성을 불러일으킬수 있다.

생산에 대한 근로자들의 로동지출은 부문별, 직종별, 기술기능등급별, 작업형태별 등에 의하여 차이나게 된다. 과학기술이 발전하는데 따라 생산공정이 현대화되면 로동지출의 효과성은 더욱더 높아지게 된다. 그리고 지하자원과 같은 자연부원의 질과 개발조건이 또한 동일한 로동지출의 각이한 결과를 낳게 한다. 이것은 일한것만큼, 번것만큼 생활비를 지불할수 있도록 기준을 제정하는것이 결코 쉬운 일이 아니라는것을 보여준다.

생활비기준은 우선 모든 근로자들의 생활을 원만히 보장할수 있게 생계비에 철저히 의거하여 제정되여야 한다. 생계비는 일정한 기간 주민세대들에서 물질문화생활을 위하여 지출하는 총비용이다.

생활비기준이 생계비도 보장할수 없게 낮게 정해지면 근로자들의 생활보장에 저애를 주며 그들의 로력적열성을 불러일으키는데 부정적작용을 하게 된다.

생활비기준은 또한 로동의 힘든 정도를 고려하여 각이한 작업대상의 특성에 맞게 제정되여야 한다.

정보산업시대, 지식경제시대의 요구에 맞게 지능로동에 종사하는 근로자들의 생활비기준을 바로 제정하는것이 특히 중요하다.

지능로동에 종사하는 근로자들의 로동지출이 정신로동지출이라고 하여 생활비기준을 낮게 정하면 생산과정을 현대화, 정보화하는데 지장을 줄수 있다. 생활비기준제정에서 지능로동에 대한 평가를 바로하여 모든 근로자들이 현대화되고 정보화된 기계, 설비들을 능숙하게 다룰수 있는 기술기능을 높여나가는데 경제적리해관계를 가지도록 하여야 한다.

생활비기준은 다음으로 상품가격과 통화량과의 호상관계속에서 제정되여야 한다. 상품가격이 올라가고 통화량이 늘어나 단위화페의 가치가 떨어지는 경우에는 생활비기준을 그에 맞게 제때에 개정하여 근로자들의 생활안정과 생활향상을 보장하는 기준으로 되게 하여야 한다.

행정경제
										사업의 정치화의 요구에 맞게 로동보수조직을 개선하는데서 제기되는 문제는 둘째로, 로동보수지불원천을 충분히 마련하는것이다.

생활비기준이 과학적으로 제정되여도 로동보수지불원천이 없으면 근로자들에게 생활비를 줄수 없다. 이것은 모든 공장, 기업소들이 로동보수지불원천을 마련하는데 특별한 관심을 돌릴것을 요구한다.

로동보수지불원천은 우선 공장, 기업소들의 기본생산물에 의하여 마련된 소득을 기본으로 하여 충당되여야 한다.

공장, 기업소들에서 로동보수지불원천을 마련한다고 하면서 기본생산물생산에 관심을 적게 돌리면 경제발전에 커다란 지장을 주게 된다. 그러므로 모든 공장, 기업소들은 기본생산을 늘이기 위한 기술경제적대책을 세워 더 많은 소득을 창조함으로써 국가에 경제적리익을 주면서도 충분한 로동보수지불원천을 마련하도록 하여야 한다.

로동보수지불원천을 마련하는데서는 또한 공장, 기업소들에 소득이 형성되였다고 하여 그것을 로동보수에만 돌려서는 안되며 소득의 극히 적은 부분만을 국가에 납부하고 나머지를 기업소가 다 소비하여서도 안된다. 로동보수지불원천의 장성비률은 소득의 국가납부비률보다 앞서지 말아야 한다. 특히 공장, 기업소들에서 로동보수자금원천이 모자란다고 하여 자체투자에 의하여 마련된 고정재산의 감가상각금을 로동보수로 지불하는것과 같이 비용지출항목을 어기면서 확대재생산을 할 생각은 하지 않고 생기는대로 소비하는 현상을 철저히 경계하여야 한다.

로동보수지불원천을 마련하는데서는 다음으로 공장, 기업소들에 조성된 여러가지 생산조건을 리용하여 인민소비품생산을 늘이기 위한 대책을 잘 세우는것이 중요하다. 특히 공장, 기업소 일군들은 진취적이며 현실성있는 기업전략, 경영전략을 세우고 푼전을 아껴가며 밑천을 마련하여 오늘의 인민생활향상을 위한 대고조총진군을 주동적으로 밀고나가며 선군시대의 요구에 맞는 기업경영방법을 적극 활용하여야 한다. 그리하여 로동보수자금원천을 마련하는 사업이 경제활성화에 적극 이바지하도록 하며 근로자들의 창조적열성을 불러일으키는데 기여하도록 하여야 한다.

행정경제사업의 정치화의 요구에 맞게 로동보수조직을 개선하는데서 제기되는 문제는 셋째로, 로동보수에서 평균주의와 공짜를 없애는것이다.

로동에 의한 분배는 사회주의적로동보수제의 기본원칙이다.

근로자들이 사회와 집단을 위하여 지출한 로동의 량과 질을 정확히 평가하고 그에 따라 분배하는것은 사회주의사회에서 로동보수가 근로자들에 대한 생활보장기능과 사회적생산을 추동하는 자극적기능을 원만히 수행하게 하는 담보로 된다.

우선 로동보수에서 평균주의적인 경향을 철저히 없애야 한다. 로동보수에서 평균주의는 근로자들에게 그들이 지출한 로동의 량과 질에 관계없이 다같이 보수를 지불하려는 경향이다.

평균주의는 사회주의분배원칙과 어긋나는것이며 근로자들의 생산의욕을 떨어뜨려 사회적생산발전에 엄중한 저애를 준다. 전사회적범위에서 볼 때 작업내용이 같은 직종이 많지만 직종이나 기능급수가 같아도 로동의 힘든 정도와 기술수준은 부문마다 다르다. 벌방에서 일하는 뜨락또르운전수와 림업부문에서 통나무를 끌어내리는 뜨락또르운전수의 로동과 같이 작업내용이 같은 직종에서 일하는 근로자들의 경우에 그들의 기능급수가 같다고 하여 부문에 관계없이 같은 생활비를 적용한다면 그것은 평균주의적인 분배로 된다. 이러한 현상은 매 근로자들의 생산열의를 떨어뜨리고 그들로 하여금 맡겨진 초소에서 사회와 집단을 위한 로동생활에 적극 참가할 대신 유리한 부문이나 분야로 직종을 바꾸려고 하는 경향을 낳게 하며 결국 사회주의적생산발전에 지장을 주게 된다.

로동보수에서 평균주의적인 요소는 여러가지 형태로 나타날수 있다. 기관, 기업소의 중요성, 규모와 종속관계 등을 고려하여 급수를 규정하고 급수별, 직제별로 정한 생활비기준을 모든 기관, 기업소 사무원들에게 일률적으로 적용하여 그들이 로동의 량과 질에 크게 관계없이 기관, 기업소의 급수와 그에 따르는 직제에 의하여 생활비를 지불받도록 하는것은 로동보수에서 평균주의가 나타날수 있는 요소로 된다. 이것은 사람들로 하여금 기관, 기업소의 급수에 신경을 쓰고 필요없는 기구와 시설을 갖추게 하며 비생산기구를 팽창시키는 편향을 조장시킨다.

또한 전문분야의 기술자격이 있는 대학졸업생들이 전공 직제, 직종에 배치되여 일하는 경우 그들의 로동결과에는 관계없이 기술자격급수에 따르는 높은 생활비를 지불하는것도 로동보수에서 평균주의를 낳게 하는 요소로 된다.

다음으로 로동보수에서 공짜현상을 철저히 없애는것이 중요하다.

공짜현상은 그 자체가 사회주의적로동보수원칙에 직접 모순되며 사회주의적로동보수의 경제적기능을 마비시키고 사회적생산과 소비생활의 전반적발전을 저애하는 결과를 가져오게 한다. 공짜현상은 근로대중으로 하여금 하나라도 더 많이 생산하려는 의욕을 가지지 못하게 한다. 그러므로 로동보수조직에서는 로동생산능률을 높여 로동보수몫을 늘이고 그에 의거하여 보다 유족하고 문화적인 생활을 해나갈수 있도록 하여야 한다.

행정경제사업의 정치화의 요구에 맞게 로동보수조직을 개선하는데서 제기되는 문제는 넷째로, 로동의 량과 질을 정확히 평가하는것이다.

로동의 량이 사람의 로동생활과정에 지출된 실제적인 로동의 량적측면을 반영한다면 로동의 질은 로동의 복잡성과 기능, 힘든 정도, 긴장성 등과 같은것을 반영한다.

로동의 량과 질에 따르는 로동의 결과는 주로 로동정량과 로동지출의 기술기능등급을 척도로 하여 평가된다.

로동정량은 일정한 작업조건에서 로동자 한사람이 제정된 시간안에 수행하여야 할 작업량을 규정한 기준이며 기술기능등급은 해당한 제품생산에 요구되는 기술기능의 소유정도를 특징짓는 척도이다.

로동정량에 의하여 주로 로동력지출의 량적측면이 평가된다면 기술기능급수에 의하여 로동력지출의 질적측면이 평가된다. 물론 로동정량과 기술기능등급이 로동력지출의 량적 또는 질적측면만을 각각 반영하는것이 아니다. 로동정량에는 로동의 질적측면을 반영하는 측면이 있으며 기술기능등급에도 로동의 량적측면을 반영하는 측면이 있다.

과학과 기술이 급속히 발전하는 정보산업시대, 지식경제시대에는 로동정량의 과학적인 제정과 끊임없는 갱신, 기술기능등급의 옳은 적용이 로동의 량과 질을 평가하는데서 더욱더 중요한 문제로 제기된다. 그것은 설비들의 갱신주기와 생산조건, 근로자들의 기술기능수준이 부단히 변화되기때문이다. 그러므로 공장, 기업소들에서는 로동정량제정사업과 기술기능급수사정사업을 발전하는 현실의 요구에 부단히 따라 세워 그것이 로동의 량과 질을 평가하는 척도로서의 기능을 원만히 수행하도록 하여야 한다.

모든 경제지도일군들은 행정경제사업의 정치화의 요구에 맞게 로동보수조직을 짜고들어 오늘의 대고조총진군을 더욱 힘차게 다그쳐나가야 할것이다.",KJU,byungjin_sanctions,2010s,6.928537818164665
분산투자에 대한 일반적리해,리성규,2017,3,0,NA,KJU,byungjin_sanctions,2010s,0
지식경제의 특징,"후보원사, 교수, 박사 김재서",2014,2,1162,"지식경제는 지식경제시대, 정보산업시대가 새롭게 출현하여 21세기를 대표하는 경제이다. 인간의 발생과 함께 시작된 인류경제사가 21세기에 드디여 지식경제시대를 맞이하면서 수수천년을 거쳐 발전해오던 경제가 지식경제로 변모되였다.

지식경제는 지식이 정보의 생산 및 응용에 기초하여 발전하는 경제이다. 지식은 객관세계에 대한 인식의 총체로서 정보의 중요한 내용을 이룬다. 지식과 정보를 얻고 그것을 응용하여 움직이는 경제가 지식경제이다. 지식경제에서는 지식의 의의와 역할이 중요하다.

위대한 령도자 김정일동지께서는 다음과 같이 지적하시였다.
《과학과 기술의 시대, 정보산업의 시대인 오늘 사람들의 지식수준을 끊임없이 높이는것은 더욱 절실한 문제로 나섭니다.》

지식경제와 지식은 필수적으로 련결되여있다. 지식의 역할을 떠나 지식경제시대에 대하여 말할수 없다.

지식경제는 새 세기와 더불어 출현한 경제로서 선행한 경제적시대의 경제와 구별되는 새로운 특징을 가지고있다.

지식경제는 경제발전의 기본요인에서 특징이 있다. 지식경제는 과학과 기술의 연구개발에 기초하여 발전한다. 이것은 사람의 자질과 지능을 선결조건으로 하여 발전하는 경제라는것을 의미한다.

지식경제의 이러한 특징은 재부를 창조하는 주요 생산자원에서 나타난다.

마누팍뚜라시대에는 토지와 로동이 기본생산자원으로 리용되였다. 그것은 토지를 기본생산수단으로 하는 농업이 주되는 생산부문이고 산 로동을 많이 대신하지 못하는 수공업적도구가 리용된것과 관련된다. 가변적인 생산요소는 로동력인것만큼 생산량은 로동량에 의존하며 로동력의 소비에 의하여 생산의 결과가 좌우되였다. 경제는 로동집약형경제로서의 특성을 띠고 생산물용량에서 로동용량이 큰 비중을 차지하였다.

기계제산업시대에는 자연자원이 중요한 생산자원으로 많이 리용되였다. 그것은 공업이 기본생산부문을 이루는데다가 기계기술의 도입으로 로동생산능률이 급격히 높아지면서 자연자원의 대량적인 소비가 동반된것과 관련된다. 대량생산과 자원의 대량소비가 이루어지고 경제는 자원소비형경제로 전화되였다. 경제의 발전과 함께 자원소비형경제는 심중한 약점을 드러내였다. 자연자원이 점차 고갈됨으로써 경제의 지속적인 발전에 제동이 걸리고 환경파괴로 하여 심각한 환경문제를 발생시켰다.

지식경제에서는 지식, 정보가 주되는 생산자원으로 등장하였다. 그것은 경제발전에서 지식과 정보의 역할이 전례없이 커진것과 관련되여있다. 물질적생산은 정보적과정으로 전화되고 정보의 리용과정으로 되였다. 생산물원가구성에서 정보비의 비중이 크고 생산물용량에서 과학기술용량이 많은 비중을 차지하는것으로 하여 경제는 과학기술집약형경제로 전화된다.

지식과 정보를 주요자원으로 하는 과학기술집약형경제는 커다란 우점을 가지고있다. 지식과 정보는 자원의 제한을 모르고 끊임없이 늘어나는것만큼 지식경제는 지속적으로 발전할수 있는 경제이다. 물론 경제의 지속적인 발전이 어떻게 현실화되는가 하는것은 사회경제제도에 의존한다. 과학지식은 새것을 창조하는것만큼 지식경제는 창조형경제라는 우점을 가지고있다. 지식경제에서 끊임없이 새제품이 개발되는것은 이와 관련되여있다. 지식, 정보는 깨끗한 자원으로서 그의 응용과정에는 환경문제가 크게 제기되지 않는다. 지식경제는 환경에 유리한 경제라는 우점을 가지고있다. 지식경제의 이러한 특징은 생산발전방식에서 나타난다. 지식과 기술, 생산의 련계방식에서 지식경제는 지난 시기의 경제와 구별된다.

마누팍뚜라시대에는 사람들이 생산실천을 하는 과정에 경험적지식을 축적하고 그것이 기술로 전화되여 생산실천에 리용되였다.

기계제산업시대에는 사람들이 기계기술을 리용하여 생산실천을 진행하였다.

지식경제시대에는 과학지식에 기초하여 지능화된 기술이 창안되고 그것이 리용되여 생산실천이 진행된다.

지식경제는 과학발전에 기초하여 그 발전이 추동된다. 과학의 발전은 교육의 발전을 전제로 한다. 교육을 발전시켜 높은 과학지식을 소유한 인재를 양성하여 지식경제를 발전시킨다. 교육에 의하여 과학이 발전하고 과학에 의하여 끊임없이 새 기술이 개발되여 경
										제가 발전하는것이 지식경제의 발전방식이다. 수학교육을 강화하여 쏘프트웨어산업에서 세계적인 패권을 장악한 나라도 있다. 이에 따라 교육발전수준과 경제발전수준을 련결시키는 론조도 나오고있다. 이것은 경제발전에서 지식의 역할이 높아진 지식경제의 발전이 교육의 발전을 전제로 한다는것을 보여주고있다. 교육의 선차적발전에 의하여 경제발전이 추동된다는데 지식경제의 발전방식이 있다. 지식경제의 이러한 특징은 경제관리의 중심을 어디에 두는가 하는 경제관리전략에서도 나타난다.

경제를 관리운영하는데서는 중심적으로 해결하여야 할 문제가 있다. 어디에 중심을 두고 경제를 관리하는가 하는것은 경제발전의 기본요인이 무엇인가 하는데 따라 차이가 있다.

지난 경제적시대의 로동집약적경제, 자원집약형경제에서 로력자원, 자연자원을 최대한 합리적으로 리용하여 생산을 늘이는것이 중심적인 문제로 제기되였다. 직접적인 생산관리가 경제관리의 중심문제로 제기되였다. 합리적인 자원전략에 의거하여 생산전략을 성과적으로 집행하는데 중심을 두고 경제관리가 진행되였다.

물론 양육강식의 경쟁이 지배하고 상품실현난이 항시적으로 존재하는 자본주의시장경제에서는 시장전략이나 경쟁전략같은것이 경제관리에서 중요한 문제로 제기된다. 그러나 이러한 현상은 시장경제라는 경제류형의 특성으로 하여 제기된것으로서 예나 지금이나 변함이 없다. 경제의 류형에 따라 경제관리의중심을 어디에 두는가 하는데서 차이가 있지만 그것은 경제적시대에 따르는 경제관리중심문제와는 별개의 문제이다.

지식경제에서는 인재관리, 연구개발에 대한 관리가 경제관리의 중심적인 문제로 제기된다. 이에 따라 인재전략, 과학기술발전전략이 경제전략, 기업전략에서 중심적인 자리를 차지하게 된다. 로력일반이 아니라 지적능력이 높은 수재형의 인재를 키우고 그들의 역할을 높여 새 기술을 개발하는데 중심을 두고 경제관리가 진행된다. 이것은 생산의 성과가 과학연구성과에 의하여 좌우되며 지능로동에 의하여 물질적부가 창조되는 지식경제의 특성을 반영한것이다.

지식경제는 기둥산업에서도 지난 경제적시대의 경제와 구별되는 특징이 있다. 기둥산업은 전반적경제발전에서 주도적역할을 하는 산업이다. 다시말하여 다른 모든 경제부문들의 발전을 선두에서 이끌어나가는 산업이 기둥산업이다. 해당시기 경제부문구조에서 큰 비중을 차지하는 부문이라고 하여 기둥산업으로 되는것은 아니다. 어떤 산업부문이 기둥산업부문으로 되자면 거기에서 나오는 제품이 다른 여러 부문의 생산자원으로 리용되고 그것이 생산성을 높여주는 주되는 수단으로 작용하여야 한다. 원자재를 생산하는 부문은 기둥산업으로 될수 없다. 원자재를 생산하는 부문은 다른 여러 부문들에 필요한 로동대상은 제공할수 있으나 그것이 생산성을 높이는 주되는 수단으로 작용하지는 못한다. 그 어느 시기에도 농업이나 채취공업같은것은 기둥산업으로 될수 없다. 생산자원가운데서 다방면적으로 리용되고 높은 생산성을 내는 로동수단을 생산하는 부문이 기둥산업으로 될수 있다.

기계제산업시대에는 기계제작공업이 기둥산업으로 등장하였다. 수공업적도구로부터 기계체계에로의 전환은 로동수단의 발전에서 하나의 변혁이다. 생산에 기계가 도입됨으로써 생산발전에서는 획기적인 전환이 일어났다. 그것은 불과 2~3세기에 지나지 않은 기계제산업시대에 인류의 경제사가 시작되여 마누팍뚜라시대에 이르기까지의 수백만년의 력사적기간에 이룩한 경제발전보다 더 큰 성과가 이룩된데서 찾아볼수 있다.

기계제작공업의 출현은 당시에 진행된 산업혁명의 산아이다. 산업혁명의 결과 기계가 널리 도입되면서 기계제작공업이 새로운 공업부문으로 출현하였다. 기계제작공업에서 생산된 기계는 경제의 여러 부문에 도입되여 로동생산능률을 획기적으로 높여 생산의 급속한 확대를 가져왔다. 기계제작공업이 기둥산업으로 작용하였다. 수백만년의 재생산력사에서 처음으로 확대재생산이 재생산의 기본류형으로 등장하였다.

지식경제로 넘어오면서 기둥산업에서 변화가 일어났다. 첨단기술산업 특히 정보산업이 기둥산업으로 등장하였다. 정보산업은 정보설비와 정보제품을 생산하고 정보봉사사업을 담당수행하는 산업부문이다. 정보산업은 정보기술수단들을 개발하고 정보를 제공하여 다른 모든 부문들의 발전을 추동함으로써 기둥산업으로 기능한다.

지식경제에서는 특히 정보산업이 기둥산업으로 되여 전반적경제발전을 추동하는데서 중추적역할을 한다. 정보산업이 기둥산업으로서 중추적역할을 하는것은 생산자원으로서의 정보자원의 특성과 관련되여있다.

정보자원은 침투성이 강하다. 정보자원과 정보설비는 그 리용분야가 제한되여있지 않다. 그 어떤 부문에도 정보설비가 리용될수 있고 정보자원이 필요하다.

일반기계는 그 리용분야가 제한되며 례컨대 뜨락또르는 논밭갈이, 양수기는 양수설비로만 리용되지만 콤퓨터는 모든 공업부문, 농업, 운수 등 어느 부문에서나 다 쓰일수 있다. 목재는 나무제품을 만드는 공업부문에서 쓰이지만 정보는 여러 분야에 리용된다.

정보자원은 공유성을 가지고있다. 물질제품은 일정한 대상이 장악하여 리용하면 같은 제품을 다른 대상이 리용할수 없지만 정보자원은 여러 대상이 같이 리용할수 있다.

정보자원은 생산성이 매우 높은 자원이며 콤퓨터와 같은 정보설비를 리용하면 기계설비의 생산효률을 훨씬 높일수 있다. 정보자원의 이러한 특성은 정보설비와 정보제품을 생산하는 정보산업이 전례없이 위력한 기둥으로 되고있다는것을 보여주고있다. 정보산업은 위력한 기둥산업인것으로 하여 지식경제의 발전을 힘있게 추동한다.

지식경제는 생산의 기초시설에서도 지난 시기의 경제와 구별되는 특징을 가지고있다. 생산의 기초시설은 여러 부문, 단위들이 공동으로 리용하면서 전반적경제발전의 조건으로 된다. 사회적생산을 발전시키는데는 시간과 공간이 작용한다. 시간을 최대한 합리적으로 리용하는것이 사회적생산발전에서 커다란 작용을 한다. 여기에서 생산의 기초시설이 중요한 역할을 한다.  기초시설의 상태와 발전수준에 따라 시공간의 합리적리용정도가 규정된다.

마누팍뚜라시대에는 철도, 도로, 항만, 항공망 등이 기초시설로 리용되였다. 물질제품이 기본생산물이고 그의 공간적이동이 생산의 필수적인 조건으로 되면서 수송이 생산발전의 전제로 되였다. 당시의 생산력과 과학기술발전수준에 적응한 기초시설이 건설되여 리용되였다.

지식경제에서는 정보망, 정보고속도로가 생산의 기초시설로 널리 리용되고있다. 그것은 지식경제에서 정보봉사업이 경제발전의 주역을 담당하고있는것과 관련되여있다. 정보가 중요한 생산자원으로 등장한것만큼 정보를 개발하고 봉사하는것이 경제발전의 필수적요구로 제기된다. 생산자원으로서의 정보의 유용성은 특히 그 리용의 시간성에 따라 큰 차이가 생긴다. 정보리용의 시간성을 보장하지 못하면 정보가 낡아져 그만큼 정보자원으로서의 의의를 상실한다. 정보봉사의 시간성을 보장하는 문제가 중요한 요구로 제기되고 이러한 요구가 기초시설을 통하여 해결되여야 한다. 발전된 정보망, 정보고속도로가 지식경제의 적합한 기초시설로 리용되고있다.

지식경제에는 그 특징을 반영하는 여러 상관개념들이 적용된다. 지식경제의 상관개념들에 지식경제의 중요한 특징이 반영된다.

지식경제는 일명《지능경제》라고 말할수 있다. 《지능경제》라는 개념은 지식경제의 상관개념이다.

지능경제는 주로 지능로동에 의하여 발전한다. 지난 시기에도 지능로동이 있었지만 그것은 경제에 깊이 침투하지 못하였다. 지식경제에서는 과학지식이 경제에 침투하여 경제적운동이 지식의 개발, 응용과정으로 전환되면서 그것이 지능로동과정으로 전환되였다.

자원을 개조변혁하는 과정은 곧 인간의 로동과정이며 인간의 지적능력이 활용되는 지식경제의 운동과정은 지능로동과정이다. 이러한 의미에서 지식경제를 《지능경제》라고 부를수도 있다. 《지능경제》라는 상관개념은 지능로동에 의거하여 발전하는 지식경제의 특성을 반영한것이다.

지식경제는 정보경제라고도 말할수 있다. 그것은 정보기술이 지식경제의 중요한 기술적기초를 이루고있으며 정보산업이 중요한 기둥산업으로 되여있고 정보망이 사회적련관의 기본수단으로 되고있는것과 관련되여있다.

지식경제는《고도과학기술경제》라고도 말할수 있다. 그것은 지식경제가 고도과학기술에 의거하여 발전하기때문이다. 지식경제에서는 태양에네르기기술, 위성제작 및 통신기술, 지능프로그람기술, CNC기술, 유전자조작기술, 바다담수화기술 등 고도기술들이 널리 리용되고있고 앞으로 과학발전에 따라 보다 새로운 고도기술들이 개발되여 리용될것으로 전망되고있다.

오늘 과학의 발전에 따라 기술은 첨단기술, 최첨단기술로 끊임없이 발전하여 지식경제의 기술적기초로 리용하고있다. 고도과학기술에 의거하여서만 지식경제가 발전할수 있다.",KJU,byungjin_sanctions,2010s,7.0587581525186645
고정자금,김시남,2017,2,138,고정재산의 조성 및 리용과 관련된 자금. 류동자금에 대응되는 개념이다. 고정자금은 고정재산과 관련된 자금을 종합적으로 표현한다. 고정자금은 고정기금과 감가상각금으로 구분된다. 고정기금은 고정재산에 실지 체현되여있는 자금 즉 고정재산에 이미 투하된 자금이다. 고정재산은 자기의 원천인 고정기금을 가진다. 감가상각금은 고정재산을 리용하는 과정에 생긴 마멸액을 생산물의 원가에 포함시켜 판매과정을 통하여 회수한 자금이다. 감가상각금은 재생산과정에서 끊임없이 마멸되는 고정재산을 대보수하거나 새것으로 바꾸는데 필요한 자금원천으로서 고정재산의 재생산기금이다. 고정기금은 고정재산이 마멸되는데 따라 감가상각금으로 전환된다. 고정재산이 마멸되는데 따라 고정기금은 줄어들게 되며 반대로 감가상각금은 늘어나게 된다. 고정재산의 마멸은 곧 고정기금을 줄이고 적립된 감가상각금을 늘이지만 대보수를 진행하여 성능을 회복하면 고정기금은 늘어나고 감가상각금은 줄어들게 된다. 이처럼 고정기금과 감가상각금은 고정재산의 조성 및 리용과정에서 순차적관계에 있는 자금형태들로서 서로 밀접히 련관되여 하나의 고정자금을 이룬다. 고정자금은 그 원천에 따라 국가예산자금과 기업체의 자체자금으로 구분된다. 고정자금은 류동자금과 함께 생산경영활동을 보장하는데서 중요한 의의를 가진다. 고정자금을 효과있게 리용하기 위하여서는 고정재산리용률을 최대로 높이고 감가상각금공간을 합리적으로 리용하기 위한 재정적통제를 강화하여야 한다.,KJU,byungjin_sanctions,2010s,4.9344739331306915
재자원화공업의 특성,리춘남,2013,1,550,"현시기 재자원화공업을 발전시키는것은 나라의 물적자원을 효과적으로 리용하여 경제강국건설과 인민생활향상에 필요한 원료, 연료, 자재를 원만히 보장하는데서 매우 중요한 문제로 나서고있다.

위대한 수령 김일성동지께서는 다음과 같이 교시하시였다.
《특히 과학자, 기술자들은 페설물에서 온갖 유용한 성분들을 다 뽑아내여 리용할데 대한 문제를 연구함으로써 우리 나라 자원의 합리적인 리용에 적극 기여하여야 하겠습니다.》(《김일성전집》 제28권, 174페지)

재자원화공업이란 생산과 소비과정에서 떨어져 나온 페기페설물을 다시 가공하여 경제건설과 인민생활에 필요한 새로운 원료, 연료, 자재, 제품을 만들어내는 공업의 한 부문이다.

재자원화공업은 자원의 효과적리용과 생태환경보호를 위한 사업이 세계적인 범위에서 활발히 진행되면서 페기페설물을 자원화하여 생산물생산에 필요한 원료, 연료, 자재로 다시 리용하는 과정에 하나의 독자적인 공업으로 등장하고있다. 이러한 재자원화공업의 특성을 과학적으로 해명하는것은 재자원화공업을 발전시키는데서 나서는 모든 리론실천적문제들을 옳게 풀어나가기 위한 출발적 기초로 된다.

재자원화공업의 특성을 과학적으로 밝혀야 옳은 방법론에 기초하여 재자원화공업의 발전을 힘있게 다그칠수 있다.

재자원화공업은 일련의 특성을 가지고있다.

재자원화공업의 특성은 첫째로, 생산과 소비과정에서 떨어져나온 페기페설물을 로동대상으로 하는 공업이라는것이다.

일반적으로 로동대상은 물질적부를 생산하기 위한 사람들의 로동이 가해지는 대상으로서 공업부문에서는 시초원료와 그 가공품인 자재를 로동대상으로 하여 생산과 경영활동을 진행하게 된다. 하지만 재자원화공업의 로동대상은 페기페설물이다.

재자원화공업은 페기페설물을 로동대상으로 하여 그의 유용성을 찾아내고 그것을 가공하여 새로운 원료, 연료, 자재, 제품을 생산한다.

재자원화공업의 특성은 둘째로, 인민경제의 모든 부문과 련관된 공업이라는것이다.

재자원화공업이 인민경제의 모든 부문과 련관된 공업으로 되는것은 우선 그의 로동대상인 페기페설물이 사람들의 경제생활의 모든 부문에서 형성되기때문이다. 다음으로 페기페설물이 각이한 종류와 재질로 이루어져있기때문이다. 또한 재자원화공업이 인민경제의 모든 부문과 련관된 생산조직형태인 페설물의 효과적리용을 위한 생산적결합화를 실현할것을 요구하고있기때문이다.

이와 같이 재자원화공업은 그의 로동대상인 페기페설물형성의 분산성, 종류와 재질의 다양성, 그 리용의 다면성으로 하여 인민경제의 모든 부문과 련관된 공업으로 된다.

재자원화공업의 특성은 셋째로, 자원을 효과적으로 리용함으로써 경제적으로 실리가 있는 공업이라는것이다.

생산물생산에서의 경제적실리는 자원리용률에서 집중적으로 표현된다. 경제적실리는 자원을 얼마나 효과적으로 리용하였는가에 따라 생산량의 증대, 생산원가의 저하와 같은 경제적효과성으로 나타나게 되며 이것은 원료, 연료, 자재비의 상대적저하에 그 근원을 두고있다.  

페기페설물에는 선행생산공정에서 지출된 사회적로동의 일부가 체화되여있다.

재자원화공업은 페기페설물속에 잠재하여있는 쓸모가 있는 부분을 되살려 그것을 자원으로 리용함으로써 사회적로동의 상대적절약을 가져오며 이것은 곧 경제적실리로 나타나게 된다.

채취공업부문에서 시초원료의 생산비는 채굴깊이의 증대와 매장량의 고갈로 하여 계속 오르고있으나 재자원화공업의 원료, 연료, 자재비는 페설물의 회수, 선별, 압착, 수송, 가공에 든 비용으로서 상대적으로 매우 적다.

1t의 파지를 원료로 쓰면 0.27t의 가성소다와 2.7m3의 목재, 313t의 물, 340kW·h의 전력을 절약할수 있으며 파유리1t을 원료로 하여 유리를 생산하면 1t의 석탄과 0.25t의 가성소다를 비롯하여 규사, 마그네샤이트, 장석, 중석철, 소금과 같은 원료, 자재와 그의 수송, 가공에 든 비용지출을 절약할수 있다.

이처럼 재자원화공업은 재생산밖에 존재하는 페기페설물을 자원화하여 생산과정에 인입시킴으로써 자원의 리용률을 최대로 높이고 사회총생산량을 증
										대시켜 더욱 큰 경제적실리를 얻을수 있게 한다.

재자원화공업의 특성은 넷째로, 생태환경을 적극 보호하는 공업이라는데 있다. 일반적으로 공업부문은 페기페설물의 기본산생지로 되고있다.

대량적인 자원의 소비와 페기페설물의 방출은 생태환경파괴의 주되는 요인이다. 생산물생산에 필요한 자연부원의 끊임없는 소비는 그만큼 자연부원을 감소시키며 그것은 일정한 시기에 가서 자원을 고갈시키게 되며 생태환경을 파괴하게 한다.

하지만 재자원화공업은 상대적으로 자연부원의 채취량과 페기페설물의 방출량을 극력 줄임으로써 생태환경을 적극 보호하게 된다.

재자원화공업은 페기페설물을 원료로 하여 생산을 진행하는것만큼 자연부원에 대한 채취량을 줄임으로 하여 산림자원, 물자원, 토지자원을 비롯한 생태환경에 좋은 영향을 주는 자원들을 적극 보호하고 유지해나갈수 있게 하며 방출되는 페기페설물의 량도 상대적으로 감소시킨다.

100t의 파지를 리용하면 270㎥의 목재를 절약하고 이 과정에 나오는 페수, 페설물의 량도 상대적으로 줄일수 있으며 파철1만t을 강철생산에 리용하면 품위가 50%인 철정광을 2만여t이나 절약하고 공기오염을 86%, 고체페설물을 92%, 유해물질을 40% 줄임으로써 생태환경에 미치는 영향을 막을수 있다.

환경과 경제활동과의 이러한 호상작용은 경제건설에서 재자원화를 통하여 환경보호를 실현할것을 요구한다.

재자원화공업의 이러한 특성은 그의 로동대상인 페기페설물에서 유용성을 찾아내기 위한 과학연구사업을 더욱 강화하며 조직사업을 더욱 치밀하게 짜고들어 경제활동과정에 산생되는 페기페설물을 적극 동원리용하도록 할것을 요구하고있다.

모든 경제지도일군들은 재자원화공업의 특성에 맞게 경제조직사업을 과학적으로 짜고들어 진행함으로써 나라의 물적자원을 합리적으로 동원리용하여 경제강국건설과 인민생활향상에 적극 이바지하여야 할것이다.",KJU,byungjin_sanctions,2010s,6.311734809152915
국제세무분야에서 적용되고있는 소득원천지확정기준,박철민,2014,3,606,"위대한 령도자 김정일동지께서는 다음과 같이 지적하시였다.
《우리 일군들이 자본주의시장과 맞서 이기자면 자본주의경제실무도 배우고 자본주의를 파악하여야 합니다.》

특수경제지대에서 외국투자기업 및 외국인에 대한 세무사업을 원만히 진행해나가기 위하여서는 국제세무분야에서 적용되고있는 소득원천지확정기준에 대한 정확한 인식을 가지고 그것을 세무사업에 옳바로 구현하여야 한다.

해당 소득이 어디에서 발생하였는가 즉 그 소득의 원천지가 어느 나라인가를 정확히 확정하는것은 나라들사이의 과세권분할에서 나서는 중요한 문제이다. 그것은 소득원천지과세권을 행사하는 나라에서는 본국거주자가 소득을 얻건 비거주자가 얻건 관계없이 자국안에 원천이 있는 소득에 대하여 세금을 부과하려 하기때문이다.

소득과 재산의 복잡성으로 하여 매개 나라의 세법들에서는 소득과 재산을 일정하게 구분(일반적으로 경영소득, 투자소득, 재산소득으로 구분)하고 그 원천지를 서로 다른 기준에 따라 확정하고있다.

?경영소득의 원천지확정기준

경영소득은 생산, 구매 및 판매, 봉사 등의 경영활동을 포괄하는 종합적인 경제활동소득으로서 이것을 영업소득 혹은 영업리윤이라고도 한다.

국제적으로 볼 때 비거주자가 해당 나라에서 경영소득을 얻었는가 얻지 않았는가를 판정하는 가장 일반적인 기준은 그가 그 나라에 영업활동을 하는 상주기구를 가지고있는가 하는것이다.

상주기구(또는 항구적시설)는 《경제협력개발기구(OECD)표준협정》에서 처음으로 쓰인 개념으로서 상주기구로 인정되려면 일반적으로 세가지 조건이 구비되여야 한다.

첫째, 자기것이든 세내여 쓰는것이든 관계없이 건물과 구내, 기계설비 등을 포괄하는 영업장소가 있어야 한다.

둘째, 반드시 고정된 영업장소이여야 한다. 다시말하여 확정된 지리적위치와 경영에서 장기성이 있어야 한다.

셋째, 이러한 영업장소가 실지로 영업활동에 종사하여야 한다.

어떤 나라의 세법에서는 만약 비거주자가 해당 나라의 위탁대리인이나 고용인을 통하여 일정한 기간 지속적으로 원료구매, 상품판매, 봉사제공 등의 경영활동을 한다면 그 나라에 고정장소가 없다고 하여도 상주기구를 설치한것으로 규제하고있다.

어느 한 나라에서는 비거주자가 자국안에 경영활동을 하는 상주기구를 가지고있는것으로 인정되면 그 상주기구에 속하는 경영소득을 자국안에서 이루어진 소득으로 인정하고 거기에 세금을 부과시킨다.

해당 소득이 상주기구에 속하는가 속하지 않는가 하는것은 두가지 원칙 즉 실제적련계원칙과 판단원칙에 따라 확정한다.

실제적련계원칙은 상주기구의 활동과 실제로 관련이 있는 소득(례를 들어 상주기구자체의 영업리윤, 다른 기업에 대한 상주기구의 투자나 대부로 인한 주식리익배당금 혹은 리자)만을 상주기구의 소득으로 인정하는것이다.

판단원칙은 비거주민이 상주기구를 통하지 않았다고 하여도 그 상주기구와 같거나 류사한 경영활동으로 소득을 얻었다면 그 소득도 상주기구소득으로 인정하는것이다.

례를 들어 어느 한 기업이 다른 나라에 설립한 상주기구를 통하지 않고 제품을 직접 그 상주기구가 있는 나라의 수입자에게 판매하였다면 이로부터 이루어지는 소득도 상주기구가 얻는 소득으로 인정한다.

?투자소득의 원천지확정기준

투자소득은 주식리익배당금, 리자, 특허권사용수입을 이르는 말이다.

투자소득의 원천지는 권리사용지기준과 권리제공지 등에 따라 확정한다.

권리사용지기준은 배당이나 리자, 특허권사용료가 이루어진 지역 다시말하여 주식이나 채권, 특허권이 실시, 발행류통되거나 사용된 지역을 소득원천지로 확정하는 기준으로서 주로 발전도상나라들의 립장을 반영하고있다고 할수 있다.

이와는 달리 권리제공지기준은 주식이나 채권에 투자한 나라, 특허권을 소유하고있는 나라에 투자소득의 원천이 있다고 인정하는 기준으로서 주로 대외투자를 많이 하는 발전된 나라들의 립장을 반영하고있다.

투자소득의 원천지확정에서는 발전도상나라들과 발전된 나라들사이의 견해와 립장이 대립되여있는것으로 하여 나라들사이의 협정을 통하여 투자소득의 분할을 진행하는
										것이 일반적이다. 다시말하여 투자소득이 이루어진 나라들에서는 그에 대한 세률을 협정을 통하여 국내세률보다 낮추어 과세하고 투자를 진행한 나라들에서는 상대국의 세률을 참고하여 국내세률보다 높지 않은 세률로 과세를 진행하고있다.

?로동소득(또는 근로소득)확정기준

로동소득은 독립개인로동소득과 비독립개인로동소득으로 구분하여 원천지를 확정한다.

독립개인로동은 독립적으로 진행하는 의사, 변호사, 기사, 건축가, 회계사의 업무활동과 교육, 문학예술, 과학 등의 분야에 종사하는 개인의 독립적인 활동을 말하며 비독립개인봉사는 고용주에게 고용되여 진행하는 활동을 말한다. 이와 같은 로동소득의 원천지는 로동소득지기준, 로동소득지불지기준, 체류기간기준 등에 따라 확정한다.

로동소득지기준은 독립개인인 경우에는 활동하는 나라에 고정적인 기지가 있는가 없는가를 보며 비독립개인인 경우에는 활동지점을 놓고 소득의 원천지를 확정하는것이다.

로동소득지불지기준은 보수를 지불하는 거주자, 고정기지, 상주기구가 존재하고있는 나라를 소득원천지로 보는것이다.

체류기간기준은 어느 한 사람이 자국내에서 체류하는 기간에 일정한 기간(례를 들어 루계 183일이상)에 달하면 그의 소득을 자국안에서 이루어진 소득으로 인정하는것이다.

?재산소득의 원천지확정기준

재산소득은 부동산 및 동산소득(례를 들어 임대한 부동산 및 동산소득)과 부동산 및 동산양도소득을 포괄하는 개념이다.

부동산 및 동산소득의 원천지는 재산소재지기준과 재산소유자기준에 따라 확정한다.

재산소재지기준은 어느 한 나라에 위치하여 사용 및 임대되는 부동산과 동산으로부터 취득하는 소득은 그 나라에서 이루어진 소득으로 인정하는 기준이며 재산소유자기준은 주로 선박이나 비행기 등의 동산을 본국경밖에 임대해준 대가인 임대료에 적용되는 기준이다. 만약 임대물의 소유자가 자국거주자이거나 자국안에 있는 비거주자의 상주기구라면 임대료소득은 자국안소득으로 된다.

부동산 및 동산양도소득의 원천지는 재산소재지기준과 재산양도지기준에 따라 정한다.

재산소재지기준은 양도재산의 소재지를 소득원천지로 하며 재산양도지기준은 재산의 실제양도지를 소득원천지로 한다. 재산의 실제양도지가 자국인 경우 그 소득은 곧 자국안에서 이루어진 소득으로 된다.

특수경제지대 재정세무일군들은 국제세무분야에서 실시되고있는 소득원천지확정기준을 잘 알고 세무사업에 옳바로 구현해나감으로써 강성국가건설에 적극 이바지해나가야 할것이다.",KJU,byungjin_sanctions,2010s,6.408528791059498
기한부환자시세와 리자률에 의한 그의 예측방법,오의림,2014,4,0,NA,KJU,byungjin_sanctions,2010s,0
기본투자방안타산에 경제수학적방법을 적용하는데서 나서는 중요요구,김진혁,2014,4,831,"경애하는 김정은동지께서는 다음과 같이 말씀하시였다.
《경제사업에서 사회주의원칙을 확고히 견지하면서 생산과 관리를 객관적경제법칙과 현대과학기술의 요구에 맞게 하여 최대한의 실리를 얻는것은 우리 식 경제관리방법을 확립하는데서 나서는 기본요구입니다.》

경제사업에서 최대한의 실리를 보장하자면 경제적타산을 과학적인 방법론에 기초하여 진행하여야 한다.

경제적타산은 무슨 일을 어떻게 하는것이 가장 합리적인가 하는것을 따지는 사업이다.

경제적타산을 바로하여야 지식경제강국건설의 현실적요구에 맞게 경제조직사업과 지도관리를 개선하여 경제사업에서 실리를 보장할데 대한 당의 요구를 관철할수 있으며 사회주의경제토대의 위력을 남김없이 발휘할수 있다.

경제적타산에서 경제수학적방법은 각이한 조건에서의 지출과 결과사이의 호상관계를 정량적으로, 과학적으로 분석하고 가장 효과적인 활동방안을 찾아낼수 있게 한다.

수많은 경제활동방안을 비교, 평가하는 사업은 복잡하고 방대한 계산업무를 요구하며 비교, 평가를 어떤 방법을 적용하여 얼마나 정확히 하였는가 하는데 따라 경제적타산의 성과가 크게 좌우되게 된다.

정보산업시대의 요구에 맞게 경제적효과성타산에 경제수학적방법과 콤퓨터를 리용하면 경제적효과성타산에서 나서는 어렵고 복잡한 정보처리를 신속정확히 진행할수 있다.

기본투자방안타산에 경제수학적방법을 비롯한 과학적인 타산방법들을 적극 받아들이는것은 가장 합리적인 기본투자방안을 선택하기 위한 중요한 담보로 된다.

경제수학적방법은 기본투자방안타산을 위한 중요한 수단으로 되지만 그 적용에서 일련의 요구를 구현할 때에만 응당한 성과를 거둘수 있다.

기본투자방안타산에 경제수학적방법을 적용하는데서 나서는 중요한 요구는 첫째로, 경제적현상과 과정에 대한 리론적해명을 앞세우는 기초우에서 여기에 정량적분석을 밀접히 결합시키는것이다.

그것은 경제발전과정에 대한 정량적분석이 순수 추상적인 량적련관관계에 대한 분석이 아니라 일정한 질적규정성을 가진 경제현상과 과정의 량적측면에 대한 분석으로서 기본투자방안작성의 과학화를 실현하는 중요수법으로 되기때문이다.

경제적현상과 과정에 대한 리론적해명에 기초하여 정량적분석을 밀접히 결합시키자면 사회주의경제발전에서 작용하는 객관적경제법칙의 요구를 철저히 지켜야 한다. 이것은 사회주의경제관리의 원칙적요구의 하나이며 기본투자방안타산에 경제수학적방법을 편향없이 적용하기 위한 선결조건으로 된다.

객관적인 경제법칙에 관계없이 무엇이나 자기 마음대로 할수 있는것처럼 생각하는것은 혹심한 주관주의이고 과학에 대한 무지의 표현으로 되며 경제법칙의 요구를 떠나서 사람들의 경제활동은 물론 경제수학적방법의 적용에 대하여 생각할수 없다.

경제수학적방법을 적용하는 대상은 다름아닌 경제적대상이며 경제적현상과 과정의 련관관계를 고려함이 없이 주관적인 욕망만을 앞세우거나 순수 수학적인 방법에만 매달린다면 그것은 당의 경제정책적요구와 경제발전과정의 합법칙성을 제대로 반영할수 없고 그러한 경제수학적방법은 기본투자방안작성에 아무런 도움도 줄수 없게 된다.

사회주의사회에서 경제법칙들은 하나의 체계를 이루고 밀접한 련관속에서 작용한다. 생산수단에 대한 사회적소유는 사회주의적생산관계의 여러 측면들이 전일적인 체계를 이루게 하는 기초로 되며 이에 따라 사회주의경제관계의 측면들을 반영하는 경제법칙들도 서로 밀접한 련관관계를 가지고 작용하게 된다.

그러므로 기본투자방안타산에 경제수학적방법을 옳게 적용하려면 인민경제의 계획적, 균형적발전법칙과 로동에 의한 분배법칙, 사회주의축적법칙과 같은 사회주의사회에서 작용하는 객관적인 경제법칙들의 요구를 전면적으로 구현하여야 한다.

기본투자방안타산에 경제수학적방법을 적용하는데서 나서는 중요한 요구는 둘째로, 경제수학적방법이 이룩한 성과들을 실정에 맞게 받아들이는것이다.

경제수학적방법은 경제적현상과 과정들을 정량적으로 깊이있게 분석하여 경제의 최량적인 발전을 보장할수 있는 과학적이며 합리적인 원리와 방법을 밝히는것을 사명으로 한다.

경제수학은 사회생산력발전의 요구
										와 응용수학발전의 성과들에 기초하여 출현한 경제과학의 한 분야로서 지난 기간 수많은 연구성과들이 이룩되여 경제관리실천에서 커다란 은을 나타내였다.

그러므로 현시기 경제수학적방법이 이룩한 성과를 잘 리용하는것은 기본투자방안작성에서 과학적인 방법론을 세우기 위한 중요한 요구로 나선다.

기본투자활동을 위한 경제작전방안인 기본투자방안은 앞으로 진행하게 될 기본투자활동의 대상과 순차, 방법들을 미리 예견한것이다.

지금까지 많이 리용하여온 합리적인 기본투자방안채택을 위한 대표적인 방법들에는 손익균형분석법과 민감도분석법, 믿음성분석법 등이 있다.

손익균형분석법은 기본투자방안에서 가장 중요한 경제적지표의 하나인 년간생산규모가 변화될 때 그에 따르는 리익과 손실의 한계점을 찾은 다음 손실을 줄이고 리익을 늘이기 위한 대책을 타산하는 방법으로서 림계생산량을 찾고 그 이상 생산규모를 더 늘일수 있겠는가를 분석하고 타산할 때 적용할수 있다.

민감도분석법은 기본투자방안의 경제적효과성을 특징짓는 결과지표에 미치는 요인지표들의 변동영향정도에 대한 분석을 통하여 손실을 줄이고 리익을 늘이기 위한 대책을 타산하는 방법으로서 기본투자방안의 결과에 미치는 요인지표들의 변동영향을 분석하고 대책을 세우는것을 목적으로 할 때 적용한다.

믿음성분석법은 매개의 불확정성인자가 발생할 변동확률의 크기와 그것이 경제활동에 미치는 영향을 분석하고 합리적이면서도 현실성있는 방안을 선택하는 타산방법이다.

이와 같은 방법들을 기본투자방안타산의 구체적조건에 맞게 리용하여야 하며 현대수학이 이룩한 성과에 기초하여 새로운 경제수학적모형들을 적극 개발하고 합리적인 풀이방법을 찾아내야 한다.

기성의 성과를 리용하는것과 함께 기본투자방안타산에 보다 효과적으로 이바지할수 있는 새로운 경제수학적모형들을 개발하고 그 풀이방법들을 완성하는데 힘을 넣어야 한다.

기본투자방안타산에 경제수학적방법을 적용하는데서 나서는 중요한 요구는 셋째로, 객관적인 경제실태를 반영하는 통계자료의 과학성과 시기성을 보장하는것이다.

정확한 통계는 경제수학적방법에 의한 기본투자방안타산의 필수적인 전제로 된다. 그것은 경제수학적방법에 의한 기본투자방안타산이 통계자료의 분석과 종합에 기초한 판단과정, 결심채택과정으로 되기때문이다.

기본투자방안타산과정은 객관적인 실태를 수자적으로 반영하는 통계자료를 수학적인 방법에 따라 가공처리하여 결심채택에 필요한 새로운 정보를 얻어내는 정보적과정으로 되며 객관적인 경제실태를 반영하는 통계자료의 정확성여부에 따라 기본투자방안타산의 과학성이 담보된다.

통계자료가 기본투자방안타산에 효과적으로 리용되도록 하기 위하여서는 과학성을 철저히 보장하여야 한다.

과학성은 정확한 통계자료의 필수적인 징표이다. 그러므로 통계자료를 과학적인 방법론에 기초하여 수집해야 한다.

통계자료가 기본투자방안타산에 효과적으로 리용되도록 하자면 시기성을 철저히 보장하여야 한다.

통계의 시기성은 통계자료의 실천적의의를 규정하는 징표의 하나이다. 아무리 과학성이 보장된 정확한 통계자료라고 하더라도 필요한 시기에 보장하지 못한다면 별로 쓸모없는것으로 된다.

통계자료의 과학성과 객관성, 시기성을 보장하기 위하여서는 현실을 과장하거나 축소하여 통계를 내는 현상과 통계수자들을 추상적으로 대략 계산하거나 통계자료들을 마음대로 뜯어고치는 현상을 없애고 객관적인 현실을 그대로 반영하여 통계를 내야 한다.

기본투자방안타산에 경제수학적방법을 적용하는데서 나서는 중요한 요구는 넷째로, 콤퓨터를 비롯한 현대적인 정보처리수단의 합리적이며 효과적인 리용을 보장하는것이다.

과학기술이 급속히 발전하고있는 정보산업시대인 오늘 경제발전규모와 범위가 비상히 확대되고 그에 따라 경제계산과 타산의 내용들이 복잡해지고 다양해지고있으며 규모도 전례없이 확대되여 그 업무량은 비할바없이 커지고있다. 이러한 현실적조건에 맞게 경제계산과 경제적타산에 콤퓨터를 비롯한 현대적수단들을 광범히 도입하여야 현대과학이 달성한 다양한 수학 및 조종학적수법들을 적극적으로 활용하여 경제계산과 타산의 과학성과 시기성을 보장할수 있다.

특히 기본투자방안타산은 경제현상들과 과정들의 실태를 장악하고 분석하는것으로부터 시작되는것만큼 경제현상과 경제적과정에 대한 경제정보의 수집처리에서 신속정확성이 보장되여야 경제활동의 목표와 수행방도, 대책들을 제때에 정확히 세워 그 과학성을 보장할수 있다.

보다 완성된 새로운 수학적방법이 원리적으로 해명되였다고 하더라도 그의 적용과 관련한 방대한 계산업무량을 처리할수 있는 기술수단이 준비되지 못하면 그 방법은 경제적타산에 적용될수 없으며 따라서 실천적의의를 가질수 없게 된다. 그러므로 기본투자방안타산에서 경제수학적방법적용의 정확성과 믿음성을 보장하고 그 리용효과성을 높이기 위하여서는 이 사업의 현대화, 정보화를 실현하여야 한다.

모든 일군들은 기본투자방안타산에 경제수학적방법을 적용하는데서 나서는 중요요구를 잘 알고 자기 부문사업에 적극 활용해나감으로써 강성국가건설에 적극 이바지하여야 할것이다.",KJU,byungjin_sanctions,2010s,6.723832440821209
자본주의회계의 련결결산제도는 대독점기업의 리익분식을 위한 온상,"박사, 부교수 리창하",2013,3,742,"대외경제관계의 급속한 확대발전은 자본주의대독점기업들의 음흉하고 교묘한 자본축적과정을 제도적으로 안받침하고있는 련결결산제도의 반동적성격과 본질, 은페구조에 대하여 정확히 파악하고 그에 과학적으로 대처할것을 절실히 요구한다.

위대한 령도자 김정일동지께서는 다음과 같이 지적하시였다.
《현대제국주의하에서는 착취와 략탈을 더욱 은페하고 손쉽게 보장하기 위한 교활한 수법들이 적용되고있습니다.》

자본주의대독점기업의 경영목적은 독점적고률리윤의 획득이며 그를 위해서는 수단과 방법을 가리지 않는다.

근로계급을 착취하고 기만하는 악랄한 수법에는 여러가지가 있으나 자본주의대독점기업의 착취적본성을 합법적으로 은페하고 미화분식하는 대표적인 기구의 하나는 련결결산제도이다.

련결결산제도는 대독점기업의 착취적본성을 은페하고 경영적난국을 모면하기 위한 합법적수단이며 리익분식의 온상이다.

자본주의기업경영의 결과 획득한 리윤은 실천적으로는 기업이 작성공표하는 결산보고서에서 집약적으로 표현되며 그 크기의 진실성여부는 그를 규제하고 통제하는 결산제도가 어떤 성격을 띠고있는가에 따라 크게 좌우된다.

대독점기업의 련결결산제도는 그 발생발전경위로 보나 실천적기능으로 보나 철저하게 근로대중을 회유기만하고 자본주의경기순환경향과 대독점기업의 전략적요구에 따라 획득한 리윤을 은페하거나 허위날조하는 합법적수단으로서 커다란 역할을 논다.

현대자본주의에서 련결결산제도가 독점기업의 리익분식을 위한 온상으로 되는것은 무엇보다도 련결결산대상의 범위가 명확히 규정되지 못하고있는것과 관련된다. 련결결산에서 그 대상범위의 규정은 결산내용의 완결성과 함께 그 철저성을 담보하는 근본문제의 하나로 된다.

현재 자본주의나라들에서 련결결산대상의 범위는 일반적으로 소유주식기준에 의거한다.

소유주식기준이란 어미회사가 소유한 새끼회사, 관계회사주식의 일정한 비률을 의미한다. 소유주식의 일정한 비률을 련결결산대상기준으로 하는것은 소유주식비률에 의하여 어미회사의 지배력과 새끼회사, 관계회사의 의존성이 규제되고 독점회사의 재정상태와 경영성적에 미치는 영향이 크게 좌우되기때문이다.

그러나 소유주식기준의 설정자체가 련결결산의 제외대상을 전제로 하는것이고 설정되는 기준(비률)의 수준에 따라 제외대상의 수가 좌우되므로 련결결산의 대상을 소유주식기준에 의거하는것은 분식결산을 제도적으로 묵인조장하는 합법적조건으로 된다.

그것은 독점기업의 분식결산이나 역분식결산이 기본적으로 련결결산대상에서 제외되는 새끼회사나 관계회사와의 재무관계를 통하여 진행되기때문이다.

다음으로 련결결산제도가 독점기업의 리익분식을 위한 온상으로 되는것은 불량채권처리의 합법적공간으로 되는것과 관련된다.

독점기업에 있어서 불량채권의 발생은 경영난국과 파산의 직접적이며 치명적인 요인이다. 따라서 대독점기업들은 경기변동에 따라 대량적으로 발생하는 불량채권을 처리하기 위하여 새끼회사를 리용한 분식결산을 서슴없이 감행한다.

련결결산제도가 불량채권처리의 합법적공간으로 되는것은 첫째로, 회계공준자체의 제한성과 관련되며 둘째로, 기업회계원칙이 리익조정의 가능성을 허용하기때문이다.

회계공준은 자본주의경제제도에서 회계조직의 일반적요구이며 전제조건이다.

자본주의기업운영에서 기본수단은 회계이며 회계는 일정한 조건의 전제밑에 조직된다.

따라서 자본주의하에서 기업을 설립하고 회계를 조직하려면 회계공준의 조건을 충족시켜야 한다.

회계공준은 일반적으로 기업실체의 공준, 기간손익계산의 공준, 화페적평가의 공준의 세가지내용을 포괄한다.

기업실체의 공준이 기업경영결과인 손익계산의 대상과 범위를 규제하는 회계조직의 근본문제라면 기간손익계산의 공준은 일시적인 또는 해산을 전제로 하는 기업운영이 아니라 가능한 경영을 계속하려는 계속기업의 기간결산을 전제로 하는 요구이며 화페적평가공준은 회계에서의 모든 측정과 평가계산을 물량적으로가 아니라 화페적으로 진행할것을 요구하는 규제조건이다. 따라서 회계공준은 자본주의기업회계의 기본전제로, 필수불가결의 조건으로 된다. 그러나 회계공준은 그자체
										가 불투명하고 기업경영을 객관적으로 반영하지 못하는 제한성으로 하여 불량채권을 독점기업의 전략적요구에 맞게 처리할수 있는 합법적인 공간으로 되고있다.

현대자본주의하에서 대독점기업이 주식의 호상소유에 기초하여 지배와 종속관계를 가지는 수많은 개별적법인기업들로 이루어지는데로부터 련결재무제표작성이 제도화되였으나 수백개에 달하는 어미회사와 새끼회사를 다 망라시킬수는 없다. 이것은 어미회사와 새끼회사간에 진행되는 회계적조작과 술책들을 합법화할수 있는 중요한 공간으로 된다. 뿐만아니라 기간손익계산공준도 수익과 비용의 기간귀속에 대한 인위적인 해석이 가해져야 할 여지가 있는것으로 하여 리익을 인위적으로 조정할수 있는 합법적공간으로 되며 화페적평가공준은 원가를 가치로 가정하여 계산할것을 요구하는 취득원가주의회계를 성립시키는 공준이지만 화페가치의 부단한 변동으로 인한 원가와 상품가치의 배리를 인정하지 않을수 없으므로 리익의 인위적조정을 허용하는 중요한 공간으로 된다. 이외에도 인플레가 항시적현상으로 되고있는 현대자본주의하에서 재고자산에 대한 인위적평가의 여지와 외화환산을 어떤 원칙과 기준에 따라 하는가에 의해 기업의 리익이 크게 좌우되므로 리익조정의 가능성은 수없이 많다.

이 모든것은 회계공준자체가 가지는 제한성이 리익조정의 가능성을 낳게 한다는것을 보여준다.

련결결산제도가 불량채권처리의 합법적공간으로 되는것은 기업회계원칙의 제한성과도 관련된다.

일반적으로 자본주의공표회계제도에서 재무제표를 통한 리익의 조정은 법률을 위반하지 않는 범위안에서는 합법적인것으로 인정된다.

따라서 많은 불량채권을 안고있는 대독점기업들은 《기업회계원칙》의 제한성을 교묘하게 리용한다.

《기업회계원칙》은 하나로 정립된 법률은 아니다. 그러나 상법이나 증권거래법, 세법과 같은 경제법들에서 규제되지 않은 회계계산에서 통일성을 요구하는 여러가지 개념들과 원칙들 그리고 계산규칙들은 《기업회계원칙》에 규제된다. 그러므로 《기업회계원칙》은 회계실천에서 존중시되고 공인회계사의 감사기준으로서 중요한 역할을 한다.

현대자본주의공표회계제도에서 《기업회계원칙》은 일반적으로 독점기업의 리익을 중시하는 보수주의원칙으로 관통되여있다. 따라서 실제적으로는 《기업의 재정에 불리한 영향을 미치는 가능성이 있을 경우》에는 온갖 회계적조작과 술책을 다할수 있는 길을 열어주고있다.

《기업회계원칙》이 불량채권처리의 합법적공간으로 되는것은 첫째로, 《특별한 리유》가 있을 경우 계속성의 원칙에 따르는 손익계산방법이나 회계처리를 변경시킬수 있게 허용하고있는데 있으며 둘째로, 대독점기업의 리익조정에 보다 유리하게 중요성판단기준을 불명확하게 규정하고있는데 있으며 셋째로, 대차대조표의 가액계산에서 취득원가보다 낮아진 시가에 의한 계산을 허용하는 저가법의 리용을 인정하는데 있다.

다음으로 련결결산제도가 독점기업의 리익분식을 위한 온상으로 되는것은 련결재무제표가 인위적인 리익조작의 직접적수단으로 리용되는것과 관련된다.

기업회계결산의 기본문건인 재무제표가 공표되기만 하면 《진실》하고 《공정타당》하다고 인정되는 현대자본주의공표회계제도에서 련결재무제표는 대독점기업이 어미회사와 새끼회사의 지배와 종속관계에 기초하여 인위적으로 리익을 조정하는 직접적인 수단으로 되고있다.

회계결산에서 리익의 분식이나 역분식은 독점기업의 필수적이며 합법칙적인 회계적술책으로서 일정하게 허용하지만 그것이 과도하게 되면 경영손실과 기업파산의 중요요인으로 되므로 제도적으로 제한한다. 그러나 탐욕적인 자본축적과 최대의 리윤추구를 갈망하는 대독점기업은 련결재무제표를 리용하여 분식결산이나 역분식결산을 임의로 단행한다.

련결재무제표가 리익분식의 수단으로 되는것은 수많은 새끼회사들의 결산과 결합되여 복잡한 계산구조를 가지는것과 관련된다.

일반적으로 개별적기업의 재무제표는 하나의 독립적인 기업의 경영실태를 반영하는것으로 하여 대차대조표나 손익계산서, 리익처분계산서와 같은 재무제표들이 단일하게 작성되지만 련결재무제표는 수십개의 새끼회사들과 어미회사사이, 새끼회사들사이에 맺어지는 판매수익이나 제품원가의 복잡한 류동관계를 반영하게 된다. 따라서 독점기업들은 련결재무제표의 이러한 계산구조를 악용하여 손익계산서에서는 매상수익은 과대로, 매상원가는 과소로 표시하고 대차대조표에서는 재고자산과 현금예금을 과대표시하는 등 분식결산을 조작한다.

이것은 련결결산제도자체가 대독점기업의 리익분식을 회계적으로 조작하는 합법적수단으로 리용된다는것을 말해준다.

련결결산제도를 통한 리익분식의 회계적조작은 대독점기업들이 항시적으로 리용하는 상투적수법으로서 자본주의경제제도의 부패성과 멸망의 불가피성을 반증해준다.",KJU,byungjin_sanctions,2010s,6.610696044717759
자본주의중앙은행의 공정리자률정책과 그 모순,한영미,2017,3,542,"위대한 령도자 김정일동지께서는 다음과 같이 교시하시였다.
《생산수단에 대한 사적소유에 기초한 시장경제가 지배하는 자본주의사회에서는 생산의 무정부성과 막대한 사회적로동의 랑비, 경제의 주기적인 침체와 파탄이 피할수 없는 현상으로 되고있습니다.》(《김정일선집》 증보판 제14권 206페지)

자본주의중앙은행이 자본주의국가의 통화금융정책을 작성하고 집행하는 《국가기관》으로서 자기의 기능수행을 위하여 리용하는 정책수단들가운데는 공정리자률정책도 있다.

공정리자률정책은 중앙은행이 공정리자률을 변경시키는것을 통하여 시장금리에 영향을 주고 이를 통해 통화량을 조절하는 정책을 말한다.

공정리자률정책은 영국에서 1844년의 은행조례가 나오던 시기를 전후로 하여 생겨났으며 제1차 세계대전시기까지 많은 나라들에서 금융정책의 기본수단으로 리용되여왔다. 비록 1930년대의 불경기를 계기로 이 정책의 효과에 대한 평가가 떨어지면서 중앙은행의 금융정책의 중심수단으로서의 지위를 일정하게 상실하였지만 자본주의나라들에서는 아직도 공개시장정책, 지불준비률정책과 함께 공정리자률정책이 금융정책의 중요한 수단으로 리용되고있다. 특히 관리통화제가 도입되고 금리에 대한 국가적규제가 강화되면서 공정리자률정책은 더 빈번히 실시되였으며 자본주의경기조절을 위해 상투적으로 써먹는 수법의 하나로 되였다.

자본주의중앙은행의 공정리자률정책은 그 리론실천적기초에 있어서 심각한 모순을 내재하고있으며 그런것으로 하여 자본주의공정리자률정책의 파탄은 불가피한것으로 된다.

자본주의중앙은행의 공정리자률정책이 내재하고있는 모순은 무엇보다먼저 그것이 효과적으로 실행될수 있는 현실적조건이 마련되여있지 않거나 매우 불안정하다는것이다.

자본주의중앙은행의 공정리자률정책이 적절한 효과를 발휘하자면 몇가지 현실적조건들이 갖추어져야 한다.

공정리자률정책이 효과적으로 실시되자면 우선 일반은행의 중앙은행에 대한 의존도가 비교적 높아야 한다.

일반은행의 중앙은행에 대한 의존도는 일반은행의 자금공급과 신용제공이 중앙은행의 자금공급에 의하여 어느 정도로 좌우되는가 하는 문제이다. 자본주의중앙은행으로부터 일반은행에로의 자금공급은 일반은행들의 자금공급신청에 따라 자연발생적으로 진행되는것으로 하여 중앙은행은 자금대출량을 자기의 의도에 맞게 조절할수 없으며 따라서 중앙은행은 공정리자률정책실현의 효과성여부를 예측할수 없게 된다. 그러므로 중앙은행에 대한 일반은행의 의존도는 매우 불확정적이고 불안정한것으로 된다.

공정리자률정책이 효과적으로 실시되자면 또한 경기변동의 범위를 초월한 인플레가 발생하지 말아야 한다.

공정리자률정책이 노리는 효과는 공정리자률의 인상 또는 저하를 통하여 시장금리를 조절하고 나아가서 경기를 억제하거나 자극하는것이다. 공정리자률정책의 효과가 정책당국의 의도대로 발휘되자면 물가가 경기상태에 맞게 운동하는것을 전제로 한다. 그러나 자본주의나라들에서는 1970년대부터 경제침체기에도 물가가 상승하는 침체인플레현상이 지속적으로 나타났으며 이러한 현상은 공정리자률정책실현의 조건들을 없애버리고 사실상 공정리자률정책을 통한 경기자극을 실현불가능한것으로 만들었다.

이처럼 공정리자률정책의 효과적실시를 위한 현실적조건들이 마련되여있지 않거나 매우 불안정한것은 자본주의공정리자률정책이 가지고있는 기본모순의 하나로 된다.

자본주의중앙은행의 공정리자률정책이 내재하고있는 모순은 다음으로 공정리자률정책을 안받침하고있는 리론적기초가 비과학적이며 반동적이라는데 있다.

최근 자본주의중앙은행의 공정리자률정책에서 주류를 이루고있는 저금리정책은 케인즈가 제기한 리자에 대한 반동적인 변호론에 그 리론적기초를 두고있다. 케인즈는 《고용, 리자 및 화페의 일반리론》과 그밖의 저서들에서 자본주의사회에서 공황과 불경기가 있게 되는 원인이 마치 금리가 지나치게 높은데 있는듯이 외곡하였다.

케인즈는 불경기가 조성되고 실업자가 늘어나는것은 자본가들의 투자의욕이 약하기때문이며 그들의 투자의욕이 약한것은 지나치게 높은 리자률로 하여 리윤이 줄어들기때문이라고 사실을 날조하였다.

										
자본주의사회에서 경제공황이 발생하고 실업자들이 차고넘치는 기본원인은 반인민적이며 착취적인 소유관계에 기초하고 경제활동의 모든 고리들에서 무정부성의 법칙이 지배하는 자본주의경제관계의 본질적모순때문이지 결코 리자가 높거나 류통계에 통화가 부족하여 생기는것이 아니다. 금리를 낮추는 방법으로 류통계에 통화량을 늘이면 오히려 인플레가 발생하고 증가된 통화량의 실제가치가 줄어들어 공정리자률정책의 효과가 없어지거나 정반대의 후과가 초래되게 된다. 또한 경제침체상태에서 통화량이 갑자기 늘어나면 많아진 화페자본이 재생산고리에 들어가지 못하고 투기자본을 형성함으로써 자본주의경제의 투기성, 기생성만을 증대시키게 된다.

그러므로 리자를 조절하여 공황과 실업을 없앨수 있다고 하는 부르죠아《리자론》은 완전히 비과학적이며 비현실적인것이다.

이처럼 비과학적이며 반동적인 《리론》에 기초하여 실시되는 정책이라는데 자본주의공정리자률정책의 모순과 반동성이 있다.

자본주의중앙은행의 공정리자률정책이 그것이 내재하고있는 여러가지 모순들로 하여 실현불가능하다는것은 력사적으로 현실을 통하여 여실히 증명되였다.

자본주의중앙은행이 경기회복을 위하여 공정리자률정책을 대대적으로 실시한 이후에도 자본주의경제가 끊임없는 경제공황과 위기를 주기적으로 겪어온 사실은 공정리자률정책의 비과학성을 보여주고있다.

단적인 실례로 최근 2008년 세계금융위기가 터진 이후 자본주의중앙은행들이 공정리자률을 사상최저로 낮추며 《령리자률정책》, 《역리자률정책》 등 이전에는 찾아볼수 없었던 비정상적인 저금리정책을 실시하며 안깐힘을 쓰고있으나 위기의 후과가 좀처럼 가셔지지 않고있는것은 공정리자률정책을 통하여 경제위기를 극복하려는것이 얼마나 허황한 망상인가 하는것을 명백히 보여주고있다.

이처럼 자본주의중앙은행의 공정리자률정책은 그자체의 모순으로 하여 자본주의경제위기를 극복하는 수단으로 될수 없으며 오히려 자본주의경제의 부패성, 기생성을 더욱 격화시켜 경제전반을 파탄에로 몰아가게 한다.

자본주의사회가 내재하고있는 소유관계, 생산관계의 기본모순을 근본적으로 뒤집어엎지 않는 한 공정리자률정책을 통한 자본주의경제의 《성장》과 《안정》은 영원히 실현불가능한 망상으로 남아있게 될것이다.

실마리어： 공정리자률, 은행",KJU,byungjin_sanctions,2010s,6.297109319933935
자본주의은행위기 심각화의 필연성,김새봄,2014,4,1142,"위대한 수령 김일성동지께서는 다음과 같이 교시하시였다.
《날이 갈수록 자본주의세계의 경제위기는 더욱더 심각하여질것이며 그 후과도 더욱 파국적인것으로 될것입니다.》(《김일성전집》 제57권 83페지)

생산의 무정부성이 지배하는 자본주의사회에서는 만성적인 경제위기, 은행위기가 존재하는것이 하나의 법칙으로 되고있을뿐아니라 그것은 날이 갈수록 더욱 심각해지고있다.

자본주의은행위기는 자본주의경제제도, 자본주의금융제도의 취악성으로부터 오는 필연적인 산물이다.

자본주의사회에서 은행위기는 력사적으로 보면 완화되는 시기도 있었지만 주기적으로 반복되는 과정을 거쳐왔으며 오늘은 그 계선이 희미해지고 더욱 만성적인것으로 나타나고있다.

자본주의사회에서 은행위기가 더욱 심각해지는 근본원인은 경제위기일반과 마찬가지로 생산의 무정부성, 자본주의적경쟁과 투기의 격화, 생산과 소비, 공급과 수요사이의 모순에 있다. 그리하여 앞으로 자본주의은행위기는 날이 갈수록 더욱 심각해지게 되는것은 필연적이다.

자본주의은행위기가 앞으로 더욱 심각해지게 되는것은 무엇보다먼저 자본주의경제위기, 경제공황이 주기적으로 계속되고있는 사정과 관련된다.

생산의 자연발생성 그로 인한 과잉생산공황은 은행위기의 기초로 된다. 과잉생산공황은 언제나 은행위기를 발생시킨다. 그러기때문에 자본주의은행위기는 자본주의경제위기, 과잉생산공황의 부산물이라고 한다.

과잉생산공황의 결과 상품의 판로를 잃은 기업체들은 생산을 줄이거나 정지시키며 그에 따라 지불능력이 심히 떨어지게 된다. 한 기업체에서 지불능력이 줄어들거나 지불연체되면 신용을 통하여 련결되여있는 다른 기업체들도 영향을 받게 되며 그것이 련쇄반응을 일으켜 많은 기업체들이 혼란상태에 빠져들어간다.

기업체들사이, 부문들사이에 맺어진 신용지불의 련계가 끊어지면 신용분야에서 일대 혼란이 일어나고 마침내 그것은 신용위기로 번져져간다.

신용위기는 자본주의신용제도에서 심각한 위기와 혼란의 폭발이다.

신용위기는 신용거래의 바탕을 이루는 대부자본의 운동, 신용과 얽혀져있는 산업자본의 순환사이에 극심한 불균형이 폭발할 때 일어난다. 이것은 자본주의적상업신용, 은행신용을 급격히 마비상태에 몰아넣고 은행신용제도에 심각한 혼란을 일으킨다.

기업체들이 파산될 때 그들의 상업수형을 할인하는 형태로 그 기업들에 막대한 대부를 주었던 은행들은 그 대부금을 상환받지 못하여 손실을 보거나 위기에 처하게 된다.

자본주의나라들에서 은행위기를 일으키게 하는 이러한 경제위기, 경제공황은 완화되는것이 아니라 더 빈번히 그리고 만성화되여가고있는것이다.

경기순환의 국면들가운데서 주기적으로 반복되는 가장 파국적인 국면인 경제공황은 여러가지 원인으로 하여 일어나는 경제의 침체와 하강, 경제의 파동과 같은 경제위기의 주요 현상들까지 결합되여 더욱 악화되고있으며 자본주의사회에서는 고칠수 없는 악성질환으로 되고있다.

지난 시기에는 공황과 불경기시기에 비하여 활기증진과 호경기가 확연히 구별되였다. 그러나 지금은 호경기국면을 거치지 못한채 공황과 불경기에 빠져들어가는것이 보통현상으로 되고있다.

1825년부터 1866년까지의 독점전 자본주의시기 경기순환의 주기는 대체로 7~10년, 그 이후에는 6~7년이였으며 제2차 세계대전후에는 그 주기가 3~4년으로 단축되였다.

자본주의경제위기의 심각화는 우선 주기성을 띠는 과잉생산공황과 연료위기, 원료위기와 같은 경제구조의 불균형으로부터 오는 위기와 결합되는데서 나타나고있다.

제2차 세계대전이후 1948~1949년 공황에 이어 오늘에 이르는 기간에 경제공황은 주기적으로 계속 반복되여 일어났다. 여기에다가 오늘은 현대제국주의경제의 불균형적인 요인으로 오는 연료위기, 원료위기가 겹치여 더욱 심각화되고있다. 그리하여 현대자본주의경제는 한편으로 상품의 《과잉》으로 인한 실현난이 커지는가 하면 다른 편으로 연료, 원료와 같은 생산요인들의 심한 부족으로 하여 극심한 진통을 겪고있다. 

자본주의경제위기의 심각화는 또한 경제의 파국적인 현상이 전례없이 심해지고있는데서 나타난
										다.

오늘 자본주의나라들에서는 생산의 감퇴가 큰 규모에서 진행되고있으며 기업들이 대대적으로 파산되고있다. 자본주의나라들에서는 공황시기에 국내총생산액이 급격히 줄어들면서 생산감퇴률이 전례없이 높아지고있으며 이로 하여 중소기업뿐아니라 대규모기업들까지도 무리로 파산되고있다.

기업파산은 국가예산적자를 늘이고 통화팽창을 산생시킬뿐아니라 그와 련관된 은행을 파산시키고있다.

자본주의경제위기의 심각화는 또한 경제의 군사화와도 직접 련관되여있다.

경제의 군사화는 경제부문구조를 기형화하고 부문들사이의 련계를 파탄시키고 생산과 소비사이의 모순과 불일치를 더 크게 한다.

미국은 21세기에 들어와서 《반테로전》전략에 따라 여러곳에서 전쟁을 도발하였으며 여기에 막대한 자금을 들이밀었다.

미행정부가 지금까지 이라크전쟁에 쏟아부은 비용만하여도 3조US$로서 처음 추산했던것의 50~60배에 달한다. 그리하여 가장 《부유한 나라》로, 채권국으로 자처하는 미국에서 예산적자가 늘어나고 국제수지의 악화로 하여 최대의 채무국으로 전락되였다.

오늘 자본주의, 제국주의경제는 날을 따라 더욱더 심각해지는 위기로부터 벗어날 전망이 없으며 자멸의 길을 걷고있다. 그러므로 자본주의경제공황에 기초를 두고있는 자본주의은행위기는 날을 따라 더욱 심각해지고있다.

자본주의은행위기가 앞으로 더욱 심각해지게 되는것은 다음으로 은행위기의 력사적과정이 그것을 잘 보여주고있다는 사정과 관련된다.

은행이 출현하여 처음으로 위기를 겪은 시기는 1793년이다. 이때 400여개의 지역은행들가운데서 300개의 은행이 위기를 겪게 되였고 100개 은행이 파산되였다. 이 시기 은행위기는 주로 계약을 어기는것으로 시작되였는데 여기에 전쟁, 종교적인 충돌 등 요인들이 작용하였다.

18세기 이전 은행위기는 주기성이 뚜렷하지 못하였으나 1763년부터 1807년까지의 은행위기는 기본적으로 10년에 한번씩 일어났다.

이 시기에는 은행위기를 미연히 극복할수 있는 대책이 없었으며 중앙은행에서 위기에 처한 은행들에 대한 대부기능도 매우 약하였다.

1825년부터 20세기 20년대까지 은행위기는 경제의 주기적인 파동으로 인하여 주기적으로 일어났다. 이 시기 은행위기를 두 단계로 갈라볼수 있는데 첫 단계는 1825~1866년이다. 이 시기 은행위기가 가장 많이 일어난 나라는 세계에서 은행망이 일찍 형성된 영국이였다. 이때의 은행위기는 주기성이 뚜렷하였는데 40년동안 7~10년을 주기로 일어났다. 둘째단계는 1866년부터 1920년대 불경기시기까지였다. 이 시기 은행위기가 많이 일어난 나라는 미국이였는데 주로 경제의 주기적인 파동으로 인하여 일어났다.

19세기 50년대 이후 은행위기는 미국, 영국, 도이췰란드, 이딸리아, 일본, 오스트랄리아 등 나라들에서 많이 일어났는데 경기순환의 파동과 은행업무의 불량으로 인한 위기였다.

20세기 30년대 은행위기는 미국, 도이췰란드, 일본에서 많이 일어났는데 국제적인 전염성이 컸으며 경제위기와 동시에 일어나 많은 은행들이 파산되였다.

일본에서는 은행의 3분의 2, 미국에서는 2분의 1이 파산되였다.

제2차 세계대전 이후에도 은행위기는 계속 일어났다. 1945~1974년사이에 미국의 상업은행들중에서 139개 은행이 파산되였다.

1970년대부터 새로운 불안정한 상태에 직면하게 되였는데 이 시기 대다수 나라와 지역들에서 은행위기 또는 자금적인 압박이 일어났다.

세계 대다수 나라와 지역들에서 즉 영국, 미국, 도이췰란드, 프랑스, 일본을 비롯한 발전된 자본주의나라들과 남조선, 타이, 필리핀, 브라질 등 신흥세력나라들에서 1980대부터 130개의 나라와 지역들에서 은행위기와 은행의 자금적인 압박이 일어났다.

1995년에는 아르헨띠나와 메히꼬에서 은행위기가 일어났으며 1998년에는 브라질에서 은행위기가 일어났다.

은행위기는 초기 류동성위험으로부터 시작하여 예금을 지불하지 못하는데까지 이르게 되였다.

미국에서는 2007년 한해동안에만도 상환되지 못한 자금이 전국적으로 약 2 000억 US$에 달하였다. 그리하여 많은 은행들이 파산되거나 자금적인 부족을 당하여 혼란에 빠지게 되였다. 이와 같이 은행위기는 력사적으로 내려오면서 적어지는것이 아니라 더욱 넓은 지역과 나라들에서 더 많이 일어나고있다.

자본주의은행위기가 앞으로 더욱 심각해지게 되는것은 다음으로 은행위기를 막기 위한 여러가지 《안전대책》을 세우고있지만 계속 일어나고있는데서 찾아볼수 있다.

자본주의나라들에서는 은행위기를 막기 위한 여러가지 대책을 세우고있지만 은행위기는 날이 가면서 완화되는것이 아니라 시기적으로, 개별적으로, 지역적으로 계속 일어나고있다.

1700년대부터 1800년대 초까지는 은행위기를 막기 위한 대책이 매우 약하였다. 그러나 은행위기가 더 자주 일어나면서 1866년 이후부터 자본주의나라들에서 은행위기를 막기 위한 대책을 세우기 시작하였다.

1800년대말부터 은행위기가 많이 일어난 미국은 은행위기를 막기 위하여 1866년에 《뉴욕안전기금》을 내왔으며 국민은행에서 은행들의 준비금보유정형과 대부를 많이 하는데 대하여 통제하였다.

그리고 미국은 1914년에 은행위기를 막기 위해 련방예비체계를 세웠으며 도이췰란드, 프랑스, 일본의 중앙은행들도 자기 나라 은행들의 위기를 막기 위해 중앙은행의 최후 대부자의 기능을 높이도록 하였다.

자본주의나라들에서는 처음에 은행위기를 막기 위해 은행설립시기 자기의 기본금을 충분히 가지고있도록 하는 제도를 세웠다.

자본주의나라들에서는 은행을 누구나 설립할수 있다. 그러나 일정한 자기의 기본금을 즉 은행운영을 위한 밑돈을 가지고있지 않고서는 은행을 설립할수 없었다.

영국에서는 19세기 20년대부터 은행설립에 대하여 통제하였으며 그 이후 많은 자본주의나라들에서 은행설립에 대하여 간섭하였다.

자본주의나라들에는 은행간섭에 대한 여러가지 방법이 있었는데 공통적인 방법은 설립당시 일정한 정도의 자본을 가지고있도록 한것이다.

영국에서는 은행을 설립하자면 자본금을 500만￡, 미국은 최소 100만US$, 일본은 1901년부터 50만￥ 이상으로 규정하였으며 1972년부터는 200만￥, 1982년부터는 10억￥으로 규정하였다. 이밖에도 자본주의나라들에서는 예금을 보호하고 여러 위험으로부터 오는 손실을 막기 위한 대책을 세우려고 획책하였다.

자본주의나라들에서는 은행위기를 막기 위해 경영활동과정에 대한 통제를 강화하였다. 경영활동과정에 대한 통제에서는 일정한 정도의 자본충족률을 유지하며 예금보험제도, 중앙은행의 최후대부제도를 강화하도록 하는 등 조치를 취하였다. 이와 함께 은행의 집중도를 높이기 위한 대책도 취하였다. 즉 은행의 집중성을 실현하여 그 규모를 크게 하기 위한 조치도 취하였다.

은행의 규모가 커짐에 따라 비용이 상대적으로 적게 들고 운영원가가 낮아 리윤을 늘일수 있다고 보았다. 그리고 합리적인 운영방식을 내올수 있고 은행관리수준도 높일수 있으며 손실도 작은 은행에 비하여 적게 본다고 타산하였다. 그리하여 자본주의나라들에서는 은행위기를 통해서 은행경영에서 떨어져나갈수 있는 은행들과 경쟁력이 약한 은행들을 합치거나 사들이는 방법으로 은행의 집중을 실현하였다.

그러나 자본주의나라들에서는 그 어떠한 방법으로 은행의 집중을 실현하여도 자본주의은행위기를 막지 못하였다. 그것은 2008년 9월에 6 900억US$의 자산을 가진 미국의 《레이만 브라더즈》은행이 파산당하고 미국의 3대 투자은행의 하나였던 《메릴린치》은행은 세계 40여개 나라에 1조 6 000억US$의 자산을 가지고 운영해왔지만 2008년에 《뱅크오브 아메리카》은행에 500억US$로 팔려간데서 찾아볼수 있다.

이것은 결국 자본주의나라들에서 은행이 자본금을 많이 가지고있다고 해서 그리고 집중도를 높여 은행의 규모를 크게 하였다고 해서 은행위기를 극복할수 없다는것을 보여주며 오히려 날이 갈수록 더욱 파국적인 상태에 직면하게 된다는것을 보여준다.

자본주의제도를 그대로 두고서는 절대로 은행위기를 막을수 없으며 그것은 더욱더 심각해지고있다. 그러므로 우리는 자본주의위기의 전망에 대하여 정확히 알고 그로부터 있을수 있는 손실을 막기 위한 대책을 미연히 세워나가는것이 중요하다.",KJU,byungjin_sanctions,2010s,7.04141166379481
관광개발구개발에서 나서는 몇가지 문제,부교수 공혁,2017,2,607,"경애하는 최고령도자 김정은동지께서는 다음과 같이 말씀하시였다.
《경제개발구들에 유리한 투자환경과 조건을 보장하여 그 운영을 활성화하며 관광을 활발히 조직하여야 합니다.》

관광개발구개발목적은 나라의 국토환경을 더욱 아름답게 변모시키고 관광업을 기본경제부문으로 하여 해당 지역을 발전시켜나가며 나라의 관광을 빠른 기간에 발전시키자는데 있다.

우리 나라에서는 관광자원이 풍부한 여러 지역에 관광개발구를 개발하고 관광업을 발전시켜나가는것을 관광발전의 전략으로 내세우고 그 사업을 다그치고있다. 우리 나라에는 개발전망이 큰 관광자원들이 존재하지만 관광업에 리용할수 있게 개발되지 못한 지역이 적지 않다. 이러한 관광자원들을 개발리용하기 위한 관광개발구를 내오고 특색있게 관리운영하는것은 관광업을 발전시켜나가는데서 필수적요구로 나선다.

관광개발구를 개발하고 관광을 발전시키기 위하여서는 무엇보다도 관광개발구개발을 위한 투자환경을 마련하여야 한다.

관광개발구에서의 투자유치사업은 해당 지역의 관광자원을 개발하는데서 관건적인 문제이다. 물론 관광자원 그자체가 관광대상으로서 매력을 가질수 있지만 관광업의 대상으로 전환되자면 투자를 하여야 한다.

관광개발구의 투자유치환경보장에서 중요한것은 우선 법률적환경을 보장하는것이다. 관광개발구에 대한 투자와 경영활동을 법률적으로 담보해주는것은 투자유치환경보장에서 매우 중요한 문제로 제기된다. 투자가들은 투자에 앞서 자기들의 투자가 어떤 법적보호를 받게 되는가에 주되는 관심을 가지게 된다. 아무리 투자환경이 유리하여도 투자가 법적으로 보호되지 않으면 투자가들의 투자의욕을 불러일으킬수 없다. 이러한 법과 규정들은 변화발전하는 현실의 요구에 맞게 부단히 수정보충되여야 한다.

또한 관광개발구의 투자가들과 관광객들에게 특혜와 우대를 보장하는것이다. 관광개발구들에서는 외국투자가들에게 봉사기업창설 및 운영, 토지리용, 세금특혜, 출입조건, 로력채용에서 특혜가 보장되며 자유롭고 독자적인 경영활동, 투자재산보호, 합법적인 소득에 대한 송금, 인적 및 물질적재산에 대한 법률적인 특혜와 담보를 보장해주어야 한다. 관광개발구에서는 외국투자가들뿐아니라 외국관광객들에게도 특혜제도를 실시하여야 한다. 관광개발구를 내오는 목적자체가 더 많은 외국관광객을 받아들이자는데 있는것만큼 국내의 다른 관광지역들과 달리 무사증제도, 입출국수속의 간소화, 관광형식의 자유로운 선택과 같은 특혜가 보장되여야 한다.

또한 경제적환경을 보장하는것이다. 경제적환경에서 중요한것은 관광봉사기업들이 기업을 창설하고 운영할수 있는 하부구조를 완비하는것이다.

관광개발구개발에서는 도로, 전기, 통신, 상하수도 등 하부구조건설과 관광객들의 관광활동에 필요한 봉사시설건설을 진행하여야 한다.

관광개발구개발에서는 다른 나라의 투자도 리용할수 있지만 우리자체의 힘과 자원, 기술로 개발하거나 그 우위를 확고히 보장하여야 한다. 이러한 유리한 투자조건과 환경이 마련되여야 관광개발구에서 관광경영자원이 합법적으로, 효과적으로 리용될수 있다.

다음으로 관광개발구들을 경제적실리가 나게 개발하여야 한다. 관광개발구에서 외국투자기업들에 실시되는 특혜제도와 유리한 개발환경보장의 기본목적은 외국투자를 효과적으로 리용하여 경제강국건설과 인민생활향상에 이바지하는데 있는것만큼 관광개발구개발에서 나라의 경제적리익을 우선적으로 보장하여야 한다.

경제적리익을 보장하는데서 중요한것은 관광개발구에서 실질적인 리익을 보장하는 원칙에서 관광업을 진행하는것이다. 관광개발구에서 실질적인 리익을 보장하는 원칙에서 관광업을 진행하는것은 관광업의 목적을 실현하기 위한 기본요구이며 관광업을 더욱 발전시켜나갈수 있는 담보로 된다.

다음으로 관광개발구들을 지역적특색을 살려 개발하여야 한다. 자기 지방의 구체적인 실정에 맞게 관광개발구들을 내오는것은 우리 식의 관광개발구를 내오고 특색있게 발전시켜나가기 위한 담보이다. 지역적특색을 살려나가기 위하여서는 해당 지역의 관광자원구성상태와 관광발전전망, 자연지리적조건을 전면적으로 평가한데 기초하여 그것을 효과적으로 리용
										하여 해당 지역의 특성이 살아날수 있는 류형의 관광개발구들을 내오고 운영해나가야 한다. 나라의 여러 지역에 분포되여있는 관광자원은 서로 다르다. 따라서 다른 관광지들과의 구별이 뚜렷하게 나타나는 자기 지방의 독특함과 개성이 살아날수 있게 관광개발구를 꾸리는것은 관광개발구개발에서 나서는 중요한 요구이다.

관광개발구가 가지고있는 자기 식의 특색 다시말하여 다른 지역에서는 체험할수 없고 맛볼수 없는 독특함, 이것은 그 지역에서 관광업을 발전시킬수 있는 비결로 된다.

다음으로 관광개발구를 개발하는데서 관광자원과 환경을 적극 보호하여야 한다.

관광개발구를 개발하고 관광업을 지속적으로 발전시키기 위하여서는 생태환경을 파괴하지 않는 원칙에서 관광자원을 찾아내고 개발하는것과 함께 그것을 보호하고 보존하는 사업을 관광개발구관리기관의 기본사업으로 틀어쥐고나가야 한다.

우선 관광자원을 적극 보존하고 보호하여야 한다. 관광개발구에서 관광업을 발전시키기 위하여서는 관광자원개발과 함께 그 보호사업도 과학적으로 진행하여야 한다. 관광자원은 자연적 및 사회적요인에 의하여 그리고 관광객들의 관광활동과정에 파괴되거나 피해를 입게 된다.

관광자원을 계속 리용하자면 그것이 파괴되지 않도록 각종 파괴요인들의 영향으로부터 그를 보호하여야 한다. 관광자원을 파괴하고 피해를 주는 요인들을 분석하고 그를 가능한 범위에서 막기 위한 조치와 대책을 세워나가며 관광자원을 과학적으로 관리하여야 한다.

또한 관광개발구의 생태환경을 보호하기 위한 사업을 잘하여야 한다.

관광개발구개발의 목적이 주로 유리한 자연조건과 관광자원을 찾아내여 관광업에 리용하는데 있다면 환경보호의 목적은 자연조건과 관광자원을 계속 리용할수 있도록 보호함으로써 관광개발구에서 관광업을 지속적으로 발전시키자는데 있다.

관광개발구들에서 관광업이 활성화되면 수많은 관광객들이 개발구에 들어오게 되는데 관광객들은 관광활동과정에 포장용기를 비롯한 오물들을 버리게 되며 이에 대처한 오물처리체계가 세워져있지 않으면 수백수천t에 달하는 오물들이 쌓여 개발구의 생태환경을 심히 파괴하게 된다.

결과 그 지역은 오물에 의한 생태환경파괴로 하여 더는 관광업을 할수 없게 되며 그것을 정화하는데는 관광수입으로 얻는 자금보다 더 많은 자금을 지출하여야 한다.

그러므로 관광개발구를 개발하고 관리운영하는데서 환경보호사업을 중시하는것은 관광개발구의 운명과 관련된 중요한 사업으로 된다.

실마리어: 관광개발구개발",KJU,byungjin_sanctions,2010s,6.410174881966167
사회주의관광봉사기업소의 중요형태,채영재,2012,2,643,"사회주의경제에서 관광봉사사업을 개선해나가는것은 우리 나라 사회주의제도의 우월성을 내외에 널리 소개선전하며 인민경제의 발전과 인민생활향상에 필요한 재정자원을 늘이는데 기여한다.

사회주의경제에서 관광봉사사업은 관광봉사기업소들의 조직과 기능에 의하여 이루어진다. 따라서 관광봉사사업의 개선은 관광봉사기업소들을 어떻게 조직하고 운영하는가 하는데 직결되게 된다.

관광봉사기업소들을 사회주의관광봉사사업의 본질적특성에 맞게 바로 조직운영하는데서 나서는 중요한 문제는 사회주의관광봉사기업소의 중요 형태에 대한 리해를 바로 가지는것이다.

위대한 령도자 김정일동지께서는 다음과 같이 지적하시였다.
《공장, 기업소는 사회총생산물과 국민소득이 직접 창조되는 생산의 기층단위이며 나라의 재정자원이 조성되고 리용되는 기본단위입니다.》(《김정일선집》 제13권, 372페지)

일반적으로 관광업은 자연경치나 력사유적같은 관광자원을 개발형성하고 관리하면서 그것을 선전하여 관광손님들을 받아들여 일정한 수입을 얻는 경제부문이며 관광봉사활동은 관광을 위하여 찾아오는 관광손님들의 관광과정을 보장하면서 이 과정에 그들의 생활상편의를 도모해주고 필요한 식료품과 일용품, 기념품 같은것을 팔아주는 봉사활동령역이다.

관광봉사활동은 사회경제발전의 필연적산물로 발생발전하고있지만 그것은 해당 사회경제제도의 성격에 따라 그 목적과 성격에서 근본적인 차이를 가진다.

우리 나라에서 관광봉사사업은 인민대중중심의 우리 식 사회주의제도의 우월성을 내외에 선전하고 경제발전과 인민생활향상에 이바지하는것을 근본목적으로 한다.

우리 나라에서 관광봉사사업은 전문화된 관광봉사기업소들에 의하여 진행된다.

관광봉사기업소는 관광봉사를 전문적으로 맡아 독립적으로 경영활동을 진행하는 단위를 말한다.

사회주의관광봉사기업소는 국가의 통일적지도밑에 상대적독자성을 가지고 경영활동을 직접 담당수행하는 관광봉사와 경영의 기본단위이다.

사회주의관광봉사기업소는 관광봉사사업을 직접 실현하는데 필요한 종업원집단과 관광봉사시설을 가지고있을뿐아니라 국가로부터 계획을 받고 관광봉사사업을 독자적으로 조직진행할수 있는 경제관리체계를 가지고있다.

우리 나라에서는 분야별로 조직된 관광봉사기업소들의 계획적인 협동에 의하여 관광봉사활동이 종합적으로, 유기적으로 이루어지고있다. 이로부터 관광봉사기업소들을 어떻게 조직운영하는가 하는것이 사회주의관광봉사사업의 근본목적을 성과적으로 달성하는데서 관건적인 문제의 하나로 된다고 말할수 있다.

사회주의관광봉사기업소를 바로 조직운영하는데서 선차적인 의의를 가지는것은 그 중요형태를 바로 규정하는것이다.

관광봉사기업소의 중요형태에 대한 리해에서 중요한것은 우선 관광봉사에 종사하는 기업소들의 부류를 정확히 구분하는것이다.

관광봉사를 진행하는데서는 여러 부문의 기업소들이 각이한 수준에서 관계하게 된다. 따라서 이 기업소들을 관광봉사에 기여하는 정도에 따라 일정한 부류로 구분하는것이 필요하다.

관광봉사에 관계되는 기업소들은 관광봉사에 직접적으로 혹은 간접적으로 또는 보충적으로 기여하는가에 따라 1, 2, 3부류로 나누어볼수 있다.

1부류기업소는 관광손님들에게 직접 봉사하는 기업소들이다.

여기에는 려행사(안내사), 호텔(려관), 휴양려관, 관광객전용식당이나 상점, 관광객전용운수사업소, 관광지관리소 등이 속한다. 이 기업소들은 관광수요자들을 대상으로 선전통보사업을 진행하며 관광계약을 맺고 관광객들의 관광활동과 생활상편의를 직접 도모해준다.

2부류기업소로는 현지주민들의 로동생활과 일상생활에 대한 편의를 제공하면서도 관광계절에 관광객들을 위하여 봉사하는 사회급양망, 상업망, 주민들에 대한 도시경영봉사, 일반려객수송과 관광객수송으로 분화되지 않은 려객운수기업소, 관광봉사시설들의 설치와 정상운영을 위한 건설 및 보수기업소 등을 선정할수 있다.

2부류에 속한 기업소들을 1부류에 소속시키는가 소속시키지 않는가 하는것은 이 기업소들의 관광객들에 대한 봉사전문화정도에 따라 결정하며 그 기준은 관광객들이 리용하는 정도와 현지주민들이
										 리용하는 정도의 비률에 따라 정할수 있다.

3부류기업소는 주로 간접적으로 관광봉사에 관계되는 기업소들이다. 여기에는 관광용품들을 비롯하여 관광봉사에 리용되는 원자재와 설비, 수단, 비품들을 생산공급하는 기업소들이 속하게 된다.

관광봉사는 이러한 1부류, 2부류, 3부류기업소들의 조절적이고 종합적인 활동에 의하여 보장된다. 1부류, 2부류, 3부류기업소들이 모두 관광봉사에 크나작으나 기여한다는 의미에서 이 모든 기업소들을 넓은 의미에서 관광봉사기업소라고도 말할수 있다.

관광봉사기업소의 중요형태에 대한 리해에서 중요한것은 다음으로 관광봉사기업소의 기본형태를 바로 규정하는것이다.

관광봉사기업소의 기본형태는 1부류기업소들에 속하는 려행사와 호텔, 관광객들을 위한 식당이나 상점, 편의 및 체육문화오락봉사기업소, 관광객운수사업소, 관광지관리소들이다. 그것은 이 기업소들이 관광자원을 직접적으로 관리하면서 관광손님들을 직접 대상하여 봉사활동을 진행하는 관광봉사의 기본단위이기때문이다.

려행사와 호텔은 관광객들을 직접 대상하여 봉사를 제공하는 봉사성원들의 기본로동생활단위로서 관광봉사기업소들가운데서 가장 중요한 지위를 차지한다.

려행사는 관광객교류계약을 맺고 관광일정과 안내봉사를 직접 조직집행하는 관광봉사기업소이다.

려행사는 안내봉사자적기능과 경제적리윤분배, 관광수요조사와 각종 통보제공의 기능을 수행한다.  려행사의 기구에는 대체로 안내봉사부서와 봉사조직부서가 있으며 이외에 선전광고부서와 보장부서 등을 들수 있다.

려행사의 안내봉사부서는 주로 안내통역원들에 대한 보장사업과 그들의 정치사상적, 기술실무적수준을 높이기 위한 사업을 조직집행하며 려행사의 봉사조직부서는 작성된 관광일정에 따라 해당단위들과의 맞물림사업을 진행하며 비조직관광인 경우 일정작성사업을 선행하여 조직집행한다.

호텔은 손님들의 숙식을 비롯한 생활편의봉사를 보장하는 봉사기업소로서 숙식봉사기업소의 대표적인 형태이다.

호텔의 기구는 규모와 기능에 따라 달리 조직할수 있으나 일반적으로 기본봉사부서로서 영접, 접대, 손님방, 편의, 조리, 상업봉사부서가 있으며 보장부서로서 공급, 설비 및 건물관리 등의 부서들이 있다.

호텔의 영접봉사부서는 손님맞이와 접수, 방배치, 종합출납, 면담보장 등의 봉사활동을 진행하면서 호텔의 전반적인 봉사활동에 대한 참모부서로서의 기능을 수행하는 지령사업을 보장하며 호텔의 접대봉사부서는 식사와 연회에 대한 봉사를 보장한다.

또한 호텔의 손님방봉사부서는 숙박손님에 대한 방봉사를 보장하며 편의봉사부서는 손님들에게 위생편의봉사와 문화오락봉사를 주로 보장하며 내부봉사단위들로는 물놀이장과 목욕탕, 세탁소, 오락장, 영화관들이 있다.

호텔의 보장단위들인 공급부서는 음식물생산단위와 접대봉사부서, 손님방봉사부서 등 봉사단위들에 필요한 상품과 원자재, 소모품들에 대한 공급을 보장하며 설비 및 건물관리부서는 설비 및 건물관리와 그의 정상운영을 보장한다.

사회주의관광봉사기업소는 당의 령도와 국가의 중앙집권적, 계획적지도밑에 관광봉사사업을 직접 계획하고 관광객들의 관광수요를 충족시키며 우리 나라를 대외에 널리 소개선전하고 채산활동을 벌려 관광봉사의 효과성을 높이는데서 중요한 역할을 하는것만큼 현실발전의 요구에 맞게 그의 형태들을 합리적으로 규정하고 조직하는데 계속 힘을 넣어야 한다.",KJU,byungjin_sanctions,2010s,6.467698726104354
독립채산제기업소들의 창발성을 최대로 발양시키는것은 현시기 경제강국건설의 절박한 요구,리광훈,2014,4,689,"오늘 사회주의경제강국건설은 새 세기의 변화된 환경과 현실적조건에 맞게 경제관리를 개선하고 더욱더 완성하여 나라의 경제를 활성화해나갈것을 요구하고있다.

경애하는 김정은동지께서는 다음과 같이 말씀하시였다.
《현실발전의 요구에 맞게 우리 식의 경제관리방법을 연구완성하여야 합니다.
주체사상을 구현한 우리 식의 경제관리방법은 생산수단에 대한 사회주의적소유를 확고히 고수하면서 국가의 통일적지도밑에 모든 기업체들이 경영활동을 독자적으로, 창발적으로 해나감으로써 생산자대중이 생산과 관리에서 주인으로서의 책임과 역할을 다하도록 하는 사회주의기업관리방법으로 되여야 할것입니다.》

현시기 나라의 경제를 활성화하는데서 관건적고리의 하나는 기업소들이 국가의 통일적지도밑에 모든 경영활동을 독자적으로, 창발적으로 해나감으로써 생산자대중이 생산과 관리에서 주인으로서의 책임과 역할을 다하도록 하는것이다.

사회주의경제강국을 성과적으로 건설하자면 인민경제의 주도적부문을 이루고 물질적부를 직접 창조하는 독립채산제기업소들이 생산과 경영활동에서 창발성을 최대로 높이 발휘해나가야 한다. 

독립채산제기업소들의 창발성을 최대로 발양시키는것은 우선 변화된 대외적환경에 대처하여 생산을 높은 수준에서 정상화하기 위한 필수적인 요구이다.

1980년대말~1990년대초에 세계 여러 나라들에서 사회주의가 붕괴되여 사회주의시장이 없어진 조건에서 자본주의시장을 상대로 하지 않으면 안되게 되였고 그러다나니 수출구조로부터 거래방법에 이르기까지 걸리는 문제들이 적지 않았다. 여기에 제국주의자들은 사회주의붉은기를 높이 들고나가는 우리 나라를 눈에 든 가시처럼 여기면서 우리 나라를 국제적으로 고립압살시킬 목적으로 무역, 금융, 투자, 수송, 우편통신 등 모든 경제분야에서 우리가 세계 여러 나라들과 가지고있던 대외경제거래를 전면적으로 차단하고 가로막는데까지 이르렀다. 대외적으로 사회주의시장에 의거하여 경제건설에 필요한 일부 원료와 자재, 물자들을 해결하던 우리 경제에 있어서 이것은 참으로 커다란 타격이 아닐수 없었다.

제국주의자들의 끈질긴 경제봉쇄속에서 자본주의시장을 대상으로 하여 필요한 물자를 구입하고 경제건설을 진행하여야 하는 조건에서 매개 기업소들의 창발성을 최대로 발양시키는것은 그 어느때보다 중요한 의의를 가진다.

오늘의 조건에서 경제를 활성화하고 생산을 높은 수준에서 정상화하는 중요한 방도는 매개 기업소들이 자력갱생의 기치를 높이 들고 자체의 창발성을 최대한으로 발양시키는데 있다.

생산의 정상화는 독립채산제를 바로 실시하기 위한 가장 중요한 전제조건이다. 생산이 정상화되여야 날로 늘어나는 공업생산물에 대한 인민경제적수요를 원만히 보장하여 경제강국건설에 필요한 물질적재부를 더 많이 마련하게 된다.

당의 현명한 령도에 의하여 오늘 공장, 기업소들에서는 생산공정의 현대화, 과학화가 힘있게 추진되여 생산잠재력이 한층 강화되고있으며 최신과학기술에 기초한 새로운 현대적인 공장, 기업소들이 수많이 일떠서 생산동음의 불길이 세차게 타오르고있다.

오늘의 이 현실은 기업소들에서 생산을 정상화하여 날로 늘어나는 인민경제적수요를 원만히 충족시킬것을 절실히 요구하고있다.

독립채산제기업소들의 창발성을 높이 발양시켜야 생산능력을 효과적으로 리용하여 생산을 높은 수준에서 정상화함으로써 날로 늘어나는 인민경제적수요를 원만히 보장할수 있다.

현존생산능력을 효과적으로 리용하는것은 자체의 힘과 자원, 자금과 기술에 의거하여 경제건설을 진행해나갈데 대한 자력갱생의 원칙의 빛나는 구현으로서 현시기 사회주의경제강국건설에서 일관하게 견지하여야 할 중요한 문제이다.

공장, 기업소들의 창발성을 높이 발양시키는것은 기업소들에서 생산설비들을 만가동시키고 만부화를 걸어 주어진 생산능력이 최대한으로 발휘되게 하며 생산부문들사이에 생산능력상균형을 보장하여 이미 마련된 생산잠재력을 충분히 발휘하게 함으로써 현존생산능력을 효과적으로 리용하게 하는데 적극 이바지한다.

매개 단위들이 창발성을 높이 발양시켜야 예비와 잠재력을 남김없이 동원할수 있으며 생산을 늘이고
										 경영활동을 개선해나갈수 있다.

우리가 내세운 경제강국건설목표를 최단기간내에 성과적으로 점령하자면 모든 부문과 단위들에서 온갖 예비와 가능성을 최대한 동원리용하여야 한다.

현시기 공장, 기업소들의 생산과 경영활동이 얼마나 원만히 진행되는가 하는것은 결국 공장, 기업소들이 생산과 경영활동에 대한 높은 책임감을 가지고 책임성과 창발성을 얼마나 높이 발양시키는가 하는데 적지 않게 달려있다.

현시기 독립채산제기업소들의 창발성을 최대로 발양시키는것은 또한 독립채산제기업소들이 강한 경쟁력을 갖춘 세계적인 기업으로 발전하기 위한 필수적인 요구이다.

오늘의 현실은 우리의 모든 공장, 기업소들이 최첨단을 돌파할것을 요구하고있으며 세계적인 기업으로 발전할것을 요구하고있다. 우리의 모든 기업소들이 세계적인 경쟁력을 갖춘 기업으로 강화되는 과정에 경제강국도 건설된다고 말할수 있다.

매 기업소들이 경제강국을 떠받드는 하나 하나의 받침돌이 되자면 세계적인 경쟁력을 갖춘 기업으로 되여야 하며 세계시장을 뚫고들어가 첨단에 서야 한다. 경제강국건설의 이러한 요구는 매개 기업소들이 창발성을 그 어느때보다 더 높일것을 절박하게 요구하고있다.

기업소들은 세계를 향하여 나가야 하며 자기 분야에서 세계적인 패권을 쥘 목표를 내세우고 투쟁하여야 한다.

미제와 그 추종세력들의 경제봉쇄를 짓부시고 강성국가건설을 성과적으로 다그치기 위해서는 경제건설에 대한 국가의 통일적지도를 강화하여 사회주의의 우월성을 높이 발양시키는것과 함께 우리의 경제를 구성하고있는 모든 기업소들이 세계적인 경쟁력을 갖춘 기업으로 자라나기 위하여 있는 지혜와 창발성을 남김없이 발휘하여야 한다.

우리에게는 자본주의사회에서는 흉내낼수도 없고 가질수도 없는 사회주의계획경제의 우월성, 집단주의의 우월성이 있으며 그것을 원만히 실현하기 위한 국가의 통일적지도가 있다. 이것은 우리의 기업소들이 세계적인 기업으로 발전할수 있는 근본담보로 된다.

문제는 기업소들이 국가의 통일적지도밑에 자기 단위의 창발성을 얼마나 높이 발양시켜나가는가 하는데 있다.

매개 기업소들은 기술수준과 생산조건 등 모든 측면에서 서로 각이하며 수천수만을 헤아리는 매 기업소들을 국가가 전적으로 맡아 세부에 이르기까지 다 지도할수는 없다. 이것은 독립채산제기업소들의 창발성을 최대로 발휘하도록 하는것이 그 어느때보다 중요한 요구로 제기된다는것을 말해준다.

공장, 기업소들에서는 현실발전의 요구에 맞게, 기업소자체의 현실적조건에 맞게 생산자대중이 생산과 관리의 주인이라는 자각을 가지고 경영활동을 진행해나갈수 있도록 기업관리를 창발적으로 진행해나가도록 하여야 한다.

국가의 중앙집권적지도를 일면적으로 강조하면서 아래단위의 창발성을 억제하거나 아래단위의 창발성을 강화한다고 하면서 국가의 중앙집권적지도를 무시하고 기업의 자유를 주장하는 편향이 절대로 나타나지 않도록 철저히 경계하여야 한다.

모든 부문, 모든 단위들에서는 국가의 통일적지도와 기업소의 창발성을 옳게 결합시킬데 대한 원칙이 가지는 중요성을 똑바로 알고 기업관리에서 이 원칙을 당의 의도에 맞게 구현해나가야 한다.",KJU,byungjin_sanctions,2010s,6.536691597591305
문화후생적봉사를 발전시키는것은 인민생활향상에서 나서는 중요한 문제,문희,2017,3,538,"경애하는 최고령도자 김정은동지께서는 다음과 같이 말씀하시였다.
《인민생활에 직접 복무하는 부문들의 발전을 중시하고 근로자들에게 훌륭한 로동생활조건과 물질생활조건을 마련해주며 당과 국가의 인민적시책을 확대하여 인민생활을 끊임없이 향상시켜나가야 합니다.》

사회주의경제강국건설의 요구에 맞게 인민들의 물질문화생활을 끊임없이 높이는데서 나서는 중요한 문제의 하나는 인민들에 대한 문화후생적봉사사업을 발전시켜나가는것이다.

사회주의하에서 문화후생적봉사는 주민들의 개인적부담이나 능력으로써는 실현할수 없는 물질문화적수요를 집단적으로, 공동적으로 실현시킴으로써 그들이 생활상 불편을 모르고 유족하고 문명한 생활을 누리도록 하며 사람들의 전면적인 발전을 촉진시킨다.

또한 사회적로동을 절약하고 사회주의생활양식에 맞게 생활을 문화적으로 알뜰하게 꾸려나갈수 있게 한다. 이로부터 인민들에 대한 문화후생적봉사를 발전시키는것은 인민생활향상에서 중요한 문제로 나선다.

인민들에 대한 문화후생적봉사를 발전시키는것이 인민생활향상에서 나서는 중요한 문제로 되는것은 우선 문화후생적봉사가 물질생활의 중요한 구성부분을 이루기때문이다.

사람들의 경제생활은 로동생활과 물질생활로 이루어지며 물질생활은 사람들의 먹고 입고 쓰고사는 생활로 특징지어진다.

로동생활과정에 아무리 많은 물질적부가 창조되였다고 하여도 그것이 인민들에게 실지 차례지지 못한다면 사람들이 유족하고 문명한 생활을 누릴수 없다.

사람들이 먹고 입고 쓰고사는 물질생활은 인간생활의 필수적조건이며 자주적이며 창조적인 생활을 마련하여주는 중요한 령역이다.

물질적부의 소비과정은 사람들이 일정한 상업망을 통하여 상품을 구입하여 소비하는것을 통하여 이루어지기도 하고 봉사를 통하여 일정한 물질적부를 소비하는것을 통하여 이루어지기도 한다.

따라서 사람들이 봉사를 리용한다고 할 때 그것은 봉사자들의 도움으로 일정한 물질적부를 소비하는 과정으로 된다는것을 의미한다.

일부 경우에 사람들이 생활과정에 소비품과 봉사를 소비한다고 이야기할수 있지만 이것은 결국에는 일정한 물질적부를 소비하는 과정이라고 말할수 있다. 다만 차이점의 하나는 사람들이 직접 상업망을 통하여 소비품을 구입하여 소비한다는데 있고 다른 하나는 다른 사람들의 도움으로 소비품을 소비한다는데 있을뿐이다.

이것은 문화후생적봉사가 사람들의 물질생활의 중요한 구성부분을 이룬다는것을 말하여준다.

사회적생산을 빨리 발전시켜 국민소득을 늘이는것과 함께 물질생활의 중요한 구성부분을 이루는 문화후생적봉사를 발전시켜 인민들의 생활상수요를 원만히 충족시킬 때 인민생활은 더욱 향상되게 된다.

인민들에 대한 문화후생적봉사를 발전시키는것이 인민생활향상에서 나서는 중요한 문제로 되는것은 또한 문화후생적봉사를 통하여 사람들의 물질생활이 다양하게 실현되기때문이다.

사람들의 물질생활은 먹고 입고 쓰고사는데 필요한 여러가지 물질적부를 직접 소비하는것과 함께 여러가지 소비품을 발전하는 현실과 자신의 요구에 맞게 가공하여 리용하는 과정에서 나타난다.

사람들은 생활과정에 여러가지 소비품을 여러가지로 가공하여 리용할 필요를 느끼게 된다.

처음에는 이러한 요구를 자신이 직접 소비품을 가공하여 리용하는 방법으로 충족시켰지만 점차 사회가 발전함에 따라 사회적로동의 한 형태로서 봉사가 출현하고 봉사업을 전문으로 하는 봉사일군들의 봉사활동에 의하여 물질생활에 대한 인민들의 수요를 다양하게 충족시킬수 있게 되였다.

문화후생적봉사는 사람들의 물질생활과정에서 제기되는 수요를 전문적으로 충족시켜주는 기능을 수행하는것으로 하여 사람들의 물질생활을 다양하게 실현시켜준다.

실례로 문화후생적봉사의 한 형태인 편의봉사는 이러한 기능을 수행하는 전형적인 봉사부문이라고 할수 있다.

편의봉사부문에서 진행하는 여러가지 수리수선활동이나 가공활동은 사람들에게 필요한 소비품을 여러 측면에서 쓸모있게 문화적으로 가공하고 생활상편의를 보장해줌으로써 물질생활을 문화적으로 다양하게 진행하려는 사람들의 요구를 충족시켜준다.

이것은 문화후
										생적봉사가 사람들의 물질생활을 다양하게 실현하는데 적극 이바지하는 분야이며 따라서 문화후생적봉사를 발전시키는것이 인민생활향상에서 중요한 의의를 가진다는것을 보여준다.

인민들에 대한 문화후생적봉사를 발전시키는것이 인민생활향상에서 나서는 중요한 문제로 되는것은 또한 문화후생적봉사가 인민들에 대한 추가적혜택을 실현하는 중요한 공간으로서 사람들이 개인적으로 실현할수 없거나 힘든 물질생활을 실현시키기때문이다.

우리 나라에서 근로자들은 로동에 의하여 받는것을 내놓고도 많은 국가적 및 사회적혜택을 받고있다. 이러한 추가적혜택은 국가가 인민생활에 대하여 책임지고 돌봐주는 우리 나라 사회주의사회에서만 있는 분배형태이다.

추가적혜택은 로동의 량과 질에는 관계없이 모든 근로자들에게 고르롭게 차례지며 로동에 의한 분배외에 추가적으로 차례지는 혜택이다.

그러므로 추가적혜택은 근로자들의 생활을 균형적으로 빨리 향상시키고 생활을 안정시킨다.

우리 나라에서 인민들에 대한 문화후생적봉사는 당과 국가의 추가적혜택을 실현하는 중요한 공간으로 되고있다. 우리 인민들은 무료교육, 무상치료, 정휴양제와 같은 여러가지 추가적혜택을 받고있으며 문화후생적봉사를 비롯한 여러가지 봉사공간을 통하여 먹고 입고 쓰고사는데 필요한 생활자료와 생활조건들을 보장받고있다.

이것은 문화후생적봉사가 사람들이 개인적으로 실현하기 힘든 물질생활을 실현시켜줌으로써 인민생활 특히 물질생활에 적극 이바지한다는것을 말하여준다.

문화후생적봉사를 비롯한 인민생활에 직접 복무하는 부문들의 발전을 중시하고 근로자들에게 훌륭한 물질생활조건을 마련해주며 당과 국가의 인민적시책을 강화해나갈 때 인민생활은 더욱더 향상되고 우리 나라 사회주의제도의 우월성과 생활력은 더 높이 발양되게 된다.

실마리어: 문화후생적봉사",KJU,byungjin_sanctions,2010s,6.289715570908998
위대한 수령 김일성동지께서 농업문제해결에 관한 독창적사상을 밝히신 불멸의 업적,김승택,2014,3,1014,"올해는 위대한 수령 김일성동지께서 사회주의농촌문제에 관한 테제를 발표하신 50돐이 되는 뜻깊은 해이다. 이날을 맞으며 우리 인민은 사회주의농촌문제해결의 가장 과학적인 방도를 밝혀주신 위대한 수령님에 대한 다함없는 감사의 정을 금치 못하고있으며 경애하는 원수님의 령도따라 사회주의농촌테제의 정당성과 생활력을 뚜렷이 실증할 결의에 넘쳐있다.

농업문제는 농민문제와 함께 사회주의건설에서 해결하여야 할 농촌문제의 중요구성부분의 하나이다. 사회주의건설에서는 농업문제를 옳게 해결하여야 농업생산력을 고도로 발전시키고 과학적영농방법을 받아들여 농업생산을 빨리 발전시켜 인민들의 식량문제, 먹는 문제를 원만히 해결할수 있다.

사회주의건설에서 나서는 농업문제는 인민대중의 자주위업실현에서 나서는 다른 문제들과 마찬가지로 탁월한 수령이 제시하는 옳바른 사상에 기초할 때에만 성과적으로 풀어나갈수 있다.

위대한 령도자 김정일동지께서는 다음과 같이 지적하시였다.
《위대한 수령님께서 제시하신 수리화, 전기화, 기계화, 화학화를 기본내용으로 하는 농촌기술혁명이 힘있게 추진되고 주체농법이 철저히 관철됨으로써 우리 나라에서 농업생산은 빨리 발전하였습니다.》[《김정일선집》 제21권(증보판) 454페지]

위대한 수령 김일성동지께서 농업문제해결에 관한 독창적인 사상을 밝히신 불멸의 업적은 첫째로, 농촌기술혁명에 대한 과학적인 사상을 전면적으로 밝혀주신것이다.

농촌기술혁명은 농촌경리를 현대적기계와 기술로 장비하고 농업과학의 성과를 널리 받아들여 농업생산력을 고도로 발전시키며 농민들의 생활을 향상시키고 그들을 고된 로동에서 해방하기 위한 중요한 혁명과업이다. 농촌기술혁명을 수행하여야 낡은 사회로부터 물려받은 농촌의 기술적락후성을 없애고 농업을 공업화, 현대화하여 농업생산을 빨리 늘일수 있으며 농민들을 어렵고 힘든 로동에서 완전히 해방할수 있다.

위대한 수령님께서는 낡은 사회에서 물려받은 농촌의 기술적락후성과 농업발전의 합법칙적요구를 과학적으로 분석통찰하신데 기초하시여 농촌기술혁명의 본질과 내용, 그 수행방도를 전면적으로 밝혀주시였다.

농촌기술혁명은 본질에 있어서 농촌경리를 현대화하여 농업생산력을 발전시키고 농민들을 어렵고 힘든 로동에서 해방하는것이다.

농업은 력사적으로 공업에 비하여 기술적으로 뒤떨어져있다.

농촌기술혁명의 전략적목표는 농촌의 기술적락후성을 없애고 농업을 공업화, 현대화하는것이다.

위대한 수령님께서는 농촌기술혁명의 본질과 전략적목표를 과학적으로 규정한데 기초하여 농촌기술혁명의 기본내용과 그 수행방도를 전면적으로 밝혀주시였다.

농촌기술혁명의 기본내용은 수리화, 기계화, 전기화, 화학화이다.

위대한 수령 김일성동지께서 농촌기술혁명의 과업과 그 수행방도를 과학적으로 밝혀주심으로써 농촌의 기술적락후성을 극복하고 농업을 공업에 따라세워 농업생산을 고도로 발전시켜 사회주의농촌을 튼튼한 식량, 원료생산기지로 전변시키며 농민들을 어렵고 힘든 로동에서 해방하고 공업로동과 농업로동의 차이를 없앨수 있는 가장 옳바른 길이 열려지게 되였다.

위대한 수령 김일성동지께서 농업문제해결에 관한 독창적인 사상을 밝히신 불멸의 업적은 둘째로, 주체농법을 창시하신것이다.

농법을 개선하는것은 농업생산에서 높은 성과를 이룩하기 위한 근본문제의 하나이다. 그러므로 인간은 농업의 오랜 발전사와 더불어 농법을 부단히 개선하여왔다. 그러나 오랜 력사적기간에 걸쳐 적용되여온 종래의 농법은 뒤떨어진것이였으며 따라서 사회주의제도가 수립되고 사회주의농촌건설이 새로운 단계에 올라선 현실은 새로운 농법을 요구하였다. 특히 1970년대에 이르러 사회주의공업화의 력사적과업이 빛나게 실현되여 농업생산이 높은 과학적토대에 올라선 우리 나라 농업발전과 한랭전선의 영향으로 세계적으로 농업위기, 식량위기를 겪게 됨에 따라 농업분야에서는 언제나 높고 안전한 수확을 낼수 있는 새로운 과학적영농방법을 해결하는것이 절박한 문제로 나서게 되였다.

위대한 수령님께서는 이 절박한 요구를 헤아리시고 현대농업과학이 달성한 성과, 우리 나라 농업의 력
										사적경험과 몸소 농업부문을 현지지도하시면서 쌓으신 풍부한 경험에 기초하시여 완전히 새롭고 독창적인 영농방법, 주체농법을 창시하시였다.

위대한 수령님께서 창시하신 주체농법에는 그 본질과 내용, 기본요구들이 전일적으로 체계화되여있다.

위대한 수령님께서 밝혀주신 주체농법의 혁명적본질은 우리 나라의 기후풍토와 농작물의 생물학적특성에 맞게 농사를 과학기술적으로 짓는 과학농법이며 현대과학기술에 기초하여 농업생산을 고도로 집약화하는 집약농법이라는데 있다.

주체농법은 우리 나라의 기후풍토조건에 맞는 과학기술적영농방법들과 농작물의 생물학적요구에 맞는 현대생물학의 연구성과와 현대적인 물질기술적수단들을 적극 받아들여 농사를 과학기술적으로 짓게 한다.

농업생산의 고도의 집약화는 같은 토지를 가지고도 농업생산을 빨리 늘이는 가장 선진적인 영농방법이다. 주체농법은 현대과학과 기술, 선진적인 영농방법을 적극 받아들이고 토지를 가장 합리적으로 리용하여 단위당 수확고를 늘이게 한다.

주체농법이 밝힌 영농사업에서 지켜야 할 기본영농원칙은 적지적작, 적기적작의 원칙과 포기농사이다.

적지적작은 땅과 기후조건에 알맞는 작물과 품종을 심는 원칙이며 적기적작은 제철에 곡식을 심고 가꾸는 원칙이다. 적지적작, 적기적작의 원칙을 지켜야 모든 지대에서 제때에 땅과 기후조건에 알맞는 작물과 품종을 심고 가꾸어 단위면적당 높은 수확을 낼수 있다.

포기농사는 작물의 평당포기수를 정확히 보장하며 매 포기를 과학기술적으로 알뜰히 가꾸어 포기마다 옹근 소출을 내게 하는것이다. 포기농사를 하여야 토지를 가장 효과적으로 리용하며 매 포기를 과학기술적으로 알뜰히 가꾸어 포기마다 옹근소출을 내는 방법으로 단위면적당수확고를 높일수 있다.

주체농법이 밝힌 과학적영농방법에는 육종 및 채종, 지력높이기와 땅다루기, 작물별품종배치, 튼튼한 모기르기와 모옮겨심기, 과학적시비체계, 과학적물관리, 김매기, 가을걷이와 낟알털기 등이 포함된다. 이러한 개별적인 영농방법들은 모든 영농공정들에서 농작물의 성장발육과 자연환경을 유리하게 만들어 높고 안전한 수확을 내게 하는 과학적인 방도들이며 그것은 모든 영농공정을 하나의 체계로 련결시킨다.

위대한 수령님께서 밝혀주신 주체농법의 기본요구는 농사를 과학기술적으로 지으며 농업생산을 고도로 집약화하고 농업을 공업화, 현대화하는것이다.

위대한 수령님께서 이와 같이 주체농법의 본질과 내용, 기본요구를 과학적으로 밝혀주심으로써 농법에 관한 사상이 력사상 처음으로 완성된 체계와 내용을 갖추게 되였다.

위대한 수령 김일성동지께서 주체농법을 창시하신것은 과학기술적으로 뒤떨어진 종래의 낡은 농법에 종지부를 찍고 농사의 주인인 농민들을 중심으로 하여 농사문제를 풀어나가며 자연법칙과 생물학적법칙의 요구에 맞게 농사를 지어 단위당수확고를 높이는 과학적이며 집약적인 농법에 관한 사상을 밝힌것으로 하여 농법발전에서 새로운 혁명적전환을 이룩하게 한 력사적사변으로 된다.

위대한 수령 김일성동지께서 농업문제해결에 관한 독창적인 사상을 밝히신 불멸의 업적은 셋째로, 주체적인 농업지도체계를 확립하신것이다.

사회주의하에서 협동적소유로 된 농업기업소들에 대한 농업지도체계를 바로세우고 그 기능과 역할을 높이는것은 농업을 발전시키는데서 매우 중요한 문제로 나선다.

위대한 수령님의 현명한 령도밑에 도시와 농촌에서 생산관계의 사회주의적개조가 완성된 이후 우리 나라 농촌에서는 농업협동조합들의 규모가 커지고 그 물질기술적토대가 전례없이 강화되여 농업생산은 하나의 기술공정으로 전환되였다.

우리 나라 농촌에 조성된 새로운 환경과 농촌경리발전의 성숙된 요구에 맞게 농촌경리를 발전시키자면 종래의 지도체계를 근본적으로 혁신하여야 하였다.

이 문제는 비단 우리 나라에서뿐만아니라 이 시기 사회주의를 건설하던 세계 여러 나라들에서도 제기되였지만 해결을 보지 못하여 거의 모든 사회주의나라들에서 농업생산을 빨리 발전시키지 못하고있었다. 이것을 기화로 제국주의자들은 농촌경리를 운영할줄 모른다고 비방중상하면서 농업발전에서는 자본주의가 사회주의보다 낫다고 떠벌이였으며 현대수정주의자들은 개인농민경리가 사회주의협동경리보다 우월하다고 하면서 농촌에서 개인경리를 되살리려고 책동하였다.

사회주의농촌경리에 대한 새로운 지도관리문제를 해결할데 대한 시대적요구를 깊이 통찰하신 위대한 수령 김일성동지께서는 새로운 농업지도체계, 주체적인 농업지도체계를 확립하시였다.

주체적인 농업지도체계는 국가농업지도기관인 농업성과 도농촌경리위원회, 군협동농장경영위원회가 농촌경리를 전문적으로 지도하는 체계이다.

내각의 부문별국가경제기관인 농업성은 나라의 농업을 당과 국가앞에 책임진 중앙농업지도기관으로서 나라의 농업기술발전문제, 농업발전의 전망적문제를 풀어나가며 도농촌경리위원회를 통하여 전국의 농촌경리를 전반적으로 장악하고 농업생산과 농촌건설이 당의 의도에 맞게 진행되도록 지도한다.

도안의 농업생산과 농촌건설을 전반적으로 책임지고 지도하는 도의 전문적인 농업지도기관인 도농촌경리위원회는 도안의 농업생산을 책임지고 지도하면서도 군협동농장경영위원회의 사업을 지도하고 도와주어 경영위원회가 협동농장들에 대한 기업적지도와 국가의 물질기술적방조를 원만히 실현하도록 한다.

주체의 농업지도체계에서 기본을 이루는 군협동농장경영위원회는 군안의 모든 농업기술자들과 농촌경리에 복무하는 국영기업소들을 통일적으로 틀어쥐고 현지에서 농업생산을 조직하고 지도하는 전문적인 농업지도기관이다. 군인민위원회에서 농촌경리에 대한 지도기능을 분리하여 군협동농장경영위원회를 내온것은 협동농장들에 대한 지도를 행정적방법으로가 아니라 기업적방법으로 하기 위해서였다. 군협동농장경영위원회는 협동농장들에 대한 기업적지도를 강화하는것을 기본임무로 내세우고 농업생산을 기술적으로 지도하며 협동농장들의 경영활동을 직접 틀어쥐고 계획화, 조직화하며 협동농장들에 대한 국가의 물질기술적방조를 원만히 실현한다.

주체적인 농업지도체계는 이와 같이 농촌경리를 기업적방법으로 지도하는 전문적인 농업지도체계이다. 주체적인 농업지도체계가 창설됨으로써 농촌경리를 행정적방법으로 지도하던 체계로부터 기업적방법으로 지도하는 체계로 전환되게 되였으며 협동농장들에 대한 국가의 물질적방조를 더욱 효과적으로 실현하고 농촌기술혁명을 힘있게 밀고나갈수 있게 되였다.

참으로 위대한 수령 김일성동지께서 주체적인 농업지도체계를 확립하신것은 력사상 처음으로 사회주의국가농업지도체계에 관한 새로운 사상을 창시하신것으로서 사회주의경제관리리론발전에서 한없이 귀중한 불멸의 업적으로 된다.

위대한 수령 김일성동지께서 밝히신 농업문제해결에 관한 독창적인 사상은 위대한 령도자 김정일동지에 의하여 더욱 발전풍부화되였으며 경애하는 김정은동지의 현명한 령도로 그 생활력이 높이 발양되고있다.

위대한 수령 김일성동지께서 비범한 사상리론적예지와 실천적경험에 토대하여 밝히신 농업문제에 관한 독창적인 사상은 농업생산에서 비약을 일으켜 주체혁명위업의 종국적승리를 앞당겨나가는 불패의 사상리론적무기로, 전투적기치로 빛을 뿌리게 될것이다.",KJU,byungjin_sanctions,2010s,6.922643891475888
품질관리와 품질보증,계명국,2015,3,894,"경애하는 김정은동지께서는 다음과 같이 말씀하시였다.
《전사회적으로 제품의 질을 높이기 위한 사회주의경쟁열풍을 일으켜야 합니다. 그리하여 2월2일제품, 국제적인 품질인증을 받은 공장, 기업소대렬을 늘여나가야 합니다.》

현시기 사회주의강성국가건설의 요구에 맞게 제품의 질을 결정적으로 높이는것은 인민대중중심의 우리 식 사회주의제도의 우월성을 더욱 높이 발양시키고 인민들의 민족적긍지와 자부심을 높여주며 사회적로동과 생산의 효과성을 높이고 대외경제관계를 발전시키는데서 매우 절실한 문제로 제기되고있다.

품질관리에서 론의하는 품질은 특별히 리상적으로 고급한것을 의미하는것이 아니라 실제로 생산단위들에서 현존 경영능력에 의거하여 경제적으로 실현할수 있으며 전사회적리익에 이바지하는 품질수준을 의미한다.

품질관리는 기업소의 경영활동상 가장 유리한 품질수준을 목표로 정하고 과학적인 품질관리방법을 활용하여 제품의 설계, 생산, 판매 등 모든 단계들에서 품질의 믿음성을 계통적으로 높이는 관리활동이다. 이런 의미에서 볼 때 품질관리란 제품의 질수준을 규정하고 그것을 보장하며 정상적으로 유지하고 끊임없이 높이기 위한 근로자들의 자주적이며 창조적인 활동을 조직지휘하는 사업, 제품의 질과 관련되는 모든 요인들을 종합적으로 장악분석하고 대책을 세워나가는 과학적인 관리사업이다.

품질관리는 제품의 실체가 형성되는 전 과정을 포괄하는 관리활동으로서 경영활동의 다른 측면별 사업내용들과 구별되는 특징을 가진다.

품질관리의 특징은 첫째로, 제품생산의 모든 단계를 포괄하는 질제고활동이라는것이다.

품질관리에 제품의 연구와 설계단계를 포함시키지 않고 제품생산공정단계만을 국한하여 포함시키면 제품의 질을 안정한 상태로 유지하는데는 효과적이지만 새로운 제품을 생산하며 이미 생산하고있는 제품의 질을 보다 높이는데서는 지장을 받게 된다.

그러므로 품질관리의 폭을 넓혀 제품형성과정의 모든 단계를 포괄하는 품질관리를 진행하여야 불량품을 막을수 있을뿐아니라 품질개선을 촉진시킬수 있다.

품질관리의 특징은 둘째로, 제품생산의 모든 요소를 포괄하는 질제고활동이라는것이다.

품질관리는 철저히 생산에 참가하는 모든 근로자들의 혁명적열의와 자각적열성에 기초하여 진행되는 사업이며 원료, 자재, 기계설비, 작업방법, 작업공정과 관련된 모든 문제들을 다 포괄한다.

품질관리의 특징은 셋째로, 모든 시기적단계를 다 포괄하는 질제고활동이라는것이다.

제품의 질에 대한 요구는 사회발전정도에 따라 끊임없이 높아진다.

그러므로 품질관리사업은 현재뿐아니라 질에 대한 전망적인 사회적요구도 만족시키는것으로 되여야 한다. 즉 품질관리에는 전망계획, 년, 분기, 월, 현행계획에 제시된 제품의 질수준을 보장하기 위한 문제들, 교대별, 주야간별, 짧은 기간에 진행해야 할 당면한 사업내용들이 포괄된다.

품질관리의 특징은 넷째로, 제품의 질과 관련되는 과학기술적대책, 경제조직적 및 사회적대책과 같은 모든 요인들과의 밀접한 련관속에서 진행되는 질제고활동이라는것이다.

제품의 질을 높이는 사업은 단순히 하나의 과학기술적대책만으로는 해결할수 없는 문제로서 이것은 품질수준에 작용하는 여러가지 요인과 인자들을 어떻게 합리적으로 리용하는가 하는 기술경제적문제이며 사회적분위기를 조성하는 사회적인 대책과 관련되는 문제이다.

그런데 품질을 실지 평가하고 결정하는것은 생산단위가 아니라 다름아닌 제품의 사용자, 소비자들이므로 생산단위들은 자기 단위의 현존 기술공정과 검사방식에 의하여 도달되는 품질수준을 사용자, 소비자들에게 보증하여야 할 의무를 지니게 된다. 다시말하여 생산단위들에서는 자기가 생산한 제품의 질에 대하여 당과 국가앞에 그리고 소비자앞에 책임을 져야 한다.

따라서 공업기업소의 생산활동에서 품질보증은 반드시 거치게 되는 필수적인 단계로서 생산단위들은 제품의 질을 보증하고 유지보존하며 소비자들에게 정확히 안내하기 위한 품질관리활동을 벌려야 한다.

이로부터 판매단계에서의 품질보증은 전반적인 품질관리활동에서 필수적인 고리이며 그 역할은 품질에 대한
										 사회적요구가 높아짐에 따라 더욱 중요시되고있다.

일반적으로 보증이란 어떤 일의 결과에 대하여 책임질수 있다는것을 확증하는 사업을 말한다.

생산자는 자기가 진행한 활동에 대하여 소비자앞에 책임질 의무를 지니고있으며 소비자는 생산자의 작업결과의 질에 대하여 담보받아야 할 권리를 가지고있다.

품질보증은 판매단계에서의 품질관리에서 중요한 자리를 차지하며 이것을 통하여 생산단위는 소비자에게 자기가 생산한 제품의 질적수준과 그 경제성을 담보하게 된다.

품질보증은 품질검사, 품질인증, 판매후봉사 등 여러가지 수단들을 리용하여 각이한 방법으로 진행할수 있다.

품질보증은 품질검사를 통하여 그 실용성을 확증한다.

그러나 품질보증이 곧 검사라고 말할수는 없다. 왜냐하면 보증이란 어떤 결과를 책임질수 있다는것을 확증하는 사업이지만 검사는 제품을 측정하여 미리 정해놓은 기준과 대비하여 옳고그름을 평가하는 사업이기때문이다.

어떤 일의 결과를 확증하려면 그 사업의 실태를 알아내기 위한 수단이 필요한데 그것이 검사이다.

제품의 상표나 광고는 품질보증에 복무하지만 그 제품에 대한 믿음은 검사를 통해서만 담보될수 있다.

품질보증을 위한 또 하나의 중요한 수단은 품질인증이다.

제품생산자는 제품의 특성이 사용자의 요구를 만족시킨다는것을 어떤 방법으로든지 보증하거나 담보해야 한다.

그런데 과학기술이 빨리 발전하고 제품의 구조와 성능, 제품검사에 필요한 측정수단들이 날을 따라 복잡해지고있는 형편에서 소비자의 지식과 경험만으로는 제품의 질을 판단하기 힘들게 되였다.

따라서 어떤 제품 또는 봉사항목이 규정된 규격 또는 기술조건에 부합된다는것을 증명할수 있는 제3자의 품질보증형식이 필요하게 되였다.

제3자를 통하여 생산자와 소비자사이에 품질보증을 하는 형식을 품질인증이라고 한다.

품질인증은 제품 또는 봉사항목이 제정된 규격 또는 기술조건에 부합된다는것을 제3자가 어떤 기호나 증서로써 표시하여 증명하는것을 말한다. 다시말하여 생산자와 소비자사이의 공정한 보증을 하기 위하여 제3자가 개입하여 제품의 질특성이 사용자의 요구를 만족시킨다는것을 담보하는 품질보증활동이다.

품질인증은 품질보증의 한 형태로서 품질의 절대적측면보다도 신뢰성측면에 대하여 품질인증기관과 같은 제3자가 개입하여 사용자에게 제품이 넘어가기 전에 품질인증기호와 증서로써 보증한다.

품질인증의 목적은 이것을 도입함으로써 모든 나라, 모든 기관, 기업소들이 국제 또는 국가규격에 준하여 같은 방식의 품질관리체계를 세우고 그것을 같은 방식으로 평가하여 제품의 질에 대한 대외적신용을 높이며 제품을 판매하고 구입할 때 판매자, 구매자측에서의 반복검사를 없애고 제품국제거래를 순조롭게 진행하려는데 있다.

현재 세계의 많은 나라들이 품질인증을 실시하고있으며 인증을 받지 못한 제품들은 그 질이 아무리 높고 력사가 있다 하더라도 대외시장에서 거래되기 힘들다.

국제규격화기구(ISO)는 품질인증을 받으려는 모든 생산단위들이 ISO 9000계렬규격에 기초하여 생산활동을 진행할것을 요구하며 이러한 요구를 만족시키는 조건에서 철저한 인증심사를 거쳐 품질인증기호나 증서를 수여하도록 하고있다.

우리 나라에서는 품질보증활동의 중요한 측면을 이루는 품질인증사업에 대한 국가품질감독기관의 통일적이며 유일적인 관리체계가 수립되였으며 이 사업이 국제적요구조건과 기준에 맞게 정해진 제도와 질서에 따라 진행되고있다.

품질인증방식은 개별적인 제품에 대하여 인증을 받는가 또는 기업소 전반적인 관리체계에 대하여 인증을 받는가에 따라 제품인증과 관리체계인증으로 나눈다.

제품인증은 제3자기관이 개별적제품에 대해서만 그 질을 담보하는 품질인증방식이다.

제품인증에서는 품질인증을 받은 제품에 대하여 상표나 포장겉면 또는 제품에 직접 품질인증기호를 사용하도록 함으로써 질의 믿음성수준을 보증한다.

체계인증은 생산단위의 어떤 공정이나 직장, 기업소의 전반적인 품질관리체계에 대하여 보증하는 품질인증방식이다.

체계인증은 생산단위들에서 제품의 설계, 생산, 판매, 봉사 등 모든 단계를 포괄하는 종합적인 관리체계를 확립하고 거기에 종사하는 모든 성원들이 다같이 참가하는 종합적인 품질관리질서를 확립할것을 요구한다.

오늘날 대외무역에서 제품인증, 체계인증은 매우 중요시되고있다.

품질인증을 받지 못한 제품은 대외시장진출과 판매실현에서 제한을 받거나 수요자를 획득할수 없는 반면에 품질인증을 받은 제품은 검사단계를 거치지 않고 대외시장에 진출할수 있는 우대를 받고있으며 특히 권위있는 국제기구의 인증을 받은 제품은 높은 신용을 가지고 유리한 가격으로 잘 판매되고있다.

인증을 받지 못한 제품은 품질이 비교적 높다고 하여도 구매자의 신용을 얻지 못하고 가격제정과 판매실현에서도 이러저러한 제한을 받게 된다.

그러므로 최근 품질인증은 대외무역시장진출과 제품의 판매실현에서 관건적인 문제로 제기되고있다.

모든 공장, 기업소들에서는 품질관리와 품질인증의 경제적내용과 특징에 대한 옳바른 리해를 가지고 제품의 질을 높이기 위한 투쟁을 힘있게 벌려 강성국가건설과 인민생활향상에 적극 이바지해야 할것이다.",KJU,byungjin_sanctions,2010s,6.796823718274855
현시기 기업관리에서 사회주의분배원칙의 요구를 철저히 구현하기 위한 중요방도,최진수,2015,3,896,"현실발전의 요구에 맞는 우리 식 경제관리방법을 철저히 확립하여 경제지도와 관리에서 혁명적전환을 일으키는데서 나서는 중요한 과업은 당의 령도밑에 경제에 대한 국가의 통일적지도를 강화하고 기업체들의 책임성과 창발성을 높이며 모든 근로자들이 생산과 관리에서 주인으로서의 책임과 역할을 다해나가도록 하는것이다.

사회주의분배원칙의 요구를 경제관리실천에 철저히 구현하는것은 근로자들이 생산과 관리의 주인으로서의 책임과 역할을 다하도록 하는데서 매우 중요한 문제로 나선다.

사회주의분배원칙의 요구는 소비에 돌려지는 사회생산물부분을 근로자들이 사회에 제공한 로동의 량과 질에 따라 분배하는것이다. 다시말하여 사회주의분배원칙의 요구는 근로자들에게 일한것만큼, 번것만큼 그에 해당한 보수를 주는것이다.

기업관리에서 사회주의분배원칙의 요구를 철저히 지키는데서 중요한것은 첫째로, 사회주의로동보수의 계산지불을 바로하도록 하는것이다.

그것은 근로자들의 일한것, 번것에 대한 분배가 사회주의로동보수를 통하여 실현되기때문이다.

현시기 기업체들에서 능동적인 재정관리를 실현할수 있도록 재정수입의 분배에서 소득분배를 실현하고 그에 따르는 새로운 로동보수계산지불방법이 실시되고있다.

새로운 로동보수계산지불방법은 공장, 기업소들이 창조한 기업소소득에서 자체결심에 따라 로동보수원천을 조성하고 그 원천범위에서 개별적종업원들의 로동보수를 일한것만큼, 번것만큼 계산하여 현금이나 현물로 지불하는 방법이다.

기업체들에서는 새로운 로동보수계산지불방법을 자체실정에 맞게 철저히 적용하여 로동보수지불에서 사회주의분배원칙이 옳게 실시되게 하여야 한다.

경애하는 김정은동지께서는 다음과 같이 말씀하시였다.
《기업체들은 로동에 대한 평가와 분배방법을 사회주의원칙대로 하여 근로자들이 누구나 다 일한것만큼, 번것만큼 보수를 공정하게 받도록 하여야 합니다.》

로동보수계산지불에서 사회주의분배원칙을 옳게 실시하기 위하여서는 무엇보다도 로동에 대한 평가기준을 바로 제정하여야 한다.

로동에 대한 평가기준을 바로 제정하는것은 로동에 의한 분배를 사회주의분배원칙의 요구에 맞게 하기 위한 선결조건이다.

평가기준은 평가의 자막대기인것만큼 그것을 바로 제정하지 않으면 평가사업을 공정하게 할수 없다.

경제지도일군들로부터 개별적근로자들에 이르기까지 모든 사람들의 각이한 경제활동을 객관적으로 평가할수 있는 평가기준을 제정하며 같은 부문이라 하더라도 로동조건, 생산공정 등에서의 차이를 충분히 고려하고 생산량, 생산액과 같은 량적지표와 함께 로동정량, 원가, 수익성과 같은 질적지표를 다같이 반영하는 평가기준을 제정하여야 한다. 그래야 로동에 대한 평가를 과학적으로 할수 있다.

로동에 대한 평가기준을 정하는데서 중요한것은 우선 로동정량을 바로 제정, 적용하는것이다.

로동정량제정은 국가가 제정한 부문별 적용기준을 기초로 하면서도 기업소의 기술장비수준, 로동자들의 기능수준 등 자체실정에 맞게 책임일군들과 로동부서, 계획부서, 재정회계부서 등의 실무일군들, 직장장, 작업반장을 비롯한 해당 단위 책임자들이 집체적으로 토의하여 정하되 설비와 기술공정이 현대화되고 로동자들의 기술기능수준이 높아지는데 따라 부단히 갱신해나가도록 하여야 한다.

현시대는 과학기술의 급속한 발전과 적극적인 생산도입에 의하여 경제발전이 이루어지고 또 그것을 요구하며 생산능률장성속도가 현저히 빨라지고있다. 그러므로 지난 시기처럼 몇년에 한번씩 로동정량을 갱신하면 근로자들의 생산의욕을 높일수 없고 정확한 로동보수를 줄수 없다. 더우기 기업체의 경영상권한이 확대되여 경영활동에서 독자성, 창발성이 높아짐에 따라 기업체들의 기술장비수준과 로동자들의 기능수준이 전국적으로 같은 부문안에서도 많은 차이가 생기게 되는 오늘의 현실적조건은 평균적인 생산조건에 맞게 정한 국가로동정량을 기초로 하면서도 자체실정에 맞게 기업소로동정량을 부단히 갱신할것을 요구하고있다.

로동에 대한 평가기준을 정하는데서 중요한것은 또한 인민경제부문별 특성과 기업체들의 실정에 맞게 기본생산부문을 우대하는 원칙을 철
										저히 세우는것이다.

사회주의경제는 계획경제이며 경제발전의 높은 속도는 정확한 균형을 전제로 한다. 여기서 국가가 중시하는 중요부문, 기본생산부문의 우선적인 발전이 선차적문제이다. 중요부문, 기본생산부문에서는 경영활동결과에 따르는 리익도 필요하지만 보다 중요한것은 생산량과 그 질을 보장하는것이며 생산을 활성화하고 끊임없이 확대강화하는것이다. 그러자면 이 부문에 투자를 늘이는것과 함께 생산자들의 생산의욕을 적극 높여나가는것이 중요하다.

로동보수계산지불에서 사회주의분배원칙을 옳게 실시하기 위하여서는 다음으로 로동에 대한 계산을 정확히 하도록 하여야 한다.

계산을 바로하지 않고서는 사회주의분배원칙의 요구를 지킬수 없다.

로동에 대한 계산에서 중요한것은 우선 현대적인 측정수단, 계산수단과 과학적인 계산방법론을 옳게 적용하는것이다. 지식경제시대인 오늘날 로동의 결과는 현물로만 나타나는것이 아니라 지적인 재부로써도 나타난다. 뿐만아니라 생산물의 량과 함께 그 질이 중시되고 과학기술이 적극 도입되여 생산공정이 현대화, 정보화되고있는 조건에서 로동의 결과를 정확히 평가하기 위하여서는 현대적인 측정수단과 계산수단을 적극 도입하는것과 함께 그에 대한 계산방법론을 끊임없이 개선할것을 요구한다.

그러나 이것만 가지고서는 로동에 대한 계산을 바로할수 없다. 로동과정은 사상의식을 가진 사람의 목적의식적인 활동과정인것만큼 같은 수단과 방법으로 일하는 경우에도 그 결과가 다를수 있다. 그러므로 생산자대중의 의견과 평가를 중시하는 로동에 대한 계산체계를 세우는것이 중요하다.

우리 식의 독창적인 대중적기업관리제도인 일생산 및 재정총화제도와 로력일평가제도를 현실발전의 요구에 맞게 개선강화하는것은 이 문제해결의 중요한 방도로 된다.

기업체들에서는 일생산 및 재정총화에서 하루 작업실적에 대한 평가를 반드시 로동평가기준에 따라 점수로 명백하게 평가하는 계산체계, 사업체계를 철저히 세워야 한다.

이와 함께 기업소안의 매 단위별 특성에 맞게 중요단위를 우선시하면서도 단위별 균형이 보장되도록 점수평가기준을 설정하고 점수를 주도록 하여야 한다.

로동보수계산지불에서 사회주의분배원칙을 옳게 실시하기 위하여서는 다음으로 로동보수지불방법을 개선하는것이다.

로동보수지불의 목적은 근로자들에게 로동과정에 소모된 정신적 및 육체적힘을 보상하고 그들의 생활에 필요한 생활자료를 제공하자는데 있다. 그러므로 로동보수지불의 목적을 달성하자면 근로자들의 요구에 맞게 실지 생활에 도움이 될수 있도록 로동보수지불의 방법문제가 옳게 해결되여야 한다.

새로운 로동보수계산지불방법은 개별적종업원들의 로동보수를 일한것만큼, 번것만큼 계산하여 현금이나 현물로 지불하도록 함으로써 현실적조건에 맞게 로동보수지불에서 사회주의분배원칙의 요구를 철저히 구현할수 있게 한다.

현물분배방법의 적용에서 중요한것은 근로자들에게 실지 필요한 생활자료를 공급하되 일상생활에 필요한것만큼만 공급하여 물자류통에서 비정상적인 현상이 나타나지 않도록 철저히 경계하는것이다. 물자의 생산뿐아니라 분배, 교환, 소비가 다 계획적으로 진행되는 사회주의계획경제의 성격에 맞게 기업체들에서는 자기 단위의 협소한 리익이 아니라 국가적립장에 철저히 서서 현금 및 현물분배를 옳게 실현해나가야 한다.

기업관리에서 사회주의분배원칙의 요구를 철저히 지키는데서 중요한것은 둘째로, 평균주의와 공짜를 철저히 없애도록 하는것이다.

일을 많이 한 사람이나 적게 한 사람이나 관계없이 똑같이 보수를 주는 평균주의와 일하지 않은 사람에게 불로소득을 주는 공짜는 사회주의분배원칙과 아무런 인연이 없다.

평균주의와 공짜는 근로자들에게 좋지 못한 영향을 주며 근로자들의 생산의욕을 떨어뜨리고 창발성과 적극성을 마비시킴으로써 로동생산능률을 저하시키고 생산의 장성을 저애한다.

기업체들에서는 무엇보다도 기업관리에서 평균주의적경향을 철저히 없애야 한다.

기업체들에서는 우선 관리봉사일군들로부터 모든 로동자들에게 이르기까지 그들의 지적능력과 기술기능수준, 준비정도에 맞게 직제, 직종을 주고 작업과제를 명백히 주어 사람별로, 단위별로 로동의 결과에 대하여 정확히 측정하고 평가할수 있게 하여야 한다. 그래야 남들이 일하는 그늘밑에서 어부지리를 얻거나 놀고먹는 현상이 미연에 방지될수 있다.

기업체들에서는 또한 작업결과에 대한 평가를 작업과제에 따라 사람별로 단위별로 수자적으로 명백히 평가하고 엄격히 총화하도록 하여야 한다. 그리하여 평균주의적경향을 없애고 누구나 다 일한것만큼 공정하게 총화되고 정치도덕적으로, 물질적으로 평가가 이루어질수 있게 하여야 한다.

기업체들에서는 다음으로 기업관리에서 공짜를 철저히 없애야 한다.

공짜를 없애자면 우선 기업체의 모든 물자, 재산뿐아니라 작업결과에 이르기까지 모두 계산하고 등록하는 엄격한 규률과 질서를 세워야 한다.

또한 실사 및 총화사업을 정상화하고 비정상적인 요소들에 대하여서는 변상과 법적추궁에 이르기까지 강하게 대책하도록 하는것이 중요하다. 특히 물자입출고체계를 철저히 세워야 한다.

로동보수계산지불을 비롯한 기업소경영활동에서 사회주의분배원칙의 요구를 철저히 구현하는것은 근로자들의 책임성과 창조력을 최대로 발양시키는데서 매우 중요한 자리를 차지하며 기업관리에서 반드시 해결하여야 할 문제이다.

모든 기업체들에서는 경영활동에서 사회주의분배원칙을 옳게 실시하는것을 기업관리개선의 중요한 임무로, 과업으로 제기하고 사회주의기업관리원칙에 맞게 옳게 해결해나가야 한다.",KJU,byungjin_sanctions,2010s,6.799055862058796
현금류동표와 그 특징,궁수림,2015,3,677,"위대한 령도자 김정일동지께서는 다음과 같이 교시하시였다.
《경제실태는 수자가 말해줍니다. 경제계산은 경제활동과정을 수자적으로 반영하는 수단입니다.》

현금류동표는 개별적기업의 경제실태 특히는 재정상태를 수자적으로 보여주기 위하여 다른 나라 기업들에서와 우리 나라의 외국투자기업들에서 작성되는 회계결산서의 하나이다.

일반적으로 해당 기업의 재정상태를 보여주기 위하여 작성되는 회계결산서로서는 재정상태표와 손익계산서, 손익처분계산서 등을 들수 있다. 이러한 회계결산서들은 일정한 시점에서의 기업의 재산보유상태와 그 원천, 일정한 기간동안의 경영활동과정에 창조된 리익(또는 손실)의 크기, 리익이나 손실의 처분정형을 알기 쉽게 수자적으로 보여주는것으로 하여 해당 기업의 재정상태를 파악하는데서 중요한 자료로 많이 리용되고있다.

현금류동표는 해당 기업이 결산기초에는 얼마만한 현금을 보유하고있었으며 결산기간 얼마만한 현금이 기업밖으로 흘러나가고 또 기업에 흘러들어왔는가, 결과 결산기말 현재 기업이 보유하고있는 현금량은 얼마인가 하는것을 구체적으로 보여준다.

이로부터 현금류동표는 결산기간동안의 현금의 류입과 류출에 관한 정보를 일정한 양식에 따라 요약하여 보여주는 기업의 기본적인 회계결산서의 하나라고 말할수 있다.

현금류동표는 기업의 관리운영, 기업에 대한 파악에서 현금보유량, 그 변화량과 관련한 정보, 특히는 현금지불능력에 관한 정보의 중요성이 강조되면서 널리 도입되게 되였다.

재정상태표나 손익계산서 등과 같은 회계결산서들은 다 일정한 시대적요구를 반영하여 등장하였다. 재정상태표는 기업에 대한 리해에서 그의 재산과 채무, 자본상태에 대한 파악이 중요하게 제기되면서 출현하였다면 손익계산서는 기업의 리윤창조능력, 리윤분배에 대한 정보가 중요시되면서 도입되게 되였다.

재정상태표나 손익계산서와는 달리 현금류동표는 회계계산과 표시에서의 차이가 심하고 허위계산이 우심하게 나타나며 더우기는 불량채권이 많이 늘어나면서 손익계산서상의 리윤액을 가지고서는 기업의 실제적인 리윤창조능력, 지불능력을 평가하기 어렵게 된 사정과 관련하여 나오게 되였다.

현금류동표는 다른 회계결산서들과 다른 특징들을 가진다.

그 특징은 첫째로, 현금과 그의 류동정형만을 놓고 기업의 재정상태를 보여준다는것이다. 이것은 재정상태표와 대비되는 현금류동표의 특징이라고 말할수 있다.

재정상태표는 기업의 전반적인 재산상태 다시말하여 현금을 포함하여 모든 류동재산과 고정재산, 투자재산들이 다 반영된다.

그러나 현금류동표는 모든 경영재산에 관해서가 아니라 오직 현금에 대하여서만 정보를 제공하여준다.

또한 재정상태표는 결산기말 현재의 기업의 재산상태를 정적인 시점에서 보여주는 결산서이다.

이와는 달리 현금류동표는 정적인 견지에서뿐아니라 동적인 견지에서도 현금의 상태를 보여준다. 그것은 현금류동표에 결산기말의 현금보유량뿐아니라 그러한 결과를 초래하게 된 요인들 다시말하여 결산기초의 현금량과 결산기간 현금의 류입 및 류출량을 다같이 반영하게 되는 사정과 관련된다.

특징은 둘째로, 기업의 재정상태를 발생주의에 기초해서가 아니라 현금주의에 기초하여 보여준다는데 있다. 이것은 손익계산서와 대비되는 현금류동표의 특징이라고 말할수 있다.

오늘 기업들에서의 손익계산은 많은 경우 현금주의에 의해서가 아니라 발생주의에 기초하여 진행되며 따라서 중요한 회계결산서인 손익계산서는 발생주의에 기초하여 작성된다고 볼수 있다.

이와는 달리 현금류동표는 손익계산서상의 수입과 지출에는 상관없이 실제적인 현금의 류입과 지출만을 계산하므로 사실상 현금주의에 기초한 회계계산서라고도 말할수 있는것이다.

이러한 특징을 가지고있는것으로 하여 현금류동표를 통하여 기업의 재정상태와 관련한 일련의 중요한 정보들을 알아낼수 있다.

현금류동표를 통하여서는 우선 기업의 순수입, 리윤의 질을 알수 있다.

손익계산서상에 반영되는 순수입은 여러가지 복잡한 회계계산을 거쳐서 계산되며 그 과정에는 여러가지 주관적이고 인위적인 계산도 불가피하게 들어가게
										 된다. 때문에 일부 기업들이 장부상에서 높은 리윤을 기록하기 위하여 비용을 조절하는 방법으로 리윤의 크기를 《조정》하게 된다.

이것으로 하여 손익계산서상의 리윤, 순수입만을 가지고는 기업의 경영성과를 평가하기 어렵게 하고있다.

그러나 현금류동표작성에서는 실지 기업에서 지출되여나간 현금량과 기업의 수중에 흘러들어온 현금량을 가지고 계산하므로 계산방법상의 문제로 하여 그 크기가 달라질수 있는 가능성이 존재하지 않는다. 때문에 현금류동표에 반영되는 내용이 손익계산서상의 자료와 결합되여 분석되면 기업경영활동을 통하여 얻어진 실제적인 리익이 어느 정도인가 하는것을 보다 정확하게 파악할수 있게 된다.

현금류동표를 통하여서는 다음으로 기업의 현금관리능력을 알수 있다.

현금관리능력이라고 할 때 그것은 현금의 효과적인 리용능력 다시말하여 현금을 실리가 나고 파악이 있는 대상에 지출하며 지출된 비용을 현금형태로 제때에 회수하는 능력을 의미한다.

현금의 관리능력은 기업경영의 성과여부를 좌우하는 매우 중요한 문제의 하나로 나선다. 많은 경우 기업운영과정이 현금을 투하하고 투자된 자금을 현금형태로 회수하는 과정으로 되는것과 관련하여 실제적인 기업관리의 능력은 지출된 자금에 비하여 얼마나 많은 현금을 얼마나 빨리 수중에 장악하는가 하는데 따라서 평가되게 된다.

현금류동표는 결산기간동안에 지출된 현금의 량과 기업의 수중으로 흘러들어온 현금의 량을 대비하여 총체적인 현금변동량을 수자적으로 나타내는것으로 하여 현금관리능력에 대하여 옳게 평가하고 기업과 관련한 이러저러한 판단을 옳게 내릴수 있도록 하여준다.

현금류동표를 통하여서는 또한 기업의 지불능력, 채무상환능력을 알수 있다.

기업의 지불능력, 채무상환능력에 대한 파악은 기업과 관련한 재정상태파악의 중요내용, 중요목적의 하나를 이룬다. 물론 기업의 지불능력, 채무상환능력에 대한 파악은 재정상태표나 손익계산서와 같은 회계결산서를 통하여서도 알수 있다. 그러나 이러한것들은 해당 기업의 지불능력, 채무상환능력에 관한 부분적인 정보밖에 제공할수 없다.

우선 재정상태표는 일정한 시점 현재의 화페재산보유정도, 채권채무상태를 보여줌으로써 그 시점에서의 지불능력, 채무상환능력을 알수 있게 하여준다. 그러나 앞으로의 지불능력변화정도는 파악할수 없게 하여줌으로써 지불능력, 채무상환능력과 관련한 효과적인 정보를 제공하여주지 못한다.

지불능력, 채무상환능력의 변화는 기업의 리윤창조능력을 보여주는 손익계산서에 의하여 판단할수 있지만 손익계산서상의 리윤에는 아직 화페형태로 전환되지 못한 부분이 다분히 포함되여있는것으로 하여 그것만 가지고는 기업의 지불능력, 채무상환능력의 변화를 완전히 파악할수 없다.

이것은 기업의 지불능력, 채무상환능력을 파악하는데서 현금류동표가 매우 유리하다는것을 보여준다.

현금류동표가 이렇듯 기업의 재정상태와 관련한 유용한 정보들을 제공하는것으로 하여 오늘날 많은 나라들에서 현금류동표의 작성과 발표를 의무화하고있다.",KJU,byungjin_sanctions,2010s,6.519147287940395
국제은행신용과 그 특징,리명심,2017,2,354,"위대한 령도자 김정일동지께서는 다음과 같이 교시하시였다.
《무역은행에서는 국제결제의 형식과 방법을 발전하는 현실에 맞게 더욱 개선하여 대외결제에서 정확성과 신속성을 보장하며 신용을 철저히 지켜야 하겠습니다.》(《김정일선집》 증보판 제13권 383페지)

국제은행신용을 합리적으로 리용하는것은 다른 나라들과의 거래관계를 발전시켜나갈뿐아니라 외화자금을 융통해쓸수 있게 하는 방도로 된다. 원래 국제은행신용은 은행들이 신용매개, 지불매개, 신용적류통수단의 조성 등과 같은 자기의 고유한 기능을 한 나라의 범위를 벗어나 여러 나라들과의 관계, 국제적범위에서 수행하게 되면서 발생발전하게 되였다.

국제은행신용은 대외결제은행이 거주자, 비거주자들속에 잠겨있는 유휴외화자금을 반환을 전제로 하여 동원리용하는것과 관련하여 맺게 되는 경제관계를 의미한다.

국제은행신용은 유휴외화자금을 자기 수중에 끌어들이는 수신거래와 집중된 외화자금을 기업체들에 꾸어주는 여신거래를 내용으로 하고있다.

수신업무는 대외결제은행이 대부자금원천을 마련할 목적으로 거래자들의 수중에 있는 외화자금을 여러가지 방법으로 끌어들이는 업무이다. 수신업무의 대표적인것은 국제예금업무이다.

여신업무는 대외결제은행이 거래자들에게 일정한 기간 외화자금을 꾸어주는 업무이다.

여신업무에서 기본으로 되는것은 국제대부업무이다. 따라서 대외결제은행이 진행하는 수신업무와 여신업무는 외화자금을 외상으로 받고주는 신용업무로서 국제은행신용의 기본내용을 이룬다.

국제은행신용은 담보성, 반환성, 리자지불을 요구한다. 국제은행신용거래는 담보성을 요구한다. 예금업무나 대부업무에서 거래자들사이에는 호상 믿음이 확고하게 보장되여야 거래가 이루어진다.

국제예금업무에서 거래자는 예금은행의 신용에 대하여 확고하게 담보가 있어야 하며 국제대부업무에서는 대부를 주는 은행이 대부를 받는자의 신용적담보가 있어야 거래가 성립된다. 이러한 신용적담보의 기초에는 거래당사자들의 신용정도를 등급화한 신용등급이 있다.

신용등급은 채권자가 채무자의 상환의무에 대한 리행성실성정도를 정량적으로, 정성적으로 규정한 신용정도라고 할수 있다.

또한 국제은행신용업무는 거래자들사이에 자금을 일정한 기간 리용하고 제정된 기간이 지나면 원금상환이 이루어져야 하는것만큼 거래자체가 반환성을 가진다. 그리고 신용기간에 한해서는 반드시 그 대가로서 리자가 계산지불되여야 한다.

국제은행신용의 특징은 첫째로, 사회적재생산과정에서 이미 떨어져나온 대부자본을 그 대상으로 한다는것이다.

대외결제은행은 자기의 자체자금과 예금업무를 통하여 받아들인 유휴자금을 원천으로 하여 외화자금의 부족으로 자금적곤난을 받는 기업체들에 대부를 주는 방법으로 신용업무를 진행한다.

때문에 신용제공의 대상은 상업신용에서처럼 사회적재생산과정에 놓여있는 자금이 아니라 이미 사회적재생산과정에서 떨어져나와 유휴상태에 들어있는 자금형태이다. 따라서 이 자금은 무역상품의 매매거래와 직접적으로 련관되지 않는다.

국제은행신용의 특징은 둘째로, 신용제공규모와 기간에서 상업신용의 제한성을 훨씬 극복한다는것이다.

국제상업신용은 개별적기업체들에 일시적으로 조성되는 유휴화페자금범위안에서만 신용을 제공하기때문에 그 규모가 비교적 협소하다. 또 신용제공기간도 사회적재생산과정에 놓이게 되는 화페자금의 일시적유휴기간범위안에서만 신용이 제공되고 그이상 더 오랜 기간을 신용으로 제공하지 못한다. 그러나 국제은행신용에서는 은행이 기업체들에 조성된 일시적유휴화페자금과는 달리 사회적재생산에서 이미 떨어져나와 거주자, 비거주자들속에 잠겨있는 유휴화페자금을 국제예금으로 흡수하여 대부를 주기때문에 신용제공규모에서 상업신용의 제한성을 훨씬 극복할수 있다.

특히 은행신용에서 거래당사자는 은행과 기타 여러 부문의 기업체이기때문에 신용거래폭이 대단히 넓다. 국제은행신용은 국제상업신용에 비하여 신용기간과 신용규모에서 제한을 받지 않고 보다 넓은 범위에서 각이한 대상에 신용이 제공되므로 유리한 측면이 많다.

실마리어: 국제은행신용",KJU,byungjin_sanctions,2010s,5.872117789475416
라선경제무역지대의 중계무역발전에서 나서는 몇가지 문제,동금명,2016,4,585,"위대한 수령 김일성동지께서는 다음과 같이 교시하시였다.
《라진-선봉자유경제무역지대를 꾸리는데서 기본은 려관업과 운반업, 중계업을 잘할수 있도록 꾸리는것입니다.》(《김일성전집》 제94권 388페지)

라선경제무역지대에서 중계무역을 발전시키는것은 동북아시아지역을 비롯한 세계 여러 나라들과의 폭넓은 경제협조와 교류를 실현하기 위한 중요한 고리의 하나이다.

라선지구는 중계무역을 발전시킬수 있는 유리한 경제적 및 자연지리적조건을 가지고있으며 국제적인 중계무역중심지로 개발될수 있는 전망이 크다.

라선경제무역지대에서 중계무역을 발전시키자면 첫째로, 국제시장동태에 대한 조사를 정확히 진행하여야 한다.

국제시장동태에 대한 정확한 조사는 중계무역의 첫 공정으로서 중계무역을 적극적으로, 능동적으로 진행해나가기 위한 중요한 담보이다. 중계무역은 주관적인 욕망에 의해서가 아니라 대외시장형편과 그 동태를 옳게 분석하고 그에 기초하여 적극적인 활동을 벌릴 때에만 성과를 거둘수 있다.

시장동태를 정확히 조사하자면 경기상태에 따르는 국제시장에서의 상품의 수요와 공급의 변동정형을 정확히 판단하여야 한다. 국제시장에서의 상품의 수요와 공급의 변동정형은 그에 영향을 주는 모든 지표들과 경제현상들을 서로 련관시켜 전면적으로 분석한데 기초하여 판단하여야 한다. 다시말하여 국제시장에서 거래되는 상품들이 어느 나라들에서 어떤 경기상태에 따라 어떤 생산조건으로 생산되고 그 수요와 공급, 가격은 어떠하며 그것들이 어떤 요인에 의하여 변화되는가 하는것을 호상 밀접한 련관속에서 분석하며 객관적자료에 기초하여 과학적으로 밝혀야 한다.

라선경제무역지대에서 중계무역을 발전시키자면 둘째로, 중계무역거래를 진행할수 있는 무역대상을 바로 선택하여야 한다.

무역대상을 옳게 선택하여야 상품을 어떤 대상으로부터 수입하며 그 상품을 어떤 대상에게 얼마만한 량을 어떤 가격으로 수출하는것이 유리한가를 결정할수 있다.

라선경제무역지대에서 중계무역대상으로는 주변나라들을 선정하는것이 유리하다. 우리의 주변나라들에는 큰 나라와 작은 나라도 있고 발전된 나라와 발전도상나라도 있으며 자원이 많은 나라와 그렇지 못한 나라도 있다.

무역대상나라나 지역을 선정한 다음에는 실제적으로 중계무역을 진행할 대상기업을 바로 정하는것이 중요하다. 같은 나라에서도 수많은 기업체들이 조직되여 무역거래를 진행하고있다. 그중에는 거래에서 신용이 있고 해당 제품시장에서 일정한 지위를 차지하고있는 기업체들이 있는가 하면 무역거래에서 신용이 없는 기업체도 있고 상품을 위조하여 팔거나 사기와 협잡의 방법으로 부당한 리윤을 얻으려고 하는 기업들도 많다.

이러한 조건에서 중계무역거래를 안전하게 진행하기 위하여서는 해당 나라 및 시장에서 영향력이 있고 신용이 높은 기업체들을 대상으로 하여 거래를 진행하는것이 중요하다. 특히 세계적으로 수요가 높은 제품을 생산하는 기업체들을 선정하는것이 중요하다.

라선경제무역지대에서 중계무역을 발전시키자면 셋째로, 지대의 하부구조정비를 적극 다그쳐야 한다. 중계무역을 위한 하부구조는 중계무역활동의 물질적토대를 이루는 기초적인 시설들의 총체로서 정보통신시설, 수송시설 등 여러가지로 구성되여있다. 오늘날의 중계무역은 단순히 상품을 이 나라에서 사고 저 나라에 파는 방식으로만이 아니라 선별, 포장, 가공, 보관 등의 다양한 공정을 걸치며 여러가지 형태와 방식으로 진행하기때문에 하부구조가 원만히 갖추어지지 않는다면 성과를 기대하기 어렵게 된다.

중계무역발전을 위한 하부구조정비에서 중요한것은 정보통신하부구조를 원만히 갖추는것이다. 정보통신하부구조가 없이는 국제시장을 대상으로 진행하는 중계무역에서 시장의 수요와 공급관계, 시장가격 등을 제때에 장악할수 없게 되여있다.

정보의 수집, 가공 및 효과적리용 등과 관련된 정보통신시설들은 지금 고도로 발전하고있다. 이러한 추세에 맞게 정보통신하부구조를 정비하지 않고서는 중계무역에서 무역순소득을 얻지 못하는것은 물론 중계무역자체도 제대로 할수 없게 되여있다.

중계무역발전을 위한 하부구조정비에서 특
										별히 중요한것은 수송하부구조의 정비이다.

수송하부구조정비에서는 무엇보다도 라선지구의 항들을 중계무역항으로 잘 꾸리는것이 중요하다.

우선 항건설을 힘있게 내밀어야 한다. 항건설에서 기본은 부두건설을 잘하는것이다. 부두를 새로 늘이고 이미 있는 부두를 현대적으로 개건확장하여야 한다. 이와 함께 항건설에서는 창고와 철도전용선, 항내도로를 잘 꾸리고 현대화하여야 한다. 라선지구의 항들을 국제적인 중계무역항으로 잘 꾸리자면 또한 항에서 짐작업수단들을 현대화하고 항의 경영관리수단들의 현대화, 정보화를 더욱 다그쳐야 한다.

수송하부구조정비에서는 다음으로 철도와 도로를 훌륭히 건설하는것이 중요하다.

철도건설에서 중요한것은 철도의 기술체계에서 제기되는 문제들을 해결하여야 한다. 나라마다 그 수준에서 일정한 차이가 있는 철도의 기술체계에서의 차이를 극복하고 철도련결후 수송을 정상화하고 효과성을 최대한으로 높이려면 철도의 현대화, 자동화, 고속도화를 실현하기 위한 기술적문제들이 해결되여야 한다.

도로건설에서 중요한것은 도로를 현대적으로 개건확장하는것이다. 도로의 기술개건사업을 힘있게 벌리며 도로포장을 높은 수준에서 진행하여야 한다. 도로건설에서 이와 함께 라선경제무역지대안의 중심도로와 여러 간선도로들의 기술개건사업도 적극 다그쳐야 한다.

라선경제무역지대에서 중계무역을 발전시키자면 넷째로, 중계무역과 관련한 법규들을 제정, 보충하여야 한다.

법제도를 정비하기 위한 사업에서는 우선 중계무역과 관련한 법규들을 세계적인 추세와 현실발전의 요구에 맞게 구체화하는것이 중요하다. 법제도를 정비하기 위한 사업에서는 또한 필요한 새로운 법규들을 제정하는것이 중요하다. 법규들을 수정하고 구체화하는 사업만으로는 법제도를 정비하는 사업을 원만히 진행할수 없으므로 다양하고 폭넓은 중계무역활동내용들을 법적으로 담보해주는 법규들을 새로 제정하는것이 필요하다.

우리는 라선경제무역지대에서 중계무역활동을 활발히 벌려 더 많은 외화소득을 얻음으로써 지대개발을 다그치고 사회주의경제강국건설에 이바지 하기 위하여 적극 노력하여야 할것이다.",KJU,byungjin_sanctions,2010s,6.373319789577012
인민소비품생산에서 일대 혁신을 일으키는것은 우리 당의 웅대한 인민생활전략실현의 중요방도,김일룡,2014,2,955,"인민생활을 끊임없이 향상시키는것은 우리 당활동의 최고원칙이다. 근로인민대중이 국가주권과 생산수단의 주인으로 되고있는 사회주의사회에서 경제건설의 성과는 직접적으로 인민들의 물질문화생활수준을 높이는데서 나타나야 한다.

우리 당은 새 사회건설의 첫 시기부터 인민생활향상에 깊은 관심을 돌리고 그 실현을 위한 투쟁을 줄기차게 벌려왔다. 인민생활을 향상시키기 위한 투쟁은 오늘 새로운 높은 단계에 이르렀다.

우리 당은 이미 이룩한 성과를 공고발전시켜 인민들의 생활수준을 사회주의강성국가의 높이에 올려세워 우리 인민들이 사회주의부귀영화를 마음껏 누리도록 하는것을 중요한 과업으로 제시하였다.

인민생활향상문제는 옳바른 전략에 의거할 때 성과적으로 해결될수 있다. 인민생활을 높이기 위한 사업을 일시적으로 혹은 그때그때 제기되는 문제를 처리하는 식으로 하거나 독촉하는 식으로 하여서는 어떤 문제도 제대로 해결할수 없다. 그러므로 인민생활과 관련한 모든 사업을 당의 로선과 정책에 철저히 의거하여, 과학적인 타산에 기초하여 설계하고 작전하며 경제조직사업을 면밀하게 짜고들어 진공적으로, 박력있게 밀고나가야 한다.

위대한 령도자 김정일동지께서는 다음과 같이 지적하시였다.
《인민생활을 높이기 위한 모든 사업을 당정책적요구와 현실적조건에 맞게 옳바른 전략과 작전, 방법론을 세워가지고 목적지향성있게, 합리적으로, 실속있게 조직전개하여야 인민생활을 체계적으로, 전망성있게 빨리 높일수 있습니다.》

인민생활전략은 일정한 전망기간동안에 인민생활향상을 위한 투쟁에서 달성하여야 할 목표와 수준, 단계별투쟁과업과 그 수행방도를 규정하는 경제전략의 하나이다.

인민생활전략은 오직 인민대중중심의 우리 식 사회주의사회에서만 세워질수 있는 가장 인민적인 경제전략이며 인민생활전략이라는 말자체에 인민대중에 대한 우리 당의 뜨거운 사랑이 담겨져있다.

우리 당은 혁명발전의 매 단계, 매 시기마다 인민생활향상을 위한 혁명적전략을 제시하고 그것을 철저히 관철하여왔다.

오늘 우리 인민이 수행하여야 할 인민생활전략은 사회주의강성국가건설의 성격과 수준에 맞게 세워진 매우 웅대한 전략이다. 사회주의강성국가는 국력이 강하고 모든것이 흥하며 인민들이 세상에 부러운것없이 잘사는 나라이다.

지난 시기 우리 당은 인민생활을 높이기 위한 목표를 우리 인민들이 오래 동안 세기적념원으로 간직하여오던 흰쌀밥에 고기국을 먹으며 비단옷을 입고 기와집에서 사는것으로 규정하고 그 실현을 위해 투쟁하여왔다. 사회주의건설의 새로운 높은 단계에 올라선 오늘 우리 당은 우리 인민의 이 념원을 보다 높은 수준에서 실현하기 위한 웅대한 인민생활전략을 수립하였다. 우리 당은 인민생활향상의 목표와 수준을 세상에 부러운것이 없는 생활수준, 사회주의부귀영화를 마음껏 누리는 수준으로 규정하고 이를 실현하기 위한 투쟁에로 우리 인민들을 불러일으키고있다.

인민소비품생산에서 일대 혁신을 일으키는것은 우리 당의 웅대한 인민생활전략을 실현하기 위한 중요한 방도의 하나로 된다.

인민소비품생산에서 일대혁신을 일으키는것이 우리 당의 웅대한 인민생활전략실현의 중요방도로 되는것은 무엇보다먼저 그것이 인민생활전략의 중요구성부분으로, 중요내용으로 되는것과 관련된다.

인민생활향상문제는 인민들이 먹고 입고 쓰고사는 문제로부터 시작하여 인민들이 골고루 살게 하는 문제에 이르기까지 매우 다종다양하고 폭넓은 문제이다. 이와 관련하여 인민생활전략에는 인민생활향상을 위한 투쟁에서 달성하여야 할 총적인 목표와 수준만이 아니라 그의 구체적인 부문전략들이 포괄되게 된다.

인민생활전략에는 먹는 문제, 식량문제해결전략, 상품공급사업, 급양봉사사업전략, 살림집문제해결전략, 사회적시책전략과 함께 인민소비품생산전략도 포함되여있다.

먹는문제, 식량문제해결전략은 인민생활전략에서 기초적지위를 차지하는 중요한 부문전략의 하나이다. 식량문제는 인민들의 생활에서 가장 기초적인 의의를 가진다. 오늘 농업부문에서 농업생산과 축산에서 먹는 문제, 식량문제해결을 위한 투쟁을 힘있게 벌린 결과 그 확고한 전망이 열리게 되였
										다.

상품공급사업, 급양봉사사업전략도 중요한 인민생활전략의 하나이다. 이 부문전략은 인민들에게 상품을 골고루 공급하며 그들의 생활상편의를 여러모로 도와주어 인민생활수준을 높이는데서 중요한 자리를 차지한다. 이와 함께 창전거리초고층살림집건설을 비롯한 살림집건설에서 일대 혁신이 일어나 살림집문제해결전략도 세계적수준에서 실현되여가고있다. 인민들의 생활수준에서 차이를 없애고 그들의 생활수준을 골고루 높이게 하는데서 중요한 자리를 차지하는 사회적시책전략도 변함없이 높은 수준에서 실현되고있다.

오늘 인민생활문제에서 전면에 나서는것은 인민소비품생산전략에 따라 인민소비품생산에서 일대 혁신을 일으키는것이다. 그러므로 인민소비품생산에서 일대 혁신을 일으키는것은 인민생활전략실현에서 중요한 방도의 하나로 된다.

인민소비품생산에서 일대 혁신을 일으키는것이 인민생활전략실현의 중요한 방도로 되는것은 다음으로 인민소비품생산이 새로운 높은 단계에 올라선것과 관련된다.

인민생활전략도 그러하지만 그 부문전략으로서의 인민소비품생산전략도 구체적인 단계별과업과 그 해결방도를 규정한다.

이미 장업한 대고조진군속에서 빠른 시일에 인민생활을 비약적으로 높일수 있는 길이 확고히 열렸다. 모든것을 인민생활향상에로 부른 당의 전투적호소는 온 나라를 격동시키고 대고조격전장들마다에서 커다란 성과들이 이룩되였다. 당의 현명한 령도밑에 경공업과 금속공업, 화학공업을 비롯하여 인민생활과 련관된 공업부문들에서 현대화가 힘있게 추진되고 주체철, 주체섬유, 주체비료를 대량적으로 생산할수 있는 휘황한 전망이 열려졌다.

이러한 대고조진군의 성과들은 인민소비품생산을 새로운 높은 단계에서 일대 혁신을 일으킬수 있게 하는 물질기술적토대로 되고있다. 그러므로 이러한 조건과 환경에 맞게 인민소비품생산에서 일대 혁신을 일으키면 인민생활에서는 커다란 질적인 변혁이 일어나며 이것은 인민생활전략이 내세운 목표와 수준을 달성하는데서 중요한 자리를 차지하게 된다. 여기에 인민소비품생산에서 일대 혁신을 일으키는것이 인민생활전략실현의 중요한 방도로 되는 다른 근거의 하나가 있다.

그러므로 인민경제 모든 부문, 모든 단위들에서 우리 당의 웅대한 인민생활전략에 따라 인민소비품생산에서 일대 혁신을 가져오기 위한 과감한 투쟁을 힘있게 벌려야 한다.

인민소비품생산에서 일대 혁신을 일으키기 위하여서는 무엇보다먼저 인민소비품생산을 늘이고 그 질을 결정적으로 높여야 한다.

오늘 우리 나라에는 이미 위대한 장군님의 현명한 령도로 하여 나라의 방방곡곡에 현대적인 경공업공장들과 새 세기 표본으로 되는 훌륭한 소비품생산기지들이 인민생활향상을 위한 고귀한 재부로 마련되였다. 문제는 소비품생산을 늘이고 그 질을 높이는데 있다.

소비품생산을 늘이고 그 질을 높이기 위하여서는 우선 이미 마련된 현대적인 경공업공장, 기업소들에서 생산을 높은 수준에서 정상화하는데 선차적인 관심을 돌려야 한다. 생산정상화에서는 원료, 자재의 국산화비중을 높여 1차소비품을 비롯하여 인민생활에 널리 쓰이는 필수품생산의 정상화를 높은 수준에서 보장하는것과 함께 전반적소비품생산을 확대강화해나가야 한다.

또한 소비품의 질을 결정적으로 높여야 한다. 소비품의 질을 결정적으로 높이는데 인민에 대한 존중이 있고 애국심이 있다는 관점을 바로가지고 하나의 경공업제품을 만들어도 인민들의 호평을 받는 인기상품, 그 어디에 내놓아도 손색이 없고 세계적인 경쟁력을 가진 제품을 생산하여야 한다.

소비품생산을 늘이고 그 질을 높이기 위하여서는 또한 소비품의 가지수를 늘여나가야 한다. 인민들의 생활상수요는 매우 다종다양하며 이것은 대중의 다양한 수요와 기호에 맞게 소비품의 가지수를 늘여나갈것을 요구한다.

인민소비품생산에서 일대 혁신을 일으키기 위하여서는 다음으로 인민소비품생산의 현대화를 계속 힘있게 밀고나가야 한다.

인민소비품생산의 현대화를 계속 힘있게 밀고나가는데서 중요한것은 우선 우리 당의 구상을 높이 받들고 경공업현대화를 부분적으로가 아니라 전반적범위에서, 보통수준이 아니라 최첨단수준에서 먼 앞날을 내다보며 전망성있게 추진시켜나가야 한다. 그러므로 경공업부문의 현대화를 섬멸전의 방법으로 하나씩하나씩 실속있게 전개해나가야 한다. 또한 경공업부문 기술자들과 로동자들의 기술기능수준을 부단히 높여 현대화, CNC화된 설비들을 능숙하게 다루며 생산과 경영활동을 과학기술적요구에 맞게 해나가도록 하여야 한다.

인민소비품생산에서 일대 혁신을 일으키기 위하여서는 다음으로 지방공업부문에서 혁신을 일으켜야 한다.

우리 나라에서 지방공업이 나라의 소비품생산에서 차지하는 몫은 대단히 크다.

이를 위하여서는 우선 창성련석회의정신으로 지방공업혁신의 봉화를 높이 들고 온 나라의 지방공업공장들을 완전히 때벗이 하기 위한 전군중적인 투쟁을 벌려야 하며 또한 회령과 강계에서처럼 자기 실정에 맞게 지방공업을 발전시키며 자체의 원료원천을 남김없이 동원하여 지방공업공장들을 만부하로 돌려야 한다.

인민소비품생산에서 일대 혁신을 일으키기 위하여서는 다음으로 경공업부문에 대한 전사회적, 전국가적관심을 비상히 높여야 한다. 이를 위해서는 당의 경공업중시정책의 요구에 맞게 이 부문에 필요한 원료와 자재와 자금을 제때에 원만히 보장해주는것과 함께 원료, 자재의 국산화비중을 높이기 위한 투쟁에 커다란 힘을 돌려야 한다. 또한 경공업부문에서 생활력을 나타내고있는 8월3일 인민소비품생산운동을 더욱 힘있게 벌리며 가능한 모든 단위들에서 생활필수품생산을 부쩍 늘여야 한다.

모든 일군들과 근로자들은 우리 당의 웅대한 인민생활전략을 높이 받들고 그 실현을 위한 투쟁에 한결같이 떨쳐나 인민소비품생산에서 결정적전환을 이룩하여 우리 인민들이 세상에 부럼없는 사회주의부귀영화를 마음껏 누리도록 하시려는 경애하는 김정은원수님의 숭고한 뜻을 빛나게 실현하여야 한다.",KJU,byungjin_sanctions,2010s,6.862757913051401
자본주의금융의 증권화와 그 사회경제적후과,박진혁,2016,1,920,"1970년대에 《금융혁신》의 외피를 쓰고 시작된 금융의 증권화는 지난 수십년간 급속히 추진되여 오늘날에는 증권거래를 떠나서는 자본주의금융에 대하여 생각할수 없게 되여있다.

위대한 령도자 김정일동지께서는 다음과 같이 교시하시였다.
《현대제국주의는 대외적으로나 대내적으로나 막다른 골목에 직면하고있으며 날로 격화되는 파멸의 위기에서 벗어나보려고 발악하고있습니다.》(《김정일선집》 증보판 제12권 54페지)

자본주의나라들에서 경제적침체와 위기는 금융분야에서 가장 극심하게 표면화되고있다. 그것은 자본주의경제가 날로 실물경제에서 유리되여 의제자본의 팽창으로 유지되고있는것과 관련된다.

금융의 증권화는 채권이나 주식과 같은 증권이 금융거래에 광범히 리용되는 현상을 말한다.

원래 자본주의하에서 주식이나 채권의 발행은 오랜 력사를 가지고있다. 그러나 오늘과 같이 증권거래가 자본주의금융거래전반을 휩쓴적은 없었다.

지난 시기 자본주의기업들은 경영활동에 필요한 자금을 주로 은행을 통한 자금차입에 의존하고있었다. 그러나 자본의 집적과 집중이 추진되는 속에서 거대기업체들은 은행으로부터의 자금조달에서 리탈하여 주식이나 채권의 발행을 통하여 자금수요를 충족시키는데 매여달리게 되였다. 이러한 현상은 특히 발전된 자본주의나라들에서 보다 보편적으로 나타나게 되였다.

그러나 금융거래의 증권화가 본격화되게 된것은 1970년대이후부터였다. 금융의 자유화, 국제화에 의하여 리자률변동과 시세변동위험이 더욱더 커짐에 따라 자금소유자들속에서 금융자산을 보다 효과적으로 관리운영하려는 요구가 높아지는 한편 자금조달자들이 보다 낮은 비용으로 기동적인 자금조달수단을 리용하려 하고 금융업무에 현대적인 통신, 정보기술수단들이 도입되여 증권화에 따르는 복잡한 업무들을 충분히 처리할수 있게 된것을 배경으로 하고있다.

금융의 증권화는 미국에서 1970년대초에 주택저당대부를 증권화한 주택저당증권이 출현한것을 계기로 시작되고 여러 나라들에 파급되였다.

자본주의세계에서 일어나고있는 금융의 증권화에서 중요한것은 우선 금융상품으로서의 증권의 종류가 지난날과 달리 다양화되여가고있는것이다.

지난 시기에는 주식이나 채권의 범위에서 크게 벗어나지 못하고있던 증권의 종류가 오늘에는 훨씬 다양해지고있다.

주식의 종류만 해도 기업이 결손을 볼 때도 우선적으로 배당금을 받을수 있는 권리를 부여하는 우선주, 새로운 주식이 발행되면 그것을 우선적으로 구매할수 있는 권리를 부여하는 신주우선권주 등으로 다양화되였으며 채권도 지난 시기와는 달리 일정한 기간이 지난 다음에는 주식으로 전환하여 기업의 리익금분배와 경영활동에 참가할수 있게 되는 전환사채나 정부와 국가기관들의 당면한 자금수요와 장기적인 목적에 따르는 단기 및 중장기국채, 지방채와 같은 각이한 류형의 채권들이 출현하였다. 증권화는 특히 유럽시장들에서 우심하게 나타났다. 변동리자률채권을 비롯한 유럽채권과 유럽상업수형의 확대, 은행에 의한 대외신용채권의 양도 등 여러가지 형태의 증권들이 유럽시장들에서 류통되게 되였다.

심지어 발전된 자본주의나라들은 자기들이 발전도상나라들에 가지고있는 채권까지도 증권으로 만들어 시장에서 자본증식의 수단으로 리용하고있다. 이처럼 증권의 종류가 다양해지고 그 수가 늘어나고있는것으로 하여 자본주의증권시장은 팽창될대로 팽창되고있다.

자본주의세계에서 일어나고있는 금융의 증권화는 금융거래업무에 현대과학기술의 성과가 급속히 도입되면서 보다 급속히 추진되고있다.

자본주의세계에서 과학기술의 진보와 새 기술의 도입은 철두철미 자본증식과 리윤확대를 위한 독점자본가들의 리해관계에 따라 진행된다.

자본주의금융이 증권화되면서 증권시세를 과학적으로 예측평가하기 위해 계산수학과 확률론, 인공지능론 등의 분야에서 이룩된 최신과학기술성과들이 증권시장관리와 증권운용에 도입되여 독점자본가들의 리윤의 최대화실현에 리용되고있다.

세계의 주요증권시장들을 련결하여 진행되는 24시간거래체계가 대표적실례이다. 이 거래는 콤퓨터망으로 증권시장들을 련결하여 임의의 시간에 영업중에 있는 임의의 
										증권시장과 련계를 하고 증권거래를 실현할수 있게 함으로써 증권거래의 신속성을 보장하고 기성의 증권시장에서는 생각할수 없었던 새로운 거래방법도 생겨나게 되였다.

다른 분야들과 마찬가지로 증권분야에서도 인터네트가 광범히 보급되고 4, 5세대이동통신기재와 인공위성의 리용률이 높아감에 따라 증권업무가 더욱 다양해지고 일정한 지역적개념의 시장을 초월한 국제적규모의 증권시장이 이루어지게 되였다. 이러한 금융의 증권화는 자본주의경제와 사회에 부정적후과를 미치고있다.

그것은 우선 실물경제와 금융경제의 배리를 촉진시켜 물질적부를 생산, 류통시키는 분야의 장성을 억제하고 실물경제부문에서 도피한 자금이 투기적리윤을 목적으로 증권시장에 흘러들어 대량의 투기자본이 형성된것이다.

최근 금융시장에서는 기업운영에 필요한 자금조달만을 위한 본래의 증권거래의 목적보다는 증권의 시가차이와 리자률변동에 따르는 리익을 얻기 위한 증권업무가 성행하고있다. 금융의 증권화가 확대되면서 본래의 금융자산뿐아니라 그를 여러가지로 변형시킨 각종 파생금융상품들이 폭발적으로 늘어나 거래됨으로써 증권의 거래는 보유소득을 얻기 위해서가 아니라 증권가격차이를 리용한 편차리익을 노리고 폭발적으로 늘어나게 되였다. 증권시장거래의 증대와 증권시세의 상승은 금융상품에 투자되는 자본으로 하여금 그 거래자들에게 가격변동에 따르는 편차리익을 얻을수 있게 하며 실제적인 재생산순환으로부터 리탈되게 한다.

자본주의기업체들은 과잉자본뿐아니라 생산 및 류통부문의 자본까지도 조기회수하여 증권시세상승시에 손쉽게 치부할 목적으로 경영활동이 아닌 증권거래에 투자하고있으며 자기의 주권시세를 높이 유지하기 위해 경영결과에는 관계없이 리윤을 조작하고 자기의 주권을 다량 구매하는 등 사기와 협잡도 서슴지 않고있다.

증권시장의 투기적성격이 강화되면서 증권거래 그자체가 목적으로 되고 의제자본이 현실자본으로부터 크게 유리되여 기형적으로 팽창하는 결과를 가져온다. 의제자본의 팽창과 증권시세상승은 언제인가는 폭락될수 있는 위험성을 내포하고있는 금융시장의 시한탄과 같다. 증권시세의 폭락으로 손실가치부분은 그대로 증권회사와 금융기관들의 손실로 혹은 상환불가능한 채무로 되여 금융위기, 경제위기를 더욱 심화시키는 촉매로 되고있다.

증권시장의 이러한 팽창으로 하여 자본주의세계에서는 금융경제의 규모가 실물경제를 훨씬 릉가하게 되였다. 금융의 증권화로 하여 방대한 화페자본이 실물경제로부터 유리되여 투기적소득을 목적으로 금융시장에서 독자적인 《경제》를 이루면서 순환되게 됨으로써 자본주의경제전반의 불균형이 더욱 심화되였으며 자본주의금융시장에서는 화페자본의 수십배를 넘는 화페자본이 제멋대로 떠돌게 되였다.

금융의 증권화가 자본주의경제와 사회에 미치는 부정적후과는 다음으로 경제관리를 더욱더 파탄시키고 경제적위기를 격화시키는것이다.

자본주의국가는 시장에서 류통화페량이 과잉되였을 때에는 국채를 증권시장에 판매하여 화페자본을 흡수하는 방법으로 시장을 안정시키며 반대로 류통화페량이 부족할 때에는 증권시장의 국채를 사들이는 방법으로 류통수로의 화페량을 보장한다. 자본주의나라에서 증권조작은 리자률조작, 환률조작과 함께 경제관리나 경기조절을 위한 중요한 정책으로 되여있다. 그러나 자본주의국가의 목적과 의도에는 관계없이 국채의 시가와 그 거래방향은 해당 시기의 수요를 비롯한 객관적요인들에 따라 증권시장에서 활동하는 투자가들과 금융기관들에 의해 결정되므로 증권조작을 통해 경제를 조종하려는 시도는 소기의 목적을 달성하지 못하고있다.

또한 증권시장이 확대되고 기업들이 더 많은 증권을 판매하기 위해 현실적가능성에 대한 타산이 없이 경쟁적으로 채권리자률과 주권의 배당금률을 올리고있기때문에 실지 생산적순환과정에 필요되는 자본이 항시적으로 부족한 현상이 우심하게 나타나고있다.

자본주의의 고유한 경제적현상인 거품경제는 증권시장을 비롯한 비생산부문에서 수요가 공급에 비해 높아져서 그 가격이 비정상적으로 상승하고 그에 대한 투자가 활발해짐으로써 일시적으로 경제가 활성화되는듯이 보이는 현상이다. 주로 주권이나 채권가격의 등귀로 하여 발생하는 거품경제현상은 기능자본의 실제적인 운동의 결과에 따르는 경제장성이 아니지만 외형적으로는 국내총생산액과 투자액, 국가예산수입이 늘어나게 된다. 그러나 이것은 자기의 실제가치보다 과장된것이며 실제적인 생산 및 류통규모는 증대되지 않고 오히려 줄어들고있다.

금융의 증권화에 의해 자본주의경제전반이 모두 증권화되므로 증권시장에서의 사소한 변화도 경제에 큰 영향을 미치며 때로는 경제부문에서 엄중한 위기를 조성하기도 한다.

자본주의변호론자들은 금융의 증권화가 세계경제의 발전에 이바지한다고 미화분식하고있지만 그것은 궤변이며 금융의 증권화는 세계적규모에서 큰 경제 및 금융위기를 조성하는 요인으로 되고있다.

2007년 여름 미국의 주택대부증권시장에서 투기행위로 과열된 경제가 붕괴되여 시작된 금융위기는 짧은 기간에 전세계에로 급속히 파급되여 세계경제에 헤아릴수 없이 큰 손실을 가져왔다.   

미국의 대은행들이 주택대부와 관련한 채권을 증권화하여 국내증권시장에 류통시키고 유럽을 비롯한 여러 나라의 투자가들이 여기에 천문학적액수의 자금을 투자하였기때문에 세계의 많은 나라들이 금융위기에 말려들게 되였다.

금융의 증권화가 자본주의경제와 사회에 미치는 부정적후과는 또한 자본주의사회에서 투기를 만연시켜 심각한 사회적불안을 조성하고있는것이다.

원래 증권거래는 투기성이 강한 금융거래이다. 증권거래가 확대되면 될수록 투기는 보다 성행하게 되고 금융위험은 날로 커지게 된다.

오늘 자본주의사회에서는 류통화페의 압도적부분이 증권시장에 쓸어들고있으며 투기적인 분위기가 만연되고있다.

이처럼 금융의 증권화는 자본주의경제가 금융자본주의로 탈바꿈하게 하고 투기성을 한층 더 심화시켜 사회적불안을 극도로 조성하고있으며 자본주의의 멸망을 다그치는 기본요인의 하나로 되고있다.",KJU,byungjin_sanctions,2010s,6.825460036255307
인민들의 호평을 받는 경공업제품에 대한 리해,"박사, 부교수 양호남",2014,1,799,"경애하는 김정은동지께서는 지난해 전국경공업대회에서 하신 연설에서 농업전선과 함께 경공업전선을 경제강국건설과 인민생활향상을 위한 투쟁의 주타격방향으로 정해주시고 경공업부문 공장, 기업소들에서 소비품의 질을 높이기 위한 된바람을 일으키기 위한 과업과 방도를 환히 밝혀주시였다.

경애하는 김정은동지께서는 다음과 같이 말씀하시였다.
《경공업부문 공장, 기업소들에서는 소비품의 질을 높이기 위한 된바람을 일으켜 인민들의 호평을 받는 필수품, 자기 단위를 상징하고 대외시장에 내놓아도 손색이 없는 제품을 생산하여야 합니다.》

현시기 경공업부문 공장, 기업소들에서 소비품의 질을 높이기 위한 된바람을 일으키는것은 경공업의 발전수준을 세계적수준에 올려세워 경제강국건설을 다그치고 우리 인민들이 사회주의부귀영화를 마음껏 누리게 하는데서 매우 중요한 의의를 가진다.

당면한 소비품생산의 량적장성에만 치우치면서 생산되는 경공업제품의 질을 소홀히 하는것은 시대발전에 뒤떨어진 근시안적인 태도일뿐아니라 인민관이 바로 서있지 않는 표현으로 된다. 당을 따라 선군의 길을 변함없이 걸어온 우리 인민들이 세상에서 제일 좋고 훌륭한것을 쓰고 살면서 사회주의부귀영화를 마음껏 누리게 하려는것은 우리 당의 확고한 결심이고 의지이다.

우리 인민이 리용할 소비품을 비롯한 모든것을 마땅히 그 질에 있어서 최상의것으로 보장하자면 결정적으로 경공업제품의 질적수준을 부단히 높여나가지 않으면 안된다. 그것은 경공업이 인민소비품생산의 기본부문으로 기능하는것과 관련된다.

경공업은 주로 인민생활에 필요한 천과 신발, 일용품과 식료품, 화장품을 비롯한 소비품들을 생산하여 인민생활향상에 직접적으로 이바지하는 공업부문이다. 따라서 인민들의 물질문화생활수준은 식료공업, 방직공업, 피복공업, 일용품공업, 화장품공업, 신발공업을 비롯한 경공업부문의 확대와 그의 질적수준제고에 의하여 크게 좌우된다. 경공업은 인민들의 물질문화적수요충족에 요구되는 질이 높고 다양한 필수품생산의 가장 중요한 부문이다.

현시기 경공업부문 공장, 기업소들에서 소비품의 질을 높이기 위한 된바람을 일으키는데서 중요한것은 경공업제품생산의 질적요구에 맞게 인민들의 호평을 받는 필수품, 경공업제품을 생산하는것이다.

일반적으로 경공업제품의 질은 성능, 크기, 무게, 견고성, 모양, 색갈 등과 같은 여러가지 속성들에 의하여 표현되는 경공업제품의 쓸모를 말한다. 따라서 인민들의 호평을 받는 경공업제품을 생산한다고 할 때 그것은 인민들의 수요충족의 요구에 맞게 경공업제품을 더 쓸모있고 아름답고 견고하게 만든다는것을 의미한다.

현시기 인민들의 호평을 받는 경공업제품을 생산한다는것은 인민들의 수요장성의 특성에 맞는 경공업제품을 생산한다는것이다.

현시기 인민들의 호평을 받는 경공업제품은 무엇보다먼저 끊임없이 높아지는 소비품에 대한 인민들의 질적인 수요충족에 이바지하는 경공업제품이다. 현시기 인민들의 수요장성에서의 중요한 특성은 최첨단과학기술에 기초한 경제와 문화의 빠른 발전에 따라 경공업제품에 대한 량적수요가 일정한 정도로 충족된 기초우에서 그 질적수요가 더 빨리 높아지고있는것이다.

현시기 질적으로 부단히 높아지고있는 소비품에 대한 인민들의 수요는 사람들의 보다 문명한 수요를 충족시켜주는 현대과학기술에 의하여 새롭게 만들어진 질이 높고 선진적인 소비품들에 대한 요구가 급격히 높아지고있는데서 표현된다. 다시말하여 현대적인 문화용품, 장기적으로 리용되는 전자, 전기일용품과 최첨단기술에 기초한 여러가지 정보제품들과 같은 보다 새로운 질적수준의 소비품에 대한 수요가 빨리 높아지고있는데서 표현된다.

특히 21세기에 들어선 오늘 우리 인민은 옷을 한벌 해입어도 사회주의생활양식과 시대적미감에 맞는 질좋은것을 요구하고있다. 인민들은 식생활분야에서도 민족의 향취가 풍기면서도 맛있고 영양가가 높으며 먹기에도 편리한 여러가지 식료가공품들을 리용하면서 윤택하고 문명하게 생활할것을 요구하고있다. 물질문화생활에서 높아지고있는 인민들의 질적수요를 원만히 충족시켜 그들에게 세상에 부럼없는 유족하고 문명한 생
										활을 보장해주자면 결정적으로 경공업부문 공장, 기업소들에서 생산되는 소비품의 질을 그에 맞게 높이는것이 중요하다.

현시기 인민들의 호평을 받는 경공업제품은 다음으로 끊임없이 높아지는 소비품에 대한 인민들의 다양한 수요충족에 이바지하는 경공업제품이다.

현시기 인민들의 수요장성에서의 중요한 특성은 경공업제품에 대한 인민들의 수요가 부단히 다양하게 높아진다는데 있다.

사회주의사회에서는 그 과도적특성으로 하여 매 사람들의 소득수준에서 일정한 차이가 존재하고 그들의 취미와 기호, 문화지식수준이 서로 다르며 특히 지역별차이에 따라 생활조건과 생활수준이 같지 않다. 이것은 경공업제품에 대한 인민들의 다종다양한 수요를 필연적인것으로 되게 하며 그의 원만한 충족은 해당시기 인민생활의 향상정도를 좌우하는 중요한 조건으로 된다.

경공업제품구성의 다양화과정은 그의 질적수준이 높아지는 중요한 과정으로 된다. 그것은 다종다양한 새로운 품종들을 개발하고 그것을 적극적으로 늘여나가는 과정으로 이루어지는 경공업제품구성의 다양화가 제품의 질제고에서 기본적인 의의를 가지는 새 기술개발과 도입을 전제로 하는것과 관련된다.

정보기술을 비롯한 첨단기술에 기초한 현대적생산발전에서 제품의 질제고의 근본담보는 새로운 기술의 적극적인 개발과 도입에 있으며 경공업제품구성의 다양화도 마련된 경공업토대의 기술적개건과 현대화, 보다 선진적인 기술에 의한 새로운 제품의 개발과 그 생산능력의 조성, 그 리용수준의 제고로 이루어지게 된다. 첨단과학기술에 기초한 경공업생산구조의 다양화실현은 끊임없이 높아지는 경공업제품에 대한 인민들의 다양한 수요충족의 확고한 담보로 된다.

현시기 인민들의 호평을 받는 경공업제품은 다음으로 끊임없이 높아지는 경공업제품에 대한 인민들의 수요를 보다 원만히 충족시키는데 효과적으로 이바지하는 경공업제품이다.

현시기 인민들의 수요장성에서의 중요한 특성은 농업생산물에 대한 수요에 비하여 경공업제품에 대한 수요가 량, 질적으로 더 빨리 장성하는데서 표현된다.

일반적으로 농산물과 관련된 수요의 충족은 질적으로는 빨리 개선되지만 량적으로는 대체로 한정되여있다. 그러나 입고 쓰고사는 문제와 관련된 소비품은 사람들의 소비생활이 다양해지고 문화수준이 높아짐에 따라 그 요구가 부단히 장성한다.

그런데 농산물수요에 비한 경공업제품수요의 부단한 장성은 경공업제품에 대한 인민들의 수요충족의 량적 및 질적관계에서 그의 질적수준이 높아지는 중요한 과정으로 된다. 그것은 사회주의사회에서 생산의 목적이 인민들의 물질문화적수요를 충족시키는데 있는것만큼 경공업제품수요의 부단한 장성이 경공업으로 하여금 시대적요구에 맞게 인민들의 호평을 받는 경공업제품의 장성과 그 구성의 질적인 개선과정을 힘있게 추동하는것과 관련된다.

인민들의 호평을 받는 경공업제품은 그 본질적특성으로부터 쓰기 편리하고 간편하고 견고하며 성능이 좋고 색갈, 모양 등이 아름다워 소비자들이 오랜 기간 리용할수 있게 하는것으로 하여 소비품에 대한 인민들의 수요를 보다 원만히 충족시키는데 효과적으로 이바지한다. 생산된 경공업제품은 사람들의 물질문화생활에 리용되는 과정에 마모되여 자기의 쓸모를 상실하게 된다.

그런데 같은 종류의 경공업제품인 경우 질이 높은 제품은 그렇지 못한 제품에 비하여 더 오래동안 자기의 쓸모를 보존하는것으로 하여 생산을 더 늘이지 않고도 경공업제품에 대한 사람들의 수요를 보다 효과적으로 충족시킬수 있다. 따라서 경공업제품의 질을 높이는것은 그 경제적효과에 있어서 생산물의 량적장성과 같은 의의를 가지며 그 과정에 생산된 소비품은 끊임없이 높아지는 소비품에 대한 인민들의 수요를 보다 원만히 충족시키는데 효과적으로 이바지하는 인민들의 호평을 받는 경공업제품으로 된다.

모든 경공업부문 일군들과 근로자들은 현시기 경공업의 발전에서 인민들의 호평을 받는 경공업제품생산이 가지는 중요성과 의의를 깊이 인식하고 우리의 경공업을 세계선진수준에 올려세우고 우리 인민들이 사회주의부귀영화를 마음껏 누리게 하는데 적극 이바지하여야 한다.",KJU,byungjin_sanctions,2010s,6.684611727667927
국제무대에서 날로 강화되고있는 딸라배척움직임과 그 특징,최평일,2017,1,843,"위대한 령도자 김정일동지께서는 다음과 같이 교시하시였다.
《자본주의의 위기는 세계제국주의우두머리인 미국의 처지가 날로 더욱 어렵게 되여가고있는데서 뚜렷이 나타나고있습니다.》(《김정일선집》 증보판 제12권 50~51페지) 

군사, 경제적우세에 의거하여 세계를 지배하려는 미국의 책동이 세계 여러 나라들의 강한 반발에 부딪치고 세계경제에 대한 미국의 지배질서는 크게 허물어지고있다.

세계경제에 대한 미국의 지배질서가 허물어지고있는 주되는 표현의 하나는 최근시기 국제무대에서 딸라배척움직임이 강화되고있는데서도 찾아볼수 있다. 미국은 세계경제에 대한 지배를 실현할 목적으로 저들의 화페인 딸라를 국제기준통화로 만들어놓고 그에 의한 지배질서를 강화하기 위하여 온갖 책동을 다하였다.

그러나 세계제패야망을 실현하기 위해 막대한 돈을 탕진하면서 침략전쟁에 광분한 미국의 재정형편은 극도로 악화되기 시작하였다. 랭전시기 군사적우위를 차지해보려는 헛된 망상으로 오래동안 과도하게 군사비를 지출한 결과 미국의 재정수지, 국제수지는 계속 악화되기만 하였으며 미국이 보유하고있는 금예비가 바닥이 날수 있는 위험이 조성되였다. 바빠난 미국대통령 닉슨은 1971년 8월 15일 딸라와 금의 교환을 정지한다는 성명을 발표하였다. 미국은 저들이 지고있는 막대한 빚을 금으로 상환할수 없는 처지에 빠져들게 되였던것이다.

금교환제가 파탄된 후 고정환자시세제는 변동시세제로 바뀌여지고 나라들사이에 조성된 국제수지의 불균형으로 하여 환자시세가 끊임없이 대폭적으로 변동하는 환자파동이 일어났으며 그것은 곧 화페류통령역에서 발생한 위기의 집중적표현으로 되였다.

1980년대에 미국의 재정적자는 지난 200년동안의 적자총액을 릉가하는 기록을 세웠다. 무역적자도 해마다 늘어났는바 이것은 재정적자와 함께 미국경제를 파국에로 몰아넣은 중요한 요인으로 되였다.

1990년대에 미국은 저들의 채무위기를 극복해보려고 영국과 메히꼬, 동남아시아와 로씨야, 브라질, 아르헨띠나 등 세계도처에서 금융위기를 조작하였으나 그것은 딸라지배체계의 급속한 쇠퇴를 멈춰세울수 없었다.

2008년 미국에서는 금융위기가 터졌으며 이것은 세계금융위기로 번져져 자본주의경제전반을 밑뿌리채 뒤흔들어놓았다. 미국에서 일어난 금융위기는 딸라의 가치를 계속 떨어뜨리고 미국의 국가채무를 천문학적수준으로 끌어올렸다. 경제는 장기적으로 침체되고 실업자, 빈곤자들이 늘어났다. 최근년간에는 예산지출을 충당할수 없어 정부기관들이 일시적으로 페쇄되는 사태까지 빚어졌다. 국가채무액이 국내총생산액을 릉가하는 18조US$이상에 달하고있다.

미국에서 이렇듯 국가채무액이 급속히 증가하고 딸라의 가치가 폭락하게 되면 딸라에 많이 의존하고있던 나라들에서 딸라에 대한 신뢰가 떨어지고 딸라의 가치폭락으로 인한 손실을 없애려는 여러가지 대책들을 취하게 된다. 그리하여 세계의 많은 나라들이 딸라에 더이상 의존하지 않고 자국화페나 지역화페를 리용하여 무역결제를 진행하려는 움직임이 우심하게 나타나게 되였다.

현시기 국제무대에서 나타나고있는 딸라배척움직임의 특징은 우선 유럽을 비롯한 발전된 자본주의나라들에서 지난 시기에 비해 미국의 딸라에 대한 의존도를 줄이려는 경향이 더욱 강화된것이다.

유럽에서 이와 같은 경향은 오래전부터 존재하여왔으나 그것을 국가의 정책으로 전면에 내세우고 적극적으로 진행되지는 않았다. 단지 딸라의 시세변동으로 자국경제를 보호할 목적밑에 국부적으로 진행되였다.

유럽의 많은 자본주의나라들이 미국의 통제권에서 벗어나야 한다는 주장을 들고나오면서 특히 금융분야에서 미국딸라의 지배적지위를 약화시키기 위한 대책들을 본격적으로 취해나갔다. 그 대표적실례의 하나가 바로 유럽동맹내에서 단일화페인 유로를 받아들이고 1999년 1월 1일부터 그것이 정식 사용되기 시작한것이다.

유로의 류통은 유럽동맹내에서 미국의 딸라가 완전히 배척당하였다는것을 말해주고있다.

유럽나라들에서 딸라배척움직임은 최근 미국이 프랑스의 어느 한 은행에 대한 제재조치를 발표한것으로 하여 더욱 심하게 나타나고있다.

										
2014년 7월 미국은 프랑스의 BNP은행이 수단, 이란, 꾸바와 딸라로 거래하였다는 리유로 이 은행에 90억US$의 벌금을 부과하였다. 프랑스가 거래한 이 나라들은 미국이 이전에 딸라에 의한 결제를 금지시킨 나라들이다. 미국은 이 나라들이 꼭 자기 나라의 은행을 통해서만 딸라로 결제하도록 하는 조치를 취해놓았다. 그런데 프랑스가 그 조치를 어기고 이 나라들과 딸라로 결제하였다는것이다.

이런 강도적이며 모순적인 요구에 프랑스의 대다수 기업들이 미국화페에 등을 돌려대기 시작하였다. 련이어 이 나라의 고위경제인물들이 딸라에 대한 거부적반응을 표시하였다. 프랑스재정성은 딸라대신 유로의 활용을 적극 장려할데 대한 성명을 발표하였다.

결국 미국은 제 도끼로 제 발등을 찍는 결과를 초래하였다. 원래 다른 나라들이 자기 나라의 화페로 결제하게 되면 그것은 자국화페의 구매력을 높여주어 가치인상을 가져오는데서 유리하다. 미국이 이것을 모를리 없다. 그러나 미국은 반미적인 나라들에 대한 체질화된 거부감으로부터 저들에게 유리한것도 무조건 차단시키는 어리석은 놀음을 벌리고있다. 이것은 미국이 경제적으로는 비록 피해를 보더라도 저들의 말을 듣지 않는 나라들과는 기어코 해보겠다는 의도에서 벌린 일이였다. 이 사건을 계기로 유럽에서는 미국이 보란듯이 딸라배척바람을 세차게 일구고있다.

현시기 국제무대에서 날로 강화되고있는 딸라배척움직임의 특징은 또한 브릭스를 비롯한 신흥경제국들속에서 딸라를 몰아내고 지역통화에 의한 결제체계를 수립하기 위한 움직임이 강화되고있는것이다.

2010년 4월에 열린 브릭스수뇌자회의에서는 성원국들사이의 무역대금결제에서 미딸라대신 해당 나라들의 통화에 의한 결제를 늘일데 대한 문제들이 강조되였다.

브릭스는 여기에만 그치지 않고 브릭스개발은행을 설립하고 2015년 7월부터 정식 가동을 시작하였다. 브릭스개발은행의 가동은 거대한 시장을 형성하고 세계무역량의 4분의 1을 차지하고있는 브릭스내에서 딸라가 크게 배척당하고있다는것을 보여준다.

로씨야는 대외경제분야에서 루불결제체계수립을 보다 적극적으로 추진하고있다. 로씨야는 2006년 5월에 독자적인 원유거래소를 내오고 원유대금을 루블로 결제할것을 제기하였으며 2008년 3월에 정식으로 이러한 거래를 시작하였다.

2014년 로씨야와 이란은 두 나라사이의 무역 및 경제협조를 확대강화하기 위한 목적밑에 합동금융체계를 내올데 대한 문제를 론의하였다. 이것은 지난 시기 미국딸라로 모든 무역결제를 해오던 방식으로부터 두 나라사이의 민족화페로 직접 경제무역거래를 실현할수 있는 쌍무적인 금융체계를 수립하는데로 이행한다는것을 의미한다.

현시기 국제무대에서 날로 강화되고있는 딸라배척움직임의 특징은 또한 발전도상나라들에서 미국딸라대신 지역적범위의 단일화페도입을 위한 공동행동이 강화되고있는것이다.

1999년 이란이 자기 나라의 원유에 대한 거래를 유로로 결제하기로 결정한데 이어 2000년말에는 이라크정부가 이라크의 원유를 유로로 결제한다는것을 선포하였으며 사우디 아라비아는 9.11사건후 미국은행 및 회사들에서 미국경제에 투자한 액수의 근 3분의 1에 해당하는 2 000억US$어치의 자산을 회수하여 유럽은행구좌에 밀어넣었다.

미국의 딸라배척움직임은 중동이외의 나라와 지역에서도 나타나고있다. 라틴아메리카의 알바성원국들은 2010년 1월 1일부터 딸라대신 쑤끄레를 무역결제화페로 정식 리용하고있다. 전망적으로 그것이 대륙의 모든 나라들에 도입될것으로 예견되고있다.

중동의 원유생산국들과 중국, 프랑스 등 나라들은 2018년부터 중국화페와 유로, 페르샤만지역에서 새로 내오려고 하는 공동화페 등으로 일종의 합성화페를 만들어 그것으로 원유대금결제를 하기로 하였다. 이러한 행동들의 목적들도 다 미국딸라에 도전하기 위한것이다. 많은 나라들에서 앞으로 미국의 화페시세가 또다시 폭락할것으로 전망하고 단일한 지역화페로 무역결제를 진행하고있다.

수리아는 2011년초 성명을 통해 원유대금결제를 미국화페로 하지 않을 립장이라고 밝혔다. 이처럼 현시기 발전된 나라이건, 발전도상나라이건 할것없이 전세계적으로 미국의 딸라를 배척하기 위한 움직임이 날로 더욱 강화되고있다. 국내인민들의 강력한 반항에 부딪치고있는 미국에 있어서 세계적인 범위에서 강화되고있는 딸라배척움직임은 국제무대에서 미국의 처지를 더욱더 어렵게 만들고 헤여나올수 없는 궁지속에 밀어던지고있다.

미국의 경제위기가 심화되고 미국의 지배에서 벗어나려는 세계 여러 나라들의 움직임이 강화됨에 따라 딸라시세는 더욱더 폭락하게 될것이며 세계경제에 대한 미국의 지배적지위가 완전히 종식되게 될것이라는것은 누구에게나 명백한 리치로 되고있다.

국제무대에서 강화되고있는 딸라배척움직임은 미국의 세계경제지배질서에 파렬구를 내고 더욱더 확대하는데로 나아가고있다.

실마리어： 딸라배척",KJU,byungjin_sanctions,2010s,6.7381524945959574
일군들과 근로자들의 수준을 높이고 경제관리를 과학화하는것은 사회주의계획경제의 우월성을 발양시키는 기본방도,뢰창훈,1992,3,1275,"오늘 사회주의적요구에 맞게 경제관리방법을 개선하는것은 사회주의위업을 고수하고 승리적으로 전진시켜나가는데서 중요한 문제로 나선다.

경제의 규모가 커지고 계획지표가 방대하게 늘어나는 조건에서 사회주의경제의 계획적관리운영과 그 우월성을 높이 발양시키기 위한 과학적인 방도를 밝히는것은 경제건설을 다그치고 사회주의경제제도의 우월성을 높이 발양시키는데서 나서는 관건적문제이다.

사회주의경제는 오직 국가의 통일적인 지도밑에 계획적으로 관리운영될 때에만 인민대중의 지향과 요구에 맞게 높은 속도로 발전할수 있다.

원래 생산은 사회적로동과정으로 실현되며 사회적로동이 진행되려면 그것을 지휘하는 조종이 필요된다.

따라서 복잡한 동적체계로서의 사회경제체계의 운영과 발전은 그에 대한 조종을 떠나서 생각할수 없다.

사회적로동과정의 본성으로부터 흘러나오는 경제체계운영의 기능으로서의 조종은 자연발생적인 혹은 의식적인 형태로 실현된다.

자연발생적인 조종은 사람의 욕망과는 관계없이 그리고 사람의 간섭이 없이 실현되며 의식적인 조종은 사회경제체계의 운동과 발전과정에서 그 전일성을 보존하기 위한 사람들의 적극적인 활동에 의하여 실현된다.

경제발전에서 작용하는 조종의 이 두가지 형태가 차지하는 지위와 역할은 사회경제제도에 따라 다르다.

착취사회제도에서는 자연발생적인 조종이 지배적이며 의식적인 조종은 극소수 착취계급에 의하여 자기의 리윤추구의 목적으로 실현된다.

사회경제체계에 대한 조종의 기본형태로서의 의식적인 조종 다시말하여 인민대중의 자주적이며 창조적인 활동에 의한 조종은 자본주의경제제도를 마스고 사회주의경제제도를 세움으로써만 실현될수 있다.

시장의 자연발생성과 극소수 자본가들의 주관에 의하여 경제발전이 조종되는 자본주의사회에서와는 달리 모든 생산수단이 사회적소유로 되고 인민대중이 국가와 사회의 주인으로 된 사회주의사회에서는 로동계급의 당의 령도밑에 인민대중이 생산력과 과학기술을 발전시키고 모든 자원을 나라의 경제발전을 위하여 동원할수 있게 된다.

이것은 사회주의사회에서는 전인민경제적규모에서와 모든 부문, 단위들에서 의식적인 조종이 필요할뿐아니라 객관적으로 가능하다는것을 말하여준다.

사회주의사회에서 경제체계의 운영과 발전에 대한 의식적인 조종은 바로 인민경제에 대한 국가의 통일적인 지도와 계획화로 실현된다.

인민경제의 계획화는 인민대중의 자주적인 요구와 리익에 맞게 경제목표를 명확히 세우고 경제활동의 련관된 모든 고리들을 정확히 맞물며 경제발전에서 온갖 자연발생적 요소들을 완전히 없앰으로써 경제발전의 높은 속도를 보장하고 설정된 목표가 달성되도록 하는 경제에 대한 의식적인 조종의 최고발현인것이다.

이처럼 인민경제에 대한 국가의 통일적인 지도와 계획적관리운영은 사회주의경제발전의 합법칙적요구이며 그것은 본질에 있어서 인민경제의 운영과 발전에 대한 인민대중의 의식적인 조종의 발현으로 된다.

경제에 대한 국가의 통일적인 지도와 계획적관리운영이 사회주의경제발전의 합법칙적요구라고 하여 그것이 저절로 실현되는것이 아니며 그 성과적실현을 위하여서는 과학적인 실현방도를 밝히는것이 필요하다.

친애하는 지도자 김정일동지께서는 다음과 같이 지적하시였다.
《경제가 발전하는데 맞게 국가가 경제관리일군들과 근로자들의 수준을 높이고 경제관리를 과학화한다면 사회주의경제를 계획적으로 관리운영해나갈수 있으며 그 우월성을 높이 발양시킬수 있습니다.》(《사회주의건설의 력사적교훈과 우리 당의 총로선》, 44페지)

경제건설이 빠른 속도로 진척되고 현대과학기술이 고도로 발전하고있는 오늘 경제를 국가의 통일적인 지도밑에 계획적으로 관리운영하며 그 우월성을 높이 발양시키기 위한 기본방도는 경제발전의 요구에 맞게 경제관리일군들과 근로자들의 수준을 높이고 경제관리를 과학화하는것이다.

경제발전의 요구에 맞게 경제관리일군들과 근로자들의 수준을 높이고 경제관리를 과학화하는것이 사회주의경제의 계획적관리운영과 그 우월성을 높이 발양시키기 위한 기본방도로 되는것은 먼저 사회주의경제관리의 본성으로부터 흘러나온다.
										

인민대중이 사회의 주인으로 된 사회주의사회에서 경제관리는 생산과 생산물의 분배, 교환과정에 대한 인민대중의 의식적인 조종(관리)이며 따라서 이것은 근로대중의 리익과 요구에 맞게 경제를 계획하고 발전시켜 나가는 사회주의근로자들의 자주적이며 창조적인 경제활동으로 된다.

그러므로 경제를 계획적으로 관리하는가 못하는가하는것은 전적으로 생산의 담당자이며 경제관리의 주인인 경제관리일군들과 근로자들의 역할에 달려있다.

경제의 규모가 커지고 부문사이의 련계가 복잡하여져도 경제발전의 요구와 경제관리에 현대과학기술수단들이 리용되는데 맞게 경제일군들과 근로자들의 수준을 높여나간다면 사회주의경제를 객관적경제법칙의 요구에 맞게 훌륭히 관리운영해나갈수 있으며 경제관리수준을 높여나갈수 있다.

경제관리일군들과 근로자들의 사상의식수준과 사회주의경제관리리론 그리고 현대과학기술지식과 그 응용수준이 높아지면 정확한 계획과 계산, 통계에 기초하여 모든 경영활동을 과학적으로, 합리적으로 진행해나갈수 있게 된다.

사회주의사회에서 인민대중은 경제관리의 주인으로서 경제관리에 적극 참가할뿐아니라 그것을 개선 발전시키기 위하여 적극 노력하며 모든 근로자들이 사회주의경제관리리론과 실무수준을 높이기 위하여 배우며 서로 돕고 이끌어 나간다.

이것은 경제관리에서 인민대중이 결정적인 역할을 할뿐아니라 무한한 힘을 가지고있으며 따라서 그들의 수준을 높여나간다면 사회주의경제를 계획적으로 관리운영하고 그 우월성을 높여나갈수 있다는것을 말하여준다.

다음으로 경제관리일군들과 근로자들의 수준을 높이고 경제관리를 과학화하는것이 사회주의경제를 계획적으로 관리운영하며 그 우월성을 높이 발양시키기 위한 기본방도로 되는것은 사회주의경제제도의 우월성과 관련된다.

사회주의경제제도는 생산수단에 대한 사회적소유와 집단적로동에 기초하고있으며 생산물이 사회주의적 분배원칙에 따라 사회의 모든 성원들에게 분배되는 가장 선진적인 경제제도이다.

사회주의경제제도에서는 근로대중의 리해관계의 공통성으로 하여 모든 경제활동이 공장, 기업소들로 진행되지만 그것들이 유기적으로 련결된 하나의 통일체를 이룬다.

국가경제기관들과 생산단위들이 중앙과 도, 시, 군 그리고 위원회, 부, 련합기업소, 기업소로 갈라져있으면서 위계적구조로 련결된 하나의 전일적인 체계를 형성한다.

이것은 경제에 대한 국가의 통일적지도와 계획적관리운영의 가장 유리한 조건으로 된다.

자본주의에서와 같이 생산 공장, 기업소들과 관리기관들이 무정부적으로 조직되고 활동하며 서로 유기적으로 련계되여있지 않으면 경제에 대한 국가의 통일적지도와 계획적관리운영은 사실상 불가능하다.

사회주의사회에서는 모든 공장, 기업소, 경제기관들이 위계적으로 련결된 하나의 전일적인 쳬계를 이룸으로써 인민경제부문들사이에 작용하는 복잡한 련관의 합법칙성을 밝히며 경제발전을 계획화하고 그 수행정형을 통계적으로 총화할수 있으며 현대과학기술수단들을 리용하여 가장 합리적인 경영활동을 실현해나갈수 있다.

계획지표가 방대하게 늘어나도 그것들이 위계적구조를 가진 하나의 지표체계를 이룸으로 지표들을 위계적으로 련결된 생산단위들과 경제기관들에 분담하고 종합하는 방법으로 처리할수 있다.

이것은 계획지표가 수십만이 아니라 수백만으로 늘어난다고 해도 계획지표의 세분화와 통합화의 원리를 적용하여 지표분담을 옳게 조직하고 경제정보처리자동화체계를 세우면 계획지표의 맞물림과 계획작성, 계획실행에 대한 총화, 경영실태의 장악과 분석을 적은 로력으로 신속정확히 실현할수 있다는것을 말해준다.

또한 사회주의경제제도에서는 근로자들을 육체로동뿐아니라 복잡한 계산사무와 같은 정신로동에서도 해방하기 위한 기술혁명을 중요한 과업으로 제기하고 실현해나가며 경제관리의 과학화를 실현하여 경제의 계획적관리운영을 끊임없이 발전시켜 나갈수 있는 넓은 길이 열려져있다.

국가가 자체의 계획에 따라 경제관리일군들과 근로자들의 양성을 위한 기지를 건설하고 그들을 교육하며 경제관리를 과학화하기 위한 과학연구사업과 경영활동의 전자계산기화를 실현해 나가며 이 모든 사업의 성과는 경제를 발전시키는데 긍정적으로 작용한다.

이와 같이 사회주의경제제도에서는 그 우월성으로 하여 경제관리일군들과 근로자들의 수준을 높이고 경제관리의 과학화를 실현해나간다면 경제를 계획적으로 관리운영할수 있으며 그 우월성을 높이 발양시킬수 있다.

또한 경제관리일군들과 근로자들의 수준을 높이고 경제관리를 과학화하는것이 사회주의경제의 계획적관리운영과 그 우월성을 높이 발양시키기 위한 기본방도로 되는것은 사회주의경제의 계획적관리운영 자체발전의 합법칙성과 관계된다.

자연발생성과 무정부성이 지배하는 자본주의시장경제에서와는 달리 사회주의경제에서는 인민대중의 완전한 의식적인 조종이 실현되며 계획적균형적발전법칙이 작용한다.

그러므로 사회주의사회에서 경제를 끊임없이 높은 속도로 발전시키기 위하여서는 경제관리일군들과 근로자들이 사회주의경제관리원칙과 객관적경제법칙들을 깊이있게 인식하고 경제발전의 속도와 균형을 보장하고 인민경제계획화수준을 높여나가야 한다.

경제와 과학기술이 빠른 속도로 발전함에 따라 인민경제부문사이의 련계는 더욱 복잡해지며 계획지표수가 방대해지고 경제정보처리량이 더욱 더 늘어나는것은 경제관리 발전의 합법칙적인 과정이다.

또한 계획화의 대상인 인민경제와 그안에서 진행되는 사회적 및 경제적과정들이 발전함에 따라 인민경제의 계획화에 대한 요구는 더욱더 높아진다.

사회적수요의 증대와 생산규모의 확대, 생산의 전문화와 협동화의 확대, 과학기술의 급속한 발전, 인민경제의 부문사이련계의 강화, 자원리용방안의 증대 등은 계획화수준을 끊임없이 높일것을 요구한다.

이러한 사정은 경제의 계획적관리운영을 위한 계획작성과 계산, 통계, 문서처리, 생산지휘에서 기존방법으로는 풀기 어려운 복잡한 경제문제들을 제기하며 계산업무량을 늘이고 경제관리일군들의 수를 계속 늘이지 않으면 안되게 한다.

이것은 경제관리의 발전행정에서 나타난 하나의 장벽이며 그것을 극복하는것은 그리 쉬운 일이 아니다.

경제발전의 일정한 시기까지는 새로운 문서를 도입하고 계산업무와 경제관리일군들의 수를 늘이는 방법으로 복잡해지는 계획작성과 경영업무를 해결할수 있으나 그것도 일정한 한계가 있다.

일정한 시기에 로력은 제한되여있으며 또 그것은 생산과 관리부문 사이에 가장 합리적으로 분배되여야 한다.

생산부문로력을 늘이고 비생산부문로력을 줄이는것은 하나의 원칙이다.

그러므로 경제발전의 요구에 맞게 경제의 계획적관리운영을 원만히 보장하기 위하여서는 경제관리일군들의 사업능률을 최대한으로 높여 제기되는 모든 경제문제들과 계산업무를 신속정확히 처리하도록 하여야 한다.

현대과학기술수단들이 경제관리에 널리 리용되고있는 오늘 경제관리일군들의 사업능률을 최대한으로 높이기 위한 유일한 방도는 경제관리일군들과 근로자들의 수준을 높이고 경제관리를 과학화하는것이다.

경제조종학과 경제수학적방법의 성과들을 경제관리에 적극 받아들이고 계획계산과 통계계산을 비롯한 모든 경제계산과 경영활동의 전자계산기화를 다그쳐 경제관리의 과학화를 실현하고 경제관리일군들과 근로자들이 주체의 사회주의경제관리리론과 현대화과학기술로 튼튼히 무장하고 전자계산기를 비롯한 현대과학기술수단들을 능숙히 다루게 되면 계획지표가 아무리 방대하게 늘어나고 경영업무가 복잡해진대도 계획과 계산, 통계를 정확히 작성하고 그에 기초하여 경영활동을 과학적으로, 합리적으로 해나갈수 있으며 모든 부문, 단위들의 생산정형과 자재공급 및 소비정형, 로력의 리용과 재정관리 정형까지도 신속정확히 수집 장악하고 기동적인 지휘를 보장할수 있게 한다.

이 모든것은 경제의 규모가 커지면 계획지표가 방대하게 늘어나므로 경제를 계획적으로 관리운영할수 없다고 하는것은 경제발전에서 노는 인민대중의 결정적역할을 거부하는 부르죠아대변자들과 그에 추종하는 사회주의의 배신자, 패배주의자들의 궤변에 불과하다는것을 여실히 보여준다.

인민대중이 주인으로 된 사회주의사회에서는 경제관리의 발전에서 나타난 이 장벽을 극복하기 위한 방도를 응당 생산과 관리의 직접적인 담당자인 경제관리일군과 근로자들의 힘에 의거하여 찾아야 하며 그것을 인간의 지혜의 산물인 과학기술의 성과에 의하여 해결하여야 한다.

사회와 경제가 발전하면 사람들의 자주적인 요구가 더욱 높아지고 창조적인 활동도 높은 수준에 이르게 되며 따라서 과학기술이 빠른 속도로 발전하고 경제발전에서 그 작용도 더 커지게 된다.

경제의 규모가 커지고 아무리 계획지표가 방대하게 늘어난다고 하여도 현대과학기술의 성과에 토대하여 경제현상과 과정들을 경제수학적으로 모형화하고 전자계산기를 비롯한 현대적인 기술수단들을 리용하여 경제정보처리의 자동화를 실현한다면 경제의 계획적관리에서 제기되는 모든 경제계산문제들을 신속정확히 해결할수 있으며 경제관리일군들과 근로자들의 수준을 이에 맞게 높여나감으로써 그 우월성을 높이 발양시킬수 있게 된다.

이것은 우리 나라 사회주의 경제건설과정이 명백히 보여준다.

인민경제 모든 부문에서 대안의 사업체계가 철저히 관철되고 당의 령도밑에 경제관리에서 인민대중의 주인으로서의 역할이 높아졌으며 인민경제의 주체화, 현대화, 과학화가 실현되여 경제관리일군들과 근로자들의 수준이 높아지고 경영활동의 과학화가 높은 수준에 이르게 됨으로써 계획지표가 훨씬 늘어난 오늘에 와서도 계획의 일원화, 세부화가 실현되고 인민경제의 계획적관리운영이 높은 수준에서 진행되고있다.

우리는 경제와 과학기술발전의 요구에 맞게 사회주의경제관리리론과 경제조종학에 대한 과학연구사업을 더욱 강화하여 경제관리의 과학화를 다그치고 경제관리일군들과 근로자들의 수준을 끊임없이 높여나감으로써 사회주의경제에 대한 국가의 통일적지도와 계획적관리운영을 보다 높은 수준으로 개선 발전시키고 그 우월성을 백방으로 발양시켜나가야 할것이다.",KIS,collapse_arduous_march,1990s,7.151485463904735
사회주의사회에서 인민들의 수요장성의 합법칙성,우용관,1996,4,1663,"사람들의 경제생활에서 건전한 생활적수요와 그 장성의 합법칙성에 관한 과학적해명은 근로인민대중의 자주적이며 창조적인 물질문화생활에서 매우 중요한 의의를 가진다.

사회주의사회에서 인민들의 물질문화적수요는 사회주의기본경제법칙의 요구에 기초하여 체계적으로 충족된다.

사회주의기본경제법칙은 일반적인 수요의 충족을 요구하는것이 아니라 인민대중이 사회경제적운동의 자주적주체로 된 새로운 조건에서 사회적으로 필요한 수요의 충족을 요구한다.

위대한 령도자 김정일동지께서는 다음과 같이 지적하시였다.
《사람들이 살아나가는데는 여러가지 소비품들이 요구되며 그 수요는 사람들의 생활이 유족하여짐에 따라 량적으로나 질적으로 더욱 높아진다.》

사회주의사회에서 수요는 인민대중의 자주적인 경제적요구에 기초한것으로서 부단히 상승발전하는 건전한 생활적수요로 제기된다.

수요는 사람들의 경제생활에서 출발적인것이라고도 말할수 있다.

생산은 사람들의 수요의 충족과정인 소비에 앞선다.

생산은 수요를 제기하고 그에 맞추어 자연을 개조해나가는 사람들의 활동이다.

수요는 사회적생산의 증대를 자극하는 한편 생산과 소비사이의 련계를 지어주는 기능을 수행하는 물질적소비에 대한 경제적요구이다.

수요는 두가지 측면의 내용을 가진다.

그 하나의 내용은 소비자들의 화페수입에 의하여 규정되는 상품봉사에 대한 그들의 실천적요구를 반영한것이고 다른 하나의 내용은 인간활동 일반의 전제이며 사회적생산을 추동하는 요인으로서의 사회적요구이다.

수요는 욕망일반과 구별된다.

물론 욕망과 수요는 뗄수 없이 련관되여있다.

이 두가지는 경우에 따라서는 거의나 같은 뜻으로 씌여진다.

그러나 그렇다고 하여 수요와 욕망이 같은 경제적내용을 가지는것은 아니다.

욕망은 우선 사람들의 심리적인 현상에 속한다고 말할수 있다.

그러나 수요는 욕망에 기초하고있는 경제적인 개념이다.

수요는 대상과 내용에서 구체적이며 규정적이다.

그것은 얼마만한 사람이 무슨 물건을 얼마나 요구하는가 하는 식으로 제기된다.

욕망의 경우에는 반드시 일정한 물건을 대상으로 하지 않고도 제기된다.

자기 몸의 영양상태를 좋게 해야 하겠다든가 추위에서 벗어나야 하겠다든가 하는 식으로도 욕망은 제기될수 있다.

그것은 욕망이지 수요는 아니다.

이때 영양상태를 좋게 하려는 사람의 욕망은 일정한 식료품에 대한 수요로 나타나며 추위에서 벗어나려는 욕망은 어떤 옷이나 난방설비에 대한 수요로 나타나게 된다.

욕망이 일정한 물건에 대하여 그것을 가져보겠다든가 입어보고싶다든가 하는 내용으로 제기되는 경우에도 사회적으로 고찰할 때에는 수요의 장성 또는 감소라는 말이 씌여지지 욕망의 장성 또는 감소라는 말은 적합하지 않다.

사람들의 수요는 여러가지 형태로 나타난다.

사람들의 물질적수요는 생활적인 수요와 지불능력있는 수요로 구분된다.

사람들의 생활적수요는 경제생활을 누리는데 필요한 물질적수요이다.

생활적수요의 수준은 사람자신의 발전수준, 객관적인 생활환경에 의하여 제약된다.

사람자신의 사상문화적수준이 높아지고 사회의 전반적인 경제문화수준이 높아질수록 생활적인 수요는 늘어난다.

사람들의 지불능력있는 수요는 구매력수준에 의하여 제약되는 수요이다.

지불능력있는 수요의 수준은 생산물을 구입할수 있는 자금원천과 가격, 료금 수준에 의하여 제약된다.

지불능력있는 수요라는 개념은 상품화페가 존재하고 상품교환을 통하여 수요를 충족시킬수 있는 사회적관계속에서 존재하는 개념이다.

일반적으로 지불능력있는 수요는 생활적요구에 비하여 적다.

지불능력에 제한을 받지 않을 정도로 구매력수준이 높아질 때 지불능력있는 수요와 생활적수요의 크기가 같아질수 있다.

그러나 사회전반적으로 구매력수준에서 제한을 받지 않게될때에는 지불능력있는 수요라는 개념도 존재하지 않게 된다.

다음으로 사람들의 물질적수요에서 건전한 인간적수요와 변태적인 비인간적수요를 구별해야 한다.

건전한 수요는 사회적인간으로서의 건전한 육체적발
										전과 정신적발전에 필요한 수요이다.

이것은 인간생활의 본성적요구에 맞는 수요이다.

비인간적수요는 변태적욕망으로부터 제기되는 수요이다.

사람이 변태적욕망을 추구하는것은 인간생활이 본성적요구가 아니다.

사람들의 경제생활에서 체계적으로 장성하는 물질적수요를 론할때 그것은 구매력수준에 의하여 제한되는 지불능력있는 수요가 아니라 그것은 경제생활에 대한 사람들의 요구에 의하여 제기되는 생활적수요이며 변태적욕망을 추구하는 비인간적수요가 아니라 사회적인간의 본성적요구에 맞는 건전한 수요이다.

사람들의 경제생활에서 수요는 장성한다.

사람들이 제기하는 물질문화적수요의 내용과 수준은 가장 일반적으로는 그들이 도달한 의식수준과 창조적능력, 객관적인 물질기술적사회적조건에 의하여 규정된다.

사람들의 자주적사상의식수준이 높아지고 창조적능력이 커져 력사적으로 이루어진 물질기술적토대가 강화됨에 따라 수요는 장성할수있다.

사회적관계는 주민 여러층의 수요수준과 그 질의 충족정도에 심각한 작용을 미친다.

수요의 장성은 모든 사회에서 이루어진다.

수요가 장성한다는것은 곧 인민대중의 생활수준이 올라간다는것과 같은 문제는 아니다.

수요가 장성한다는것은 구매력이 그만큼 높아진다는 뜻이 아니며 살아가는데 불가피하게 요구되는 생활적수요가 늘어난다는것을 의미한다.

착취계급사회에서도 인민대중이 살아가는데 불가피한 생활적수요는 높아지지 않을수 없다.

경제생활에서 사람들의 물질적수요가 끊임없이 장성하는것은 합법칙성이다.

수요장성의 합법칙성은 사람들의 건전한 생활적수요가 발전하는 합법칙적과정을 반영한다.

수요장성의 합법칙성은 첫째로, 생산물에 대한 수요가 끊임없이 늘어나는것이다.

생산물에 대한 사람들의 수요는 량과 질, 품종구조의 면에서 나타난다.

수요는 량적으로 장성하여 보다 높은 질에 대한 수요로 제기되며 수요구조가 다양해지는 방향으로 장성한다.

사회가 발전하는데 따라 생활에 대한 사람들의 요구수준이 높아지면서 량적으로 더 많은 수요가 제기되고 여러가지 품종의 보다 높은 질의 생산물에 대한 수요가 제기된다.

수요장성의 합법칙성은 둘째로, 수요가 량으로부터 점차 질로 전환하는것이다.

생산물에 대한 사람들의 수요규모는 량적으로 볼 때 일정한 한계가 있다.

량적으로 수요가 충족되는데 따라 보다 높은 질의 생산물에 대한 수요로 발전한다.

례컨대 신발에 대한 수요가 량적으로 충족되면 보다 높은 질의 신발에 대한 수요로 발전한다.

수요장성의 합법칙성은 셋째로, 수요가 점차적과정을 통하여 장성하는것이다.

처음부터 량과 질, 품종구성의 면에서 최상의 수준으로 수요를 제기하는것이 아니다.

말하자면 신발과 같이 일정한 수요가 충족되면 그보다 더 높은 수준의 수요가 제기된다.

그것은 생산물에 대한 수요자체가 사람자신의 발전수준과 객관적인 생활환경, 수단의 발전에 기초하기때문이다.

원시인들속에서 처음부터 오늘의 현대적인 승용차나 가구류같은 물건에 대한 수요는 제기되지 않았다.

사람자신의 자주적요구가 높아지고 창조력이 발전하여 새로운 생산물이 창조되는데 따라 점차적으로 수요의 수준도 높아지게 되는것이 수요장성의 합법칙성이다.

수요장성의 합법칙성은 사람들의 경제생활에서 일반적인 요구로 제기될뿐이지 그것이 어느때 어느 사회에서나 인민대중의 끊임없이 장성하는 물질문화적수요의 요구에 맞게 실현된다는것을 의미하는것은 아니다.

사회주의사회에서의 수요는 일반적인 수요가 아니라 인민대중이 사회와 경제의 주인으로 된 새로운 조건에서 제기되는 체계적으로 충족되는 수요이다.

사회주의사회에서는 수요형성의 기준이 새롭게 변화될뿐아니라 수요 그자체의 성격도 근본적으로 달라진다.

사회주의사회에서 수요는 사회와 경제의 주인으로서 다같이 자주적으로 창조적으로 살며 발전하려는 사회적인간의 본성적요구를 구현하고있는 건전한 수요이다.

사회주의사회에서는 사람들을 육체적, 정신적불구자로 만들고 물질적재부의 탕진과 랑비를 조장하는 그 어떤 비인간적인 수요가 발생할수 있는 사회정치적 및 경제적기초가 없다.

사회주의사회에서 수요의 량과 질, 품종구조의 면은 사회주의경제의 본성적요구와 사회주의경제제도의 성격에 의하여 특징지어진다.

그리하여 생산수단에 대한 사회적소유가 지배하고 인민대중이 경제의 주인으로 되여있는 사회주의사회에서는 수요형성의 기준이 새롭게 설정된다.

다시말하여 인민대중의 자주적이며 창조적인 물질생활에 대한 리해관계, 사회적인간으로서의 자신들의 전면적발전에 대한 리해관계가 바로 수요형성과 발전의 새로운 기준으로 된다.

사회주의사회에서 수요의 내용이 량적으로나 질적으로 끊임없이 풍부화되여 그 구조가 다양해지며 수요장성은 주체적요인과 물질기술적조건의 성숙에 따라 생산과의 밀접한 련관속에서 이루어진다.

사회주의사회에서 수요의 발전을 규제하는 가장 중요한 요인은 수요자체를 제기하고 그것을 충족시킬 물질적조건을 직접 마련해나가는 주체인 근로인민대중의 사상문화적발전이다.

자주적이며 창조적인 생활을 마음껏 누리려는 인민대중의 요구와 지향은 날을 따라 더욱더 높아진다.

사람들의 경제적요구와 리해관계가 더욱 성숙되고 그들의 문화지식수준이 높아질수록 인민들의 수요가 사회적인간의 본성적요구에 맞게 빠른 속도로 발전하게 된다.

사회주의사회에서 수요의 발전을 규제하는 중요한 요인은 또한 생산력의 빠른 발전에 기초한 인민들의 복리의 증진이다.

원래 수요는 물질적대상에 대한 리해관계의 발현으로서 그것이 충족되는 정도에 따라 수요상태의 변화가 각이하게 나타난다.

사회주의사회발전의 초시기 인민들의 생활이 비교적 낮은 조건에서 수요의 량적측면이 보다 전면에 나서고 수요들의 구조가 상대적으로 견고하며 각이한 부문들의 발전도 새로운 생산부문들의 급속한 출현없이 전통적인 분야들에서 다소간 균등하게 진행된다.

그러나 사회주의물질기술적토대가 튼튼히 축성되여 중공업, 경공업, 농업 생산물에 대한 수요를 자체로 충족시킬수 있는 자립적민족경제의 체계가 확립되고 인민들이 력사적으로 물려받은 락후와 빈궁에서 벗어나 사회의 주인으로서의 물질문화생활을 확고히 누리게 된 새로운 환경은 수요의 내용과 구조면에서 급속한 변화를 가져오게 하며 생활수준이 높아질수록 이 변화속도는 더 빨라지게 된다.

특히 사회주의사회에서 과학기술의 빠른 발전은 수요의 보다 급속한 변화발전을 규제하는 중요한 요인으로 된다.

현시대는 과학과 기술의 시대이며 사회주의는 과학기술의 발전에서도 자본주의에 비하여 절대적인 우월성을 가진다.

사회주의사회에서는 자본주의제도하에서와 같은 영업비밀이 없다.

사회주의사회에서는 기업들이 같은 소유의 경리단위들이기때문에 기업소들사이에 영업의 비밀이 없을뿐아니라 서로 협조하면서 새 기술을 보급하는 사업을 진행하게 된다.

이것은 새로운 기계기술이 전사회적범위에로 급속히 보급확대되여 사회적범위에서 생산력이 빨리 발전하게 한다.

과학기술의 빠른 발전은 사회적인간의 전면적발전을 추동하고 생산력을 발전시킴으로써 수요충족의 물질적대상을 근본적으로 개조변혁하며 수요의 발전을 자극하는 강력한 힘으로 된다.

우리 나라에서 공업화단계에서의 인민경제의 전면적기술개건, 3대기술혁명과업의 성과적추진, 사회주의완전승리의 전환적인 계선에서의 인민경제의 전면적기술개조와 과학기술발전전망계획들의 적극적인 수행과정은 수요의 량과 질, 그 구조의 다양화에 결정적인 영향을 주었으며 오늘 그 영향력은 경제생활의 모든 분야를 포괄하여 비할바없이 증대되고있다.

이와 같이 근로자들의 사상문화적발전, 인민들의 높은 생활수준, 과학기술혁명의 성과적추진은 수요의 량과 질을 높이고 품종구조를 다양하게 하는 기본요인으로 된다.

사회주의사회에서 수요의 장성은 일정한 합법칙성을 가지며 그에 맞게 사회적생산이 발전한다.

그것은 수요가 자연개조의 방향과 목표를 규정하며 어떤 생산물은 어느만큼 생산할것인가 하는것은 사회적수요의 내용과 수준에 의하여 규정되기때문이다.

사회주의사회에서 사회적수요의 장성과정은 여러가지 특성을 가지고 복잡하게 이루어지지만 거기에는 수요발전의 일정한 합법칙성이 관통되고있다.

사회주의사회에서 수요장성의 합법칙성은 무엇보다도 사회적수요구조가 다양해진다는데 있다.

위대한 령도자 김정일동지께서는 다음과 같이 지적하시였다.
《주민들의 수요의 장성에서 특징적인것은 수요구조의 다양성이다. 소비품에 대한 주민들의 수요는 고정불변하지 않다.》

사회주의사회에서 수요체계의 내용적구조가 빠른 속도로 변하며 더욱더 다양화된다.

사회적수요의 내용들은 변화의 신축성과 속도, 한계를 가진다.

어떤 수요는 비교적 천천히 변하는가 하면 다른 어떤 수요는 주로 질적으로 변하며 새로운 수요가 끊임없이 형성되면서 수요구조가 다양화된다.

수요구조의 다양화는 인민경제적수요와 인민들의 물질생활 및 로동생활상 수요의 전반적령역을 포괄한다.

특히 소비품에 대한 인민들의 수요장성에서 그 구조의 다양성이 보다 더 강화된다.

그것은 인민들의 수요가 성별, 년령, 직업별로 기호와 취미가 다른 매개 사람들의 개체적특성과 기후풍토, 생활관습 같은 지방적특성에 따라 각이하기때문이다.

사회주의사회에서 수요장성의 합법칙성은 다음으로 수요의 량적장성과 그것이 끊임없이 충족되는 기초우에서 수요의 질적수준이 높아지는 방향으로 나가며 수요의 질적장성이 사회주의사회발전의 높은 단계에서 보다 특징적인것으로 된다는데 있다.

수요의 량적장성과 그의 충족으로부터 질적발전에로 넘어가는것은 수요장성의 순차적인 법칙성이다.

식의주에 대한 수요가 기본구조로 되고있는 근로자들의 물질적수요만 놓고 보더라도 먹는 문제가 기본적으로 해결된 기초우에서 그의 질적구성을 개선할데 대한 요구가 제기되며 입는 문제에 대한 량적수요가 일정하게 충족된 조건에서 로동활동과 계절적, 개성적특성을 반영한 보다 높은 질적수요가 전면에 나서며 쓰고사는 문제가 기본적으로 풀려진 조건에서 여러칸짜리 현대적인 살림집과 텔레비죤수상기, 랭동기, 세탁기 등 현대적인 문화용품과 장기리용소비품에 대한 새로운 수요가 제기된다.

현시기 최신과학기술성과의 대대적인 도입은 경제적측면에서 수요의 질적변화와 그의 원만한 충족에 결정적인 영향을 미치고있다.

이것은 주체화, 현대화, 과학화의 길을 따라 빨리 발전하는 인민경제의 질적수요를 원만히 충족시키며 특히 창조적인 로동생활과 관련한 보다 높은 단계의 질적수요가 제기되는데서 명백히 나타나고있다.

오늘 힘든 로동에서 영원히 벗어날뿐아니라 온갖 로동의 본질적차이를 없애고 로동생활에서 완전한 평등을 실현하며 공산주의사회의 요구에 맞는 로동의 생산성을 보장할수 있는 수준의 로동조건, 생산조건을 마련하려는 요구가 생산 및 로동과 관련한 수요의 본질적내용으로 전면에 나선다.

과학기술혁명의 성과적추진은 단순히 손로동을 없애는 정도에서가 아니라 종합적으로 기계화, 자동화 되고 전자계산기화, 로보트화된 높은 수준의 로동조건을 창조하여 로동의 생산성과 로동생활의 새로운 질적수요를 원만히 충족시킬수 있게 하며 동시에 사회적수요의 보다 높은 질적장성을 자극한다.

사회주의사회에서 수요장성의 합법칙성은 또한 인민들의 정신문화적수요가 보다 빨리 장성한다는데 있다.

사회의 발전과정이 본질상 인간의 발전과정이고 정신문화적수요가 사람의 사상문화생활과 관련한 수요인것만큼 정신문화적수요의 장성과 그의 충족수준은 사회주의사회의 발전수준을 직접 표현한다.

사회주의사회발전의 첫 시기에는 육체적, 물질적수요가 보다 중요한 의의를 가지고 전면에 나서지만 물질적수요의 충족수준이 높아짐에 따라 정신문화적수요가 더 빨리 장성하고 그의 역할이 더욱더 증대된다.

그리하여 사회의 모든 성원들이 자주적인 사상의식과 창조적능력을 가진 전면적으로 발전된 공산주의적인간으로 되기 위한 사상문화생활과 관련한 수요형태들이 발전하고 그의 보다 완전한 충족을 위한 물질적조건이 사회적으로 조성되고 보장된다.

공산주의적인간의 정신도덕적풍모와 창조적능력을 소유하기 위한 과학기술과 교육에 대한 보다 높은 요구, 풍부한 문화정서생활과 건전한 체력에 대한 지향을 반영한 정신문화적수요가 빨리 장성하면서 사회주의적생산의 목적과 그 달성수단의 작용에 더욱 중요한 영향을 미치게 된다.

사회주의사회에서 수요발전의 중요한 합법칙성의 하나는 수요장성의 집약화이다.

이것은 사회주의사회에서 새로운 수요의 발생으로부터 그것이 대중적으로 일반화되고 충족되는 기간이 더욱 짧아지게 되며 일정한 기간동안에 다시 발생하는 수요의 량이 급속히 증대된다는것을 의미한다.

사회주의사회에서 수요장성의 집약화는 자본주의사회에서 비인간적이며 변태적인 수요의 갱신주기가 짧아지는것과는 아무런 인연도 없다.

자본가들은 생산과 지불능력있는 수요사이의 첨예한 모순으로 하여 상품의 판로가 막히게 되자 인간의 변태적욕망을 충족시키는 물건을 만들어내여 판로를 개척하려고 하고있다.

그에 따라 사람들속에 비인간적수요가 더욱더 자라나고 그 갱신주기는 급속히 짧아져 마약중독자, 알콜중독자가 늘어나 사회의 건전한 생활풍조를 흐리게 하고있다.

사회주의사회에서 수요장성의 집약화는 사회적인간의 건전한 육체적, 사상문화적 발전에 기초하여 그리고 사회적생산의 계획적인 빠른 확대에 기초하여 이루어지는 가장 중요한 수요발전법칙이다.

이 모든것은 수요장성의 합법칙성은 모든 사회에 걸쳐 작용하지만 근로인민대중이 사회와 경제의 주인으로 되지 못한 자본주의사회에서는 인민대중이 필수적으로 제기되는 최소한의 생활적수요마저 충족시킬수 없지만 사회주의사회에서는 인민대중이 사회와 경제의 주인으로서 건전한 생활적수요를 원만히 충족시킬뿐아니라 그것이 날로 장성하는것이 합법칙적이라는것을 뚜렷이 보여주고있다.",KJI,collapse_arduous_march,1990s,7.416979621381154
위대한 수령 김일성동지의 현명한 령도밑에 유격구에서 실시된 혁명적이며 인민적인 세금정책,최룡성,1996,1,1321,"위대한 사상리론가이시며 혁명의 영재이신 우리 당과 인민의 위대한 수령 김일성동지의 불멸의 업적에서 중요한 자리를 차지하는것은 영생불멸의 주체사상에 기초하여 우리 나라를 인류력사에서 세금이 없는 세계최초의 사회주의나라로 전변시키신것이다.

위대한 수령님께서는 우리 나라를 세금이 없는 나라로 만들기 위하여 일찌기 항일혁명투쟁시기에 《조국광복회10대강령》에서 혁명적이며 인민적인 조세강령을 제시하시고 유격구들에서 그 실현의 빛나는 모범을 창조하시였다.

위대한 수령 김일성동지께서는 다음과 같이 교시하시였다.
《영광스러운 항일혁명투쟁시기에 조선공산주의자들은 조국광복회10대강령에서 밝혀진 혁명적이며 인민적인 조세강령을 받들고 투쟁하였으며 항일유격근거지, 해방지구들에서 그 실현의 빛나는 모범을 보여주었다.》(《김일성저작집》29권, 157페지)

위대한 수령님의 현명한 령도밑에 1930년대 유격구들에 세워진 인민혁명정부는 제반민주주의적개혁들을 실시하였다.

위대한 수령님께서는 우리 조국의 운명이 칠성판에 올랐던 엄혹한 시기에 조선혁명이 나아갈 앞길을 밝혀주시고 무장투쟁의 봉화를 지펴올리시여 우리 나라 반일민족해방투쟁을 새로운 높은 단계에로 발전시키시였으며 해방지구형태의 유격근거지들을 창설하시고 근거지인민들에게 새 세상을 펼쳐주시였다.

위대한 수령님께서 마련하여주신 유격구는 우리 인민의 희망의 등대로 되였으며 항일유격대원들과 근거지인민들의 참된 삶과 행복의 요람으로 되였다.

유격구들에서 인민혁명정부는 위대한 수령님께서 밝혀주신 당면과업들을 구체화한 정부정강을 발표하고 그것을 실행하기 위한 사업들을 힘있게 벌리였다.

인민혁명정부가 발표한 정강에는 정치, 경제, 군사적과업들이 규정되였다.

이 정강은 로동자, 농민을 비롯한 광범한 근로대중의 리익을 철저히 옹호할뿐아니라 정치적자유와 권리, 안정된 생활조건을 담보하는 가장 인민적인 정강이였으며 반제반봉건적민주주의혁명단계에서 혁명정권앞에 나선 과업과 우리 혁명발전의 절박한 요구를 정확히 반영한 가장 혁명적인 정강이였다.

인민혁명정부정강에는 우리 혁명의 반제적성격에 맞는 당면한 정치적과업과 혁명정권의 경제적과업들을 정확히 밝히였다.

인민혁명정부정강에는 일제를 비롯한 모든 제국주의자들과 매국노들의 은행, 철도, 광산, 기업소, 토지 및 기타 재산을 몰수할데 대한 과업을 제기함으로써 경제분야에서 인민혁명정부가 견지하여야 할 반제적성격을 명백히 하였다.

인민혁명정부는 자기 정강에서 반봉건적과업들도 정확히 제기하였다.

정강은 가렴잡세의 철페와 2.8소작제를 실시할데 대한 문제를 당면과업으로 내세웠다.

이것은 반제반봉건민주주의혁명단계에서 소작료와 세금제도 일반을 다 없애는것이 아니라 봉건적인 가렴잡세와 고률의 소작제를 없앨데 대한 초보적인 요구만을 제기한것이였다.

일제의 식민지통치밑에서 로동자, 농민을 비롯한 광범한 근로인민대중은 수십가지의 가렴잡세를 물어야 하였으며 농민들은 가혹한 소작료를 무는외에도 갖가지 명목의 고리대적착취를 당하는것으로 하여 언제나 가난과 굶주림을 면할수 없었다.

인민혁명정부정강은 우리 농민들의 절박한 처지를 해결하기 위한 방도로서 2.8소작제를 실시할것을 당면과업으로 제기함으로써 그들의 처지를 한층 개선할수 있게 하였다.

인민혁명정부는 유격구에서 경제개혁의 한고리로서 봉건적이며 식민지적인 조세제도를 없애고 혁명적이며 인민적인 조세제도를 수립하였다.

유격구에서 식민지적이며 봉건적인 조세제도를 철페하고 공정한 조세제도를 세우는것은 항일무장투쟁을 급속히 발전시키며 전반적인 조선혁명을 힘있게 추진시키기 위하여 나서는 중요한 과업의 하나였다.

식민지적인 조세제도를 철페하고 공정한 세금제도를 수립하는것은 무엇보다먼저 유격구를 조선혁명의 기지로 튼튼히 꾸려야 할 혁명의 요구로부터 제기되는 절박한 과업이였다.

유격구에 공정한 세금제도를 세워야 이곳 인민들을 략탈적인 조세제도에서 해방하고 그들에게 안정된 생활을 마련해줌으로써 그들의 앙양된 혁명적기세를 높여 항일혁명투쟁에로 힘있게 불러일으킬수 있었
										으며 유격구를 무장투쟁의 군사전략기지, 후방기지로 전변시킬수 있었다.

유격구에서 조세개혁을 실시하는것은 또한 전체 조선인민들에게 장차 해방된 조국땅우에서 실시하여야 할 새로운 조세제도의 원형을 실물로 똑똑히 보여줌으로써 그들에게 명확한 투쟁전망과 혁명승리의 신심을 안겨주고 반일투쟁에로 힘차게 불러일으켜 전반적인 조선혁명을 앙양시키기 위하여서도 매우 중요한 문제로 나섰다.

그러나 유격구에서 조세개혁을 실시한다는것은 일본제국주의자들과 반동군벌에 의하여 강요된 식민지적 및 봉건적 관계를 청산하기 위한 혁명적변혁으로서 치렬한 계급투쟁을 동반하는 어렵고 복잡한 혁명과업이였다.

일제는 갓 창설된 유격구를 눈에 든 가시처럼 여기면서 사면포위하고 요람기에 없애버리려고 군사적 및 사상적공세와 경제적봉쇄책동을 끊임없이 감행하였으며 이에 발맞추어 친일주구들을 비롯한 반동들은 제반 사회경제개혁들을 파탄시키기 위하여 집요하게 책동하였다.

여기에다가 혁명대렬안에 기여든 종파사대주의자들, 좌경기회주의자들은 우리 나라의 사회계급관계와 혁명의 성격도 모르고 당장 사회주의혁명을 하여야 한다고 떠벌이면서 극좌적인 책동을 감행하였다.

위대한 수령 김일성동지께서는 이처럼 어렵고 복잡한 조건에서도 원쑤들의 온갖 반혁명적책동을 단호히 물리치면서 조세개혁을 성과적으로 실시하도록 현명하게 이끄시였다.

유격구에 세워진 인민혁명정부는 자기 정강에 밝힌대로 《가렴잡세를 페지하고 통일루진세제를 실시한다.》는 내용으로 된 반제반봉건민주주의혁명단계에서 실시할 조세정책을 세웠다.

이 조세정책은 반제반봉건민주주의혁명단계에서 세금일반이 아니라 략탈적인 가렴잡세를 페지할데 대한 요구를 제기한것이였다.

이것은 략탈적이며 식민지적인 조세부담에서 우리 인민들을 해방함으로써 더 많은 반제반봉건력량을 튼튼히 묶어세울수 있는 명확한 길을 밝힌 가장 정당한 조세정책이였다.

위대한 수령 김일성동지의 현명한 령도밑에 인민혁명정부는 정강을 실현하기 위한 사업에 근거지인민들을 적극 조직동원하였다.

1933년 7월 12일 왕우구인민혁명정부는 일제침략자들과 반동군벌들이 조세수탈을 반대하는 투쟁에로 인민들을 조직동원하기 위하여 선언문을 발표하였다.

선언문에는 《일본제국주의, 만주국의 압박, 착취, 학살은 날이 바뀌움에 따라 일층 격심해지고있다.

그놈들은 각종 가렴잡세를 부과하며 특히 최근에 이르러 악독한 일본제국주의는 여러 사람들을 협박하여 자기소유지에다 경작하여놓은 수수, 강냉이까지 베여버리게 하고있다.

이것은 실로 빈민의 생명을 빼앗는것과 같은것으로서 얼마나 잔혹한것인가, 형제들은 실로 참기 어려운 학대를 받고있다.》고 하면서 《우리 정부는 가렴잡세와 고리대를 반대》하여 투쟁하여야 한다고 호소하였다.

인민혁명정부는 정강을 실현하기 위하여 유격구들에서 사회경제개혁의 한고리로서 가렴잡세를 페지하고 일제와 그 앞잡이놈들의 채권을 무효로 선포하여 진정한 인민적인 세금제도를 세웠다.

인민혁명정부의 혁명적이며 인민적인 조세개혁에 의하여 유격구인민들은 무려 90여종에 달하는 가렴잡세로부터 해방되여 진정으로 혁명과 자신을 위한 인민적인 세금을 인민혁명정부에 바치게 되였다.

이리하여 오랜 세월 세금의 올가미에서 벗어나 보려는 유격구인민들의 세기적숙망이 빛나게 실현되였다.

유격구에서 실시된 조세개혁에 의하여 새로운 세금제도가 적용되였다.

여기에서 기본을 이룬것은 농민들이 혁명을 위하여 정성을 담아 바치는 농업현물세였다.

유격구농민들은 토지개혁의 혜택으로 땅의 주인으로 된것이 너무도 고마워 분여 받은 땅에서 지은 농산물가운데서 일부를 농업현물세로 바치였다.

그리고 공동으로 농사지은것은 일부를 공동경리에 바치고 나머지는 농사를 짓는데 참가한 농민들에게 나누어주었다.

인민혁명정부가 유격구에서 처음으로 실시한 농업현물세제는 력사적으로 거대한 의의를 가지는 사변이였다

그것은 무엇보다도 유격구의 식량문제를 해결하고 유격구를 경제적으로 공고히 하는데서 실로 큰 역할을 하였다는데 있다.

또한 그 의의는 간악한 일제침략자들의 략탈적인 식민지조세제도로 말미암아 무거운 세금부담에서 신음하던 전체 조선인민에게 커다란 혁명적영향을 주었으며 그들을 일제를 반대하는 투쟁에로 더욱 힘있게 고무하였다는데 있다.

유격구에서 인민혁명정부가 실시한 조세정책에서 다음으로 중요한것은 개인기업가와 수공업자들에게 루진세제를 적용실시한것이다.

유격구에는 개인기업가들과 수공업자들도 기업을 운영하고있었다.

인민혁명정부에서는 산업에 대한 민주주의적개혁을 실시하면서 일제와 예속자본가들의 기업운영은 엄격히 금지시키고 수공업자들과 량심적인 중소 민족자본가들의 기업활동은 장려하였다.

이것은 민주주의적정권이 인민혁명정부의 성격에 전적으로 맞는것이였으며 파산몰락상태에 처한 민족자본가들을 일제를 반대하는 투쟁에 적극 나서게 하였을뿐아니라 그들이 고용하는 로동자들속에 유격구의 혁명적영향을 강화할수 있게 하는 혁명적인 조치였다.

왕청현 요영구유격구와 연길현 삼도만유격구들에는 유격구밖에 있는 개인기업가들이 들어와 경영하는 목재소들이 있었으며 화룡현, 어랑촌, 훈춘현 연통라자 유격구를 비롯한 일부 유격구들에는 수공업자들과 개인기업가들이 운영하는 사금과들이 있었다.

여기에서 개별적으로 사금을 채취하는 사람들과 그리 크지 않으나 일정한 로동자를 고용하여 사금을 채취하는 기업가들도 있었다.

연통라자유격구의 남별리골짜기에는 혼자서 하거나 가족들이 달라붙어 하는 작은 규모의 사금광들이 도처에 널려있었고 대리수구골짜기에는 로동자 15~30명 정도 고용하여 경영하는것이 3~4개소 있었으며 그밖에 대체로 로동자 서너명을 고용하는 정도의것들이 있었다.

인민혁명정부는 그들의 경영활동을 방해하지 않았을뿐아니라 오히려 적극 조장하고 조건을 보장하여주었다.

그리하여 개인기업가들은 식량과 피복 기타 여러가지 물자들을 유격구에 보장하는 등 인민혁명정부를 물질적으로 힘껏 도와나섰다.

인민혁명정부의 옳바른 시책에 의하여 중소규모기업과 수공업이 일정하게 발전하게 되였다.

인민혁명정부에서는 유격구안에서 일정한 소득이 있는 수공업자들과 개인기업가들에게 세금 부과하고 징수하였다.

여기에서 적용한 세금제도는 지난날의 잡다한 세금대신 단일한 세률을 적용하는 루진세제였다.

인민혁명정부에서는 유격구안에 조성되였던 주객관적조건들을 정확히 분석한데 기초하여 통일적으로 루진세를 적용하도록 하였다.

그것은 유격구들에서 활동하는 수공업자들과 개인기업가들의 기업을 장려하고 그들의 생활을 돌보기 위한것이였다.

유격구에서 활동하고있는 민족적량심이 있는 수공업자들과 개인기업가들에게 소득액규모에 따라 루진세를 적용하도록 한것은 반제반봉건민주주의혁명단계에서의 수공업자들과 개인기업가들의 처지에 맞는 현명한 조치였다.

이와 같이 유격구에서는 인민혁명정부의 정강에 따라 농민들에게는 농업현물세를 적용하였으며 수공업자들과 개인기업가들에게는 통일루진세를 적용하였다.

인민혁명정부는 인민들이 바친 세금을 반일인민유격대를 강화하며 유격구인민들에 대한 인민적시책을 실시하는데 효과적으로 리용하였다.

인민혁명정부는 무엇보다도 세금을 항일무장투쟁의 핵심력량인 반일인민유격대를 물질적으로 지원하는데 리용하였다.

갓 창설된 반일인민유격대를 강화하는것은 당시 조선공산주의자들앞에 나선 가장 선차적인 과업이였다.

그러므로 인민혁명정부는 언제나 반일인민유격대를 지원하며 그를 강화하는 사업에 깊은 관심을 돌리고 인민들이 바친 세금을 여기에 리용하였다.

인민혁명정부는 다음으로 세금을 유격구에서 인민적시책을 베푸는데 리용하였다.

인민혁명정부는 인민적시책의 한 고리로서 우선 면비교육을 실시하였다.

유격구가 창설된 당시 우리 나라 학령아동들의 취학률은 20%도 되지 못하였다.

이러한 형편에서 유격구에 혁명적이며 인민적인 교육제도를 세우고 면비교육을 실시하는것은 후대들을 위대한 수령님의 혁명사상으로 무장시키고 그들을 조선혁명의 주인으로서의 높은 자각과 책임감을 간직하게 하는데서 중요한 의의를 가지였다.

특히 혁명렬사유자녀들과 일제의 학살만행으로 부모를 잃은 청소년들이 유격구에 수많이 찾아들어온 조건에서 그들을 혁명적으로 교육교양하는것은 매우 절실한 문제였다.

그리하여 당시 왕청현, 연길현, 안도현을 비롯한 유격구의 모든 촌들에는 아동단학교들이 세워져 운영되고있었다.

인민혁명정부는 학교에서 《월사금》과 각종 잡부금을 없애고 철저하게 면비교육을 실시하였을뿐아니라 학생들의 식량과 교복, 신발 그리고 교과서와 학용품은 물론 일상 생활필수품까지 전적으로 보장하여주었다.

특히 혁명렬사유자녀들과 반일인민유격대원들의 자녀들 그리고 적통치구역에서 일제에게 부모를 빼앗기고 들어온 어린이들에 대하여서는 집단적으로 합숙생활을 시키면서 모든것을 우선적으로 공급하여주는 등 특별한 배려를 돌렸다.

인민혁명정부는 또한 세금의 적지 않은 부분을 유격구에 혁명적인 인민보건제도를 세우고 전반적인 무상치료제를 실시하는데 돌렸다.

인민혁명정부는 인민들의 생명과 건강보호문제를 직접 책임지고 그들에 대한 치료사업을 유격전의 요구에 맞게 전투적으로 진행하였다.

인민혁명정부는 소왕청, 삼도만 대황구를 비롯한 유격구안의 여러곳에 병원을 차려놓고 무료로 인민들에 대한 의료봉사사업을 조직진행하였다.

이밖에도 인민혁명정부는 인민들이 바친 세금을 혁명렬사유가족들에 대한 원호사업과 유격구인민들의 생활을 안정시키는데 효과적으로 리용하였다.

위대한 수령 김일성동지의 현명한 령도밑에 유격구에서 실시된 혁명적이며 인민적인 세금제도는 일제의 강도적인 식민지조세제도로 말미암아 무거운 세금부담에 눌리워 숨 막히는 지경에 이른 전체 조선인민에게 커다란 혁명적영향을 주었으며 그들을 일제의 식민지통치와 놈들의 가혹한 조세수탈정책을 반대하는 투쟁에로 힘있게 불러일으켰다.

오늘 우리 인민은 세상에 하나밖에 없는 세금 없는 나라에서 삶의 보람과 행복을 마음껏 누리고있다.

오늘의 이 행복이 크면 클수록 우리 인민 모두가 강렬하게 절감하게 되는것은 어버이수령님께서 한평생 조국과 인민을 위하여 바치신 그 사랑, 걸으신 그 자욱, 쌓으신 그 위대한 업적을 후세에 길이 전하며 피로써 쟁취한 우리 식 사회주의를 끝까지 지켜내야 한다는것이다.

이것은 어버이수령님을 뜻밖에 잃은 오늘에 와서 더더욱 사무치게 느껴진다.

일찌기 자신께서 주실수 있는 사랑과 믿음을 다 안겨주시던 어버이수령님의 해빛 같은 영상은 우리 인민의 심장속에 영원히 간직되여있을것이다.",KJI,collapse_arduous_march,1990s,7.186901020411631
사회주의적소유제도의 우월성을 거세하려는 현대수정주의리론의 부당성과 반동성,김기호,1994,2,1028,"생산수단에 대한 사회주의적소유는 인민대중이 경제생활의 참다운 주인으로서 자주적이며 창조적인 생활을 누릴수 있게 하는 물질적기초이다.

이것은 사적소유에 비한 사회주의적소유의 근본적인 우월성이다.

사회주의의 우월성을 말살하려는것은 제국주의자들의 변함없는 악랄한 책동이다.

제국주의자들은 사회주의제도의 우월성과 생활력을 거세하고 사회주의 제도를 내부로부터 와해하기 위하여 사회주의제도를 훼방하고 자본주의제도를 미화분식하는 궤변을 류포시키면서 사회주의나라들에 대한 사상문화적침투를 집요하게 강화하는 한편 공산주의운동 및 로동운동의 상층에 나타난 혁명의 타락분자, 변절자들을 매수하여 저들의 앞잡이로 리용하고있다.

오늘 사회주의배신자, 현대수정주의자들이 류포시키는 온갖 궤변들은 제국주의자들의 반사회주의적전략의 산물이다.

사회주의배신자, 현대수정주의자들은 제국주의자들의 반사회주의적전략에 추종하여 사회주의소유제도의 《제한성》과 사적소유제도의 《우월성》에 대하여 떠들면서 자본주의제도를 미화분식하고 사회주의 제도를 헐뜯는 책동을 감행하고있다.

친애하는 지도자 김정일동지께서는 다음과 같이 지적하시였다.
《제국주의자들과 반동들이 사적소유제도의 에 대하여 떠들면서 사회주의나라들에서 사회적소유를 포기하고 사적소유를 되살릴것을 강요하고있지만 사적소유제도의 반동성은 이미 력사에 의하여 확증되였습니다.》(《인민대중중심의 우리식 사회주의는 필승불패이다》, 25~26페지)

제국주의자들과 현대수정주의자들이 주장하는 사회주의적소유제도의 《제한성》과 사적소유제도의 《우월성》에 관한 리론은 황당무계한 궤변이며 그의 부당성과 반동성은 력사적으로나 현실적으로 확증되였다.

오늘 현대수정주의자들이 사회주의적소유를 사적소유로 전환시키는 책동을 합리화하기 위하여 들고나온 궤변의 하나는 사회주의적소유제도가 생산자대중의 책임성과 창발성을 《억제》한다고 하면서 사회주의적소유제도를 사적소유제도로 전환하여야 한다고 주장하는것이다.

현대수정주의자들이 사회주의적소유제도가 생산자대중의 책임성과 창발성을 《억제》한다고 하면서 사회주의적소유제도를 비방하는것은 진실을 외곡하고 흑백을 전도한 부당한 궤변이다.

사회주의적소유제도는 인민대중을 경제생활의 주인으로 되게 함으로써 생산자대중의 책임성과 창발성을 높이 발양시키는 선진적인 소유제도이다.

생산수단에 대한 사회주의적소유는 우선 인민대중으로 하여금 생산수단의 주인으로 되게 함으로써 온갖 착취에서 해방시키고 생산과정에서 동지적협조와 방조관계를 맺게 하여 그들로 하여금 착취자들의 치부를 위해서가 아니라 조국과 인민 그리고 자신을 위하여 자주적이며 창조적인 로동을 하게 한다.

생산수단에 대한 사회주의적소유는 또한 인민대중으로 하여금 생산물을 처리하는데서 주인의 지위를 차지하게 함으로써 생산된 물질적부의 실제적인 향유자로 되게 한다.

그러므로 인민대중은 생산발전에 절실한 리해관계를 가지고 높은 혁명적열의와 창의창발성을 발휘한다.

생산자대중의 책임성과 창발성을 억제하는것은 사회주의적소유제도가 아니라 사적소유제도이다.

사적소유제도에서 인민대중은 생산수단을 소수착취계급에게 빼앗기고있기때문에 경제생활에서 주인의 지위를 차지할수 없으며 생산된 물질적부도 착취계급에게 빼앗기게 된다.

그러므로 인민대중은 생산발전에 관심을 가질수 없으며 생산열의와 창발성을 발휘할수 없다.

따라서 사회주의적소유제도가 생산자대중의 책임성과 창발성을 《억제》한다는것은 진실을 외곡하는 황당무계한 궤변에 지나지 않는다.

사회주의배신자, 현대수정주의자들이 들고나온 궤변의 다른 하나는 《행정명령식체계》가 국가소유의 절대적지배에 의거하고있기때문에 사회주의적소유를 사적소유로 전환시켜야 한다는것이다.

이것 역시 리치에 맞지 않는 황당무계한 궤변이다.

원래 경제관리에서 행정명령식체계와 방법은 생산수단에 대한 사적소유에 기초하고있는 착취사회의 산물이다.

생산수단에 대한 사적소유에 기초하고있는 사회에서는 착취계급이 모든 권력을 틀어쥐고 행정명령식으로 경제관리를 진행하며 인민대
										중은 한갖 관리의 대상으로서 행정명령에 복종할 의무밖에 없게 된다.

이와는 반대로 생산수단이 사회적소유로 되고있는 사회주의경제관리에서는 인민대중이 주인의 지위를 차지하고 주인으로서의 역할을 한다.

인민대중에 의하여 경제관리가 실현되는 사회주의사회에서는 행정명령식이 아니라 정치적방법을 위주로 하고 거기에 경제기술적방법과 행정조직적방법을 옳게 결합시키는 원칙을 견지한다.

이것은 모든것을 행정명령으로 내려먹이는 낡은 사회의 관료주의적관리방법과 근본적으로 다른것이다.

따라서 사회주의배신자들이 《행정명령식체계》가 국가소유의 절대적지배에 의거하고있다고 하면서 국가적소유를 사유화하여야 한다는것은 진실을 외곡하고 사회주의적소유제도를 훼방하는 황당무계한 궤변에 지나지 않는다.

제국주의자들과 현대수정주의자들이 사적소유제도의 《우월성》에 대하여 떠들면서 사회주의적소유를 포기하고 사적소유를 되살릴것을 강요하는것도 황당하기 그지없는 부당한 궤변의 하나이다.

현대수정주의자들은 사적소유가 그 무슨 《경쟁심》을 야기시킨다고 하면서 사적소유제도의 《우월성》에 대하여 떠벌이고있다.

현대수정주의자들이 부르짖는 사적소유제도의 《우월성》이란 착취자들로 하여금 더 많은 재부를 긁어모으기 위한 무제한한 약육강식의 경쟁을 말하는것이다.

생산수단에 대한 사적소유제도에서는 강한자가 약한자를 희생시켜 더 많은 리윤을 얻기 위한 약육강식의 법칙이 작용하게 된다.

이것은 불피코 자본의 지배력을 강화하여 착취와 압박관계를 더 강화하고 많은 근로자들을 자본가의 노예로 전락시킨다.

사적소유제도의 반동성은 이미 력사에 의하여 확증되였다.

지난날 노예사회에서의 노예주들의 사적소유나 봉건사회에서 봉건지주들의 사적소유나 오늘날의 자본주의사회에서 자본가들의 사적소유나 할것없이 온갖 사적소유제도는 인간에 의한 인간의 착취를 낳고 사회발전을 저애하는 반동적인 작용을 놀았으며 놀고있다.

오직 사회주의적소유제도에서만이 인민대중이 경제생활의 참다운 주인으로서 자주적이며 창조적인 생활을 누릴수 있다.

그럼에도 불구하고 현대수정주의자들은 사회주의제도의 《제한성》과 사적소유제도의 《우월성》에 대하여 떠들면서 사회주의적소유를 사적소유로 전환시키는 책동을 감행하고있다.

사회주의적소유의 사유화에 관한 현대수정주의리론의 반동적본질은 사회주의적소유를 사적소유로 복귀시킴으로써 경제제도자체를 자본주의적착취제도에로 되돌려세우는데 있다.

친애하는 지도자 김정일동지께서는 다음과 같이 지적하시였다.
《력사적사실이 보여주는바와 같이 경제에 대한 로동계급의 당과 국가의 지도를 거부하고 사회주의적소유를 없애는것은 그것이 어떤 명목밑에서 감행되건 자본주의착취제도를 되살리는 길밖에 아무것도 아니다.》(《사회주의에 대한 훼방은 허용될수 없다》, 21페지)

국가적, 전인민적 소유와 협동적소유로 이루어지는 사회주의적소유는 사회주의제도의 경제적기초이다.

현대수정주의자들은 제국주의의 앞잡이가 되여 사회주의제도를 기초로부터 허물어버릴 목적으로 이른바 소유에서의 《다양화》의 명목밑에 사회주의적소유를 해체하여 각양각색의 사적소유형태로 전환시키고있다.

사회주의가 무너진 나라에서 조작한 《소유제법》에 의하여 생산수단에 대한 개인소유, 소집단소유, 혼합소유형태들인 국가-개인소유, 국가-자본주의적소유가 법적으로 합법화되고있다.

사회주의배신자들이 소유에서의 《다양화》의 명목밑에 각양각색의 여러가지 소유형태를 조작한것은 그것들이 마치도 인민대중의 리익을 보장하는 소유로 보이게 함으로써 인민들을 기만하고 사회주의적소유를 쉽게 없애려는데 있다.

오늘 사회주의가 무너진 나라에서는 지난 시기의 사회주의적소유의 생산수단을 개인이나 《개별적집단》들에 판매하거나 임대해주는 등 여러가지 방법으로 사회주의적경리를 해체하여 개인경리 또는 《소집단경리》, 《혼합경리》 등으로 전환시키고 그것들이 자본주의적방법으로 운영되고있다.

그리하여 경영활동이 《자유화》됨으로써 국가의 통일적이며 계획적지도는 배제되고있다.

로동계급의 당과 국가의 지도가 없는 경리는 사실상 사회주의경리가 아니다.

사회주의적소유의 사유화에 관한 현대수정주의리론은 그 반동성으로 하여 사회경제생활에 막대한 해독적후과를 가져오고있다.

현대수정주의자들의 사회주의적소유의 사유화책동의 해독적후과는 무엇보다먼저 인민대중을 경제생활의 주인의 지위로부터 착취자들의 노예의 지위로 전락시킨다는데 있다.

사회주의적소유는 인민대중이 경제생활에서 주인의 지위를 차지하고 주인으로서의 역할을 하게 하는 사회경제적기초이다.

경제생활에서 인민대중이 주인이 되는가 못되는가 하는것은 사회의 경제제도, 특히 소유제도에 의하여 규정된다.

생산수단에 대한 사회주의적소유가 사적소유로 전환되면 사회적부의 창조자인 인민대중이 경제생활의 주인으로 되지 못하고 착취자들의 노예로, 고용자로 되지 않을수 없게 된다.

인민대중이 생산수단을 착취자들에게 빼앗기면 경제생활에서 주인으로서의 지위는 잃게 되며 주인으로서의 역할도 할수 없게 된다.

근로하는 인민이 착취자들의 노예로, 고용자로 되고있는 사회에서는 인민대중에게 자주적이며 창조적인 생활이 보장될수 없다.

사회주의가 무너진 나라들에서 사유화책동이 벌어진지 얼마 되지 않지만 벌써 백만장자가 생겨나는 반면에 절대다수 근로자들이 실업과 빈궁에서 허덕이고있는 현실이 그것을 실증해주고 있다.

현대수정주의자들의 사회주의적소유의 사유화책동의 해독적후과는 다음으로 경제생활이 시장경제법칙에 따라 자연발생적으로 이루어지고 생산의 무정부성과 약육강식의 경쟁으로 인하여 많은 기업소들을 파산시키고 경제적침체와 혼란에 빠지게 한다는데 있다.

생산수단에 대한 사회주의적소유는 인민경제 모든 부문들을 하나의 유기체로 결합시키며 국가의 통일적이며 계획적인 지도밑에 경제를 계획적으로 균형적으로 발전시켜나갈수 있게 하는 경제적기초로 된다.

사회주의경제는 생산수단의 사회주의적소유에 기초하여 공업, 농업 등 인민경제 모든 부문들이 유기적으로 련결되여있으며 생산, 분배, 교환, 소비 등 재생산의 여러 고리들사이에서도 뗄수 없는 련관을 맺고있다.

사회주의적소유에 기초하고있는 인민경제의 발전은 로동계급의 국가의 통일적이며 계획적인 지도에 의하여 담보된다.

로동계급의 국가의 통일적이며 계획적인 지도에 의해서만 경제부문들사이, 재생산의 고리들사이의 경제적련계를 계획적으로 물려줄수 있으며 나라의 온갖 로력자원과 자연부원을 효과적으로 동원 리용하여 경제의 끊임없는 발전을 이룩할수 있다.

그럼에도 불구하고 사회주의배신자들이 국가의 통일적이며 계획적인 령도체계를 《행정명령식체계》라고 비방하면서 그것이 국가소유의 절대적지배에서 오는것처럼 외곡하면서 사회주의적소유를 사적소유로 전환시키고있다.

그리하여 이런 나라에서는 경제에 대한 국가의 통일적이며 계획적지도가 거세되고 자본주의사회에서와 같이 경제생활이 가치법칙, 시장경제법칙에 따라 자연발생적으로 이루어지고있다.

경제부문들사이, 재생산의 고리들사이의 경제적련계가 가치법칙, 시장경제법칙에 따라 자연발생적으로 이루어지는 조건에서는 경제부문들사이, 재생산의 고리들사이의 균형의 파탄과 기업소들사이 리해관계의 대립과 충돌이 불가피하게 된다.

현대수정주의자들의 책동으로 사회주의적소유를 사유화한 나라들에서 시장경제로 인한 무질서와 혼란, 경제부문들사이의 경제적련계의 파탄, 기업의 대대적인 파산과 대중적실업, 물가등귀 등 헤여날수 없는 파국적경제위기에 빠져들어가고있는 현실은 사회주의적소유의 사유화에 관한 현대수정주의리론의 부당성과 반동성을 뚜렷이 보여주고있다.

현대수정주의 및 사회주의배신자들이 사회주의제도를 말살하고 자본주의제도를 복귀하기 위해 온갖 반동적경제리론을 류포시키고있지만 그 어떤 궤변도 진실을 외곡할수 없으며 진리를 가리울수도 없다.

현대수정주의 및 사회주의배신자들이 현실을 외곡하면서 사회주의제도를 훼방하고있지만 인민을 기만할수는 없으며 사회주의제도의 우월성을 거세할수도 없다.

우리들은 경제분야에서 현대수정주의자들의 궤변을 단호히 배격하고 인민대중중심의 우리 식 사회주의의 우월성을 더욱 높이 발양시켜나가야 할것이다.",KIS,collapse_arduous_march,1990s,6.9363427358340495
위대한 수령 김일성동지의 유훈을 받들고 사회주의경제건설에서 전환을 일으키자!,리민철,1995,3,1384,"오늘 우리 인민은 조선로동당창건 50돐에 즈음한 당중앙위원회 구호를 받아안고 조국해방 50돐과 당창건 50돐을 높은 정치적열의와 빛나는 로력적성과로 맞이하기 위한 벅찬 투쟁을 벌려나가고있는 환경속에서 경애하는 수령 김일성동지의 서거 1돐을 맞이하고있다.

이날에 즈음하여 경애하는 수령님에 대한 끝없는 경모의 정과 그리움에 휩싸여있는 우리 인민의 가슴속에는 우리 당과 국가, 군대의 창건자, 건설자이시며 민족의 어버이이시며 사회주의조선의 시조이신 위대한 수령 김일성동지를 모시지 못하고 조국해방 50돐과 당창건 50돐을 기념하게 된 애석함과 비통한 마음을 억제하지 못하고있다.

한나라, 한민족의 력사에서 1년이란 짧은 기간에 지나지 않는 세월의 한토막이라고 할수 있다.

그러나 지난 1년간은 우리 인민 매 사람의 가슴속에 영원히 지워지지 않는 슬픔의 자욱과 마음의 충격이 깊이 새겨진 나날이였다.

지난 1년간은 세월이 아무리 흐르고 산천이 아무리 변한다 하여도 경애하는 수령 김일성동지와 우리 인민을 영원히 뗄래야 뗄수 없는 혈연의 일체를 이루고있음을 보여준 나날이였다.

민족의 어버이를 잃은 크나큰 슬픔속에 위대한 수령 김일성동지를 추모하여 온 강토를 적시여 온 우리 인민의 눈물은 비단 비애의 눈물만이 아니였다.

지난 1년간은 하늘이 무너지고 땅이 꺼지는듯한 비감속에서도 전체 인민이 주저하지 않고 새로운 투지와 불타는 맹세로 가슴을 끓이면서 결연히 떨쳐나선 분발의 나날이였다.

이 나날에 우리 인민은 혁명을 처음으로 개척한 수령에게 무한히 충직하시고 언제나 인민들과 한마음한몸이 되시여 수령의 사상과 령도를 가장 빛나게 구현해 오신 우리 당과 인민의 위대한 령도자 김정일동지께서 당과 혁명의 진두에 서계시는것이 얼마나 커다란 행운이며 그이의 령도가 있음으로 하여 우리 혁명의 앞날은 끝없이 창창하다는 철석의 신념과 의지를 더욱 가슴깊이 간직하게 되였다.

참으로 수령의 사상과 위업에 무한히 충직하시고 비범하고 세련된 령도력을 지니고계시며 인민을 끝없이 사랑하고 존중하시는 위대한 령도자 김정일동지께서 계시기에 경애하는 수령 김일성동지께서는 영원히 우리의 심장속에 살아 계시며 수령님의 위업은 그 어떤 풍파속에서도 줄기차게 전진하고 빛나게 완성될것이라는 바로 이것이 오늘 우리 인민들의 가슴마다에 차넘치는 신념이며 긍지이다.

오늘 우리앞에는 지난 1년간 사무치는 그리움과 경모의 마음으로 위대한 수령 김일성동지의 령전에 다진 엄숙한 맹세를 빛나게 실천하여 혁명과 건설에서 새로운 전환을 일으켜야 할 숭고하고도 책임적인 과업이 나서고있다.

위대한 령도자 김정일동지께서는 다음과 같이 지적하시였다.
《오늘 우리의 전체 근로자들은 당의 령도를 높이 받들고 어버이수령님의 유훈을 관철하기 위한 투쟁에 결연히 일떠섰습니다.》

친애하는 지도자동지의 높으신 뜻을 받들어 오늘 우리 인민은 어버이수령님의 유훈을 관철하기 위한 총진군을 힘있게 벌리고있다.

우리 인민이 한마음한뜻이 되여 떨쳐나선 오늘의 총진군은 위대한 수령 김일성동지를 영원히 우러러모시고 수령님께서 한평생을 바치시여 마련해주신 고귀한 혁명적유산을 당과 혁명의 만년재보로 굳게 다져나가는 성스러운 투쟁이며 위대한 수령 김일성동지의 참된 혁명전사, 위대한 수령 김일성동지의 충직한 제자로서의 혁명적의리를 다 하기 위한 진군운동이다.

오늘의 총진군은 또한 5천년의 유구한 력사를 가진 내 나라, 누리에 자랑 떨치는 위대한 사회주의 내 조국을 더 부강하게 하며 로동당시대의 전성기를 빛내이는 보람찬 대진군운동이다.

어버이수령님의 유훈을 받들고 주체의 혁명위업을 끝까지 완성해나가기 위한 투쟁에서 중요한 자리를 차지하는것은 현시기 사회주의경제건설에서 가장 중요한 문제인 당이 제시한 혁명적경제전략을 관철하는것이다.

당의 혁명적경제전략을 철저히 관철하여 우리 인민들의 생활을 더욱 높이는것은 어버이수령님께서 위대한 생애의 마지막순간까지 간곡히 당부하신 유훈이다.

당의 혁명적경제전략을 관철하기 위한 투쟁은 인민생활을 획기적으로 높여 인민대중중
										심의 우리 식 사회주의의 우월성과 위력을 전면적으로 발양시키며 사회주의건설에서 새로운 국면을 열어놓기 위한 보람찬 투쟁이다.

혁명적경제전략을 관철하는데서 가장 중요한 전선은 농업전선이다.

농촌경리부문의 당원들과 근로자들은 주체농법을 철저히 관철하여 알곡생산을 늘임으로써 나라의 쌀독을 책임진 주인으로서의 본분을 다하여야 한다.

모든 농장원들은 《농장포전은 나의 포전이다!》라는 구호밑에 자체의 힘으로 모든 농사일을 제때에 알뜰하고 깐지게 하여야 한다.

축산, 과수, 잠업, 공예작물을 비롯한 농업생산의 모든 부문을 빨리 발전시켜야 한다.

농촌에서 수리화, 전기화, 기계화, 화학화의 성과를 공고히 하고 더욱 발전시켜야 한다.

전당, 전국, 전민이 농촌을 로력적으로, 물질기술적으로 적극 지원하여야 한다.

사회주의농촌테제의 과업을 철저히 실현하여 사회주의농촌경리제도의 우월성을 더욱 높이 발양시켜야 한다.

인민생활을 높이는데서 경공업이 맡고있는 몫이 크다.

당의 경공업제일주의방침을 받들고 중앙경공업과 지방공업을 병행하여 발전시키며 모든 경공업공장들을 만부하로 돌려 생산을 높은 수준에서 정상화함으로써 소비품의 가지수를 늘이고 질을 높여야 한다.

이와 함께 인민경제 모든 부문에서 8월 3일인민소비품생산투쟁을 전군중적운동으로 힘있게 벌려야 한다.

당의 무역제일주의방침을 관철하여 무역에서 새로운 혁신을 일으키는것은 당이 제시한 혁명적경제전략의 중요한 문제의 하나이다.

무역부문의 당원들과 근로자들은 변화된 환경에 맞게 대외무역에서 방향을 전환하며 대외시장을 적극적으로 개척하며 신용제일주의원칙을 지켜야 한다.

또한 수출품생산기지를 튼튼히 꾸리고 수출품생산을 획기적으로 늘이며 가공무역을 대대적으로 발전시켜야 한다.

당이 제시한 경제건설의 전략적목표를 성과적으로 실현하는데서 중요한것은 석탄공업, 전력공업, 철도운수를 확고히 앞세우고 금속공업을 계속 발전시키는것이다.

석탄공업부문은 당의 혁명적경제전략관철을 위한 대진공전투의 최전선이다.

석탄공업부문의 당원들과 근로자들은 인민경제의 최전선을 지켜 선 영예드높은 굴진과 갱건설속도를 더욱 높여 석탄생산에서 새로운 혁신을 일으켜야 한다.

사회주의경제건설에서의 앙양은 전력생산에 달려있다.

전력공업부문의 당원들과 근로자들은 모든 발전소들을 만부하로 돌려 전력생산을 최대한으로 늘여야 한다.

지금 하고있는 대규모발전소건설을 다그치고 도처에서 중소형수력발전소들을 군중적운동으로 더 많이 건설하며 교차생산을 합리적으로 조직하는것과 함께 전력을 극력 절약하고 최대한 효과적으로 리용해야 한다.

철도운수부문의 당원들과 근로자들은 수송혁명의 불길을 높여 짐을 더 많이, 더 빨리 실어나르며 수송조직과 지휘를 짜고들고 수송수단들을 효과있게 리용하며 철도의 중량화를 다그치고 철도수송에서 강철같은 규률을 세워야 한다.

철강재생산은 당의 혁명적경제전략 관철의 돌파구이다.

금속공업부문의 당원들과 근로자들은 천리마대고조시기 발휘하였던 그 혁명적열정과 투지로 새로운 대고조의 봉화를 높이 지펴올려 모든 제철, 제강소들에서 생산을 높은 수준에서 정상화하여 여러가지 규격과 재질의 철강재들을 더 많이 생산해야 한다.

철광산들에서 혁신을 일으켜 철광석생산을 부쩍 늘이며 모든 부문에서 파철을 더 많이 수집하여 금속공장들에 보내주어야 한다.

광업, 건재공업, 림업을 비롯한 중공업의 모든 부문에서 당이 맡겨준 영예로운 과업을 성과적으로 수행하여 혁명적경제전략을 관철하는데 적극 이바지하여야 한다.

기계공업부문의 당원들과 근로자들은 뜨락또르, 자동차, 벼수확기를 비롯한 여러가지 현대적농기계생산을 더욱 높이며 모든 기계공장들에서 경공업공장들의 현대화를 적극 도와주며 여러가지 일용필수품들을 대대적으로 생산하여야 한다.

화학공업부문의 당원들과 근로자들은 농업과 경공업에 필요한 화학제품을 대대적으로 생산하여 보내주어야 한다.

설비보수를 제때에 질적으로 하고 설비리용률을 높여 화학비료와 농약, 합성섬유와 합성수지, 여러가지 기초화학제품생산을 획기적으로 늘이며 종이공장들을 만부하로 돌려 종이생산을 부쩍 늘여야 한다.

기본건설부문의 당원들과 근로자들은 당의 혁명적경제전략을 관철하는데서 나서는 절실한 대상들을 중점적으로, 집중적으로 건설하여야 한다.

지하자원, 수산자원, 림산자원을 적극 개발 리용하며 식수조림사업을 전군중적운동으로 힘있게 벌려야 한다.

체신의 현대화를 다그쳐 날로 늘어나는 전국의 통신수요를 보다 원만히 충족시켜야 한다.

도시경영사업을 개선하고 봉사혁명을 힘있게 벌려 인민들의 생활편의를 높은 수준에서 보장하여야 한다.

우리 시대는 과학과 기술의 시대이다.

기술혁명의 기치를 높이 들고 과학과 기술을 빨리 발전시켜야 나라를 부강하게 하고 인민들을 더 잘 살게 할수 있다.

과학자, 기술자들은 내 나라, 내 조국을 부강하게 하는 투쟁에 자기의 창조적지혜와 재능을 다 바쳐야 한다.

당의 혁명적경제전략을 관철하며 인민경제의 주체화, 현대화, 과학화를 실현하는데서 나서는 과학기술적문제들을 제때에 풀어나가야 한다.

나라의 과학기술수준을 하루빨리 세계적수준에 끌어올리기 위한 과학연구사업에 전심전력하며 대중적기술혁신운동을 강화하고 새로운 기술혁신안들을 생산에 적극 받아들여야 한다.

우리 당은 혁명적경제전략을 관철하는데서 군의 역할을 높여 인민생활에서 전환을 일으키는것을 중요한 방침으로 내세우고있다.

군의 역할을 높여 지방의 모든 원천과 가능성을 최대한으로 동원 리용한다면 산간지대, 벌방지대, 바다가 할것없이 어디서나 인민들이 잘살게 할수 있다.

모든 도들에서 전천군상업관리소와 맹산군의 모범을 따라배워 자체의 힘으로 군내 인민들의 의식주문제를 더욱 원만히 풀어나가기 위한 투쟁을 힘있게 벌려야 한다.

산을 낀곳에서는 산을 잘 리용하고 바다를 낀곳에서는 바다를 잘 리용할데 대한 당의 방침을 철저히 관철하여 자체의 원료기지를 튼튼히 꾸리고 여러가지 자연원료채취가공사업을 근기있게 밀고나가야 한다.

군을 잘 꾸리고 경제와 문화를 종합적으로 발전시켜 군의 모든 살림살이를 더욱 흥성거리게 하여야 한다.

우리 당의 혁명적경제전략은 그 어느때보다도 자력갱생, 간고분투의 혁명정신을 높이 발휘할것을 요구한다.

백두밀림에서 항일혁명선렬들이 발휘한 그 정신, 그 기백, 강선의 로동계급과 락원의 10명당원들이 발휘한 그 투지, 그 기세로 당의 혁명적경제전략을 빛나게 관철해야 한다.

우에서 대주면 좋고 대주지 않아도 자체의 힘으로 해낸다는 각오밑에 사회주의경제건설에서 기적과 혁신을 창조하여 모든 부문, 모든 단위에서 자기앞에 맡겨진 혁명과업을 자신이 책임지고 자체의 힘으로 끝까지 수행해나가는 혁명정신을 높이 발휘해야 한다.

당의 혁명적경제전략관철에서 성과여부는 경제조직사업에 중요하게 달려있다.

당의 혁명적경제전략을 관철하는데 모든것을 복종시키는 원칙에서 경제작전을 바로하고 경제조직사업을 짜고들며 생산지휘를 책임적으로 하여야 한다.

주체의 사회주의경제관리체계, 위대한 대안의 사업체계를 철저히 관철하여 경제관리에서 군중로선과 과학성의 원칙을 철저히 구현해야 한다.

경제사업에서 정무원책임제, 정무원 중심제를 강화하고 경제사업에 대한 국가의 통일적지도를 확고히 보장하며 우리 당의 로선과 정책의 구현인 정무원의 결정지시를 철저히 집행하는 엄격한 규률과 질서를 세워야 한다.

당의 경제전략의 요구에 맞게 계획화사업을 혁명적으로 개선하며 모든 부문, 모든 단위에서 인민경제계획을 일별, 월별, 분기별, 지표별로 어김없이 수행해야 한다.

자재공급사업을 짜고들어 자재, 설비들을 주요부문과 단위들에 집중적으로 공급해야 한다.

로력관리, 설비관리, 재정관리를 개선하고 내부예비를 모조리 동원 리용해야 한다.

모든 부문, 모든 단위에서 증산절약투쟁을 전군중적운동으로 힘있게 벌리며 제품의 질을 높이고 랑비현상과 허례허식을 철저히 없애야 한다.

당의 혁명적경제전략을 관철하기 위한 투쟁이 힘있게 벌어지고있는 지금이야말로 모든 일군들이 높은 사상적각오를 가지고 최대의 마력을 내여 일해야 할 때이다.

일군들의 사상이 발동되면 대중의 열의가 높아지고 대중이 발동되면 모든것이 풀린다.

모든 일군들은 어떤 일이 있어도 자기의 초소를 굳건히 지켜나가는 참된 지휘성원, 자기 령도자를 절대적으로 믿고 령도자의 구상과 의도를 실현하는데 모든것을 다 바친 김책형의 일군이 되여야 한다.

어버이수령님의 령전에 피눈물을 흘리며 다진 심장의 맹세를 순간도 잊지 말고 기어이 실천하려는것은 우리모두의 드팀없는 신념과 의지이다.

일군들은 신심과 락관에 넘쳐 대중의 앞장에 서서 진격로를 열어나가며 말로써가 아니라 실제적인 사업성과로써 당을 받들어나가는 충직한 혁명전사가 되여야 한다.

일군들은 안일과 해이를 배격하고 사심과 공명, 보수를 모르고 혁명에 투신하며 긴장하게 전투적으로 일하며 사업을 위하여 머리를 쓰고 자기를 희생할줄 아는 참된 투사가 되여야 한다.

또한 높은 정치적안목, 기발한 착상과 묘술로 모든 일을 당의 의도에 맞게 령활하게 조직 전개하며 청산리정신, 청산리방법의 요구대로 군중속에 깊이 들어가 그들과 한가마밥을 먹으며 자기의 실천적모범으로 군중을 이끌어나가는 투쟁의 기수가 되여야 한다.

우리 당과 인민의 위대한 령도자 김정일동지의 현명한 령도가 있기에 우리의 승리는 확정적이다.

모든 당원들과 근로자들은 경애하는 수령님께서 생존해 계실 때보다 더 높은 자각과 의리심을 지니고 위대한 령도자 김정일동지의 령도를 높이 받들어나감으로써 어버이수령님께서 조국과 인민, 시대와 력사앞에 쌓아올리신 불멸의 혁명업적을 견결히 옹호고수하며 만대에 빛내여나가는데 적극 이바지하여야 할것이다.",KJI,collapse_arduous_march,1990s,7.233455418621439
경애하는 김정일동지는 사회주의 경제건설사상을 완벽하게 밝혀주신 위대한 사상리론가이시다,리창근,1998,4,1231,"오늘 우리 인민은 력사적인 최고인민회의 제10기 제1차회의에서 조선로동당 총비서이시며 조선인민군 최고사령관이신 경애하는 김정일동지를 조선민주주의인민공화국 국방위원회 위원장으로 변함없이 높이 추대한 크나큰 감격과 환희속에서 사회주의 강성대국을 건설하기 위한 힘찬 투쟁을 다그치고있다.

경애하는 김정일동지를 조선민주주의인민공화국 국방위원회 위원장으로, 우리 혁명의 수위에 높이 모신 우리 인민의 가슴속에는 이 땅우에 주체의 강성대국, 자립 자위의 강국을 일떠세우기 위하여 불면불휴의 로고를 다하고계시는 위대한 령도자 김정일동지의 불멸의 업적을 가슴뜨겁게 돌이켜보며 경애하는 장군님의 사상과 령도를 받들고 주체의 사회주의위업을 완성해나갈 충성의 맹세를 다시금 굳게 다지고있다.

위대한 령도자 김정일동지께서는 비범한 예지와 과학적인 통찰력으로 위대한 수령 김일성동지께서 창시하신 사회주의 경제건설사상을 심화발전시키시고 그 광휘로운 빛발로 세기를 밝히시며 우리 인민과 세계 진보적인류를 자주의 한길로 이끄시여 시대와 혁명 , 조국과 인민앞에 만대에 길이 빛날 위대한 업적을 쌓아올리시였다.

오늘 사회주의 경제건설에서 이룩된 모든 승리와 성과들 우리 인민의 자주위업수행에서 이룩된 귀중하고 소중한 전취물과 이 땅에 솟아난 자립적민족경제의 위력은 위대한 령도자 김정일동지께서 심화발전시키신 사회주의 경제건설사상이 가져다준 고귀한 결실로서 대외의존경제가 아니라 자립경제의 항로를 따라 드팀없이 전진하고있는 우리의 자립적민족경제의 견인력과 우월성은 그 변혁적역할과 잇닿아있다. 경제건설문제를 옳게 풀어나가야 사회생활의 모든 분야에서 근로인민대중의 자주성을 철저히 실현할수 있으며 사회주의 물질적요새를 성과적으로 점령해나갈수 있다.

위대한 령도자 김정일동지께서는 불멸의 주체사상에 기초하시여 사회주의 경제건설사상을 완벽하게 밝히심으로써 사회주의 경제건설을 우리 식으로 가장 정확히 건설할수 있는 길을 밝혀주시였다.

경애하는 김정일동지의 사회주의 경제건설리론은 전일적으로 체계화되고 전면적으로 집대성된 완성된 사회주의 경제건설학설이며 근로인민대중의 자주성을 실현하기 위한 가장 옳바른 지도사상이다. 

경애하는 김정일동지의 사회주의 경제건설리론의 독창성과 우월성은 세계의 주인인 사람을 중심에 놓고 사회주의경제건설의 기본원리와 사회주의 경제건설의 원칙, 자립적 민족경제의 건설과 인민경제의 주체화, 현대화, 과학화 로선, 사회주의경제관리 원칙과 형태에 관한 리론을 비롯한 수많은 독창적인 사상과 리론들을 새롭게 밝혀주고있는데 있다.

경애하는 김정일동지의 사회주의 경제건설사상은 그 사상리론적내용에 있어서 기성의 로동계급의 경제사상을 새롭게 혁신한 인류의 진보적사상의 최고정화이며 오직 경애하는 김정일동지에 의해서만 완벽하게 밝혀질수 있는 과학적인 사상이다. 

경애하는 김정일동지께서는 사회주의 경제건설사상을 완벽하게 해명하심으로써 우리인민과 세계 혁명적인민들에게 자주성을 위한 혁명투쟁과 경제건설의 앞길을 밝혀주시고 승리에로 이끌어주는 가장 혁명적이며 과학적인 경제학설을 안겨주시였으며 로동계급의 경제사상을 새로운 높은 단계에로 올려세우시였다. 이것은 로동계급의 경제사상발전에서 근본적인 전환을 이룩한 특기할 사변이며 인민대중의 자주위업수행과 더불어 영원히 빛날 위대한 공적이다.

사회주의 경제건설사상을 완벽하게 밝히신 경애하는 김정일동지의 업적의 위대성은 무엇보다도 사회주의경제건설에 관한 리론의 전 체계와 내용을 규제하고 관통하는 사회주의 경제건설의 원리를 과학적으로 완벽하게 해명한것이다.

사회주의경제건설의 원리를 정확히 밝히는것은 사회주의경제건설에 관한 리론을 확립하는데서 선차적으로 풀어야 할 근본문제로 나선다.

경애하는 김정일동지께서는 주체사상의 심원한 원리를 경제건설분야에 구현하시여 사회주의경제건설의 원리를 새롭게 밝히시였다.

경제건설의 원리는 사회주의경제건설의 본질과 성격, 추동력을 밝혀주는 원리로서 사회주의 경제건설리론의 초석을 이룬다. 그것은 사회주의경제건설에 관한 리론의 전체계와 내용을 관통하며 규제한다.
										

경애하는 김정일동지께서는 주체사상에 기초하시여 인민대중은 사회주의경제건설의 주인이며 사회주의경제건설은 자주적인 생활의 물질적조건을 마련하기 위한 인민대중의 창조적활동과정이며 인민대중의 혁명적열의는 사회주의경제건설을 추동하는 결정적요인이라는 경제건설의 원리를 밝히시였다.

사회주의경제건설의 주인이 근로인민대중이라는 원리는 경제건설에서 인민대중이 차지하는 주인으로서의 지위와 역할을 밝힌 원리로서 주체의 경제건설리론의 기본원리로 된다. 이 원리는 자연을 개조하고 경제를 발전시키는 문제를 근로인민대중의 근본요구와 리해관계를 옹호하고 실현하는 립장에서 그리고 인민대중의 역할에 의하여 경제건설의 폭과 심도,속도와 결과가 좌우된다는 관점에서 대하게 하는 지침을 준다. 또한 인민대중에게 사회주의경제건설의 주인으로서의 높은 자각을 안겨주며 경제건설에서의 그들의 역할을 끓임없이 높여나가게 한다.

사회주의경제건설이 자주적인 물질생활조건을 마련하기 위한 인민대중의 창조적활동과정이라는 원리는 사회주의경제건설의 본질과 성격에 대한 새로운 과학적해명을 준다.

사회주의경제건설의 본질에 관한 원리로부터 출발하여 사회주의 경제건설의 근본방향, 전략적 로선과 방침 등 경제건설의 기본문제들이 인민대중의 자주성과의 련관속에서 과학적으로 정확히 규정되고 체계화되게 되였으며 이에 따라 인민대중은 사회주의 경제건설의 합법칙적과정에 대한 옳바른 주체적견해를 가지고 경제건설을 보다 주동적으로 힘있게 다그칠수 있게 되였다.

경애하는 김정일동지께서는 인민대중의 높은 혁명적열의를 사회주의경제건설을 힘있게 추동하는 결정적요인으로 규정하심으로써 사회주의경제발전의 추동력에 관한 원리를 독창적으로 천명하시였다.

경애하는 김정일동지께서는 근로인민대중의 혁명적열의가 사회주의경제건설을 추동하는 결정적요인이라는 원리로부터 출발하시여 경제건설의 모든 분야에서 사람들의 사상,혁명적열의를 기본으로 틀어쥐고나갈데 대한 사상론의 원칙을 밝혀주시였다.

경애하는 김정일동지에 의하여 사회주의경제건설의 원리가 과학적으로 밝혀진것은 기성의 로동계급의 경제사상을 새롭게 혁신한 인류의 진보적경제사상의 최고정화로서 바로 여기에 사상리론의 영재로서의 위대한 업적의 하나가 있다.

사회주의경제건설사상을 완벽하게 밝히신 경애하는 김정일동지의 업적의 위대성은 다음으로 사회주의 물질기술적토대의 본질적특징과 그 확립의 합법칙적과정을 과학적으로 밝히신것이다.

위대한 령도자 김정일동지께서는 다음과 같이 지적하시였다.
《사회주의제도를 세운 다음 생산력을 빨리 발전시켜 사회주의제도에 맞는 물질기술적토대를 마련하지 않으면 사회주의는 기초가 든든하지 못한 건물처럼 자기의 존재를 오래 유지할수 없게 되며 인민들에게 자주적이며 창조적인 물질생활과 로동생활을 보장하여줄수도 없습니다,》

경애하는 김정일동지께서는 사회주의사회에 맞는 물질기술적토대를 성과적으로 쌓아 나가기 위한 가장 옳바른 길을 밝히시였다.

사회주의 물질기술적토대는 자립적이며 다방면적인 강력한 물질기술적토대이다.이와 같은 물질기술적토대를 어떤 방향에서 어떻게 쌓아나가야 하는가 하는것은 민족국가단위로 사회주의를 건설해야 하는 력사적조건에 맞게 사회주의경제건설의 전략적로선과 내용을 바로 규정하기 위하여 나서는 중요한 원칙적문제이다. 이 중대한 문제는 자립적민족경제건설에 관한 리론이 제시됨으로써 빛나는 해결을 보게 되였다.

자립적민족경제건설리론은 위대한 수령 김일성동지께서 창시하시고 경애하는 김정일동지에 의하여 심화 발전된 리론으로서 그에 의하여 사회주의의 물질기술적토대를 축성하는 경제건설의 근본방향이 과학적으로 밝혀지게 되였다.

사회주의의 물질기술적토대를 축성하는 경제건설의 전과정은 자립적민족경제건설로선을 관철하는 과정으로 일관되며 사회주의경제는 종합적으로 발전된 자립적경제로 되여야 한다. 경제적으로 자립해야 나라의 독립을 공고히 하고 자주적으로 살아나갈수 있으며 사상에서 주체, 정치에서의 자주, 국방에서의 자위를 확고히 보장하고 인민들에게 자주적이며 창조적인 물질생활과 로동생활을 보장하여 줄수 있다.

자립적민족경제를 건설하는 방향에서 사회주의물질기술적토대를 튼튼히 쌓을데 대한 리론의 천명은 위대한 령도자 김정일동지께서 근로인민대중의 자주적이며 창조적인 생활을 전면적으로 보장할수 있는 가장 빠른 길을 밝혀주신 력사적공적, 불멸의 업적으로 된다.

경애하는 김정일동지께서는 자립적민족경제의 건설을 근본방향으로 하여 기술혁명을 힘있게 추진시킴으로써 주체화, 현대화, 과학화된 강력한 중공업을 핵심으로 하는 자립적경제구조를 갖춘 경제를 건설할데 대한 전략과 합법칙적로정을 과학적으로 명시하심으로써 사회주의경제를 곧바른 길을 따라 가장 빠르고 훌륭하게 건설할수 있는 전략전술을 밝혀주시였다. 

경애하는 김정일동지께서는 자립적민족경제와 사회주의 물질기술적토대의 본질적내용 그 호상관계를 과학적으로 해명하고 자립적민족경제건설로선을 사회주의 물질기술적토대축성의 합법칙적로정과 그 매 단계에서의 과업들을 새롭게 밝히시였다.

사회주의 경제건설에 관한 사상리론을 완벽하게 밝히신 경애하는 김정일동지의 업적의 위대성은 다음으로 사회주의경제리론을 전일적으로 체계화된 경제학설로 전환시킨데 있다.

위대한 령도자 김정일동지께서는 사회주의경제관리에서 나서는 모든 근본문제들에 전면적인 과학적인 해명을 주시여 사회주의 경제관리리론을 전일적으로 체계화하시였다.

경제관리에서는 언제나 사람과의 사업을 기본으로 하여야 하며 사회주의경제관리의 본질과 그 발전의 합법칙성에 기초하여 경제관리원칙, 체계와 방법이 옳게 규정되여야 한다. 여기에서 경제관리원칙은 경제를 지도 관리하는 행동원칙을 규제하며 경제관리체계는 경제지도일군들의 사업체계와 관리기구체계를 포괄하며 관리운영방법은 경제지도일군들이 의거하여야 할 사업방법, 사업기풍을 포괄한다. 이 모든것은 경제관리리론이 갖추어야 할 필수적구성요소로 된다.

경애하는 김정일동지께서 밝히신 사회주의경제관리리론은 경제관리에서 제기되는 이 모든 요구들을 전면적으로 담고있다. 이것은 경애하는 장군님께서 밝히신 주체의 사회주의경제관리리론은 전일성, 체계성을 보여주는 중요한 특징으로, 근본적우월성으로 된다.

경애하는 김정일동지께서 밝히신 경제관리리론은 또한 사회주의사회의 공산주의성격과 과도적성격을 옳게 배합리용하도록 경제관리리론을 구성하고 체계화하고있다.

경제관리원칙, 체계와 방법은 사회적환경의 영향을 받으며 해당 사회의 성격을 반영한다.사회주의사회는 공산주의성격과 과도적성격을 가지며 그것은 사회주의사회를 특징짓는 두 측면이다.

사회주의경제관리리론은 사회주의사회의 이러한 특징을 종합적으로 반영하여 구성되여야 한다.

경애하는 김정일동지께서 밝히신 주체의 경제관리리론은 무엇보다먼저 사회주의사회의 특성, 공산주의적성격과 사회생활령역에서의 과도적특성이 종합적으로 반영되여 구성되여있다. 다시말하여 사회주의경제관리에서 대안의 사업체계를 관철하면서 기업관리에서 독립채산제원칙을 적용할데 대한 리론, 경제관리에서 정치도덕적자극과 함께 물질적자극을 옳게 배합할데 대한 리론, 경제관리에서 중앙집권적원칙을 지키면서 기업소의 경영상 독자성을 살려나갈데 대한 리론, 경제관리에서 인민경제계획화와 함께 상품화페범주들을 리용할데 대한 리론 등은 경제관리에서 사회주의사회의 공산주의적성격과 과도적성격을 종합적으로 반영하고있다. 여기에 경애하는 장군님께서 밝히신 사회주의경제관리리론의 전일적인 체계성, 완결성이 있다.

위대한 령도자 김정일동지께서 밝히신 사회주의경제관리리론의 이러한 전일적인 체계성, 구조적완결성은 경제관리에서 사회주의제도의 본성 또는 낡은 사회의 유물의 리용과 관련한 단편적인 사상들을 제기했던 선행한 경제관리사상에 비한 거대한 우월성으로 되며 그 완성으로 된다.

이와 같이 위대한 령도자 김정일동지께서 밝히신 사회주의경제관리사상리론은 그 원리의 심오성, 과학성과 함께 전일성과 보편성, 그 완결성으로 하여 지금까지의 경제관리사상에 비할바없는 우월성과 완벽성을 가지고있으며 사회주의경제관리에서 나서는 모든 리론실천적문제들을 가장 정확히 풀어나갈수 있는 실천의 위력한 무기로 되고 있다.

참으로 위대한 령도자 김정일동지께서는 사회주의경제건설리론을 심화 발전시키고 완성하심으로써 로동계급의 혁명사상발전과 사회주의경제건설에서 근본적인 전환을 이룩하게 하시였으며 사회주의경제건설을 편향없이 승리적으로 전진시켜나갈수 있는 위력한 무기를 마련하여주시였다.

경애하는 김정일동지께서 사회주의경제건설사상을 완벽하게 밝히심으로써 시대와 혁명, 조국과 인민앞에 쌓아올리신 불멸의 업적은 우리 당과 혁명의 명맥이고 강성대국을 담보하는 한없이 귀중한 재보로 된다.

사상리론의 위대한 영재이신 경애하는 김정일동지의 탁월하고 세련된 령도밑에 강력한 중공업을 핵심으로 하는 다방면적인 경제구조를 가진 튼튼한 자립적경제토대를 확고히 마련함으로써 최근년간 제국주의의 포위속에서, 혹심한 자연재해와 경제적난관속에서도 사회주의보루를 지키고 주체조선의 위용을 온 누리에 떨치고있으며 세계 인공위성보유국으로 될수 있은것이다. 오늘 우리 나라가 준엄한 시련의 언덕을 넘어 우리 인민이 자주위업수행의 앞장에 서서 시대의 기수로 자랑 떨치고 있는것은 위대한 령도자 김정일동지의 사상과 령도를 떠나 생각조차할수 없다.

위대한 령도자 김정일동지를 조선민주주의인민공화국 국방위원회 위원장으로 당과 혁명의 최고수위에 높이 모시고 그이의 사상과 령도를 충성으로 받들어나가는것은 우리 일군들과 근로자들의 더없는 영광이며 최상의 행복이다.

우리들은 경애하는 김정일동지의 혁명업적을 견결히 옹호고수함으로써 백두령봉에서 개척된 주체혁명위업의 승리를 앞당기는데 적극 이바지하여야 할것이다.",KJI,collapse_arduous_march,1990s,7.116394144093465
인민대중의 높은 사상의식에 기초한 단결과 협조는 사회주의경제발전의 기본추동력,서승환,1993,3,1622,"위대한 조국해방전쟁승리 40돐에 즈음한 당중앙위원회의 구호는 인민대중중심의 우리 식 사회주의를 옹호고수하고 더욱 빛내이는데서 새로운 전환을 가져올것을 호소하고있다.

사회주의에 대한 원쑤들의 온갖 훼방을 짓부시고 사회주의의 우월성과 생활력을 발양시키는데서 나서는 중요한 문제의 하나는 일군들과 근로자들로 하여금 사회주의사회가 인민대중의 단결된 힘에 의하여 옹호고수되고 발전한다는 주체사상의 혁명성을 깊이 체득하고 그것을 사회주의건설에 구현함으로써 그 진리성을 온 세상에 현실로 과시하는것이다.

사회주의는 인민대중이 주인으로 되여있는 사회인것만큼 사회주의사회의 발전도 인민대중의 역할에 의해서만 힘있게 추동될수 있다.

사회발전, 경제발전의 기본추동력에 관한 문제는 사회의 발전능력에 관한 문제로서 사회제도를 특징짓는 근본문제의 하나이다.

사회의 발전능력은 사회력사적운동의 주체인 인민대중의 자주성, 창조성, 의식성의 발양에 있는것만큼 그것을 발양시킬수 있는 사회가 발전능력이 높은 사회로 되는것이다.

인민대중의 자주성, 창조성, 의식성은 인민대중이 모든것의 주인이 되고 모든것이 인민대중을 위하여 복무하는 사회, 사회주의사회에서만 발양될수 있다.

사회주의는 인민대중으로 하여금 국가정권과 사회의 주인으로서의 자기 역할을 다 할수 있게 하는 사회로서 발전능력에 있어서도 가장 우월한 사회이다.

사회주의사회발전, 사회주의경제발전의 기본추동력은 인민대중의 높은 사상의식에 기초한 단결과 협조이다.

다시말하여 사회의 주인으로서 자주적으로 창조적으로 살려는 인민대중의 단결된 힘이다.

친애하는 지도자 김정일동지께서는 다음과 같이 지적하시였다.
《그런데 지난 시기 사회주의사회발전의 기본추동력이 인민대중의 높은 사상의식에 기초한 단결과 협조에 있다는것을 옳게 인식하지 못한데로부터 사회주의실천에서 사람의 사상의식을 개조하는 사업을 소홀히 하는 현상이 나타났다.》(《사회주의에 대한 훼방은 허용될수 없다.》18~19페지)

인민대중의 높은 사상의식에 기초한 단결과 협조가 사회주의사회발전, 사회주의경제발전의 기본추동력으로 되는것은 사회주의사회의 사회경제관계가 집단주의를 구현한 사회경제관계이라는것과 관련된다.

사회주의는 집단주의를 본질로 하고 있는 사회이며 그 우월성과 생활력의 원천도 집단주의에 있는것만큼 사회발전, 경제발전의 기본추동력도 집단주의와 관련되지 않을수 없다.

사회주의는 집단주의적본질로 하여 집단주의적요구를 구현할수 있는 추동방식에 의해서만 끊임없이 공고발전되여갈수 있다.

혁명과 건설의 력사적경험과 오늘의 현실은 자주적으로, 창조적으로 살려는 인민대중의 단결된 힘에 의해서만 사회의 변혁도 사회주의건설도 실현할수 있다는것을 뚜렷이 보여주고있다.

우리 당의 현명한 령도밑에 민주주의혁명과 사회주의혁명을 실현하는 두 단계의 사회변혁이 몇해사이에 련이어 일어나고 사회주의공업화의 력사적과업도 불과 십여년이라는 기간에 수행한 사회개조, 자연개조에서의 기적들은 사회의 주인으로서 자주적으로, 창조적으로 살려는 우리 인민의 높은 혁명적자각과 창조적적극성에 의하여 추동되였다.

오늘 온 사회를 주체사상화하는 사회주의, 공산주의건설의 력사적위업도 당과 수령, 사회주의위업에 절대적으로 충실하려는 우리 인민의 확고부동한 혁명적신념과 의지, 당과 수령의 두리에 일심단결된 힘에 의하여 옹호고수되고있으며 힘차게 다그쳐지고있다.

력사적경험은 인민대중의 높은 사상의식에 기초한 단결과 협조를 발양시키는 문제가 사회주의위업의 승패를 좌우하는 근본문제로 된다는것을 보여주고있다.

이것은 엄연한 진리이며 이 진리는 일부 나라들에서 사회주의가 좌절되고 자본주의가 복귀되게 된 중요요인의 하나가 혁명과 건설을 인민대중의 높은 사상의식에 기초한 단결과 협조를 기본으로 하여 추동하지 못한데 있다는 력사적교훈에 의하여 더욱 뚜렷이 확증되고있다.

사회주의위업은 그 직접적담당자인 근로인민대중의 단결된 힘에 의거해서만 옹호고수되고 완성될수 있다.

인민대중의 단결된 힘은 어느 사회에서나 발양시킬수 있는것은
										 아니다.

인민대중의 단결된 힘은 일정한 사회경제적조건에서 발양되는 힘이다.

그것은 사회의 모든 성원들이 리해관계의 공통성으로 하여 하나의 대가정을 이루는 사회주의사회에서만 발양될수 있는 사회발전, 경제발전의 기본추동력으로 된다.

사회주의사회에서 경제발전은 일련의 경제공간들에 의해서도 추동되게 된다.

경제공간들이 사회주의경제발전을 추동하게 되는것은 사회주의사회의 과도적성격과 관련된다.

모든 사회성원들이 다 자주의식으로 튼튼히 무장되지 못하고 로동의 본질적차이가 남아있는 조건에서는 자기 로동의 결과에 대하여 물질적관심을 가지게 되는것이며 그런 리해관계를 실현시키는것은 경제발전, 생산발전을 일정하게 추동하지 않을수 없는것이다.

그러나 물질적관심에 의한 추동은 어디까지나 사회주의사회의 과도적성격과 관련되여있는것으로서 사회주의사회의 본성적요구를 구현하지 못한다.

인간개조, 사회개조, 자연개조가 높은 단계에로 심화발전되여감에 따라 물질적관심을 자극하는 경제공간들의 추동적작용도 약화되여 가게 되는것이며 마침내 그 의의도 상실되게 된다.

그러므로 물질적관심을 자극하는 경제공간들은 사회주의생산발전의 기본추동력으로 될수 없다.

사회주의사회의 본성에 맞는 리해관계는 사회의 주인으로 된 인민대중의 공동의 리익이며 그것을 실현하는것은 사회주의사회의 본성에 맞는 생산발전의 추동방식으로 된다.

인민대중의 높은 사상의식에 기초한 단결과 협조가 사회주의사회발전, 사회주의경제발전의 기본추동력으로 되는것은 무엇보다도 사회에 대한 로동계급의 당과 국가의 지도가 사회주의사회관계의 가장 중요한 조건으로 되는것과 관련된다.

사회주의사회에서 사회의 주인이 된 인민대중의 지위와 역할을 실현하기 위한 모든 사회경제관계는 로동계급의 당과 국가의 지도밑에서만 이루어지고 강화발전되게 된다.

인민대중의 의사와 리익의 대표자인 로동계급의 당과 국가의 지도하에서만 사회의 주인으로서 인민대중의 지위와 역할이 보장될수 있는것만큼 로동계급의 당과 국가의 지도는 인민대중의 높은 사상의식에 기초한 단결과 협조가 사회주의경제발전의 기본추동력으로 되게 하는 가장 중요한 사회적조건으로 된다.

사회에 대한 로동계급의 당의 령도는 사회주의사회에서 사람들로 하여금 정치적생명을 지닐수 있게 한다.

정치적생명은 사회적집단속에서만 지닐수 있는 생명으로서 그 요구로 되는것은 사회적집단의 사랑과 믿음속에서 서로 단결하고 협조하면서 살아가는것이다.

사람은 사회적집단과의 관계에서만 사회적존재로서 자기 운명을 개척해나갈수 있으며 삶의 보람과 가치를 가지게 된다.

그러므로 사람에게 있어서 정치적생명은 육체적생명보다 더 귀중한것이며 자신을 위한것보다 사회와 집단을 위한 일이 더 영예로운것으로 된다.

이러한 관계에 의해서만 사회주의는 집단주의적힘을 발양시켜 모든 개조사업을 힘있게 다그쳐나갈수 있는것이다.

사회에 대한 로동계급의 당의 령도는 사회주의사회에서 모든 사회성원들이 공동의 창조적활동목적과 방향을 설정하며 개별적사회성원들의 리익을 하나의 사회적리익에 결합시키고 통일시킬수 있게 한다.

사회주의적집단주의에 기초하는 단결된 힘을 발양시키자면 혁명과 건설의 목적과 방향 그 실현 과업과 방도들을 옳게 설정하여야 한다.

그래야 사회성원들의 모든 창조적활동이 목적지향적인것이 되여 집단주의적 단결된 힘을 발양시킬수 있다.

이러한 요구를 구현하는것은 로동계급의 당의 로선과 정책이다.

당의 령도적역할이 강화될수록 로선과 정책이 보다 혁명적인것이 될수 있으며 혁명투쟁과 건설사업에서 인민대중의 단결된 힘을 더 발양할수 있게 한다.

인민대중을 자주의식, 사회주의사상으로 튼튼히 무장시키고 사람을 영웅적위훈에로 힘있게 불러일으키는것도 당의 령도밑에서만 가능하다.

당의 령도를 떠나서는 인민대중을 자주의식, 사회주의사상으로 튼튼히 무장시키고 그들이 단결된 힘을 발양시키는 문제의 해결에 대하여 생각할수 없다.

사회주의사회에서 인민대중의 집단주의적 단결된 힘은 높은 목적의식성에 의해서 발양되는 힘이다.

사회주의사회에서 국가의 중앙집권적, 계획적지도는 모든 사회성원들의 창조적활동이 목적의식성을 가지게 하는 기본조건이다.

사회주의사회에서는 근로자들의 모든 창조적활동이 국가의 유일적이며 통일적인 조직과 지휘밑에 이루어진다.

사회주의사회에서 개별적집단이나 성원들의 생산활동은 전사회적생산의 유기적구성부분을 이루는것만큼 국가의 유일적이며 통일적인 조직과 지도에 의해서만 경제발전의 목적의식성을 실현할수 있다.

나라의 모든 인적, 물적자원이 사회성원들의 공동의 리익을 위하여 최대한의 동원과 합리적리용을 실현하는 인민경제의 계획화는 사회주의 국가의 경제조직자적기능에 의하여 이루어지는것으로서 사회성원들의 리해관계를 일치시키고 생산활동에서 근로자들의 창조적협조를 높이 발양시킬수 있는 현실적조건이다.

인민경제계획은 어느 한 개별적집단이나 성원들의 리해관계만을 구현하는 생산목표로 될수 없으며 그 목적의 실현 역시 어느 한 개별적집단이나 사람들의 역할만으로는 불가능한것이다.

이런데로부터 근로자들은 인민경제계획의 작성과 그 수행에 대하여 모두가 다 절실한 리해관계를 가지고 대하게 되는것이며 자기들에게 맡겨진 인민경제계획과제수행에서 높은 책임성과 창발성을 발휘하게 된다.

인민대중의 높은 사상의식에 기초한 단결과 협조가 사회주의사회발전, 사회주의경제발전의 기본추동력으로 되는것은 다음으로 사회주의사회에서 사회적 집단이나 성원들사이 관계가 서로 돕고 이끄는 관계로 되는것과도 관련된다.

사회적 집단이나 성원들사이 관계의 성격이 어떠한가 하는것은 사회발전, 경제발전을 추동하는 요인을 특징짓는 중요조건의 하나이다.

사회적 집단이나 성원들사이의 관계가 약육강식의 대립관계로 되는 사회에서는 개인리기주의가 사회관계의 기초로 되며 여기에서는 모든것을 개인의 리익에 복종시키려는 생존경쟁에 의하여 생산발전이 추동된다.

개인의 리익이 추구되는 한에서만 생산에 대하여 관심을 가지게 되는 사회관계에서는 사람들의 창조적활동에서 단결과 협력관계가 있을수 없는것이다.

경제력이 약한 기업이 파산당하거나 경제력이 강한 기업에 흡수되며 먹고 살아가기 위하여 근로자들이 자기의 로동력을 상품으로 자본가에게 팔지 않으면 안되는 자본주의적사회관계에서는 사회적집단이나 성원들사이 사회적생산에서 서로 돕고 이끄는 관계가 불가능한것이다.

사회적집단이나 성원들사이 사회적생산에서 서로 돕고 이끄는 집단주의적관계는 사회주의사회관계의 조건에서만 발생하고 발양되게 된다.

사회주의사회에서는 생산수단과 생산물이 사회공동의 요소로서 그것들은 모든 사회성원들을 위하여 복무한다.

사회의 물질기술적토대가 확대발전하고 생산물이 질량적으로 늘어나면 나는것만큼 모든 사람들에게 보다 자주적이며 창조적인 생활이 보장되게 된다.

사회주의사회에서는 자신이 하는 일이 곧 사회를 위한 일로 되고 집단이 하는 일이 집단성원을 위한 일로 되며 생산과정을 통하여 단결과 협력관계가 끊임없이 공고발전되게 된다.

사회주의사회에서는 모든 부문, 모든 단위, 모든 성원들의 고르로운 발전이 사회성원들의 공동의 의무로, 공동의 관심으로 된다.

기술기능과 관리운영에서 앞선 생산집단이 뒤떨어진 단위를 도와주고 뒤떨어진 단위가 앞선 단위를 본받기 위하여 분발하며 놀고먹는 사람이 없고 모든 사람이 다같이 더 많이 일하고 더 많이 벌어 일한것만큼, 번것만큼 고르롭게 잘 살게 되는 사회주의사회에서는 단결과 협력관계가 필연적인것이며 그것은 생산발전의 추동요인으로 된다.

물론 기업관리운영이 일정한 물질적관심을 전제로 하는 독립채산제원칙에서 이루어지기는 하지만 기업소들사이 모든 생산소비적관계, 분업과 협업관계는 인민경제계획에 기초하는것이며 그 성과적실현에 복종된다.

기업소의 모든 생산경영활동이 인민경제계획수행에 복종되고 그에 따라 경영활동이 평가되게 되는 조건에서는 독립채산제의 실시가 본위주의를 가져오는 조건으로 되지 않으며 그것은 과도적조건에서 단결과 협력의 사회주의적관계를 현실적인것으로 되게 한다.

사회주의사회관계의 완성정도는 사람들의 사상, 문화 수준과 물질적조건의 보장수준에 관계되는것만큼 단결과 협력의 집단주의적관계도 그에 맞는것으로 되여야 현실적인것으로 될수 있으며 생활력을 발휘하게 된다.

아직 사람들의 자주의식수준이 높지 못하고 로동생활에서의 본질적차이가 남아있는 조건에서는 사회적 및 집단적리익과 개인적리익을 옳게 결합시키는 원칙에서 네것내것을 따지게 하는 기업관리운영방법이 개별적생산집단이나 생산자들이 공동의 의무수행에서 자기의 책임과 역할을 더 원만히 할수 있게 함으로써 단결과 협력의 집단주의적요구를 옳게 실현시킬수 있게 한다.

서로 돕고 이끄는 집단주의적관계는 사람들속에서 집단의 리익이 개인의 리익보다 더 귀중히 여겨지면 질수록 사회주의생산발전에서 자기의 우월성과 생활력을 더 높이 발양하게 된다.

인민대중의 높은 사상의식에 기초한 단결과 협조가 사회주의사회발전, 사회주의경제발전의 기본추동력으로 되는것은 또한 사회주의사회에서 로동생활의 집단주의적성격과도 관련된다.

로동활동은 사회생활의 중요분야의 하나이며 로동생활에서의 자주성문제는 사회관계의 성격을 특징짓는 중요조건으로 된다.

사람의 창조적활동으로서의 로동은 어느 사회에서나 있는것이지만 사람들의 로동생활이 어느 사회에서나 다 자주적이며 창조적인것으로 되는것은 아니다.

자주적이며 창조적인 로동생활은 집단주의를 기초로 하고있는 사회관계에서만 이루어지게 된다.

사회주의사회에서의 로동은 착취와 억압에서 해방된 로동으로서 그것은 모든 사회성원들의 공동의 리익을 위한것으로 된다.

그 어데서 그 어떤 형태로 이루어지든간에 사회주의사회에서의 모든 로동은 다 사회와 자기 자신을 위한것으로 되며 사회성원들사이 주인으로서의 평등과 역할을 보장하고 평가하는 척도로 된다.

놀고 먹는것이 허용되지 않고 누구에게나 다 같이 일할 의무를 지니는것과 함께 일자리를 보장받을 권리가 보장되고 일한만큼, 번것만큼 분배물이 차례지게 되는것은 집단주의가 구현된 자주적이며 창조적인 로동생활로 된다.

조국과 인민을 위하여, 사회와 집단을 위하여 헌신적으로 일을 많이 한 사람이 공로자로 되고 사회적존경을 받는것은 사회주의사회의 집단주의적성격과 관련된다.

사회주의생산발전을 추동하는 인민대중의 높은 사상의식에 기초한 단결과 협조관계도 사회주의사회에서만 누릴수 있게 되는 자주적이며 창조적인 로동생활에 의해서도 조건지어진다.

인민대중의 높은 사상의식에 기초한 단결과 협조가 사회주의사회발전, 사회주의경제발전의 기본추동력으로 되는것은 또한 사회주의사회에서 인민대중이 모든 부의 참다운 향유자로 되는것과도 관련된다.

사회주의사회발전, 사회주의경제발전의 추동요인은 사회순생산물이 인민대중의 자주적지향과 요구에 맞게 분배되는것에 의해서도 조건지어진다.

순생산물의 분배관계는 사회적관계의 성격을 특징짓는 중요한 사회경제적조건이다.

그것은 사회순생산물의 분배관계가 어떠한가 하는데 따라 근로인민대중의 지위와 역할이 근본적으로 달라지기때문이다.

자본주의사회에서는 사회순생산물의 더 많은 몫이 자본가들에게 차례지고 근로자들에게는 보잘것없는 량만이 차례진다.

사회순생산물이 그것을 창조한 근로자들에게는 생계도 유지하기 어려운 몫밖에 차례지지 않지만 소수 자본가들과 특권층들에게는 압도적몫이 불로소득되는 자본주의적분배관계에서는 사회적생산에서 사회성원들사이 단결과 협조가 있을수 없다.

사회주의사회에서의 사회순생산물은 자신을 위한 부분과 사회공동의 리익을 위한 부분으로 구성되는것으로써 그 분배관계가 사회 모든 성원들의 리익에 맞게 이루어진다.

사회주의사회에서의 사회순생산물은 축적과 소비 형태로 분배되며 당면한 리익과 전망적리익, 개인적리익과 사회공동의 리익을 다같이 충족시킨다.

사회순생산물이 늘어나면 나는것만큼 소비몫과 축적몫이 다같이 조화롭게 늘어나 나라의 물질기술적토대가 확대강화되고 근로자들의 물질문화적소비생활이 체계적으로 향상되게 된다.

사회순생산물이 축적과 소비형태로 분배되는것은 당면한 리익과 전망적리익, 개인적리익과 사회공동의 리익을 다같이 조화롭게 실현시키기 위한 분배방식으로서 사회주의사회의 집단주의적성격을 반영한다.

로동생산능률과 한사람당 생산액을 높이기 위한 사업이 모든 근로자들의 커다란 관심사로 되고 그것이 인민대중의 단결된 힘에 의하여 실현되는것은 사회주의사회에서의 사회순생산물의 분배가 집단주의적요구를 구현하고있는것과도 관련된다.

이 모든것은 사회주의사회발전, 사회주의경제발전의 기본추동력으로서의 인민대중의 높은 사상의식에 기초한 단결과 협조가 사회주의사회의 집단주의적인 사회경제적조건과 관련되여 있다는것을 말하여준다.

사회주의사회의 집단주의적성격이 강화되면 될수록 사람들이 자주성, 창조성, 의식성이 더 높이 발양되게 되며 사회주의사회의 발전능력이 더 높아져 사회주의건설이 더욱 힘있게 다그쳐지게 된다.

인민대중의 높은 사상의식에 기초한 단결과 협조는 사회주의사회의 집단주의적 사회경제관계에 의하여 조건지어지기는 하지만 그렇다고 하여 그것이 저절로 발양되는것은 아니다.

인민대중의 단결된 힘은 사람들을 자주의식, 사회주의사상으로 튼튼히 무장시키고 온 사회가 당과 수령의 두리에 일심단결되며 사회생활의 모든 분야에서 사회주의적집단주의원칙이 철저히 구현되여야 발양될수 있다.

우리는 당과 수령의 두리에 일심단결된 우리 인민의 무궁무진한 불패의 집단주의적힘을 남김없이 발양시킴으로써 사회주의에 대한 원쑤들의 훼방을 짓부시고 사회주의건설에서 인민대중중심의 우리 식 사회주의의 우월성과 생활력을 더욱 높이 과시하여야 할것이다.",KIS,collapse_arduous_march,1990s,7.392031567514591
"사회주의경제관계는 사회주의사상의 경제적, 물질적 기초",석두관,1996,2,1277,"사회주의사회에서 사상사업을 강화하여 사회주의위업의 확고한 승리를 담보해나가는데서 사회주의사상의 경제적, 물질적 기초에 대한 과학적인 리해를 가지는것이 매우 중요하다.

사회주의사회는 사회주의사상에 의하여 향도되고 그것을 기본추동력으로 하여 발전하는 사회인만큼 인민대중이 사회주의사상을 체득하고 공고히 하여야 하며 온 사회가 사회주의사상으로 일색화되여야 한다.

이 문제를 옳게 풀어나가자면 사회주의사상과 그 물질적조건사이의 련관을 과학적으로 리해한데 기초하여 사상사업을 힘있게 벌려나가야 한다.

만일 이 문제를 옳게 풀어나가지 못하면 사회주의사회의 발전에 엄중한 손실을 끼치게 된다.

지난 시기에는 사회주의사상과 그 물질적조건사이의 련관에 관한 문제가 과학적으로 해명되지 못하였다.

선행리론에서는 사회의 물질경제적조건이 사회적의식을 규정하며 따라서 물질경제적조건이 변화되면 그에 따라 사회적의식도 변화된다는 유물사관의 원리를 내놓았다.

사회주의를 건설하던 일부 나라들에서는 이러한 유물사관의 원리를 기계적으로 대하면서 사상사업을 홀시한 결과 사회주의제도를 무너뜨리는 엄중한 후과를 초래하였다.

위대한 령도자 김정일동지께서는 불후의 고전적로작 《사상사업을 앞세우는것은 사회주의위업수행의 필수적요구이다》에서 세계사회주의 운동이 재생의 길에 들어서고있는 오늘의 시대적요구에 기초하여 사회주의사상과 그 물질적조건사이의 련관을 주체의 원리에 기초하여 새롭게 밝히시여 사회주의 위업수행의 요구에 맞게 사상사업을 앞세워나갈수 있는 지도적지침을 마련하여주시였다.

사회주의사상은 사람의 자주적요구와 집단주의적요구를 반영한 사상이다.

사회적존재인 사람은 본질에 있어서 자주적이며 집단주의적인 존재이다.

자주적이며 집단주의적인 존재로서의 사람의 발전과정은 자체의 본질적요구를 실현하기 위한 투쟁과정이였으며 자주적인 사상의식의 발전과정이였다.

자주성을 실현하기 위한 투쟁과정에서 인민대중은 장구한 기간 착취사회의 력사를 거쳤다.

이 장구한 력사적기간에 시대를 대표하는 진보적사상가들은 착취와 압박이 없으며 평등하고 공정한 사회에서 자주적으로 살아보려는 인민대중의 요구를 대변하는 진보적인 사상을 창조하여왔다.

인민대중의 자주적이며 집단주의적인 요구를 대변하는 진보적인 사상은 16세기에 이르러 공상적인 형태의 사회주의사상으로 표현되였으나 아직 그것은 과학적토대우에 올라서지 못하였다.

사회주의사상은 맑스주의에 의하여 비로소 과학적토대우에 올라섰고 맑스주의는 자주성을 실현하기 위한 인민대중의 투쟁을 향도하는 과정에 레닌주의로 발전하였으며 맑스-레닌주의의 향도밑에 사회주의사상은 현실로 전환되였다.

주관관념론을 반대하여 투쟁하는 과정에서 창시된 맑스-레닌주의는 유물사관에 기초하여 사회주의학설을 확립하였기때문에 사회주의사상과 실재하는 사회주의적경제관계의 련관을 과학적으로 완벽하게 밝히지 못하였다, 

맑스-레닌주의는 사회력사운동은 주로 물질경제적요인에 의하여 변화발전하는 자연사적과정으로 보면서 이 운동에서 주체인 인민대중이 노는 주동적인 작용과 역할을 밝히지 못하였다.

그리하여 사회주의사상은 사회주의적경제관계를 반영하는것이므로 생산력을 발전시키기만 하면 사회주의경제관계가 강화되여 사회주의사상 문제는 자연적으로 해결되는듯이 인정하였다.

반세기를 넘는 사회주의, 공산주의 건설의 실천은 이러한 유물사관의 원리로서는 사회주의사상과 사회주의제도를 지켜낼수 없고 사회주의, 공산주의도 건설할수 없다는것을 보여주었다.

위대한 령도자 김정일동지께서는 오늘의 현실적요구와 국제공산주의운동의 력사적교훈을 과학적으로 통찰하신데 기초하여 주체의 사회력사원리를 구현하심으로써 사회주의사상과 사회주의경제관계의 련관을 완벽하게 밝히시여 사회주의위업완성의 진로를 마련하시였다.

사회주의위업을 수행하기 위해서는 인민대중을 사회주의사상으로 무장시키는 사업을 앞세워야 한다.

그것은 사람이 아무리 훌륭한 과학기술지식을 가지고있다고 하더라도 그것을 어떻게 리용하고 창조적능력을 얼마나 높이 하는가 하는것이 전적으로 
										어떤 사상의식을 가지는가 하는데 달려있기때문이다.

사회주의사상을 가진 사람이라야 인민대중을 위하여 복무하려는 관점을 가지고 자기의 지식과 기술, 지혜와 재능을 남김없이 사회주의위업수행에 바칠수 있다.

인민대중을 사회주의사상으로 튼튼히 무장시키기 위하여서는 사회주의사상의 경제적, 물질적기초인 사회주의경제관계를 공고발전시켜야 한다.

위대한 령도자 김정일동지께서는 다음과 같이 지적하시였다.
《사회주의사상의 경제적, 물질적 기초는 사회주의적경제관계이다. 사회주의적소유를 기본으로 하는 사회주의적경제관계는 인민대중이 사회주의사상을 체득하고 공고히 할수 있는 물질적조건을 지어준다.》(《사상사업을 앞세우는것은 사회주의위업수행의 필수적요구이다》, 10페지)

사회주의적경제관계가 사회주의사상의 경제적, 물질적 기초로 되는것은 무엇보다먼저 그 기초로 되여있는 생산수단에 대한 사회주의적소유제도가 인민대중의 자주적인 요구와 집단주의적인 요구에 맞기때문이다.

생산수단에 대한 소유제도는 경제생활에서 사람들의 지위를 규정하는 주되는 요인이다.

사람들의 경제생활이 이루어지기 위하여서는 생활자료가 있어야 하며 생활자료를 마련하는 생산활동이 진행되여야 한다.

사람들의 생산활동이 이루어지기 위하여서는 인적조건과 물적조건이 이루어져야 하는데 인적조건으로서의 로동력은 사람자신이 지니고있는것이므로 물질적조건으로서의 생산수단을 누가 소유하는가 하는것이 기본문제로 나서게 된다.

생산수단의 소유자는 생산활동에서 주인의 지위를 차지하고 생산물의 처분권을 가지게 된다.

반면에 생산수단을 소유하지 못한 사람은 그 소유자에게 종속되여 생산자의 역할을 수행하지만 생산물의 처분권을 잃고 착취당하는 처지에 놓이게 된다.

그러므로 인민대중이 경제생활의 주인으로 되기 위하여서는 생산수단의 소유자로 되여야 한다.

생산수단에 대한 사회주의적소유제도는 인민대중을 생산수단의 참다운 소유자, 주인으로 되게 하는 물질적조건을 지어준다.

그것은 사회주의적소유제도가 사회의 모든 성원들이 다같이 생산의 물질조건에 대한 소유자로서 평등한 지위를 차지하게 하며 온갖 지배와 예속의 관계를 배제하는것과 관련된다.

생산수단에 대한 사회주의적소유제밑에서 사회주의경제관리의 기본원리가 구현되면 근로대중이 생산과 관리의 주인으로서의 권리를 실질적으로 행사하고 주인으로서의 책임과 역할을 다하게 된다.

생산수단의 소유자라고 하더라도 생산과 관리의 주인으로 되지 못하면 참다운 소유자라고 말할수 없다.

자본주의사회에서 주식회사의 소유자는 주권구매자들이다.

그러나 소액주권의 소유자들은 생산과 관리의 주인으로 되지 못한다.

주식회사의 실제적소유자는 통제주를 틀어쥐고 경영권을 행사하는 소수의 대자본가들이다.

사회주의기업소들에서 근로자들이 생산수단의 참다운 소유자로 되는것은 그들이 생산과 관리의 실제적 주인으로서의 역할을 다하게 하는 사회주의적경제관리형태에 의하여 담보된다.

우리 식 사회주의사회에서는 사회주의의 본성에 맞는 경제관리형태로서의 대안의 사업체계가 철저히 구현됨으로써 근로자들이 생산과 관리의 참다운 주인으로 되고있다.

그것은 이 사업체계가 혁명적군중로선을 구현하고있는 공산주의적경제관리형태이기때문이다.

이처럼 생산수단에 대한 사회주의적소유제도는 인민대중으로 하여 그 경제생활의 물질적기초로 되는 생산수단의 참다운 소유자로 되게 한다.

인민대중은 사회주의사회의 실지 생활체험을 통하여 사회주의적소유제도만이 자기들에게 자주적인 경제생활을 담보할수 있다는것을 느끼게 된다.

지난날 로동계급은 생산수단을 가지고있지 못했던 탓으로 자본가들의 가혹한 착취를 받아 왔으며 농민들은 생산수단을 소유하고 있다고 하더라도 개인농경리의 제한성으로 하여 끊임없이 령락되고 자주적인 생활을 유린당하였다.

생산수단에 대한 사회주의적소유는 자주적으로 살며 발전할것을 지향하는 인민대중의 자주적인 요구를 전적으로 실현시켜준다.

이런 의미에서 생산수단에 대한 사회주의적소유제도가 인민대중으로 하여 그 사회주의사상을 체득하고 공고히 할수 있는 물적조건을 지어준다.

바로 여기에 사회주의경제관계가 사회주의사상의 경제적, 물질적 기초로 되는 근거의 하나가 있다.

사회주의경제관계가 사회주의사상의 경제적, 물질적 기초로 되는것은 다음으로 사회주의적소유제도에 기초하여 이루어지는 사회주의적 로동제도와 분배제도가 인민대중의 자주적인 요구와 집단주의적인 요구에 맞기때문이다.

생산수단에 대한 사회주의적소유를 기본으로 하는 사회주의경제관계는 인민대중의 자주적인 요구와 집단주의적인 요구에 맞는 로동생활과 물질생활을 마련하여준다.

인민대중이 자주적인 로동생활을 누리는데서 중요한것은 로동에 대한 권리를 실질적으로 행사하는것이다.

로동에 대한 권리는 사회의 주인으로서 사람이 지녀야 할 기본권리의 하나이다.

그러므로 로동에 대한 권리가 어떻게 실현되는가 하는것은 사람들이 사회제도를 대하는 중요한 척도로 된다.

인류력사발전과정은 사람들의 로동에 대한 권리가 사회제도에 따라 다르게 실현되여 왔다는것을 보여주었다.

노예사회로부터 자본주의제도에 이르는 착취제도밑에서 사람들의 로동에 대한 권리는 무참히 짓밟혀왔다.

사회주의로동제도가 수립된 사회주의경제제도밑에서 사람들의 로동에 대한 권리는 비로소 가장 원만히 보장된다.

사회주의로동제도가 인민대중의 로동에 대한 권리를 실제적으로 보장하게 되는것은 우선 이 제도밑에서는 모든 근로자들에게 일자리가 차례지고 사람의 로력자원이 효과적으로 리용되는것과 관련된다.

일자리를 보장받는것은 사람들의 로동에 대한 권리를 실현하는데서 가장 중요한 문제이다.

안정된 일자리가 보장되지 않는다면 로동에 대한 권리에 대하여 말할수 없다.

사회주의사회에서는 근로자들의 지향과 요구를 대표하고있는 국가가 로동능력을 가진 모든 근로자들에게 능력과 소질에 맞는 일자리를 마련해주고 자기의 능력과 지혜를 최대한으로 발양하도록 온갖 조건을 보장해준다.

사회주의적로동제도는 사회의 모든 성원들에게 로동에 대한 권리를 실질적으로 보장해주는 참다운 인민적인 제도이며 모든 근로자들이 자주적이며 창조적인 로동생활, 행복하고 희망에 넘친 로동생활을 마음껏 누릴수 있게 하는 제도라는것을 말해준다.

이러한 의미에서 사회주의적로동제도는 인민대중의 자주적이고 집단주의적인 요구에 맞는 제도로 된다.

인민대중이 자주적인 요구와 집단주의적인 요구를 실현하자면 유족하고 고르로운 물질생활을 누려야 한다.

사회주의사회에서는 생산수단에 대한 사회주의적소유에 기초하는 사회주의적분배제도에 의하여 인민대중에게 유족하고 고르로운 물질생활이 보장된다.

유족하고 고르로운 물질생활을 누리려는것은 자주성을 생명으로 하는 사람자체의 본성적요구이며 장구한 력사적기간을 착취사회에서 살아온 인민대중의 세기적인 념원이다.

착취제도밑에서는 《부익부, 빈익빈》이 심화되고 인민대중은 불평등하고 기형적인 물질생활을 강요당하게 된다.

사회주의적분배제도가 마련되여있는 사회주의사회에서 인민대중은 사회의 주인으로서 유족하고 고르로운 물질생활을 누리려는 지향과 요구를 실현하게 된다.

사회주의분배제도가 물질생활에 대한 인민대중의 지향과 요구를 실현하게 되는것은 우선 근로자들이 자기자신을 위한 로동에 의하여 창조된 소득이 각자의 로동의 량과 질에 따라 분배되게 하는것과 관련된다.

생산수단이 사회화되여있는 사회주의사회에서는 매개 근로자들의 로동의 량과 질이 분배의 유일한 척도로 된다.

로동의 량과 질을 척도로 하는 분배는 그 어떠한 불로소득도 허용하지 않는 평등한 물질생활을 담보한다.

물론 로동의 량과 질에 의한 분배에서도 근로자들의 물질생활에서는 일정한 차이가 존재한다.

그것은 사회주의단계에서는 아직 로동의 본질적차이가 남아있는 조건에서 개별적분배몫에서의 차이가 있지 않을수 없기때문이다.

그러나 사회주의사회에서는 로동계급의 당과 국가의 인민적시책에 의하여 근로자들의 물질문화생활에서의 차이가 점차 줄어들면서 고르로운 향상이 보장된다.

사회주의분배제도가 물질생활에 대한 인민대중의 지향과 요구를 실현하게 되는것은 또한 근로자들의 사회를 위한 로동에 의하여 창조된 사회순소득이 국가와 사회의 추가적혜택에 의하여 분배되게 하는것과 관련된다.

우리 나라에서는 국가와 사회의 추가적혜택에 의하여 사회순소득의 현저한 몫이 모든 근로자들에게 골고루 분배된다.

이 추가적혜택은 무상이나 다름없는 식량 및 옷의 공급, 주택의 보장, 무료교육, 무상치료의 형태로 실현되며 돌볼 사람이 없는 늙은이들과 어린이들, 불구자들에 대한 국가적부양, 영예군인들과 공로자들에 대한 국가적우대를 통해서도 실현된다.

이것은 사회주의분배제도밑에서 사는 인민들만이 누릴수 있는 평등하고 유족한 물질생활의 확고한 담보로 된다.

자본주의나라들에서 이른바 《복지정책》은 사회주의분배제도에 의하여 실현되는 추가적혜택과는 근본적으로 다르다.

부르죠아지들이 가난한 근로자들의 돈주머니를 털어내는 세금으로 이루어지는 이른바 《정부예산》자금가운데서 극히 적은 비중을 차지하는 《사회복지비》라는것을 만들어놓고《보조금》이요, 《년금》이요 라고 떠드는것은 실업자들과 거지, 불구자들의 주린 창자를 달래여 민심을 오도하고 자본가들의 죄행을 가리우기 위한 속임수이다.

오직 사회주의제도하에서만 평등하고 유족한 물질생활을 누리려는 인민대중의 지향과 요구가 가장 원만히 실현된다.

그리하여 사회주의적 로동제도와 분배제도는 인민대중으로 하여금 사회주의사상을 체득하고 공고히 할수 있는 물질적바탕을 마련해준다.

바로 여기에 사회주의경제관계가 사회주의사상의 경제적, 물질적 기초로 되는 또 하나의 근거가 있다.

위대한 령도자 김정일동지께서 이번에 불후의 고전적로작을 발표하시여 사회주의경제관계가 사회주의사상의 경제적, 물질적 기초로 된다는것을 심오하게 밝히신것은 사회주의를 건설하는 나라들이 사회주의경제관계를 끊임없이 확대공고화하여 나감으로써 인민대중을 사회주의사상으로 튼튼히 무장시켜 사회주의건설을 드팀없이 다그쳐나갈수있는 앞길을 환히 열어준것으로 된다.

사회주의경제관계는 사회주의사상의 경제적, 물질적 기초로 된다는 위대한 령도자 김정일동지의 사상을 지침으로 삼고 사회주의건설의 실천에 철저히 구현하여나갈 때 인민대중의 사회주의위업은 필승불패이다.",KJI,collapse_arduous_march,1990s,7.15305163493748
위대한 령도자 김정일동지께서 밝히신 자본주의경제의 기본모순,조병완,1995,2,1326,"자본주의경제의 기본모순에 대한 해명은 자본주의경제제도의 착취적본질을 폭로하고 근로인민대중을 자본주의적착취로부터 해방하기 위한 방도를 바로 찾아내는데서 나서는 중요한 문제의 하나이다.

더우기 오늘 일부 나라들에서 사회주의가 좌절되고 이를 기회로 하여 제국주의자들과 사회주의배신자들이 자본주의에 대한 환상을 퍼뜨리고있는 조건에서 자본주의경제의 기본모순에 대한 과학적해명은 중요한 의의를 가진다.

위대한 령도자 김정일동지께서는 혁명활동의 첫시기에 벌써 정력적인 사상리론활동으로 정치경제학에서 해결을 기다리는 절박한 문제들에 완벽한 해명을 주심으로서 주체사상의 보물고를 풍부히 하시였다.

위대한 령도자 김정일동지께서 밝히신 독창적인 사상리론의 하나는 여러 로작들에서 천명된 자본주의경제의 기본모순에 관한 사상이다.

위대한 령도자 김정일동지께서는 다음과 같이 지적하시였다.
《···자본주의경제의 기본모순은 물질적부는 임금로동자에 의하여 창조되지만 그것이 자본가에게 독점적으로 점유되는데 있다고 보아야 할것입니다. 다시말하여 자본주의경제의 기본모순은 경제가 모든 재부의 향유자로 되여야 할 근로인민대중에게 복무하지 못한다는데 있습니다.》

위대한 령도자 김정일동지께서 가르치신바와 같이 자본주의경제의 기본모순은 임금로동자에 의하여 물질적부가 창조되지만 그것이 자본가에게 독점적으로 점유된다는데 있다.

자본주의경제의 기본모순은 두가지 본질적내용을 담고있다.

그 하나는 임금로동자들이 자신의 창조적로동으로 물질적부를 생산하면서도 그 향유자로 되지 못한다는것이다.

물질적부를 직접 창조하는 담당자가 그것을 향유할 권리를 가지는것은 마땅한 도리이고 당연한 리치이다.

그러나 자본주의사회에서는 임금로동자가 생산과정에서 물질적부를 창조하지만 그 향유자로는 되지 못한다.

이것은 사회적부조리로써 경제생활에 내재하는 심각한 모순이다.

여기에 자본주의경제제도의 불공정성이 있는것이다.

자본주의경제의 기본모순의 본질적내용의 다른 하나는 물질적부가 그것을 직접 창조하는 생산과정에 참가하지 않은 자본가에게 독차지되여 그들의 향락과 임금로동자들에 대한 착취에 리용된다는것이다.

물질적부를 창조하는데 참가하지 않는 자는 그것을 점유하고 향유할 권리를 가질수 없다.

그럼에도 불구하고 자본주의경제제도에서는 생산에 참가하지 않은 자본가가 생산물을 독차지하고 개인향락에 탕진하고있으며 더우기 그것을 직접 창조한 로동자들을 착취하는 수단으로 리용하고있다.

자본주의경제의 기본모순의 본질적내용의 첫째 측면은 로동자는 물질적부를 창조할 의무를 지니고있으나 그것을 향유할 권리를 가질수 없다는것을 보여주고있으며 둘째 측면은 자본가는 물질적부를 창조할 의무를 가지지 않으면서도 그것을 향유할 권리를 가지고있다는것을 보여주고있은것으로써 이것은 경제생활에서 지녀야 할 의무와 향유할 권리가 자본주의경제제도에서는 하나로 통일되여있지 못하고 서로 분리되고 대립되여있으며 경제가 모든 재부의 향유자로 되여야 할 근로인민대중에게 복무하지 못한다는것을 말해주고있다.

물질적부가 임금로동자에 의하여 창조되지만 그것이 자본가에게 독점적으로 점유된다는 자본주의경제의 기본모순은 로동계급을 비롯한 근로인민대중이 경제의 주인으로 되지 못하고 자본가계급이 주인노릇을 한다는데 그 기초를 두고있다.

위대한 령도자 김정일동지께서는 다음과 같이 지적하시였다.
《자본주의경제의 기본모순은 근로인민대중이 경제의 주인이 되지 못하고 자본가계급이 주인노릇을 하는데 그 기초를 두고있습니다.》

자본주의사회에서 물질적부를 직접 창조하는 로동계급이 물질적부의 점유자, 향유자로 되지 못하는것은 그들이 경제의 주인으로 되지 못하고있는데 있다.

로동계급이 경제의 주인으로 되자면 경제적으로는 생산수단의 소유자로 되여야 한다.

자본주의사회에서는 로동계급을 비롯한 근로인민대중이 국가주권은 물론 생산수단을 가지고있지 못하다.

이것으로 하여 로동계급은 경제의 주인으로 되지 못하고 물질적부를 창조할 의무만을 지니고 오직 무거운 고역만을 치르게 되는것이다.
										

한편 자본주의사회에서 물질적부를 생산하는데 참가하지 않는 자본가계급이 물질적부의 독점적인 점유자, 향유자로 되는것은 그들이 경제의 주인노릇을 하는데 있다.

물질적부의 생산에 참가하지 않는 자본가계급이 경제의 주인노릇을 하게 되는것은 그들이 국가주권과 함께 생산수단의 소유자로 되고있기때문이다.

이것으로 하여 자본가계급은 로동자들의 피땀으로 이루어 놓은 물질적재부를 깡그리 빼앗아 독차지하고 부귀영화를 누리고있는것이다.

임금로동자에 의하여 창조된 물질적부가 자본가에게 독점적으로 점유되는것이 자본주의경제의 기본모순으로 되는것은 무엇보다도 먼저 그것이 기본계급인 로동계급과 자본가계급사이의 계급적대립을 반영하고있다는 사정과 관련된다.

위대한 령도자 김정일동지께서는 다음과 같이 지적하시였다.
《자본주의경제의 기본모순은 자본가계급과 고용로동자계급사이의 계급적대립의 반영으로서 그것은 심각한 사회계급적모순을 담고있습니다.》

착취사회에서 경제의 기본모순의 본질적특성의 하나는 소여사회에서 기본계급들사이의 적대적인 계급적대립을 직접 반영하고있다는데 있다.

일반적으로 경제모순은 경제생활에서 표현되는 사람들사이의 대립이자 물건들사이의 대립이 아니다.

물론 상품의 물신숭배성이 지배하는 사회에서 경제적모순은 표면상으로는 물건들사이의 대립으로 외곡되여 나타날수 있지만 어디까지나 그것은 사람들사이의 리해관계의 대립을 내용으로 하고있다.

사람들사이의 리해관계의 대립가운데서 기본계급들사이의 대립이 소여 착취사회의 기본모순으로 될수 있다.

사회를 이루고 사는 사람들은 여러 계급, 계층들로 분화되여있으나 매개 사회에는 기본계급이 있기마련이다.

그것은 사회경제제도의 성격은 그 사회의 지배적인 경제형태에 의하여 규정되며 그 경제형태의 련결된 계급이 사회의 기본계급을 이루게 되기때문이다.

따라서 착취사회경제의 기본모순은 사회경제생활에서 나타나는 각이한 계급, 계층들의 대립일반이 아니라 기본계급들사이의 대립을 반영하는것이다.

종래에는 생산력의 발전을 사회경제관계발전의 기본추동력으로 인정하고 생산의 사회적성격과 점유의 사자본주의적형태사이의 모순을 자본주의기본모순으로 리해하고있었다.

생산의 사회적성격과 점유의 사자본주의적형태사이의 모순은 자본주의경제의 심각한 적대적대립을 반영하고있다.

그러나 이 모순은 어디까지나 자본주의사회에서 생산력과 생산관계사이의 모순과 충돌을 반영하고있을뿐이다.

자본주의나라들에서 산업혁명과 자본주의공업화를 통하여 자본주의적대공업이 출현함으로써 생산의 사회적성격이 비상히 강화되였다.

그러나 대공업이라는 사회적성격을 띤 방대한 규모의 생산수단은 여전히 자본가의 사적소유로 남아있게 된다.

그리하여 사적소유에 기초한 자본주의적생산관계가 사회적성격을 띤 생산력에 적용하지 않게 되여 생산력발전을 저애하는 결과를 가져오게 된다.

이로부터 생산의 사회적성격과 점유의 사적, 자본주의적 형태사이의 모순이 자본주의자본모순으로 된다는것이다.

그러나 생산력의 발전이 생산관계에 의해서만 규정된다고 볼수 없다.

자본주의경제는 시장경제이다.

시장경제의 특징은 시장을 대상으로 생산이 진행되고 시장을 무대로 하여 경제생활이 진행된다는데 있다.

시장경제의 운명은 시장경기에 의존된다.

시장경기가 좋으면 경제가 발전하지만 시장경기가 나쁘면 경제가 진통을 겪게 된다.

따라서 생산력과 생산관계사이에 모순이 첨예화되였다하더라고 이러저러한 원인에 의하여 시장경기가 좋으면 자본주의경제는 일시적으로 발전할수 있다.

자본주의가 발전하는데 따라 시장용량이 더욱더 제한되여 경제가 위기에 빠지게 되는것은 자본주의시장경기발전의 일반적과정이다.

그러나 일정한 사회력사적조건에서는 사정이 달라질수 있다.

제2차세계대전을 통하여 멸망에 직면하였던 자본주의나라들이 경제기술적으로 결탁되고 발전도상나라들의 방대한 시장과 원료자원을 장악하게 됨으로써 자본주의세계에서 생산의 사회화수준이 급격히 높아지고 생산과 지출이 빨리 발전한것은 이에 대한 증거로 된다.

자본주의세계의 경제생활에서 일어난 이와 같은 변화는 부르죠아대변자들에게 자본주의의 기본모순의 해결에 대해서 떠벌일수 있는 구실로 될수 있다.

그러나 자본주의하에서 비록 일시적이며 비정상적이기는 하지만 생산과 기술이 발전하였다는것은 경제생활에서 기본계급들사이의 적대적대립이 해결된것이 아니라 오히려 그것이 국내적범위를 벗어나 국제적범위에로 더욱 확대되고 심화시키는 결과를 가져온다.

그것은 자본은 아무리 국제화되여도 자본외의 다른것으로 될수 없다는 사정과 관련된다.

자본주의사회에서 기본계급은 로동계급과 자본가계급이며 그들사이의 관계는 자본에 의하여 고용로동이 착취당하는 관계이다.

경제생활분야에서 로동계급과 자본가계급사이의 리해관계의 대립은 무엇보다도 임금로동자에 의하여 창조된 물질적부가 자본가에게 독점적으로 점유되는데서 집중적으로 나타나고있다.

자본주의사회에서 임금로동자에 의하여 창조된 물질적부가 자본가에게 독점적으로 점유되는 이 사회적부조라는 경제생활분야에서 나타나는 가장 심각하고 주되는 계급적대립이다.

물론 자본주의사회에서는 로동계급과 자본가계급사이의 대립만이 아니라 다른 이여의 계급계층들사이에서도 경제적리해관계에서 모순이 존재한다.

그러나 이것은 자본주의사회에서 경제의 기본모순이 여러가지가 있다는것을 의미하지 않는다.

자본주의사회에서 기본계급이외의 다른 계급, 계층들사이, 기본계급과 다른 계급들사이의 경제적리해관계에서의 대립은 비록 자본주의사회에 존재하는 첨예한 계급적모순들이기는 하지만 그것들은 어디까지나 자본주의이전 착취사회의 잔재와 관련하여 있게 되는것으로서 자본주의적경제관계가 확대될수록 뒤전으로 물러서거나 사라지게 되는 모순들이다.

이와는 달리 임금로동자에 의하여 창조된 물질적부가 자본가에게 독립적으로 점유되는 모순이 자본주의사회에서 기본계급을 이루는 로동계급과 자본가계급사이의 경제적리해관계의 적대적대립을 반영하는 모순인것으로 하여 자본주의경제의 기본모순으로 되는것이다.

임금로동자에 의하여 창조된 물질적부가 자본가에게 독점적으로 점유되는것이 자본주의경제의 기본모순으로 되는것은 다음으로 그것이 자본주의경제관계가 존재하는 전기간에 걸쳐 존재하면서 자본주의사회의 착취적본질을 반영하고있다는 사정과 관련된다.

착취사회에서 경제의 기본모순의 본질적특성의 다른 하나는 그것이 해당 경제관계와 함께 존재하면서 그의 착취적성격을 반영하고있다는데 있다.

경제적모순이 아무리 첨예하다 하더라도 그것이 해당 착취관계와 시간적으로 일치하지 않는다면 경제의 기본모순으로 될수 없다.

그것은 경제의 기본모순은 일정한 조건에서는 반드시 작용하게 되기때문이다.

일정한 착취관계, 경제관계가 존재하면 그에 맞는 경제적모순이 작용하지만 그 경제관계가 변화발전하면 그러한 경제적모순을 낳는 요인들도 없어지게 된다.

자본주의적경제관계는 봉건사회말기에 상품화페관계가 확대발전하면서 점차 싹트기 시작하여 자본주의사회에 이르러 지배적인것으로 되며 사회주의혁명을 거쳐 로동계급의 정권이 선 다음에도 그것은 사회주의적경제관계가 유일적으로 확립될 때까지 일정한 기간 남아있게 된다.

자본주의경제의 기본모순은 자본주의경제관계가 존재하는 이 모든 기간에 걸쳐 그에 내재하는 자본가계급에 의한 로동계급의 착취관계, 로동계급과 자본가계급사이의 경제적리해관계의 적대적성격을 반영하고 있다.

물론 자본주의적경제관계에 내재하는 적대적대립을 반영하는 모순은 임금로동자에 의하여 창조된 물질적부가 자본가에게 독점적으로 점유된다는 모순이외에도 여러가지가 있다.

그렇다고 하여 그 모든 모순들이 자본주의적경제관계가 존재하는 전기간에 걸쳐 적용하거나 자본주의적경제관계의 착취적성격을 반영하고있는것이 아니다.

례를 들어 종래까지 자본주의기본모순으로 인정되여오던 생산의 사회적성격과 점유의 사적, 자본주의적 형태사이의 모순을 보면 자본주의적경제제도의 착취적성격을 반영하고있기는 하지만 자본주의적경제관계가 발생하면서부터 작용한것이 아니다.

생산의 사회적성격과 점유의 사적, 자본주의적 형태사이의 모순은 산업혁명을 통하여 대공업이 출현한 이후에야 드디여 작용하기 시작하였다.

다른 하나의 실례를 들어 생산의 무정부성은 생산수단에 대한 사적소유에 기초하고있는 자본주의적경제관계가 존재하는 전기간에 걸쳐 그에 내재하는 하나의 모순을 반영하고있기는 하지만 그것은 자본주의적경제관계의 착취적성격을 반영하고있지는 않다.

생산의 무정부성은 다른 사람의 로동을 착취하지 않고 자기의 로동에 기초하여 상품을 생산하는 소상품경제에서도 적용하는것이다.

이와는 달리 임금로동자에 의하여 창조된 물질적부가 자본가에게 독점적으로 점유되는 모순은 자본주의적경제관계가 존재하는 전기간에 걸쳐 자본주의적경제관계의 착취적성격을 반영하는 모순인것으로 하여 자본주의경제의 기본모순으로 되는것이다.

임금로동자에 의하여 창조된 물질적부가 자본가에게 독점적으로 점유되는것이 자본주의경제의 기본모순으로 되는것은 또한 그것이 자본주의사회에 내재하는 다른 모든 경제적모순들과 사회적불평등을 낳는 근원으로 되고있다는 사정과 관련된다.

위대한 령도자 김정일동지께서는 다음과 같이 지적하시였다.
《자본주의경제의 기본모순은 다른 모든 경제적모순과 사회적불평등을 낳는 근원으로 되고있습니다.》

어느 착취사회를 막론하고 경제관계에 내재하는 모순들은 다양하며 그것들은 호상 제약하면서 서로 밀접히 련관되여있다.

경제적모순들이 호상제약하면서 련관되여있다는것은 그것들이 모두 같은 지위에 있다는것을 의미하지 않는다.

다양한 경제적모순가운데서 다른 경제적모순들의 근저에 놓여있으면서 다른 이여의 경제적모순들과 사회적적불평등을 가져오게 하는 근원으로 되는 모순이 해당 착취사회경제의 기본모순으로 된다.

한마디로 말하여 경제의 기본모순은 다른 경제적모순들의 기초로, 근원으로 되는 모순이다.

자본주의사회에서 모든 경제적모순들과 사회적불평등을 가져오는 근원으로 되는 경제적모순은 다름아니라 임금로동자에 의하여 물질적부가 창조되지만 그것이 로동자자신이 아니라 자본가에게 독점적으로 점유되고 그들의 부귀영화에 탕진되고 있다는데 있다.

자본주의경제가 날이 갈수록 더욱더 심각한 위기에 빠져들어가고 물질생활에서 부자와 빈자사이의 불평등이 더욱더 심화되며 도시와 농촌의 대립을 비롯한 자본주의사회의 불합리한 모든 현상들은 경제가 모든 재부의 향유자로 되여야 할 근로인민대중에게 복무하지 못하고있는 자본주의경제의 기본모순에 바탕을 두고있다.

위대한 령도자 김정일동지께서는 자본주의경제의 기본모순이라는 새로운 범주를 설정하고 그 내용을 과학적으로 밝혀주심으로써 주체정치경제학건립에 커다란 공적을 쌓으시였으며 자본주의에 대한 환상을 버리고 사회주의기치를 견결히 옹호고수해나가는 사상리론적무기를 마련해주시였다.

모든 당원들과 근로자들은 자본주의경제의 기본모순에 대한 주체의 리론을 깊이 연구체득함으로써 자본주의에 비할바없이 우월한 인민대중중심의 우리 식 사회주의를 옹호고수하고 주체위업의 완성을 위한 투쟁에 힘차게 떨쳐나서야 할것이다.",KJI,collapse_arduous_march,1990s,7.190676034332207
사회생산력발전의 일반적합법칙성,손영석,1996,4,1656,"사회생산력은 일정한 합법칙성에 따라 발전한다.

사회생산력발전의 일반적합법칙성을 옳바로 해명하는것은 경제생활에서 인민대중의 자주성실현이 어떻게 이루어지며 그 실현을 위해서는 생산력을 어떻게 발전시켜야 하는가에 대한 정확한 해답을 주는데서 매우 중요한 의의를 가진다.

사회생산력발전의 일반적합법칙성에 대한 연구에서 선차적으로 나서는 문제는 생산력의 구성요소들 가운데서 어느것이 그 발전에서 규정적역할을 하는가 하는것은 정확히 해명하는것이다.

그것은 생산력의 발전이 그 구성요소에 맞게 로동력 즉 사람의 발전과 로동도구의 발전의 두 면을 포괄하고있으며 서로 분리되여 발전하는것이 아니라 호상작용하면서 발전하기때문이다.

여기서 로동력의 발전은 주로 사람의 지적능력의 발전을 의미한다.

그것은 인간에게 체현되여있는 로동력은 육체적힘과 정신적힘으로 이루어져있으며 이 가운데서 기본적인것은 인간의 정신적힘이기때문이다.

선행리론에서는 유물사관의 원리에 기초하여 생산력의 구성요소들 가운데서 생산도구가 가장 가변적이며 생산력의 발전은 생산도구의 발전으로부터 시작되고 로동력은 생산도구의 발전을 따라간다고 규정하였다.

물론 생산력의 발전은 객관적으로는 무엇보다도 생산도구의 발전으로 표현된다.

왜냐하면 생산도구가 인간의 과학기술지식이 객관화된것이기때문이다.

그러나 그것은 생산력의 발전이 생산도구의 발전으로부터 시작된다는것을 결코 의미하지 않는다.

생산력의 발전이 객관적으로는 먼저 무엇의 발전으로 표현되는가 하는것과 생산력의 발전이 무엇의 발전으로부터 시작되는가 하는것은 서로 다른 문제이다.

위대한 령도자 김정일동지께서는 다음과 같이 지적하시였다.
《생산력발전문제를 놓고보아도 생산력을 발전시키는데서 주동적이며 능동적인 역할을 하는것은 생산의 직접적담당자인 근로인민대중이며 그들의 자각적열성과 창조적능력을 높이지 않고서는 아무리 사회주의적생산관계를 수립하여놓았다 하더라도 생산력을 끊임없이 높은 속도로 발전시켜나갈수 없는것입니다.》(《사회주의건설의 력사적교훈과 우리 당의 총로선》, 8페지)

생산도구를 만드는것도 사람이며 그것을 다루는것도 사람이다.

따라서 인간의 지적능력의 발전과 생산도구의 발전가운데서 어느것이 선차적이고 주도적인가 하는것을 옳게 해명하려면 생산도구와 그의 제작자와의 관계와 생산도구와 그의 리용자와의 관계의 두면에서 고찰하여야 한다.

무엇보다도 생산도구의 창조자는 사람이다.

새로운 생산도구는 저절로 생겨날수도 없고 자연자체에서 저절로 얻어질수도 없다.

새로운 생산도구는 오직 사람에 의하여 만들어지며 새로운 생산도구가 나왔다면 그것을 발명하고 제작한 사람들이 있기마련이다.

다음으로 생산도구를 다루는것도 사람이다.

생산도구의 발전은 사람의 지적능력의 발전에 커다란 작용을 한다.

새로운 생산도구를 받아들여 쓰는 과정에 생산자들이 해당한 지식과 기술기능을 체득하고 경험을 쌓게 되지만 이것이 생산도구가 먼저 발전하고 그다음에 인간의 지적능력이 발전한다고 볼 근거로 될수는 없다.

왜냐하면 생산도구 자체가 사람에게 어떤 지식과 기술기능을 가지라고 하는것이 아니라 오히려 사람들이 새로 받아들인 생산도구가 자기성능을 다 내도록 하기 위하여 그것을 다루는데 필요한 지식과 기술기능을 소유하려 하기때문이다.

생산도구와 사람가운데서 주동적인것은 어디까지나 사람이다.

사람들은 생산도구를 리용해보는 과정에 그에 필요한 지식과 기술기능을 습득할뿐아니라 그 수준을 더욱 높일수도 있으며 그에 기초하여 그 생산도구를 개선하거나 새로운 생산도구를 만들어낼수 있다.

이처럼 인간의 지적능력의 발전과 생산도구의 발전가운데서 선차적이고 주도적인것은 인간의 지적능력의 발전이다.

인간의 지적능력이 발전하지 않고 생산도구가 먼저 발전할수 없는것은 자명한 진리이다.

인간의 지적능력의 발전은 어느 한 시점에서 단번에 이루어지는것이 아니라 오랜 력사적과정을 거치면서 점차적으로 이루어지게 된다.

이에 맞게 생산도구도 석기로부터 오늘의 현대적인 기술수단으로
										 점차적으로 발전하여 왔으며 생산력도 점차적으로 발전하게 되였다.

즉 인간의 지적능력의 발전에 기초하여 사회생산력이 점차적으로 발전하게 된다.

인간의 지적능력의 발전에 기초하여 생산도구가 점차적으로 발전한다는것은 하나의 어길수 없는 법칙이다.

이에 토대하여 사회생산력은 일정한 합법칙성에 따라 발전하여 간다고 볼수 있다.

생산력발전의 합법칙성은 무엇보다도 사람의 경험적지식에 기초한 수공업적도구의 리용이라고 볼수 있다.

위대한 령도자 김정일동지께서는 다음과 같이 지적하시였다.
《지난 시기에는 과학과 기술이 생산발전에 그리 큰 영향을 주지 못하고 주로 경험에 의거하여 생산을 진행하였습니다.》

사람들은 자연을 개조하는 첫 단계에서 생산적경험(경험적지식)에 의거하여 생산활동을 진행하였다.

경험적지식은 사람들이 생산활동에서 자연현상을 감각기관들을 통하여 구체적으로 파악한 인식의 한 형태이다.

사람들은 자연환경속에서 살면서 자연으로부터 생활자료를 얻어내는 과정에 자연현상의 비밀을 하나하나 깨닫게 되였으며 생활자료를 쉽게 얻어낼수 있는 묘리를 점차 알게 되였다.

개별적인 사람들이 생산활동과정에 얻는 자연에 대한 단편적인식은 집단안에서 서로 교환되고 또 대를 이어가며 물려주는 과정에 그것은 경험적지식으로 고착되게 되였다.

생산자들의 지식과 경험은 자연현상의 본질과 운동법칙에 대하여 체계적으로 파악한 과학지식인것이 아니라 단편적이고 경험적인 지식이였으나 그것은 사람들로 하여금 보다 목적의식적으로 자연개조활동을 할수있게 하였으며 보다 적은 육체적힘을 지출하고도 보다 큰 자연의 힘을 정복할수 있는 가능성을 마련하여주었다.

사람들이 자연을 개조하면서 살아가려는 요구를 경험적지식에 기초한 창조적능력을 실현하게 된것은 사람들의 생산활동이 본격적인 단계에 들어섰으며 사회생산력이 점차 발전하게 되였다는것을 의미하였다.

경험적지식은 인간의 자연개조활동이 시작된때로부터 생산이 현대과학과 결합될 때까지 즉 산업혁명이전시기까지 사람들이 자연을 개조하는데서 의거하여 온 기본적인 창조능력이였다.

그러므로 이 기간의 사회생산력의 발전력사는 사람들의 경험적지식의 발전력사라고 말할수있다.

사람들은 경험적지식에 기초하여 자연을 개조하는 창조적활동을 벌리는 과정에 수공업적도구를 창조하고 개량하여 육체로동을 최대한으로 발전시켜나가게 되였다.

원시사회에서 사람들은 맨손보다 몽둥이로 나무열매를 쉽게 많이 딸수 있다는것을 깨달은 때로부터 비록 유치하기는 하지만 도구를 사용하였다.

유치한 작업도구를 만들어 리용하는 과정에 사람들은 그것을 만드는데 보다 적합한 재료가 어떤것이며 작업도구를 어떻게 만들어야 능률적인가 하는데 대하여 경험적으로 인식하게 되였다.

사람들의 이러한 경험이 축적되는데 따라 작업도구는 끊임없이 개량되게 되였다.

사람들이 수공업적도구를 만들어 쓰는데서 중요한 계기로 된것은 활과 화살을 발명하여 사용한것이였다.

원시인들은 처음에는 여럿이 힘을 합쳐 짐승사냥을 하는 방법으로 생활자료를 마련하였으나 유치한 작업도구인 몽둥이나 돌같은것을 리용하는 조건에서는 많은 짐승을 사냥할수 없었고 사냥에서 허탕을 치는때가 빈번하였다.

따라서 사람들은 위력한 사냥도구를 개발하기 위한 투쟁을 벌리는 과정에 활과 화살이 발명되였다.

중석기시대에 활과 화살의 발명으로 사람들은 맹수들로부터 자신을 보호하고 사냥의 생산성을 훨씬 높일수 있었다.

그후 사람들은 식물을 채집하는데 효과적인 작업도구를 만들기 위한 방도도 끊임없이 탐구하였다.

이 과정에 그들은 돌에 구멍을 뚫고 연마하는 방법을 알아내여 돌도구를 만드는데 적용하게 되였다.

그리하여 구멍에 자루를 맞추고 날을 세운 돌도끼와 돌괭이가 나왔다.

신석기시대에 이러한 석기들이 제작됨으로써 사람들은 사냥과 채집을 하던데로부터 농업과 목축업에로 넘어갈수 있었다.

사람들이 돌대신 금속을 리용하여 수공업적도구를 만드는 방법을 체득하게 되면서부터 작업도구는 빨리 발전하게 되였다.

사람들이 먼저 리용한 금속은 동과 주석 그리고 그 합금인 청동으로서 이것은 석기보다 훨씬 우월하였으나 자연으로부터의 채취가 어려운것으로 하여 널리 리용되지 못하였다.

작업도구의 발전에서 획기적인 계기로 된것은 사람들이 철을 뽑아내는 방법을 알아낸데 기초하여 철로 로동도구와 무기를 만들기 시작한 때였다.

쇠보습, 쇠도끼, 쇠삽 같은 철제로동도구가 널리 보급됨에 따라 물질적생산의 모든 분야에서 석기가 밀려나고 기술수단이 근본적으로 달라졌으며 로동생산성이 현저히 높아지게 되였다.

이와 같이 사람들은 생산실천과정에서 생산적경험을 축적하고 그것을 적극 활용하여 각이한 생산분야의 수공업적도구를 창안하고 끊임없이 개선함으로써 사회생산력을 높은 단계에로 발전시켰다.

이런 의미에서 경험적지식이 사람들의 생산활동을 지배한 산업혁명이전시기의 생산력발전의 합법칙성을 경험적지식에 기초한 수공업적도구의 리용으로 특징지을수 있다.

생산력발전의 합법칙성은 다음으로 과학지식에 기초한 사람의 육체적기능을 대신하는 기계기술의 리용이라고 볼수 있다.

사람들이 수공업적도구를 리용함으로써 자기의 창조적능력을 한층 발전시켜나갈수 있게 되였으나 이것으로는 경제생활에서 자주성을 완전히 실현할수 없었다.

사람들이 육체로동의 무거운 부담에서 벗어나기 위해서는 수공업적도구 대신에 기계를 만들어 리용하여야 하였다.

그런데 수공업적도구를 만드는데 필요한 지식과 기계를 만드는데 필요한 지식사이에는 질적인 차이가 있었다.

수공업적도구는 경험적지식만을 가지고도 얼마든지 만들수 있었지만 기계를 만드는데는 기계공학, 열공학을 비롯한 여러 분야의 과학기술지식이 요구되였으며 따라서 수공업자들의 능력으로 기계를 만든다는것은 도저히 불가능하였다.

이로부터 사람들은 수공업적도구를 보다 발전시키고 그와는 질적으로 다른 새로운 형태의 생산도구인 기계를 만드는데서 기술적가능성으로 될수 있는 높은 지식인 과학지식을 습득하기 위한 투쟁을 벌리게 되였다.

객관세계에 대한 사람의 지식은 경험적지식의 단계를 거쳐 과학지식의 단계로 심화되며 과학지식은 경험적지식에 비하여 인간의 의식발전의 보다 높은 단계의 지식이라고 말할수 있다.

경험적지식이 사람들의 생산실천과정에서 얻게 되는 구체적이고 단편적인 지식이라면 과학지식은 자연과 사회의 본질과 그 발전의 합법칙성을 반영한 체계화된 지식이다.

경험적지식과 과학지식은 다 같이 인간의 지식이라는 점에서는 공통성을 가지고있지만 과학지식은 인간의 사유활동의 보다 고급한 단계의 산물이기때문에 그것은 경험적지식에 비하여 질적으로 높은 단계의 지식으로 된다.

따라서 사람들이 과학지식을 체득하지 않고서는 육체로동의 무거운 부담을 덜어주는 기계를 창조할수 없다.

사람들이 생산활동에서 경험적지식에 의거하던데로부터 과학지식에 의거하는데로 방향전환을 하게 된 결과 생산이 과학과 밀접히 결합되고 산업혁명이 일어나게 되였으며 사람들의 육체로동기능을 대신하는 현대적인 기계설비들이 출현하게 되였다.

산업혁명은 사람들이 과학기술지식을 체득하고 그것을 활용함으로써 수공업적기술을 밀어내고 기계기술을 확립한 거대한 경제기술적변혁이였다.

산업혁명이 일어나고 추진되여 온 전력사적과정은 례외없이 사람들이 과학기술지식에 기초하여 수공업적도구와 근본적으로 구별되는 기계를 대대적으로 만들어내고 그것을 생산에 널리 도입한 과정이였다.

수공업적도구를 만드는데서는 풍부한 생산적경험을 가진 숙련로동자들이 결정적인 역할을 하였다면 기계를 만드는데서는 과학기술지식을 가진 과학자, 기술자들이 중요한 역할을 하게 되였다.

과학자, 기술자들에 의하여 새로운 여러가지 기계설비들이 생산되게 됨으로써 수공업적도구는 기계에 완전히 자리를 내여주게 되였으며 사람들의 육체로동을 기계화할수 있는 물질적조건이 마련되게 되였다.

산업혁명에 의하여 수공업도구를 밀어내고 출현하게 된 기계는 서로 다른 세개의 구성요소 즉 동력기와 전도장치 그리고 작업기로 이루어져있다.

이것은 기계가 사람의 육체로동의 세가지 기능을 다 대신할수 있게 되여있다는것을 보여준다.

즉 동력기는 근육조직에서 나오는 체력의 기능을, 전도장치는 팔의 기능을, 작업기는 손의 기능을 각각 대신하고있으며 그것들의 연장이다.

이러한 기계가 등장함으로써 인간의 육체로동기능은 기계에 넘겨지게 되였다.

사람들이 기계를 가지고 생산활동에 하게 된 결과 육체로동으로부터 해방되여 기계를 조장하는 정신로동의 기능만을 담당하게 되여 인간의 로동활동에서는 커다란 전변이 이룩되였다.

이와 같이 사람들이 과학기술지식을 활용하여 현대적인 기계설비들을 대대적으로 창안제작함으로써 육체로동의 기계화단계가 시작되였으며 생산력이 보다 높은 수준에 이르게 되였다.

이것은 과학지식에 기초한 사람의 육체적기능을 대신하는 기계체계의 리용이 사회생산력발전의 일반적합법칙성의 중요한 내용의 하나이라는것을 말하여준다.

생산력발전의 합법칙성은 또한 최신과학지식에 기초한 사람의 정신적기능까지도 대신하는 기계체계의 리용이라고 볼수 있다.

인간은 육체로동에서뿐아니라 정신로동에서까지 해방될것을 요구한다.

사람들을 정신로동의 부담으로부터 해방시키기 위하여서는 인간의 의식활동기능을 대신할수 있는 생산도구를 만들어내야 한다.

이 기계는 인간의 육체적기능에 비하여 의식활동기능이 보다 고급한 물질인 뇌수의 기능인것만큼 육체적기능을 대신하는 기계보다 비할바없이 발전된것이여야 하였다.

이것은 필연적으로 사람들로 하여금 육체로동을 기계화하는 단계에서 소유하였던 과학기술지식보다 질적으로 한계단 더 높은 새로운 과학기술지식을 소유할것을 요구하였다.

이로부터 사람들은 기계제생산에 필요한 과학기술지식을 습득하던데로부터 정신로동을 기계화하는데 필요한 최신과학기술지식을 습득하기 위한 투쟁을 벌렸으며 이 과정에 인간의 지적능력은 질적으로 높아지게 되였다.

인간의 정신로동을 기계화하는데 필요한 최신과학기술지식은 전자공학이 출현하고 이것이 여러분야들에 파급됨으로써 비로소 해결되였으며 이 과정에 반도체소자가 출현하고 그를 기본으로 하는 전자계산기가 출현하게 되여 현대과학기술의 발전에서는 커다란 변화가 일어나고 사람들의 정신로동을 자동화할수 있는 기초가 마련되게 되였다.

전자계산기는 생산을 자동화하여 사람들을 정신로동으로부터 해방시킬수 있게 하는 중요한 기술수단이다.

전자계산기는 현시기 인간의 두뇌를 모방하여 《사고》하며 정보를 자체로 처리할수 있는 《인공지능형》의 5세대전자계산기로 발전되여가고있으며 이것이 실용화되면 사람들은 생산과정을 조종하는 정신로동에서까지 벗어나 전자계산기를 비롯한 자동설비들을 조종하는 기능을 수행하게되여 로동은 흥겨운 일로 전환될수 있다.

전자공학의 눈부신 발전에 기초한 로보트의 출현은 인간의 정신로동을 자동화하는데서 획기적인 전환으로 되였다.

로보트가 작업공정에 널리 리용됨으로써 생산의 무인화가 가능하게 되여 생산과정에서 사람들이 차지하는 지위와 역할이 달라지게 되였다.

무엇보다도 생산과정에서 사람들이 완전한 주인의 지위를 차지하게 되였다.

이것은 육체로동을 대신한 기계와 새로 창조된 자동기계의 구조를 대비하여 보면 명백히 알수있다.

종래의 기계는 사람이 그의 조종기능을 담당하게 되여있어 사람은 기계체계의 한 구성요소로 되여 기계의 완전한 주인으로 되지 못하였다.

그러나 새로 창조된 자동기계는 기계설비들의 조종기능까지도 다 기계가 담당수행하게 되여있어 사람들은 기계의 구속으로부터 완전히 벗어나 그의 실제적인 주인으로 되게되였다.

또한 생산과정에서 노는 사람들의 역할은 더욱 높아지게 되였다.

생산의 기계화는 사람들의 육체적힘의 지출을 상당히 덜어주게 하지만 그대신 사람들은 기계화를 하기전보다 비할바없이 큰 감시조종기능, 론리적기능수행의 부담을 걸머지게 되며 경우에 따라 커다란 육체적힘의 지출도 동반한다.

그러나 생산의 자동화, 로보트화, 전자계산기화는 감시조종기능, 론리적기능도 생산도구에 맡기여 사람들이 육체로동에서 완전히 해방되여 주로 기술로동과 정신로동을 하게 되였으며 사회생산력을 발전시키는데 더욱더 적극적으로 기여할수 있게 한다.

이것은 사람들이 고된 로동에서 완전히 벗어나 정신로동과 육체로동의 차이가 없어지고 로동은 흥겹고 즐거운 일로 되였다는것을 의미하며 생산과정에서 주인으로서의 인간의 역할이 더욱더 높아지게 되였다는것을 의미한다.

이처럼 최신과학기술지식에 기초한 사람의 정신적기능까지도 대신하는 기계체계의 리용으로 사회생산력은 발전의 최고절정에 도달하게 되였다.

이것은 최신과학기술지식에 기초한 사람의 정신적기능까지도 대신하는 기계체계의 리용이 사회생산력발전의 일반적합법칙성의 중요한 내용의 하나이라는것을 말하여준다.

이상에서 본바와 같이 인류의 생산력발전력사는 사람의 창조적능력의 발전의 견지에서 볼 때 인간의 지적능력의 발전력사이며 사회생산력은 경험적지식에 기초한 수공업적도구의 리용으로부터 과학기술지식에 기초한 사람의 육체적기능을 대신하는 기계체계의 리용을 거쳐 현대적인 최신과학지식에 기초한 사람의 정신적기능까지도 대신하는 기계체계의 리용으로 끊임없이 발전하여 간다.

이것이 바로 주체사상의 원리에 기초하여 사람을 중심으로 규정한 사회생산력발전의 일반적합법칙성이다.

이처럼 위대한 령도자 김정일동지께서는 영생불멸의 주체사상의 근본원리에 기초하여 사람을 중심으로 사회생산력발전의 일반적합법칙성을 과학적으로 밝혀주심으로써 사회생산력발전에 대한 옳바른 리해를 가지고 사회주의, 공산주의의 물질기술적토대를 축성하기 위한 경제건설을 더욱 힘있게 밀고나갈수 있는 리론실천적무기를 안겨주시였다.",KJI,collapse_arduous_march,1990s,7.4127640174265625
공업기업소의 자재보유기준과 그 형태,조길현,1993,1,1289,"공업기업소들에서 경영활동을 정상화하기 위하여서는 경제조직사업을 짜고들어 원료, 자재를 원만히 보장하여주는것이 선차적인 문제로 나선다.

위대한 수령 김일성동지께서는 다음과 같이 교시하시였다.
《원료는 생산에서 없어서는 안될 중요한 요소입니다. 아무리 좋은 설비가 있다 하더라도 원료를 대주지 않는다면 생산을 할수 없습니다. 그러므로 생산을 정상화하려면 반드시 설비관리사업을 잘하는것과 함께 원료를 정상적으로 대주어야 합니다.》(《김일성저작집》16권, 317페지)

원료, 자재는 생산의 중요한 요소이며 생산과정은 곧 원료와 자재의 소비과정이다.

설비나 로력은 기업소에 고정적으로 배치되여있으면서 여러번의 생산과정에 참가하지만 원료, 자재는 한 생산과정에서 완전히 소비되므로 원료, 자재를 원만히 보장하는것은 생산을 끊임없이 진행하기 위한 필수적요구로 나선다.

공업기업소들에서 생산에 대한 자재보장사업을 능동적으로 원만히 진행하기 위하여서는 자재보유기준을 설정하고 그 크기를 합리적으로 규정하여야 한다.

공업기업소 자재보유기준의 경제적내용과 그 형태를 옳게 밝히는것은 자재보유기준타산과 관련하여 제기되는 모든 리론실천적문제들을 해결하는데서 출발적인 문제로 된다.

자재보유기준은 공장, 기업소들에서 생산에 대한 자재보장사업을 원만히 하기 위하여 언제나 가지고있어야 할 자재규모의 한도이다.

다시말하여 경영활동의 정상화를 보장할수 있도록 생산에 대한 자재보장을 원만히 하기 위하여 언제나 가지고있어야 할 자재규모의 한도이다.

따라서 자재보유기준에는 생산계획과 맞물린 원료, 자재의 선행공급량과 일정한 량의 자재예비가 포함된다.

자재보유기준에는 우선 생산계획과 맞물린 원료, 자재의 선행공급량이 포함된다.

공업기업소들에서 생산에 대한 자재보장사업을 잘하기 위하여서는 생산계획과 맞물린 자재를 생산에 앞세워 보장해주어야 한다.

자재를 생산에 앞세워 보장한다는것은 생산을 정상화할수 있도록 필요한 원료, 자재를 미리 공급해준다는것을 말한다.

다시말하여 자재를 생산에 앞세워 보장한다는것은 생산의 필수불가결의 요소인 원료, 자재를 총량적으로뿐아니라 품종, 규격, 재질별로 갖추어 시간적으로 생산에 앞세워 종합적으로 공급함으로써 생산이 정상적으로 끊임없이 진행되도록 물질적으로 확고히 보장한다는것을 의미한다.

생산계획과 맞물려 자재를 생산에 앞세워 공급하는것은 현대적생산조직에서 지켜야 할 합법칙적요구이다.

현대적생산에서는 과학과 기술의 발전 및 생산조직의 합리화로 하여 사회적분업이 더욱 발전하게 된다.

따라서 기업소들사이의 생산적련계가 더욱 복잡해지고 다양해지며 하나의 제품을 만드는데도 수많은 공장, 기업소들이 참가한다.

그리하여 원료, 자재를 생산하는 기업소들과 그것을 소비하는 기업소들사이에 밀접한 생산적련계가 맺어지게 된다.

매 기업소는 다른 기업소들로부터 원료, 자재를 받아다 생산하는 한편 자기가 생산한 제품을 다른 기업소들에 공급해준다.

그런데 기업소들사이에 자재를 주고받는 일은 매일, 매시각 이루어지는것이 아니라 일정한 시간간격을 두고 주기적으로 진행된다.

왜냐하면 공급자기업소는 생산조직과 협동생산조직, 운수조건, 수요자기업소와의 거리관계 등 여러가지 조건으로 말미암아 생산된 제품을 일정한 크기로 종합하여 보내주기때문이다.

그러므로 기업소들에서는 원료, 자재를 받는 기간과 소비하는 기간이 일치할수 없게 된다.

생산을 계속하기 위하여서는 원료, 자재가 부단히 소비되는데 자재공급은 주기적으로 진행된다는 이러한 사정은 모든 공장, 기업소들에서 일정한 량의 자재를 미리 가지고있을것을 요구한다.

생산계획과 맞물린 자재라도 그것을 생산에 앞세워 보장해주어야만 공장, 기업소들에서 생산을 계속할수 있고 련관된 부문, 기업소들의 생산경영활동도 정상화되여나갈수 있다.

자재를 생산에 앞세워 보장하는것은 생산과정이 곧 기술공정으로 되여있는 현대적생산의 필수적요구이다.

발전된 분업과 과학기술에 기초하고있는 현대적생산에서는 원료, 자재에 대한 기술
										적요구가 더욱 높아진다.

이리하여 원료, 자재에 대한 기술적검사와 분석, 자재선별과 재단 등 예비처리를 잘하여 원료, 자재를 준비하는 문제가 중요하게 제기된다.

기술공정의 요구에 맞게 원료, 자재를 준비하자면 일정한 시간이 요구되며 따라서 그 시간만큼 자재를 보유하고 있어야 한다.

이것은 생산계획과 맞물린 원료, 자재를 생산에 앞세워 공급함으로써 해결될수 있다.

생산계획과 맞물린 원료, 자재를 생산에 앞세워 미리 공급해주면 그것을 생산에 투입할 때까지 원료, 자재에 대한 예비처리를 미리하여 생산기술공정의 요구에 맞게 준비된 원료, 자재를 생산공정에 끊임없이 보장해줄수 있다.

이와 같이 원료, 자재를 생산에 앞세워 보장하는것은 생산과정이 곧 기술공정으로 되여있는 현대적생산의 특성으로부터 나오는 합법칙적요구이다.

생산계획과 맞물린 자재를 생산에 앞세워 보장하는것이 이처럼 현대적생산조직에서 지켜야 할 합법칙적요구이기때문에 자재보유기준에는 자재의 선행공급량이 포함된다.

자재보유기준에는 다음으로 일정한 량의 자재예비가 포함된다.

공업기업소들에서 생산에 대한 자재보장사업을 잘하기 위하여서는 또한 일정한 량의 자재예비를 가지고있어야 한다.

자재예비는 공업기업소들에서 생산에 대한 자재보장사업을 원만히 진행하기 위하여 생산계획과 맞물린 자재외에 추가적으로 가지고있게 되는 자재를 말한다.

원료, 자재의 예비를 조성하는것은 공장, 기업소의 경영활동을 정상화하기 위한 필수적요구로 나선다.

그것은 무엇보다먼저 생산계획과 맞물린 자재외에 원료, 자재에 대한 추가적인 수요가 필수적으로 제기되기때문이다.

공장, 기업소들의 경영활동과정에서는 생산계획의 초과수행이나 뜻하지 않은 사고, 자연재해, 연료, 자재 소비기준의 초과, 원자재의 류동, 오작품, 불합격품의 발생 등으로 인한 원료, 자재에 대한 추가적인 수요가 발생한다.

또한 사회주의경제를 계획적으로 관리운영하는 과정에 옳바로 타산하지 못한 요인, 새로운 기술이나 기술공정의 도입 등에 의하여 추가적인 자재수요가 발생한다.

수요가 긴장한 제품의 생산계획의 초과완수나 새로운 기술의 도입 같은것은 장려하여야 할 문제이므로 추가적인 자재수요는 필수적으로 발생한다.

생산계획을 수행하기 위하여 맞물린 원료, 자재의 공급으로서는 이러한 추가적인 수요를 보장할수 없다.

원료, 자재에 대한 추가적인 수요를 보장하기 위하여서는 생산계획과 맞물린 자재외에 추가적인 자재예비가 있어야 한다.

원료, 자재의 예비를 조성하는것이 공장, 기업소의 경영활동을 정상화하기 위한 필수적요구로 나서는것은 또한 생산계획과 맞물린 자재의 공급이 뜻하지 않은 사고로 일시적으로 중단될수도 있다는 사정과 관련된다.

인민경제계획을 수행하는 과정에는 생산자기업소들이나 수송기관들에서 예상치 못한 정황으로 하여 생산계획과 맞물린 자재를 제때에 생산보장하지 못하거나 미처 수송해주지 못하는 경우도 있을수 있다 .

이런 경우에도 생산과정에 원료, 자재를 계속 보장하기 위하여서는 공장, 기업소들에서 이에 대처한 일정한 량의 자재예비를 가지고있어야 한다.

이러한 자재예비는 자재가 제때에 공급되지 못하는 때에 생산에 투하되며 해당한 자재가 공급되면 다시 보충되기때문에 일정한 규모를 계속 유지하게 된다.

일반적으로 원료, 자재에 대한 추가적인 수요에 대처하기 위한 자재예비는 국가적인 범위에서 생산된 자재의 일정한 량을 따로 뚝 떼내여 조성하며 국가가 일정한 절차를 거쳐 공급해준다.

따라서 공장, 기업소들의 자재보유기준에는 이러한 추가적인 수요에 대처하기 위한 자재예비는 포함시키지 않는것이 합리적이다.

만일 추가적인 수요에 대처하기 위한 자재예비를 기준화하면 생산계획의 초과수행이나 새 기술의 도입같은것은 그 기준의 범위에서 제한되게 된다.

또한 원료, 자재의 소비기준의 초과, 오작품, 불합격품에 대처하기 위한 자재를 기준화해놓으면 그만큼 소비기준의 초과나 오작품, 불합격품의 발생을 허용하는것으로 되기때문에 그에 대한 통제를 옳바로 할수 없고 기업관리를 잘해나갈수 없게 된다.

따라서 자재의 추가적인 수요에 대처하기 위한 자재예비는 원칙적으로 공장, 기업소의 자재보유기준화의 대상으로 될수 없다.

추가적인 수요는 국가예비나 절약된 자재로 충당해야 한다.

공장, 기업소들에서 자재보유기준화의 대상으로 되는 자재예비는 생산계획과 맞물린 자재가 제때에 공급되지 않는 경우에 대처하기 위한것만이다.

이 자재예비는 생산계획과 맞물린 자재가 제때에 공급되지 않는 경우에도 생산에 대한 자재보장을 계속하기 위한것으로서 기업소적인 범위에서 기준화해야 한다.

따라서 이 자재예비만 기업소자재보유기준에 포함된다.

이와 같이 자재보유기준에는 생산계획과 맞물린 자재의 선행공급량과 생산계획과 맞물린 자재공급이 중단되는 경우에 대처하기 위한 일정한 량의 자재예비가 포함된다.

자재보유기준은 경제적내용에 따라 경상보유기준과 생산준비보유기준, 보험보유기준으로 갈라볼수 있다.

자재보유기준을 경제적내용에 따라 이와 같은 형태들로 구분하는것은 자재보유기준타산의 방법론을 옳게 세우는데서 중요한 의의를 가진다.

경상보유기준은 자재의 한 공급주기사이에 생산에 대한 자재보장을 계속하기 위하여 가지고 있게 되는 자재보유기준의 한 형태이다

다시말하여 원료, 자재에 대한 소비는 부단히 진행되는 반면에 자재공급은 주기적으로 진행되는것과 관련하여 자재의 한 공급주기사이에 가지고있어야 할 자재규모의 한도가 경상보유기준이다.

자재의 공급은 주기성을 띠고 소비는 련속성을 가지는것으로 하여 경상보유기준의 크기는 자재가 공급되는 순간에는 최대로 커졌다가 다음 공급시기에 이르기까지 점차 소비되면서 적어진다.

그러므로 경상보유기준은 최대치를 띠는 경우의 규모로 예견하여야 생산에 대한 자재보장을 원만히 할수 있으며 자재보유기준이 자기의 사명을 다할수 있다.

경상보유기준의 크기가 최대치를 띠는 경우의 규모로 예견되였을 때 그것을 경상보유최대기준이라고 한다.

경상보유최대기준은 공급주기와 자재의 하루평균소비량의 두 요인의 영향을 받는다.

자재의 하루평균소비량은 공장, 기업소의 계획과제와 계획수행기간에 의하여 규정되며 자재공급주기는 순차적인 두 공급사이의 기간을 날자로 표시한것이다.

일반적으로 경상보유기준의 크기가 자재를 공급받는 순간의 최대치로부터 다음 공급시기의 0으로까지 변하기때문에 경상보유기준의 크기를 그 기간의 평균차로서도 반영할수 있다.

이것을 경상보유평균기준이라고 할수 있는데 그 크기는 경상보유최대기준을 둘로 나누는 방법으로 규정할수 있다.

자재보유기준의 크기를 평균치로 반영하게 되면 공장, 기업소에 얼마만한 원료, 자재가 잠겨있는가를 알수 있으며 그에 해당한 류동자금의 크기도 규정할수 있다.

생산과 수송의 계절성으로 하여 자재공급이 일정한 계절기간 중단되는 원료, 자재의 경상보유기준의 크기는 공급주기가 아니라 계절적영향으로 자재공급이 중단되는 기간과 하루평균자재소비량의 영향을 받는다.

자재공급이 계절적영향을 받는 원료, 자재의 경상보유기준을 계절보유기준이라고도 할수 있다.

계절보유기준은 경상보유기준의 변종이다.

계절보유기준의 크기도 계절적영향으로 자재공급이 중단되는 시기의 최대량으로부터 자재공급이 다시 시작되는 시기의 0으로까지 변화된다.

따라서 계절보유기준도 최대치를 띠는 시기의 규모로 예견하여야 한다.

이것을 계절보유최대기준이라고 할수 있다.

생산준비보유기준은 생산공정이 곧 기술공정으로 되여있는 현대적생산의 요구에 맞게 원료, 자재에 대한 생산준비적인 예비처리를 수행하는데 필요한 시간에 대처하기 위하여 가지고있게 되는 자재보유기준의 한 형태이다.

생산준비보유기준의 크기는 생산준비적인 예비처리를 수행하는데 필요한 시간과 자재의 하루평균소비량의 영향을 받는다.

생산준비적인 예비처리를 수행하는데 필요한 시간은 원료, 자재의 물리, 화학적, 기술적특성과 생산기술공정의 특성, 생산조건, 자연조건 등 여러가지 요인들의 영향을 받는다.

생산준비보유기준의 규모는 변하지 않고 일정하다.

생산준비적인 예비처리를 받지 않고 그대로 생산에 투입되는 자재와 생산준비적인 예비처리를 진행하는데 드는 시간이 그리 크지 않는 자재인 경우에는 생산준비보유기준을 따로 설정하지 않아도 된다.

보험보유기준은 생산계획과 맞물린 자재공급이 계획보다 늦어져 자재가 제때에 공급되지 않는 경우에는 생산에 대한 자재보장을 계속하기 위하여 공장, 기업소들에서 가지고 있게 되는 자재보유기준의 한 형태이다.

다시 말하여 경상보유기준만으로 생산에 대한 자재보장을 계속 할수 없는 경우에 대처하기 위한 자재보유기준의 한 형태이다.

보험보유기준은 자재의 하루평균소비량과 보험보유일수의 영향을 받는다.

자재의 보험보유일수는 자재의 긴급공급을 조직하는데 필요한 시간이나 지난 기간의 자재공급실태에 대한 자료를 분석하여 타산하는데 원료, 자재별로 기업소의 중요성에 따라 다르게 규정된다.

보험보유기준도 그 규모가 변하지 않는다.

공장, 기업소들에서 정상보유기준과 생산준비보유기준에 해당한 자재는 생산계획과 맞물린 자재를 생산에 앞세워 미리 공급해주는 방법으로 보장하며 보험보유기준에 해당한 자재는 자재예비를 마련하는 방법으로 보장한다.

모든 공업기업소들에서는 자재보유기준의 경제적내용에 맞게 자재보유기준화사업을 더 잘함으로써 기업관리를 더욱더 개선해나가야 할것이다.",KIS,collapse_arduous_march,1990s,7.162397497355718
제3차 7개년계획의 성과적수행은 일심단결과 자력갱생의 빛나는 승리,룡정철,1994,1,1085,"위대한 수령 김일성동지께서는 력사적인 조선로동당 중앙위원회 제6기 21차전원회의에서와 올해 신년사에서 제3차 7개년계획의 수행을 총화하시고 앞으로 3년간을 사회주의경제건설의 완충기로 하고 이 기간에 수행하여야 할 혁명적경제전략을 제시하시였다.

력사적인 우리 당 제6차대회가 내놓은 사회주의경제건설의 웅대한 강령을 실현하기 위한 제3차 7개년계획의 성과적인 수행은 위대한 수령 김일성동지와 친애하는 지도자 김정일동지의 현명한 령도의 빛나는 결실이며 수령, 당, 대중의 일심단결과 자력갱생의 위력이 가져다준 고귀한 열매이다.

위대한 수령 김일성동지께서는 다음과 같이 교시하시였다.
《일심단결과 자력갱생은 우리 혁명의 불멸의 영광스러운 전통이며 승리의 기치입니다. 우리는 일심단결의 위력으로 준엄한 시련을 뚫고 빛나는 승리의 길을 걸어왔으며 자력갱생의 혁명정신으로 온갖 난관을 이겨내며 혁명과 건설에서 위대한 변혁을 이룩하여왔습니다.》(《신년사》 1994년, 9페지)

제3차 7개년계획의 성과적수행이 일심단결과 자력갱생의 빛나는 승리로 되는것은 무엇보다먼저 그것이 준엄한 투쟁과 시련속에서 이룩되였기때문이다.

우리 당 제6차대회가 제시한 제3차 7개년계획은 사회주의경제건설의 전략적로선에 따라 인민경제의 주체화, 현대화, 과학화를 다그쳐 사회주의완전승리를 위한 물질기술적토대를 마련하는것을 기본과업으로 내세운것으로 하여 우리 혁명발전의 요구와 우리 인민의 지향에 맞게 정확히 작성된 웅대한 경제건설계획이였다.

위대한 수령님께서와 친애하는 지도자동지께서는 제3차 7개년계획을 성과적으로 수행하기 위한 방향과 방침을 뚜렷이 밝혀주시고 사상, 기술, 문화의 3대혁명 기치높이 새로운 경제건설목표를 실현하기 위한 총진군에로 전체인민을 조직동원하시였다.

제3차 7개년계획의 웅대한 목표와 그 실현을 위한 당의 방침은 온 나라 전체 근로자들을 영웅적투쟁과 위훈에로 힘있게 추동하였으며 새 전망계획의 실행에 들어선 첫시기부터 사회주의건설에서 커다란 앙양을 가져왔다.

그러나 제3차 7개년계획을 수행하기 위한 우리 인민의 투쟁은 국제정세가 그 어느때보다도 첨예한 시기에 중첩되는 시련과 난관속에서 진행되였다.

1990년대에 들어서면서 세계제국주의와 반동세력의 반사회주의적공세가 류례없이 격화되고 격변하는 국제적환경은 우리 혁명과 건설에 큰 영향을 미쳤으며 커다란 난관과 장애를 조성하였다.

한편 제국주의자들과 반동들은 세계 여러 나라들에서 사회주의가 좌절되자 우리 공화국을 반대하는데 공격의 화살을 집중하였으며 우리 나라를 고립질식시키고 우리의 사회주의위업을 압살해보려고 정치군사적으로, 경제적으로 집요하게 책동하였다.

우리 당은 변천된 국제적환경과 날로 첨예화되여가는 정세에 대처하여 나라의 방위력을 강화하기 위해 경제적으로 많은것을 국방에 돌리면서 제3차 7개년계획에 예견하였던 경제장성속도를 조절하고 경제규모를 줄이면서 그 어떤 조건에서도 자체의 힘으로 살아나갈수 있도록 나라의 경제적자립성을 한층 더 강화하는 방향에서 경제구조를 더욱 완비하며 달라진 환경에 맞게 대외경제관계에서 방향전환을 하는 혁명적방침을 제시하였다.

위대한 수령님과 친애하는 지도자동지께 충직한 우리의 영웅적로동계급과 전체 근로자들은 당이 제시한 새로운 혁명적방침을 높이 받들고 《당이 결심하면 우리는 한다!》는 철석같은 신념과 의지를 가지고 온갖 난관과 시련을 이겨내면서 영웅적으로 투쟁하였다.

그리하여 우리 인민은 여러 사회주의나라들과 세계사회주의시장이 붕괴되고 그 나라들과 맺었던 장기 또는 단기 무역협정들이 헝클어지고 그 리행이 거의 중단되였으며 전통적으로 진행되여온 경제협조와 무역거래들이 부진되는속에서도 자력갱생, 간고분투의 혁명정신으로 힘찬 투쟁을 벌려 사회주의경제건설과 인민생활에서 커다란 성과를 이룩하였다.

국제적사변들과 나라에 조성된 첨예한 정세에 의하여 제3차 7개년계획에 예견하였던 공업생산의 총규모와 전력, 강철, 화학섬유를 비롯한 일부 중요지표들의 계획을 미달하였으나 사회주의건설의 모든 분야에서 거대한 전진이 이룩
										되였다.

생활은 우리 당이 취한 혁명적조치가 우리 혁명과 건설의 근본리익에 전적으로 맞고 급변하는 정세에 주동적으로 대처하는 가장 정당하고 현명한 조치였다는것을 뚜렷이 보여주고있다.

그 어느때보다도 준엄하고 엄혹한 시련속에서 그처럼 높은 목표를 제기한 제3차 7개년계획을 성과적으로 수행할수 있은것은 위대한 수령님과 친애하는 지도자동지의 현명한 령도와 당과 수령에 대한 우리 인민의 무한한 충실성, 그리고 수령, 당, 대중의 일심단결의 위력, 자력갱생의 위력이 빛나게 발휘되였기때문이다.

제3차 7개년계획의 성과적수행이 일심단결과 자력갱생의 빛나는 승리로 되는것은 다음으로 그것이 우리 나라 경제를 새로운 높은 단계에로 올려세웠다는데 있다.

제3차 7개년계획기간 사회주의경제건설의 전략적로선인 인민경제의 주체화, 현대화, 과학화가 힘있게 추진됨으로써 우리 나라 경제는 공업과 농촌경리를 비롯한 인민경제 모든 부문이 현대적기술로 장비되고 부문구조가 완비된 사회주의자립적민족경제로 더욱 튼튼히 다져졌다.

제3차 7개년계획기간에 공업부문이 빨리 발전하였으며 주체공업의 위력이 더욱 강화되여 공업생산은 1.5배로 늘어났으며 공업생산의 년평균증가속도는 5.6%에 이르렀다.

인민경제의 선행부문을 확고히 앞세울데 대한 당의 일관한 방침에 따라 계획수행기간 전력공업과 채취공업을 앞세우고 금속공업을 발전시키는데 큰 힘이 돌려져 나라의 원료, 연료, 동력기지가 더욱 확대강화되고 질적으로 공고화되였다.

1993년에 전력생산은 1986년에 비하여 1.3배로 늘어났고 계획수행기간 석탄생산은 1.4배로 늘어났으며 우리의 금속공업은 부문구조가 완비되고 모든 부문이 조화롭게 발전하는 자립적인 공업으로 더욱 강화되였다.

기술혁명의 요구에 맞게 기계공업의 모든 부문이 빨리 발전하였으며 기계설비의 정밀화, 대형화, 고속도화가 힘있게 추진되고 전자, 자동화공업이 빨리 발전하여 그 물질기술적토대가 한층 더 강화되였다.

계획수행기간 화학공업발전에 큰 힘이 돌려져 화학섬유생산기지들이 늘어나고 정비보강되였고 화학비료생산이 1.5배로 늘어나고 그 질적구성이 더욱 개선되였다.

경공업혁명을 다그칠데 대한 당중앙위원회 제6기 제16차전원회의 결정에 따라 경공업발전에서도 커다란 성과가 이룩됨으로써 천과 신발, 식료공업과 일용품공업이 빨리 발전하고 인민소비품생산이 더욱 빨리 늘어나게 되였다.

제3차 7개년계획기간 농촌경리발전에서 새로운 전진이 이룩되였다.

주체공업의 힘있는 지원밑에 농촌기술혁명이 적극 추진됨으로써 수리화와 전기화가 높은 수준에서 완성되고 기계화, 화학화에서 전환을 가져왔다.

그리하여 사회주의농촌테제가 밝혀준 길을 따라 농촌에서 사상, 기술, 문화 혁명이 힘있게 추진되고 사회주의협동경리제도가 더욱 공고화되였으며 우리 당의 주체농법이 철저히 관철되고 록색혁명에서 새로운 성과들이 이룩되여 알곡생산을 비롯한 농촌경리의 모든 부문이 빨리 발전하였다.

수산업발전에서도 큰 성과가 이룩되였다.

계획수행기간 수산업의 물질기술적토대가 더욱 강화되고 특히 바다가양식면적과 그 생산량이 훨씬 늘어났다.

철도운수를 비롯한 교통운수부문이 더욱 발전하여 우리 나라에서 철도본선 전기화가 기본적으로 완성되였으며 현대적인 고속도도로가 건설되고 항들의 통과능력이 더욱 늘어났다.

제3차 7개년계획기간 수백억원의 막대한 기본건설투자로 공업부문에서만도 1만 1,000여개 대상이 건설되여 새로 조업하였으며 농촌경리의 수리화와 간석지건설을 비롯한 대자연개조사업이 성과적으로 진행되고 혁명의 수도 평양시에 조국해방전쟁승리기념탑과 3대혁명전시관, 만경대학생소년궁전, 5월1일경기장, 청춘거리경기관들을 비롯한 로동당시대의 기념비적창조물들이 수많이 일떠서고 전국각지에 3,200여개의 교육문화보건시설들과 여러가지 봉사시설들이 건설되였다.

이와 함께 평양시에 광복거리와 통일거리가 일떠서고 10만여세대의 현대적인 살림집들을 새로 건설한것을 비롯하여 전국의 도시와 농촌들에 100여만세대의 살림집들이 건설되였다.

계획수행기간 사회주의 문화건설이 힘있게 추진되여 과학, 교육, 문화, 보건사업이 더욱 발전함으로써 7년동안에 1만 2,000여건의 가치있는 발명과 수십만건의 창의고안, 합리화안이 도입되였고 우리의 지식인대렬은 173만명의 대부대로 장성하였으며 당의 예방의학적방침이 철저히 구현되여 근로자들이 평균수명은 74.5살로 늘어났다.

이 기간에 또한 로동자, 사무원들의 생활비와 사회보장자들의 사회보장년금, 대학 및 전문학교 학생들의 장학금이 전반적으로 40%이상 대폭 올라갔고 협동농민들의 수입을 늘이기 위하여 농업생산물의 수매가격을 훨씬 높이는 획기적인 인민적시책이 실시되였다.

그리하여 근로자들의 실질소득이 체계적으로 늘어나고 로동자, 사무원들과 협동농민들, 모든 근로자들의 물질문화생활이 다같이 고르롭게 향상되여 우리 인민은 가장 우월한 무료의무교육제와 전반적이고 완전한 무상치료제, 선진적인 사회보장제를 비롯하여 여러가지 국가적, 사회적혜택을 받으며 세상에 부럼없는 생활을 누리고있다.

제3차 7개년계획수행에서 이룩한 모든 성과들은 위대한 수령 김일성동지와 친애하는 지도자 김정일동지의 현명한 령도의 빛나는 결과이며 수령, 당, 대중의 일심단결의 위력과 자력갱생의 위력이 가져다준 빛나는 결실이다.

이 빛나는 성과들은 제국주의자들과 반동들의 그 어떤 경제적봉쇄나 세계적인 정세파동에도 끄떡하지 않는 우리 나라 사회주의제도의 비할바없는 우월성과 위력에 대한 힘있는 시위로 되며 자립적인 토대우에서 계획적으로 발전하는 우리 나라 사회주의경제의 생활력에 대한 뚜렷한 증시로 된다.

오늘 우리앞에는 제3차 7개년계획수행에서 이룩한 성과를 공고히 하면서 사회주의경제건설을 힘있게 다그쳐 우리 식 사회주의의 위력을 더 강화하고 그 우월성을 한층 더 높이 발양시켜야 할 영예로운 과업이 나서고있다.

위대한 수령님께서는 올해 신년사에서 변천된 환경과 우리 나라 사회주의건설의 현실적요구를 깊이 분석하신데 기초하여 앞으로 3년간을 사회주의경제건설의 완충기로 하고 이 기간에 농업제일주의, 경공업제일주의, 무역제일주의로 나갈데 대한 전략적방침을 제시하시였다.

앞으로의 진군에서 승리의 결정적담보는 당과 수령의 두리에 철통같이 뭉친 우리의 일심단결을 눈동자와 같이 지키며 그 위력을 더 높이 발휘하는데 있으며 자력갱생, 간고분투의 혁명정신을 더욱 높이 발휘하는데 있다.

우리의 일심단결은 위대한 수령, 위대한 령도자를 절대적으로 숭배하고 따르는 전당과 전체 인민의 사상의 일심단결이며 행동의 일심단결이다.

력사에 일찌기 있어본적이 없는 이 위대한 일심단결의 위력을 높이 발휘하며 자력갱생의 혁명정신으로 전진해나갈때 뚫지 못할 난관, 점령못할 요새란 있을수 없다.

일심단결과 자력갱생은 우리 식 사회주의를 옹호고수하고 끝까지 완성하기 위한 우리의 가장 위력한 무기이며 힘이다.

우리의 모든 일군들은 제3차 7개년계획수행에서 우리가 승리할수 있은것이 바로 일심단결과 자력갱생의 위력이 발휘되였기때문이라는것을 명심하고 우리 혁명의 불멸의 영광스러운 전통이며 승리의 기치인 일심단결과 자력갱생을 더욱 높이 발휘하며 사회주의경제건설의 완충기에 우리 당의 혁명적경제전략을 철저히 관철하기 위한 성스러운 투쟁에 한사람같이 떨쳐나서 모두가 영예로운 승리자가 되여야 할것이다.",KIS,collapse_arduous_march,1990s,6.990256500493881
신식민주의적농업예속화정책과 발전도상나라 식량위기,차용복,1991,1,1517,"오늘 우리 시대의 위대한 반제자주력량인 쁠럭불가담나라들에서는 이미 쟁취한 민족적독립을 공고히 하면서 새 사회건설을 다그치기 위한 힘찬 투쟁이 벌어지고있다.

그러나 발전도상나라 인민들의 독립과 새 사회건설을 위한 투쟁의 앞길에는 의연히 엄중한 난관들이 가로막아나서고있다.

오랜 기간에 걸치는 제국주의식민지통치의 후과로 발전도상나라들의 경제는 심하게 파괴되였으며 오늘도 신식민주의적예속에서 벗어나지 못한것으로 하여 이 나라들의 민족농업은 매우 뒤떨어진 상태에 있다.

특히 지난날 농산물수출국들이였던 일부 발전도상나라의 농업은 심하게 파괴되여 세계최대의《기근지대》로 전락되고있다.

전통적인 식량수출국들이였던 이 나라들에서 농업생산은 여지없이 파괴되고 토지는 황페화되여가고있으며 알곡생산량은 끊임없이 떨어지고있다.

1981-1982년 세계의 총 알곡생산량은 전해보다 4% 늘어났다.

그러나 발전도상나라 69개집단의 식량문제 해결을 위한 커다란 노력에도 불구하고 일인당 알곡생산량은 3%나 떨어지고있다.

1974년에 열린 첫 세계식량회의와 수많은 국제회의들에서는 발전도상나라들의 년평균 식량생산장성속도를 최소한 4%에 이르게 할데 대하여 결정하였으나 이 나라들의 년평균 알곡생산장성률은 의연히 낮은 상태에 있다.

특히 이상기후현상이 심했던 1983년에는 그전해에 비하여 13%,(684만t), 1984년에는 10%(530만t)나 줄어들었다.

자료에 의하면 1986년 세계 총 알곡생산량은 19억 1,100만t, 그중 인구의 51%를 차지하는 발전도상나라들의 알곡생산량은 ６억t으로서 인구의 15%밖에 안되는 발전된 자본주의나라 생산량의 절반도 안되고있다.

자립적공업의 토대를 갖추지 못한 이 나라들의 물질기술적토대는 매우 미약하며 해마다 많은 식량을 사들이지 않으면 안되는 식량수입국의 운명을 강요당하게 하고있다.

1970년대초에 1,800만t, 1980년대에는 9,000만t의 알곡을 수입에 의존하였으며 오늘 그 규모는 1억t수준을 훨씬 뛰여넘고있다.

식량생산의 끊임없는 감소와 그로 인한 식량부족은 오늘 발전도상나라들에 엄중한 사회경제적재난을 들씌우고있다.

인류를 위협하는 식량위기로 하여 14억의 인구가 기아와 빈궁속에 헤매이고 ６억의 사람들이 영양실조에 걸려있으며 해마다 수천만명의 사람들이 굶어죽고있다.

식량위기가 제일 심한 아프리카에서는 주민 3명중 1명이 기아선상에 놓여있으며 라틴아메리카에서는 1억 6,000만명의 사람들이 굶주림에 시달리고있다.

발전도상나라들을 휩쓰는 극심한 식량위기는 결코 그 어떤 자연재해나 이상기후에 의한 일시적인 현상이 아니다.

발전도상나라 인민들이 겪는 무서운 식량기근과 이 나라들의 참혹한 농업파괴상은 전적으로 제국주의신식민주의적농업예속화정책의 필연적산물이다.

위대한 수령 김일성동지께서는 다음과 같이 교시하시였다.
《식량문제, 농업문제는 쁠럭불가담나라들과 발전도상나라들이 새 사회 건설에서 반드시 해결하여야 할 매우 중요하고도 절박한 문제의 하나입니다. 쁠럭불가담나라들과 발전도상나라들이 농업생산을 발전시키고 식량문제를 해결하는것은 제국주의 식민지통치의 후과를 가시고 민족적독립을 공고히 하며 나라의 자주적발전을 이룩하기 위한 중요한 전진으로 됩니다.》(《김일성저작집》 36권, 224페지)

미제를 비롯한 제국주의자들은 발전도상나라들의 농업을 파괴하고 이 나라들을 저들의 《과잉》 농산물의 판매시장으로, 값눅은 원료원천지로 전환시키기 위하여 신식민주의적농업예속화정책에 집요하게 매여달리고있다.

제2차세계대전후 발전도상나라들의 농업에 대한 제국주의 지배와 략탈 방식은 지난날과 달라졌다.

구식민주의하에서 제국주의자들은 식민지예속국가들을 《과잉》공업상품판매시장으로 전환시키면서 이 나라들을 저들에 대한 농산물원료와 식량공급기지로 리용하였다.

그것은 자본의 축적과 기계기술에 의한 대규모생산이 촉진되는 과정에 광물원료와 함께 농산물원료, 식량의 수요가 확대되였으며 특히 기계제작공업의 발전에 의한 대도시의 형성이 식량의 수요
										를 급속히 증대하였기때문이다.

공업이 발전하고 많은 농업인구가 도시에 집중됨에 따라 자본주의나라들에서는 늘어나는 농산물원료와 식량을 충족시킬수 없게 되였다.

산업혁명과 자본주의공업화를 먼저 수행한 제국주의자들은 아시아, 아프리카, 라틴아메리카 나라들을 식민지로 전락시키고 이 나라들을 세계의《농촌》으로 남아있게 하면서 저들의 공업상품을 비싼값으로 팔아먹고 식민지예속국가들의 농산물은 헐값으로 략탈하여갔다.

이것은 아직 제국주의나라들이 식량수입국이 있다는것, 그리고 자본주의의 농업이 현대적인 기계제생산으로 재조직되지 못한것으로 하여 농업생산성이 낮은 수준에 있었다는것을 보여준다.

그러나 제2차세계대전후에는 형편이 달라졌다.

식민지예속국가들에 대한 착취와 략탈로 마련된 발전된 공업화의 토대에 의거하여 농업발전을 급속히 촉진한 제국주의나라들은 오히려 발전도상나라들에 《잉여》농산물을 강매하는 식량수출국으로 전환되였으며 지난날의 많은 농업생산국가들은 제국주의나라들로부터 알곡을 사들이지 않으면 안되는 식량수입국으로 전환되였다.

이러한 국제분업관계에 의하여 농업국가들로부터 공업국가에 수출되는 알곡의 비중은 끊임없이 감소되고 반대로 발전된 자본주의나라들이 농업국으로 알려져있던 뒤떨어진 나라들에 수출하는 알곡의 비중은 현저히 높아졌다.

제2차세계대전후 전시식량수요의 감소, 전쟁으로 파괴되였던 유럽농업의 점차적인 회복, 자본주의적농업에서 일부 기계기술의 도입과 록색혁명 등은 제국주의나라들에 농산물《과잉》현상을 초래케 하였다.

자료에 의하면 유럽공동체의 10개 나라 알곡자급자족률은 1973-1974년의 91%로부터 1982-1983년에는 109%로서 18%나 증가하였으며 특히 밀은 124%로서 20% 증가하였다.

미제를 우두머리로 한 제국주의자들은 저들의《과잉》농산물을 처리하기 위한 출로를 발전도상나라들의 농업을 희생시키는데서 찾고 세계 대다수의 농업생산국들을 식량수입국으로 전변시키기 위한 책동을 악랄하게 감행하였다.

발전도상나라들의 농업을 파괴하고 식민지농업국가로 만들기 위한 제국주의자들의 파괴책동은 우선 《식량원조》정책에서 뚜렷히 나타나고있다.

미제는 1954년에 《공법480》으로 불리우는 《농산물 수출 및 원조법》을 조작하고 30여년간 발전도상나라들에 《원조》의 명목으로 잉여농산물을 대대적으로 들이밀었다.

미제는 1960년대 전반기까지 농산물수출에서 평균 25%이상을 《원조》의 미명하에 비통상조건으로 발전도상나라들에 강매함으로써 새로 독립한 나라들이 알곡생산을 확대할수 없게 하였으며 지어 이미 유지하여오던 알곡생산마저 파산몰락하게 하였다.

제국주의자들이 허울좋은 《원조》의 미명하에 발전도상나라들에 강제수출한 잉여식량은 1981-1983년에만도 1억 1,529만t에 달하였다.

제국주의《원조》는 발전도상나라들의 국내농업생산을 파탄시켰으며 이 나라들을 점차 농산물수입에 의존하게 하였다.

지난날 락후한 농업기술에 기초하여 전통적인 알곡작물을 지배하여오던 발전도상나라들에서는 제국주의 잉여농산물수입으로 농산물가격이 여지없이 폭락하게 되였으며 농업생산자들을 무리로 파산몰락시켰다.

제국주의《식량원조》로 적지 않은 발전도상나라들에서는 주민들의 식량소비구조에서도 급격한 변화를 가져왔다.

《원조》물자로 받은 미국밀가루를 소비하는 과정에 쌀밥을 주식으로 하던 나라들에서는 점차 밀을 주식으로 하게 되였으며 이것은 국내벼생산을 여지없이 파괴하고 식량을 전적으로 수입에 의존하지 않으면 안되는 비참한 결과를 빚어냈다.

미제를 비롯한 제국주의자들은 우선 이 나라들의 식량을 독차지한 조건에서 《식량원조》량을 줄이거나 가격을 높이며 식량수출을 늘이는 방법으로 자주적인 발전을 가로막아나섰다.

미제는 농산물수출에서 무상이나 눅은 값으로 지출하던 《원조》의 몫을 1955-1966년기간에 평균 25%로부터 1974-1979년기간에는 4%, 1980년에는 3%로 줄이였으며 그대신 식량수출량을 조절하는 방법으로 세계농산물시장에서 유리한 경기를 인위적으로 조성하여 뒤떨어진 나라들의 식량위기를 첨예화시켰다.

1970년대에 들어와 많은 나라들에서 가물로 인한 흉작으로 농산물의 시장가격이 급속히 올라가자 미제는 이 나라들에 대한 《식량공급》을 대폭 줄임으로써 식량가격의 등귀를 추동하였으며 식량형편을 급격히 악화시켰다.

미제는 또한 《식량원조》의 제공조건을 더욱 교활하게 개악함으로써 이 나라들을 정치경제적으로 얽어매였다.

미제는 지난날 통상조건으로 발전도상나라들에 민족화페로 지불하던 《식량원조》를 1972년부터는 딸라 혹은 전환성화페로 지불하게 함으로써 이 나라들의 식량구입조건을 더욱 악화시켰다.

이와 함께 미제는 식량기근을 겪는 발전도상나라들에 《인도주의》와 《원조》를 표방하면서 식량을 조금씩 주거나 또는 수출을 금지하는 등 차별조치를 취함으로써 이 나라들로 하여금 국제경제관계들을 비롯한 국제문제들에서 저들의 의사를 따르도록 강요하였다.

1980년대에 들어와 미제는 석유불경기로 인한 발전도상나라들의 수입의 제한, 루적채무의 증대, 아메리카를 비롯한 서유럽나라들의 식량수출의 증대로 심각한 농업불경기에 빠지게 되였다.

농업공황에서 벗어나기 위하여 미제는 1985년에 새로운 농업법을 조작하여 국내 쌀시장가격을 저하시키고 서유럽시장을 비롯한 발전된 자본주의나라들에 식량수출을 증대시키는 한편 《공법480》(《평화를 위한 식량계획》)의 유효기일을 1990년까지 연장하기로 하고 저들의 식민지정책집행에 적극 추종하고 군사기지유지에 유리한 나라들에 《과잉》농산물에 의한 《원조정책》을 계속하고있다.

이와 같이 제국주의적《식량원조》는 발전도상나라들의 농업을 파괴하고 식량위기를 조성한 근본요인의 하나였다.

발전도상나라들에 대한 농업파괴책동은 다음으로 농업분야에 침투한 《다국적기업》의 교활한 활동에서도 찾아볼수 있다.

제국주의자들은 발전도상나라들에 대한 자본침투에서 1960년대까지는 《원조》를 주되는 수단으로 리용하였으나 그 이후시기부터는 《다국적기업》에 의한 사자본침투를 강화하였다.

농업부문 《다국적기업》은 1970년대에 들어서면서 보다 넓은 범위에서 전면적으로 도입되기 시작하였다.

대규모의 《다국적기업》들은 발전도상나라들의 식료품의 생산과 가공, 판매의 대부분을 차지함으로써 이 나라들의 경제명맥을 틀어쥐고 농업생산을 좌지우지하게 되였다.

1970년대 중엽에 130여개의 대규모 식료품독점회사들이 발전도상나라들에 800여개의 지사들을 조직하였으며 이 시기 미국의 30여개 농업회사들은 자기의 자본을 335개의 뒤떨어진 나라들에 투입하였는데 그중 268개는 라틴아메리카나라들에 들어갔다.

발전도상나라에 들어간 《다국적회사》들은 한편으로는 이 나라들에 선진영농기술과 농산물가공기술을 도입함으로써 이미 있던 령쇠한 소생산자들과 중소기업들을 파탄시켰고 다른 편으로는 농민들의 좋은 땅을 빼앗고 국제시장에서 수요가 높은 특종작물들을 생산하는 길로 나아갔다.

이 회사들은 뒤떨어진 나라들의 알곡재배지를 갈아엎고 국제시장에서 수요가 높은 여러가지 과일과 차, 커피, 사료작물들을 대대적으로 재배하고 가공판매함으로써 전통적인 알곡생산을 파괴하였다.

결과 이 나라들의 식량생산은 크게 줄어들었으며 굶주리는 사람들의 수는 더욱 증대되였다.

《다국적회사》들의 농업파괴책동은 농산물생산과 판매를 독점하고있는데서도 나타난다.

그들은 발전된 기술에 토대하여 생산된 농산물로 민족시장을 독차지하고 중소경쟁자들을 몰락시켰으며 높은 독점가격으로 더 많은 리윤을 얻었다.

제국주의자들은 발전도상나라들의 차, 커피를 비롯한 열대농작물의 값은 국제시장가격의 5분의 1로 사들이고 저들이 수출하는 알곡가격은 계속 끌어올리고있다.

1970-1981년 사이에 밀은 63US$로부터 150US$(2.4배)로, 벼는 144US$로부터 500US$(3.4배), 강냉이는 61US$로부터 140US$(2.3배)로 올랐다.

농업계《다국적회사》들은 저들의 자본을 리용하여 발전도상나라들의 값싼 로동력을 착취하여 더 많은 리윤을 얻는 한편 농업차관을 리용하여 이 나라들을 채무국으로 철저히 예속시키고있다.

오늘 1조 3,200억US$에 달하는 발전도상나라들의 빚에는 농업부문차관의 몫도 적지 않게 들어있다.

발전도상나라들의 농업에 대한 제국주의자들의 파괴책동은 다음으로 이 나라들의 농업과학기술의 발전과 록색혁명을 엄중히 저해한데서 나타난다.

지난 기간 제국주의자들은 발전도상나라들의 락후한 농업생산관계를 인공적으로 보존하여왔을뿐아니라 식민지나라인민들을 원시적인 로동도구와 중세기적인 농업기술에서 벗어날수 없게 하였다.

제국주의자들은 이 나라들의 독립후에도 농업과학기술의 발전을 악랄하게 방해하여 나섰다.

제국주의자들은 《기술협조》, 《새기술양도》를 표방하면서 발전도상나라들의 과학기술발전에 도움을 주는것처럼 위장했으나 실지로는 그렇지 않다.

제국주의자들은 이 나라들의 민족간부양성사업에 인위적인 난관을 조성함으로써 과학기술적예속을 강화하였다.

서방제국주의자들은 이 나라들의 농업기술자와 전문가양성에 대한 《협조》를 운운하면서 이것을 예속의 중요한 수단으로 리용하고있다.

제국주의독점들은 《양성소》들을 차려놓고 농업생산에 대한 단편적인 지식과 농기계의 운영, 조작법만을 기형적으로 배워주는 한편 발전도상나라들의 농업과학자, 기술자들을 자기 나라로 유인함으로써 민족간부문제의 예속화를 다그쳤다.

제국주의자들의 유인기만책동으로 1980년대중엽까지 수십만의 농업기술자들을 비롯한 인테리들이 《이주》하여 자본주의나라에 들어갔으며 미국은 1969년 기간에만도 15만명의 과학자, 기술자들을 유인함으로써 50억US$의 리윤을 얻었다.

그리하여 발전도상나라들의 농업은 이 나라 인민들의 적극적인 노력에도 불구하고 중세기이전의 락후한 원시적인 농업에서 벗어나지 못하였다.

제국주의자들은 이 나라들의 록색혁명분야에도 엄중한 후과를 미쳤다.

록색혁명은 농작물의 유전적본성을 개조하여 사람들의 의사와 요구에 맞게 같은 조건에서도 소출이 높은 종자를 길러내는 종자혁명이다.

1960년대중엽부터 발전도상나라들에서 종자개량을 위한 연구사업이 시작되자 제국주의자들은 이를 파괴할 목적으로 저들의 《새 품종》작물의 도입을 강요해나섰다.

《새 품종》의 도입은 이 나라들에 또 하나의 사회적재난만을 가져왔다.

그것은 수입한 새로운 품종이 그에 적응한 완성된 물질기술적토대를 요구하기때문이다.

아무리 좋은 종자라고 하더라도 다수확에 필요한 충분한 량의 비료를 주고 관수 및 배수 체계와 현대적인 농기계, 적당한 량의 살초제와 농약을 리용하는 경우에만 효과를 가져올수 있다.

그러나 제국주의자들의 장구한 식민지통치의 후과로 경지면적 천정보에 겨우 1대의 뜨락또르가 차례지거나 정보당 화학비료시비량이 ８kg밖에 안됨으로써 관수체계가 되여있지 못한 아프리카나라들에서 《새 품종》의 성과는 기대할수 없으며 오히려 파악이 있는 재래종보다 훨씬 적은 수확을 가져오게 되였다.

또한 《새 품종》의 종자가 아무리 좋다고 하여도 돈이 없는 발전도상나라들에서는 사올수도 없다.

국제시장에서 1대잡종의 강냉이 종자 1t값은 2,000~3,000US$이다.

발전도상나라들에서 개량된 강냉이 종자만 해도 한해에 200만t이상 필요한데 이것은 외화로 막대한 량이다.

과학기술적진보에서 뒤떨어지고 록색혁명의 성과를 도입할수 있을만큼 자금적준비가 되여있지 못한 발전도상나라들에 대한 제국주의자들의 교활한 방해책동은 이 나라들의 농업생산을 파괴하는 주되는 요인의 하나이다.

발전도상나라들의 농업에 대한 제국주의자들의 파괴책동은 이외에도 낡은 봉건적토지소유제도와 같은 전자본주의적경제형태에 의한 착취, 《관세정책》등 여러 분야에서 교활한 형식과 방법으로 진행되고있다.

제국주의의 신식민주의적농업예속화정책은 발전도상나라들에서 엄중한 사회경제적후과를 초래하였다.

무엇보다도 이 나라들의 농촌경리를 령세화하고 농업생산력을 파괴함으로써 식량생산을 감소시키고 많은 주민들을 기아와 빈궁속에 헤매이게 하였다.

농업생산의 파괴는 식량수입을 위한 외화지출을 증대시켰으며 농업생산의 내부모순을 초래케 하였다.

이것은 구식민주의시기부터 내려오던 봉건적인 농업관계를 개선하는 과업도, 식민주의농업구조를 개편하는 사업도 개선할수 없게 하였으며 경제의 자주적인 발전에 커다란 저애를 받게 되였다.

제국주의 신식민주의적농업예속화정책은 다음으로 발전도상나라들을 또다시 경제적으로 예속하는 결과를 빚어냈다.

지금 식량부족에 직면한 발전도상나라들은 농업에서 공업화자금을 마련하는것은 고사하고 힘들여 번 돈의 많은 몫을 식량수입에 돌리지 않을수 없게 되였으며 이것으로 하여 다른 나라에 많은 빚까지 지게 되였다.

미제를 비롯한 제국주의자들은 아시아, 아프리카, 라틴아메리카나라들의 식량위기를 리용하여 저들의 잉여농산물판매를 이 나라들을 반대하는 정치적압력과 예속의 수단으로 악용하고있다.

오늘 발전도상나라인민들은 제국주의 신식민주의적농업예속화정책을 끝장내고 자립적인 농업을 창설하며 식량문제를 자주적으로 해결하기 위한 투쟁을 힘차게 벌려나가고있다.

자체의 힘으로 나라의 인적 및 물적 자원을 최대한으로 동원하고 남남협조를 강화하며 새로운 국제경제질서를 세우기 위한 투쟁을 힘있게 벌려나갈 때 발전도상나라들의 식량문제는 반드시 실현되고야 말것이다.",KIS,collapse_arduous_march,1990s,7.325148957955575
상업 조직과 기술 발전에서 나서는 몇가지 문제,신동철,1998,4,1622,"위대한 령도자 김정일동지께서는 다음과 같이 지적하시였다.
《상업부문 일군대렬을 튼튼히 꾸리고 상업설비와 비품, 도구들을 현대화, 경량화하며 상업조직과 기술을 발전시키기 위한 연구사업을 강화하여야 하겠습니다.》

사회주의상업은 소비품의 생산과 공급을 계획적으로 련결시키는 기본형태이며 인민들의 물질문화적수요를 충족시키기 위한 중요한 수단이다.

사회주의상업이 자기의 사명과 역할을 원만히 수행하자면 상업일군대렬을 튼튼히 꾸리는것과 함께 상업의 물질기술적수단들을 현대화하여 상품류통과정을 과학화, 합리화하여야 한다. 여기에서 중요한것은 과학과 기술이 끊임없이 발전하는 현실적요구에 맞게 상업조직과 기술을 높은 과학적토대우에 올려세우는것이다. 상업조직과 기술의 발전수준은 그의 현대화, 문명화수준을 규정하는 중요한 척도로 될뿐아니라 상업봉사의 질을 규정하는 물질적기준으로 된다.

상업조직과 기술을 발전시키는데서 중요한것 은 첫째로, 그 내용에 대한 옳은 리해를 확립하는것이다.

상업 조직과 기술의 내용에 대한 옳은 리해를 확립하는것은 상품구입으로부터 공급에 이르는 전 과정을 합리적으로 조직하고 봉사기술공정적으로 이루어지게 설계하는데서 그 방법론적 기초를 마련하기 위한 필수적조건으로 된다.

상품류통과정은 생산된 상품이 소비지에로 운반되여 수요자들에게 공급함으로써 실현되는 시간적으로 긴 주기성을 띤 상품운동과정이다.

상품류통의 이러한 운동과정을 그 운동학적견지에서 볼 때 단순한 물리적운동과정이 아니라 상업일군들의 목적의식적인 활동에 의하여 이루어지는 상품운동을 합리화하기 위한 조직적측면과 상업 건물과 설비를 비롯한 상업시설과 비품, 도구들을 마련하고 그와 유기적으로 결합시키기 위한 기술적측면을 포괄하는 상품운동과정이다. 다시말하여 상품류통과정은 그 기본내용으로 볼 때 상업일군들의 목적의식적인 활동으로 진행되는 상업조직적측면과 상업기술적측면을 포괄한다.

상업조직적측면은 상품생산과 그 공급을 가장 합리적으로 련결시킬수 있도록 도매 및 소매상업망을 지역적 및 소비적 특성에 맞게 배치하고 그 내부구조조직을 개선하며 상품수송과 입고, 보관 및 저장, 상품출고와 소매상업망에로의 송달공급, 상품진렬과 판매 등 상품류통과정을 가장 경제적이고 능률적인것으로 되게 하기 위한 사업을 그 기본내용으로 하고있다. 그러므로 상업조직적 측면에서는 상품류통경로를 짧게 하면서도 상품의 질과 량을 보존하여 그것이 구매자들에게 최대한 빨리 가닿게 하기 위한 상품운동의 견지에서 보고 설계하는 조직사업문제에 귀착된다. 따라서 여기에서는 상품운동을 합리적으로 조직하기 위한 지식과 기술을 필수적으로 요구한다.

상업기술적측면은 합리적으로 정해진 상품류통과정조직에 현대적인 상업설비와 비품, 도구들을 받아들임으로써 상품류통의 모든 환절들을 하나의 봉사기술공정으로 련결되게끔 서로 맞물리게 하는것을 그 중요내용으로 하고있다. 따라서 상업기술적 측면은 현대화된 상업기술수단들과 도구들을 받아들여 상품운동과정을 봉사기술공정으로 련결시키기 위한 문제로 된다. 여기에서는 상품운동과 상업로동의 특성에 맞게 상업기술수단들을 부단히 개조갱신하여 적극적으로 받아들이는 문제가 제기된다.

상품류통과정의 조직적측면과 기술적측면은 각기 독자적인 구성내용을 이루면서도 밀접히 결합되여있는 통일적인 두 측면이다. 상품류통과정의 조직적측면은 상업기술적측면 즉 상업기술수단의 발전과 그 전망을 전제로 하며 상업기술적측면은 상업조직의 합리화를 기초로 한다. 이 모든것은 상업 조직과 기술이 상품류통과정의 필수적인 통일체를 이루고있으면서도 서로 제약하고 의존하는 관계에서 발전하게 된다는것을 말하여준다.

그러므로 상업조직과 기술의 발전은 다같이 상품류통과정을 봉사기술공정적으로 처리하고 맞물리게 함으로써 사회주의상업을 문명화하고 현대화된 상업으로 전환시키며 근로자들의 상품수요를 가장 질적으로 그리고 최대한 빨리 충족시키도록 하는데 적극 복무하게 된다. 바로 여기에 상업 조직과 기술의 기본원리가 있으며 그 발전의 방법론적 기초가 있게 된다.

원래 기술공정에 대한 개념은 제
										품을 만드는 생산분야에서 발생하고 발전하여 왔다. 그러나 과학과 기술이 급속히 발전하고있는 오늘에 와서 기술공정에 대한 개념은 생산분야를 벗어나 인민경제 모든 부문들에서 그 분업적특성에 맞게 도입되고있다. 상업부문에서도 그의 분업적특성을 고려하여 봉사기술공정, 류통적기술공정이라는 개념을 설정하고 그것을 상업조직과 기술을 밀접히 련결시킨 통일체로 그 의미를 해석한다. 다시말하여 생산과정을 기술공정으로, 생산조직과 기술의 통일체로 보는것과 같이 상품류통과정도 상업조직과 기술로 결합된 봉사기술공정으로 되게 하는 문제라고 볼수 있다.

상업봉사기술공정이라는것은 상품구입으로부터 공급에 이르기까지의 상품운동의 전과정이 하나의 기술공정체계로 되는것을 의미한다. 다시말하여 도매와 수송, 소매의 상품류통경로가 하나의 기술공정체계로 형성되고 내용적으로 상품의 특성과 구매자들의 봉사심리적요구에 맞게 상품류통이 합리적으로 조직되는것을 말한다. 상업부문에는 현실적으로 생산의 연장 및 완성과 관련된 상품수송, 포장, 보관(저장), 가공 등과 같은 생산적활동이 있는 조건에서 이것들을 상품교환을 위한 상품류통과정과 조화롭게 유기적으로 련결시킨다면 전반적상품류통과정자체를 최대한 봉사기술공정적으로 처리할수 있게 된다.

이러한 의미에서 상업조직과 기술을 발전시키는 문제는 상품류통을 봉사기술공정적으로 처리하기 위한 조직기술적문제로 보고 그것을 발전시키는것으로 고찰하게 되는것이다. 

상업조직과 기술에 담고있는 내용들은 요소적측면에서 볼 때 복잡하고 포괄범위가 매우 넓으며 또한 고정불변하지 않다. 상업조직과 기술의 발전은 주로는 상품운동경로, 도입되는 상업기술수단, 상품의 형태와 그 종류의 변화에 의존한다.

상업기술수단의 변화는 보다 능률적이고 현대적인 기술수단이 상품류통과정에 도입됨으로써 이루어지는 변화로서 그것은 상업조직과 기술의 구체적인 내용들에서 구조적인 갱신과 발전을 동반한다. 례를 들어 도매상업부문에서 창고내부운반작업을 수공업적인 수동밀차로 진행하던것을 기계화, 자동화, 로보트화된 현대적인 운반설비로 바꾸게 된다면 상품운반과 관련한 도매창고내부기술공정도 그 주기를 짧게 하는 방향에서 공정조직이 전반적으로 개선되게 된다. 이것은 상업기술수단의 갱신적인 변화는 상업 조직과 기술의 발전에서 가장 기본적인 물질기술적요인으로 작용하게 된다는것을 보여준다.

상품류통과정에 도입되는 상업기술수단의 변화는 일반적으로 현존상업기술수단을 개조하는 방법과 새로운 능률적인 기술수단들의 창안제작도입에 의하여 진행된다. 여기에서 가장 중요한것은 최신과학기술의 성과에 기초하여 상업기술수단을 고도로 기계화, 자동화하는 방향에서 끊임없이 현대화하는것이며 이것은 상품류통과정을 합리적으로 조직하여 봉사기술공정으로 전환시키는데서 가장 적극적으로 작용하는 과학기술적담보로 된다.

상업조직과 기술의 발전은 다음으로 상품운동경로와 취급상품의 형태 및 종류의 변화에도 의존한다. 이것은 상품의 운동경로가 합리화되는 방향에서 달라지거나 취급상품의 형태, 종류, 수량, 질량, 부피 등이 변화됨에 따라 그에 적응하게 봉사기술공정조직도 발전적으로 개선되는 사정과 관련된다. 례를 들어 공급자로부터 수요자에로의 보다 짧은 상품운동경로의 선택, 합리적으로 규격화된 포장단위, 표준화된 적재단위의 리용등에 의하여 상품류통을 위한 봉사기술공정도 상업내부분업의 요소별 특성에 적응하게 변화되고 개선되게 된다.

이 모든것은 상업 조직과 기술을 발전시키는것이 사회주의상업을 높은 과학적토대우에 올려 세우기 위한 사업으로 된다는것을 보여준다.

상업조직과 기술을 발전시키는데서 중요한것은 둘째로, 상품생산지로부터 소비지에로의 상품운동과정에 있게 되는 매개 류통단계와 류통공정들을 봉사기술공정적으로 련결시킴으로써 과학기술적방법으로 상품류통속도를 최대한 높일수 있게 하는것이다.

생산된 상품이 소비자들에게 전달되기까지에는 여러 류통환절과 류통공정을 거치게 된다.

무엇보다도 생산된 상품은 상업내부의 분업적특성으로부터 여러 류통단계를 거치게 된다. 상품류통단계란 상품이 구매자들에게 공급될 때까지 순차적으로 거치게 되는 상업의 환절과 환절내부에서의 상품류통과정을 말한다.상품류통단계는 상업내부분업들의 기능과 그에 따르는 환절수에 따라 도매상품류통단계와 소매상품류통단계로 분류하며 다시 도매상품류통단계는 그 환절수에 따라 생산지 또는 화물역에서 상품을 인수하여 도매창고로 류통시키는 단계, 도매창고로부터 도매창고사이에 류통하는 단계, 도매창고로부터 소매창고에로 류통하는 단계로 구분하며 소매상품류통단계는 소매창고로부터 상점망에로의 류통단계, 상점에서 구매자들에게 상품을 공급하는 류통단계로 분류한다. 일반적으로 생산된 상품은 이러한 류통단계를 거치게 되며 이것은 상품의 일반적 운동경로로 된다.

다음으로 류통공정은 상품류통의 매 단계안에서 여러 작업조작공정들로 이루어지고 호상 련결된다. 상품류통공정이란 매 류통단계안에서 이루어지는 상업로동의 구체적인 작업조작공정을 말한다. 상품류통공정의 특징은 상품류통단계안에서 서로 다른 작업과정들로 구성되고 호상 련결된다는데 있다.

상품류통을 작업공정적으로 보면 기본류통공정, 보조류통공정, 류통적봉사공정으로 분류할수 있다. 기본류통공정은 상품류통단계에 따라 하나의 류통공정체계로 련결되여 있으며 보조류통공정과 류통적봉사공정들은 기본류통공정에 병행하여 간접적으로 련결되여있다. 상품류통공정을 봉사기술공정으로 처리하는데서 기본을 이루는것은 기본류통공정이다. 그러므로 기본류통공정을 상업봉사기술공정으로 련결시키면서 보조류통공정과 류통적봉사공정을 여기에 복종시키는 원칙에서 합리적으로 조직해야 할 필요성이 제기된다.

상품류통과정에서 매개 류통단계와 류통공정을 봉사기술공정으로 련결시키는것은 현대적기술수단의 도입으로 비교적 쉽게 해결될수 있다고 볼수 있다. 그러나 류통공정과 공정사이를 기술적으로 련결시켜 그 주기를 짧게 하는것은 그리 쉽지않다. 이 문제는 합리적이고 과학기술적인 작업조작들의 결합방법 즉 상업조직기술적방법을 도입하고 적용하는데 의해서만 보다 원만히 해결할수 있게 한다.

류통공정과 공정들사이의 련계를 조직기술적 방법을 적용하여 처리하기 위해서는 기술적처리의 내용과 형식, 방법을 잘 규정하고 옳바로 리용하는것이 중요하다. 기술적처리의 기본내용은 류통 공정과 공정들간에 이루어져야 할 여러가지 련계들중에서 기술적으로 처리해야 할 가장 기본적인 작업공정을 의미하며 기술적처리형식은 공정과 공정사이의 련계를 어떤 형식으로 합리적으로 맺게 하겠는가를 규정하며 기술적처리방법은 공정과 공정사이를 무슨 수단을 가지고 어떠한 방법으로 작업조작들을 련결시켜 수행하겠는가 하는 구체화된 수법들을 의미한다.

상업로동의 특성으로 하여 류통공정과 공정사이를 기계적방법으로만 련결시켜 그것을 련속화된 봉사기술공정으로 하기는 힘들다. 상품류통과정을 봉사기술공정으로 련결시키는데서는 어느 정도 손로동과 불련속성이 동반되는것이 일반적이라고 볼수 있다. 따라서 상업봉사기술공정의 형성은 불련속과정에 있게 되는 중단시간들을 최대한으로 줄이면서 작업공정들에서의 련속성을 보장하도록 되여야 한다. 바로 상업조직과 기술을 발전시키는것은 상품류통과정에 있게 되는 류통단계와 단계, 공정과 공정들 사이의 련계를 가능한 련속적인것으로 될수 있게 처리함으로써 상업을 과학적토대우에 올려세울수 있게 한다.

상업조직과 기술을 발전시키는데서 중요한것은 셋째로, 상품의 질을 정확히 보존하고 현대화된 상업설비와 비품, 도구에 의하여 상업로동의 능률을 높이게 함으로써 구매자들의 봉사심리적요구에 맞게 상업의 문화성과 봉사성을 결정적으로 높이는것이다.

상업 조직과 기술의 발전은 상품의 질을 정확히 보존하면서도 로동생산능률을 높이고 상업의 문화성과 봉사성을 상업발전추세에 맞게 그 수준을 높여나가는데 이바지하여야 한다. 이러한 문제는 상품류통공정에 현대화된 상업설비와 비품, 도구들을 적극 받아들여 상품류통을 높은 과학적토대우에 올려 세울때 비로소 원만히 해결될수 있다.

여기에서 중요한것은 무엇보다도 상품의 특성에 따르는 온습도조건을 원만히 보장하면서 상품포장과 상업설비, 상업건물 등을 표준화, 규격화 하는것이다. 우선 상품겉포장규격을 상품수송 및 상하차설비능력에 적응시키고 선반덕대규격과 일치시켜 보장하는것이 중요하다. 그리고 상품짐겉포장(수송포장)과 수송 및 상하차설비, 선반덕대설비들을 서로 잘 맞물릴수 있도록 규격화하여 상품의 수송과 상하차작업, 보관작업공정들이 하나로 련결되게 하여야 한다.

또한 상업건물들을 표준화, 규격화하여야 한다. 여기에서는 도매창고 및 소매창고의 상품출입문규격과 운반통로, 작업장소들의 규격을 상품운반설비들이 자유롭게 작업할수 있게 표준화하며 특히 상품보관창고에서도 운반설비들이 상점매장에로 순조롭게 드나들수 있게 상점창고와 매장구조를 표준화하는것을 그 내용으로 한다.

다음으로 현대적상업설비들을 류통공정의 특성에 맞게 받아들여 상업로동의 능률을 높이도록 하는것이다. 상품류통공정들은 각기 독자적이면서도 호상 련결되여있다. 그런것만큼 류통공정들마다 자기의 기능을 높이자면 그 기능을 원만히 그리고 과학기술적으로 처리할수 있는 현대적상업설비들을 받아들여야 한다. 여기에서 중요한것은 류통공정안에서의 작업과정을 가능한 련속적인것으로 이어질수 있게 하고 그에 맞는 상업설비들을 창안제작도입하는것이다. 이것은 매 류통공정을 봉사기술공정적으로 전환시켜 로동생산능률을 높이게 하는 중요담보로 된다.

또한 편리하고 문화적인 상업비품과 도구들을 적극 받아들이는것이 중요하다. 상업은 봉사활동이며 상품류통과정은 봉사활동과정인것만큼 필요한 상업비품과 도구들을 문명한것으로 받아들여야 한다.

현대적인 상업설비와 비품, 도구들을 받아들이는데서는 상업건물과 그 내부구조를 상품류통의 특성에 맞게 조직하고 창고에서의 작업장소조직, 상점에서의 매장조직을 합리화하며 특히 기계수단들을 도입하는데 맞게 상업건물을 현대화하고 그 면적 및 용적리용률을 높이는 문제가 필수적으로 동반한다.

다음으로 상품류통의 전과정에 상품의 질을 보존하고 상업의 문화성과 봉사성을 높일수 있는 기술수단들을 받아들이는것이다. 여기에서 중요한것은 상업기술수단들을 상업봉사의 특성에 맞게 현대화, 문명화하는것이다. 특히 상품의 질에 영향을 주지 않는 재질과 구조를 갖춘 상업설비들을 받아들이도록 하며 그것이 작업과정에 소음이 없고 이동에 편리하게 되여야 한다.

또한 상업발전추세에 맞게 앞선 상품판매방법을 받아들이는것이다. 상업발전추세의 하나는 자체봉사에 의한 상품판매방법을 적용하고있는것이다. 앞선 상품판매방법을 받아들이면 구매자들의 편리를 더 잘 도모하는것은 물론 그들의 봉사심리적요구를 봉사기술공정에 구현시켜 상업의 문화성과 봉사성을 높여나가게 된다.

상업조직과 기술을 발전시키는데서 중요한것은 넷째로, 상품류통과정에 제기되는 모든 문제들을 경영조종체계예 의하여 풀어나감으로써 그 과학성과 신속정확성을 보장하는것이다.

상품류통과정은 현물적이동과정으로서의 봉사기술공정과 그에 따르는 자료들의 교환과 이동을 전제로 한다. 이러한 상품류통과정을 경영조종체계에 의하여 관리운영한다면 우리의 상업을 고도로 현대화하고 문명화된 상업으로 발전시켜나갈수 있다. 상품류통과정에서 제기되는 문제들을 경영조종체계에 의하여 관리운영하자면 무엇보다도 상품류통의 봉사기술공정에 콤퓨터화를 실현하는것이다.

봉사기술공정의 콤퓨터화는 상품류통공정의 자동조종과 최량류통조건을 보장하기 위한것으로서 그것은 상품류통의 자동화를 가장 높은 발전수준에 이르게 한다. 오늘 최신과학기술의 발전에 따라 널리 도입리용되는 도매창고에서의 상품입출고와 보관의 자동조종, 상품상하차작업의 로보트화, 상품판매봉사과정의 자동조종은 모두가 다 콤퓨터와 밀접히 결합되여있으며 그의 발전수준도 결국 콤퓨터의 발전수준에 전적으로 의존되여있다.

이것은 콤퓨터자체가 가지고있는 고유한 기술경제적우월성과 관련된다. 콤퓨터는 우선 계산의 신속성과 정확성을 보장하며 또한 단순히 계산만 하는것이 아니라 자료들의 비교와 론리적판단, 자료들의 기억능력을 가지고 있다.

자동조종수단으로서의 콤퓨터는 상품류통공정, 상업봉사기술공정과 직접 이어져서 언제나 그의 최량조건을 자동적으로 보장하고 전반적인 자동조종체계를 형성하는데서 주도적역할을 수행한다. 상업봉사기술공정에 콤퓨터를 도입하게 되면 상품류통공정흐름에 대한 자료를 수집처리하고 그 운영프로그람을 분석비교하여 언제나 가장 합리적인 최량류통조건을 유지하면서 봉사기술공정을 자동적으로 조절할수 있게 한다.

다음으로 상품류통과정에 제기되는 자료들의 교환, 기록, 전달을 현대적기술수단들에 의하여 실현하도록 하는것이다. 상품류통과정에는 상품의 현물적이동과 함께 많은 문건, 자료들이 리용된다. 이러한 문건과 자료들의 교환, 기록, 전달에 콤퓨터를 비롯한 현대적인 기술수단을 도입리용하는것은 상품류통의 과학화에서 매우 중요한 자리를 차지한다. 특히 콤퓨터는 비상히 빠른 연산, 비교, 전달, 기록 등 많은 실행능력을 가지고 있는것으로 하여 상업일군들의 복잡한 계산업무를 자동적으로 신속정확히 처리할수 있게 한다. 그러므로 문건이나 자료들에 대한 부호화를 선행시키고 그에 기초하여 자료들의 흐름체계를 완성한 다음 콤퓨터를 도입리용하여야 한다.

이와 같이 상품류통과정에 제기되는 경제기술적문제들을 경영조종체계에 의하여 풀어나감으로써 그 과학성과 신속정확성을 확고히 보장하도록 하여야 한다.

상업조직과 기술을 발전시켜 사회주의상업을 높은 과학적토대우에 올려세우는것은 우리 당의 방침이며 그것을 관철하는것은 상업부문 일군들과 근로자들앞에 나서는 가장 중요한 과업으로 나선다.",KJI,collapse_arduous_march,1990s,7.392031567514591
합리적이며 과학적인 부문구조의 설정은 군종합농장다각경리운영에서 나서는 중요한 요구,리기황,1996,4,1627,"군종합농장다각경리의 운영개선에서 기본은 합리적이며 과학적인 부문구조의 설정이다.

그것은 부문구조가 다각경리의 발전방향과 운영의 성과를 좌우하는 기초로, 기본요인으로 되기때문이다.

군종합농장의 다각경리에서 부문구조는 경리부문들의 구성과 량적비중관계를 반영한다.

다시말하여 군내다각경리에 망라된 경제부문들이 차지하는 비중과 그것들사이의 련관관계를 반영한다.

군종합농장다각경리에서 부문구조는 군내다각경리가 어떤 경제부문으로 이루어지고 그들간의 경제적련계와 균형관계가 어떻게 이루어지고있는가를 보여준다.

군다각경리의 부문구조에 의하여 재생산과정에서 맺어지는 개별적부문들간의 경제적련계와 균형이 반영되며 군경제의 다면성과 자립성 정도가 특징지어진다.

군종합농장다각경리의 부문구조는 군내경제의 여러 부문의 결합을 전제로 한다.

군종합농장의 다각경리는 군내경제부문들의 기계적결합이 아니라 하나의 유기체를 이룬다.

그것은 사회적확대재생산과정에서 군다각경리의 개별적부문들간에는 밀접한 경제적련계와 균형이 맺어지는것과 관련된다.

사회적확대재생산과정에서 부문들간에 맺어지는 경제적련계와 균형관계는 군종합농장다각경리를 이루는 부문구조의 내용으로 된다.

부문간의 경제적련계와 균형을 어떻게 설정하는가 하는것은 군종합농장의 다각경리를 군자체의 힘으로 빨리 발전시켜나갈수 있게 하는데서 근본적의의를 가진다.

이로부터 군자체로 인민생활과 살림살이를 해나가자면 반드시 부문구조를 끊임없이 합리적으로, 과학적으로 개선하고 완성해나가야 한다.

군종합농장의 다각경리의 부문구조를 끊임없이 개선하고 완비하기 위하여서는 부문구조의 형성과 발전에 영향을 주는 여러가지 요인들을 정확히 알고 해당한 대책을 세워야 한다.

일반적으로 부문구조에 영향을 주는 중요한 요인은 사회경제제도이다.

사회경제제도에 의하여 군종합농장다각경리의 부문구조의 성격이 규정된다.

위대한 령도자 김정일동지께서는 다음과 같이 지적하시였다.
《사회주의농업은 농업생산물에 대한 인민들의 수요를 충족시키는데 전적으로 복무합니다. 농업생산에 대한 인민들의 수요는 다양합니다. 인민들은 알곡을 비롯하여 고기, 알, 남새, 과일과 같은 여러가지 농업생산물을 요구합니다. 인민들이 요구하는 여러가지 농업생산물을 자체로 생산보장하자면 농촌경리를 다각적으로 발전시켜야 합니다.》

군종합농장의 다각경리에서 부문구조는 사회주의제도의 본성으로부터 근로자들의 자주적이며 창조적인 물질문화생활을 보장할수 있게 다방면적으로, 자체의 힘으로 발전해나갈것을 요구한다.

또한 군종합농장의 다각경리에서 부문구조는 계획적균형적발전법칙의 요구에 따라 경제부문들간의 균형이 계획적으로, 합리적으로 이루어질것을 요구한다.

그리하여 군적범위에서 확대재생산이 실현될수 있도록 경리의 부문구조가 부단히 개선되고 그 자립성이 강화되여나간다.

사회주의건설이 진행되고 전민소유에 기초한 사회주의적생산관계가 공고화되고 군내 근로자들의 주인으로서의 지위와 역할이 높아짐에 따라 부문구조의 이러한 특성은 더욱더 강화된다.

군종합농장의 다각경리의 부문구조에 영향을 주는 요인은 다음으로 과학기술의 발전이다.

과학기술의 발전은 군내인민들의 생활과 살림살이에 필요한 기본적인 생산수단과 소비재의 품종을 끊임없이 확대하고 나아가서 새로운 생산부문과 봉사부문을 창설하게 함으로써 부문들간의 경제적련계와 균형관계를 변화시킨다.

또한 원단위소비기준을 낮추고 생산활동에서 실수률을 높임으로써 부문들간의 균형관계를 변화시킨다.

특히 최신과학기술의 발전에 의하여 이루어지는 원료와 연료에 대한 종합적가공과 절약방법의 적용, 새로운 형태의 동력자원의 개발, 채취 및 야금 기술의 도입, 전자과학기술과 최신농업과학기술의 도입, 최신 축산 및 수산과학기술의 도입, 새로운 식료품생산과 저장기술의 도입은 부문들간의 균형관계를 새롭게 변화시킨다.

오늘 우리 당의 현명한 령도밑에 인민경제 여러 부문에서 특히 군을 단위로 하는 지방경제발전에서 주체화, 현대화, 과학화하기 위한 사업이 힘있게 추진됨
										으로써 군다각경리의 부문구조의 변화에 큰 영향을 준다.

군종합농장다각경리의 부문구조에 영향을 주는 요인은 또한 군의 자연부원상태이다.

다양하고 풍부한 자연부원의 상태는 군종합농장을 다각적으로 발전시키는데 유리한 자연조건으로 된다.

그리고 자연부원의 일정한 제한성은 과학기술의 발전에 의하여 극복되지만 그것은 역시 부문구조의 다면성에 영향을 미치게 된다.

더우기 전민소유제에 기초한 군종합농장다각경리에서는 계획적균형적 발전법칙의 요구로부터 군의 자연부원이 계획적으로, 합리적으로 개발리용되게 되는 조건에서 그것은 부문구조의 다면성을 보장하는데 중요한 작용을 하지 않을수 없다.

군종합농장다각경리의 부문구조에 영향을 주는것은 또한 해당시기 군앞에 나서는 정치경제적과업이다.

혁명정세의 요구와 나라의 전반적인 경제발전에 따라 끊임없이 제기되는 정치경제적과업은 군종합농장의 다각경리를 위한 부문구조의 개선에서 새로운 변화를 일으키게 된다.

현시기 우리 당이 제시한 혁명적경제전략에 따라 군을 단위로 하는 다각경리의 조직에서는 농업제일주의, 경공업제일주의, 무역제일주의를 철저히 관철하기 위한 경제의 부문구조가 마련되게 된다.

이것은 해당시기의 정치경제적과업이 군종합농장 다각경리를 위한 부문구조에 직접적인 영향을 준다는것을 말한다.

이처럼 군종합농장의 다각경리를 위한 부문구조의 개선에는 사회경제제도와 과학기술, 자연부원과 소요시기의 정치경제적과업들이 영향을 미치고있다.

그러므로 이미 군종합농장다각경리에서 이룩한 성과와 경험 그리고 군다각경리의 부문구조에 영향을 주는 여러가지 요인들을 잘 타산하여 가장 합리적이며 과학적인 부문구조를 마련하도록 하는데 커다란 관심을 돌려야 한다.

군종합농장다각경리에서 합리적이며 과학적인 군종합부문구조의 설정에서 나서는 중요한 문제는 위대한 령도자 김정일동지께서 군이 자체의 힘으로 인민생활과 살림살이를 풀어나갈데 대하여 주신 말씀을 철저히 관철하는데 중심을 두고 다른 모든것을 여기에 철저히 복종시키는것이다.

우리 식 사회주의제도의 본성적요구에 맞게 인민생활을 높이려는것은 위대한 수령님께서 생전에 제일 관심하신 문제이고 위대한 령도자 김정일동지께서 지니신 변함없는 확고한 결심이시며 의도이시다.

군종합농장다각경리에서 위대한 수령님과 위대한 령도자 김정일동지의 뜻과 의도를 실현하는데서 나서는 현실적요구는 군의 역할을 높여 우리 당의 혁명적경제전략을 철저히 관철하도록 군내 경제의 부문구조를 개선완비하는것이다.

군내 경제의 부문구조를 개선완비한다는것은 군자체로 인민생활과 살림살이에 필요한 부문을 새로 내오고 미숙한 부문의 기능과 역할이 보다 높은 수준에 이르도록 한다는것을 의미한다.

그것은 결국 군내경제의 기본을 이루는 농업부문에 힘을 집중하면서 경공업부문과 지방무역부문발전에서 새로운 혁명적인 전환이 일어나도록 군내경제부문구조를 꾸려놓는데 귀착되게 된다.

군종합농장은 무엇보다도 당의 정책적요구와 현실발전의 요구에 맞게 군내생산부문구조를 보다 합리적으로, 과학적으로 설정하기 위한 사업을 짜고들어야 한다.

군종합농장의 다각경리에서 합리적이며 과학적인 생산부문 구조의 설정에서 나서는 대책적문제는 첫째로, 군안의 수요를 기본적으로 자체의 생산으로 보장하도록 하는것이다.

군종합농장이 보장하여야 할 군안의 수요는 인민생활수준이 높아지고 군살림살이가 커짐에 따라 끊임없이 늘어날뿐아니라 여러가지 형태로 제기된다.

군안에서는 군내근로자들이 먹고 입고 쓰고사는데 요구되는 식량과 부식물을 비롯하여 소비품에 대한 매우 다양한 수요가 제기되며 또한 생산과 건설에 요구되는 여러가지 원료와 연료, 자재와 설비들에 대한 수요도 다양하게 제기된다.

그러므로 군종합농장은 이와 같은 수요를 기본적으로 보장할수 있도록 생산을 조직하며 여러가지 소비품을 생산하기 위한 부문들을 갖추고 원료와 연료, 자재와 설비들을 생산보장할수 있는 부문들로 꾸려야 한다.

그러면서 지방무역을 발전시키는데 유리한 조건을 가진 부분들을 집중적으로 발전시키는데도 응당한 관심을 돌려야 한다.

군종합농장은 이 모든 생산부문들을 다각경리에 망라시켜 생산부문들사이의 련계를 보장하며 다면적으로 발전된 군적인 생산부문구조에 의거하여 제기되는 수요를 원만히 충족시킬수 있도록 경리를 다각적으로 발전시켜야 한다.

이미 알려진바와 같이 선봉군종합농장에서는 제기되는 자체수요를 원만히 보장할수 있도록 축산업, 수산업, 지방산업, 건설, 운수 등 군적인 다각경리를 옳게 운영하고있다.

군종합농장의 다각경리에서 합리적이며 과학적인 생산부문구조의 설정에서 나서는 대책적문제는 둘째로, 군안의 자연경제적조건을 잘 리용하도록 하는것이다.

지대적조건에 맞게 군종합농장의 다각경리를 발전시키는것은 추가적투자를 늘이지 않고도 다각경리운영의 경제적효과성을 높일수 있게 하는 중요한 방도의 하나이다.

이것은 지대적조건에 맞게 군종합농장의 다각경리를 발전시킬수 있게 생산의 부문구조를 잘 꾸려야 실현될수 있다.

그것은 군안의 자연경제적조건을 합리적으로 리용하는것이 생산잠재력을 동원하는 중요한 방도이고 그것이 자연경제적조건을 옳게 타산하고 그에 맞게 생산부문들을 잘 꾸릴 때에만 성과적으로 보장할수 있기때문이다.

례컨대 과일이나 누에고치가 잘 될수 있는 야산이 많은곳에서는 과수원과 뽕밭을 조성하고 풀판과 산과실이 많은곳에서는 축산업과 산과일가공공업을 발전시키며 강하천, 늪, 바다를 끼고있는곳에는 양어와 수산업을 발전시키는 등 여러 생산 부문들을 꾸려야 군안의 자연경제적조건을 합리적으로 리용할수 있다.

선봉군종합농장의 경험이 이것을 잘 보여주고있다.

이 종합농장에서는 군안의 자연경제적조건들을 합리적으로 리용할수 있도록 생산부문들을 조직하여 지대의 자연조건을 합리적으로 리용할수있게 이미 있던 오리분장의 규모를 크게 확대하고 젖소분장들을 새로 꾸리는 방향에서 축산업의 부문구조를 개선하였으며 농산업에서는 논벼, 강냉이, 감자 생산과 함께 특히 콩생산을 늘이였으며 수산업에서는 늪을 리용하여 양어를 새로 조직하였다.

또한 농산물, 축산물, 수산물, 산열매를 가공할수 있는 지방공업부문들을 새로 꾸렸다.

그리하여 선봉군종합농장에서는 군안의 자연경제적조건에 의거하고 그것을 가장 효과적으로 리용하여 군안의 수요와 외화수입도 원만히 보장할수 있게 생산의 부문구조를 끊임없이 개선완성하고있다.

군종합농장의 다각경리에서 합리적이며 과학적인 생산부문 구조의 설정에서 나서는 대책적문제는 셋째로, 농장의 다각경리를 끊임없이 확대발전시켜나가도록 하는것이다.

군종합농장의 다각경리는 합리적이며 과학적인 생산부문구조에 기초하여야만 그 규모를 늘이면서 빨리 발전하게 된다.

그것은 합리적이며 과학적인 생산부문구조에 의하여서만 군안의 생산부문들사이의 옳은 련계가 보장되기때문이다.

군종합농장의 다각경리에 망라된 생산부문들은 일상적인 생산적 및 소비적련계를 가지고있으면서 그것은 매개 생산부문들의 확대재생산을 위한 필수적조건으로 되고있다.

례컨대 축산부문은 농산과 수산 부문에서 먹이를 제대로 보장받아야 생산을 늘이고 발전시킬수있으며 지방공업은 농산, 축산, 과수, 수산을 비롯한 다른 부문들로부터 원료를 원만히 보장받지 못하면 생산을 정상화하고 늘일수 없다.

농산과 수산 부문도 다른 생산부문들로부터 필요한 물질기술적지원을 받아야만 생산을 늘일수 있다.

생산된 제품을 주고받는 생산부문과 단위들사이의 이와 같은 련계는 매개 생산부문이 단위들의 생산확대를 호상 자극하고 추동하게 된다.

이것은 군적범위에서 생산의 끊임없는 확대를 가져오며 다각경리를 빨리 발전시킬수 있는 유리한 조건을 마련한다.

또한 밀접한 련계밑에 이루어지는 생산부문들의 발전은 축적의 규모를 늘임으로써 군종합농장이 다각경리를 더욱 확대발전시킬수 있는 튼튼한 원천을 가질수 있게 한다.

이와 같이 합리적이며 과학적인 생산부문구조의 설정은 제기되는 군자체의 수요를 보다 원만히 보장할수 있게 하고 군안의 자연경제적조건을 합리적으로 리용할수 있게 하며 생산을 끊임없이 확대발전시킬수 있게 함으로써 군종합농장다각경리의 성과적운영을 튼튼히 안받침하여준다.

군종합농장은 다음으로 다각경리의 특성에 맞는 합리적이며 과학적인 부문구조의 설정을 보장하여야 한다.

군종합농장의 다각경리의 특성에 맞는 합리적이며 과학적인 부문구조의 설정을 위해서는 첫째로, 군경제에서 주되는 부문을 옳게 설정하는것이 중요하다.

군종합농장다각경리의 특성은 군적범위에서 경제의 주되는 부문이 설정되고 여기에 기타 부문이 결합되여 운영되는데 있다.

군을 단위로 하는 지방경제에서 주도적부문을 옳게 설정하는것은 군종합농장의 다각경리의 주되는 부문을 옳게 설정하는것으로서 그것은 군경제발전의 기본방향과 성과를 좌우하는 중요한 문제이다.

지금 우리 나라 군에는 농산, 축산, 과수, 잠업 등 농촌경리부문들과 방직, 식료, 일용품 생산을 비롯한 여러가지 지방공업부문들, 수산업 그리고 지방건설, 지방상업, 지방무역 등 많은 경제부문들이 있다.

군지방경제를 이루고있는 이 모든 경제부문들은 각이한 특성을 가지고있을뿐아니라 각이한 영향을 받으면서 자기 발전에 대한 여러가지 요구를 제기한다.

군경제에서 주도적부문의 합리적이며 과학적인 설정은 여러 경제부문의 특성과 그에 작용하는 여러가지 요인들을 전면적으로 타산하여야 성과적으로 실현될수 있다.

오늘 우리 나라의 모든 군경제에서 기본을 이루는 부문은 농업부문이다.

그런데 군경제의 농업부문중에서도 어느 내부부문을 주도적부문으로 규정하는것이 합리적이며 효과적이겠는가 하는것이 중요하다.

선봉군종합농장에서는 축산업을 주도적부문으로 설정하도록 하고 기타 부문들은 여기에 복종되여 발전하도록 하였다.

선봉군종합농장의 경험에 의하면 이렇게 한것은 농업생산물 특히 축산물(고기, 알, 젖)을 많이 생산하여 자체의 수요를 원만히 충족시키고 농산부문과 함께 지방공업의 발전을 촉진시키는데서 큰 의의를 가질뿐아니라 군의 전반적인 살림살이를 개선하는데서 커다란 우월성을 가진다는것을 보여주고있다.

군종합농장다각경리의 특성에 맞는 합리적이며 과학적인 부문구조의 설정을 위해서는 둘째로, 군적범위에서 주도적부문을 제외한 기타 부문을 옳게 설정하여야 한다.

군경제에서 주도적부문을 제외한 기타 부문은 지대에 따라 그리고 경리운영의 목적에 따라 여러가지 부문이 있을수 있다.

여기서 무엇보다 중요한것은 생산과 건설, 상업과 무역 등 부문을 합리적으로, 과학적으로 규정하는것이다.

생산부문에서는 주도적부문의 생산부문과 기타 부문의 생산부문간의 련계를 선차적으로 보장하면서 기타 부문의 생산부문 호상간 그리고 기타 부문의 생산부문과 류통부문간의 호상관계를 잘 타산하여야 한다.

그것은 군자체내에서 가능한 모든 조건과 예비를 다 동원하여 인민생활과 살림살이에 필요한 수요를 보다 원만히 충족시키기 위한 요구이기때문이다.

오늘 우리 나라에 창설되여 관리운영되고있는 군종합농장의 다각경리는 서로 다른 경제부문들사이의 련계를 보장하는것을 통하여 합리적이며 과학적인 부문구조를 꾸릴수 있게 한다.

군종합농장의 다각경리에는 생산의 모든 부문과 운수, 류통 부문까지도 망라되여있으며 이 모든 경제부문들사이의 련계를 옳게 보장하여나가는 과정이 바로 군종합농장에서의 다각경리를 운영하는 과정으로 된다.

그러므로 군종합농장의 다각경리를 운영하는 과정은 군안의 경제부문들사이의 련관관계를 명확히 할수 있게 한다.

다각경리를 운영하는 과정에 군안의 경제부문과 단위들 사이의 련계의 정확성도 나타나며 그러한 련계에서의 부족점도 드러나게 된다.

이것은 군안의 여러 경제부문들을 고립적으로가 아니라 련계속에서 종합적으로, 통일적으로 볼수 있게 함으로써 어느 부문에 더 힘을 넣어야 하며 또 어떤 부문을 새로 더 꾸려야 하는가 하는것과 같은 경제부문구조의 개선을 위한 옳은 방도를 찾을수 있게 한다.

선봉군종합농장에서는 오리치기를 위주로 하여 축산업을 경리의 주되는 부문으로 발전시키고있는 조건에서 오리를 잡는데서 나오는 여러가지 부산물과 페설물을 모조리 동원리용하여 다양하고 질좋은 의약품을 생산하는 제약공업을 기타 부문으로 하고 그것을 끊임없이 발전시키고있다.

이처럼 군종합농장의 다각경리는 군종합농장을 창설하고 발전시키는 목적에 맞게 부문간의 균형을 바로잡을수 있게 경제부문구조를 끊임없이 개선완성할수 있게 한다.

오늘 우리 나라에 창설된 종합농장은 축산, 농산, 과수, 수산, 지방공업, 지방건설, 지방운수, 지방상업, 지방무역 등 부문들을 균형적으로 발전시킴으로써 고기, 젖을 비롯한 축산물과 콩, 벼, 강냉이, 남새, 과일, 수산물, 식료가공품과 일용품, 살림집, 상품의 주민공급, 외화벌이 등을 원만이 보장하고있다.

선봉군과 룡연군종합농장의 경험은 바로 군종합농장다각경리의 운영개선에서 합리적이며 과학적인 부문구조설정이 다각경리의 발전방향과 그 성과를 좌우하는 기초로, 기본요인으로 된다는것을 말해준다.

선봉군과 룡연군종합농장의 다각경리가 빨리 발전할수 있은것은 위대한 수령님과 위대한 령도자 김정일동지의 현명한 령도와 배려로 합리적이며 과학적인 부문구조를 꾸렸기때문이다.

앞으로 이 농장들에 꾸려진 경제부문구조는 더욱 개선 완비되면서 다각경리의 발전을 튼튼히 보장하게 될것이며 군종합농장의 위대한 생활력이 남김없이 발휘될것이다.",KJI,collapse_arduous_march,1990s,7.395107546562485
자본주의세계의 인구위기와 그 후과,홍명순,1992,1,1224,"인구에 관한 문제는 사회의 존속과 발전에 관한 문제, 나아가서는 인류사회의 존망과 관련되여있는 중대한 문제이다.

그것은 인구의 재생산에 의하여 사회를 이루고있는 성원들이 끊임없이 보충확대되고 세대와 세대를 이어 인류사회가 보존되면서 새로운 높은 단계에로 발전하여나가기때문이다.

인구의 재생산이 없이는 어떤 사회적발전에 대하여서도 말할수 없으며 특히 인구의 재생산이 세대를 두고 이루어지는 조건에서 이 문제를 어떻게 해결하는가에 따라 사회발전의 현재뿐아니라 먼 앞날이 크게 좌우되게 된다.

그것은 인구의 재생산에 의하여 사회를 이루고있는 성원들이 끊임없이 보충확대되고 세대와 세대를 이어 인류사회가 보존되면서 새로운 높은 단계에로 발전하여나가기때문이다.

인구재생산은 인류사회가 발생한 이래 끊임없이 진행되여 왔으나 그것은 사회발전단계에 따라 그리고 사회제도의 성격에 따라 각이하게 이루어졌으며 일정한 력사적조건에서는 인구재생산에서 일련의 특징적인 변동을 일으키면서 진행되여왔다.

현시기 세계인구의 재생산에는 대립되는 두가지 추세가 나타나고있다.

그 하나는 발전된 자본주의나라들에서 인구가 줄어들고 다른 하나는 발전도상나라들에서 인구가 급격히 늘어나고있는 경향이다.

이 두가지 현상은 세계인구의 재생산이라는 하나의 흐름에 합류되여있으면서도 인구재생산의 서로 다른 형태를 나타내고있다.

하나는 주로 축소된 재생산이 이루어지고있는 형태이며 다른 하나는 급격히 낮아지기 시작한 사망률과 아직 높은 수준에 있다고 볼수 있는 출생률에 기초하여 확대재생산이 이루어지고있는 형태이다.

현시기 세계인구의 재생산에는 대립되는 두가지 추세가 나타나고있다.

일반적으로 인구의 재생산은 확대된 재생산과 단순인구재생산 그리고 축소된 인구재생산의 형태로 진행된다.

확대된 재생산의 경우에 인구총수는 끊임없이 증가하며 단순인구재생산의 경우에는 인구총수는 변하지 않는다.

축소된 인구재생산의 경우에는 인구총수는 끊임없이 감소되는 현상으로 나타난다.

이러한 현상이 계속되는 경우에 인구의 위기가 조성되며 그것은 사회의 정상적인 발전과 존속에 필요한 인구를 보충확대할수 없게 하고 인류의 생존자체를 위협하게 된다.

오늘 유럽과 북아메리카주를 비롯한 발전된 자본주의나라들에서는 인구감소현상이 보편적인것으로 되고있다.

다시말하여 인구위기가 조성되고있다.

인구의 재생산은 여러가지 조건에 의하여 제약된다.

인구의 증감현상은 인구재생산에 대한 사람들의 요구와 리해관계, 해당 사회경제발전수준 등 여러가지 조건들에 의하여 산생되나 중요하게는 소여 사회경제제도의 성격에 의존한다.

자연산생률이 조절된 산생률에로 전환되여 나가는 인구산생률발전의 견지에서 볼 때 발전된 자본주의나라들의 인구감소현상은 이 나라들에서 산생률전환이 이루어진 결과일뿐아니라 인류의 무한한 생명발전의 요구에 맞지 않게 지나친 산아제한을 하고있는데로부터 생겨난 비정상적인 현상이며 자본주의제도자체에 의하여 산생된 결과이다.

지금 자본주의나라들에서는 녀성들이 피임과 류산을 보편적으로 받아들이고있다.

미국에서 피임조치를 취하는 부부들 중 33%가 절제의 방법을 취하고있는데 해마다 대체로 1백만쌍의 부부가 외과절제수술을 하고있다.

이러한 산아제한으로 하여 많은 자본주의나라들에서 인구재생산은 축소된 재생산으로 되고있다.

이것은 순수재생산계수가 단순재생산이 이루어지지 않을 정도로 훨씬 낮아지고있는데서 뚜렷이 나타나고있다.

이러한 인구재생산체계가 일정한 기간 유지되게 되면 인구는 매 세대당 20~30%씩 줄게 된다.

발전된 자본주의나라들에서 인구재생산수준이 낮아지는것은 출생률이 떨어져 사망률과 대등해지거나 그보다 더 떨어지는것과 관련되여있다.

이 나라들의 산생률을 놓고 보면 1950~1960년대에는 평균 한쌍의 부부가 3명 정도의 아이를 낳았지만 지금은 1.9명밖에 낳지 않고있다.

벨지크, 이딸리아 같은 나라들에서는 평균 1.4~1.5명밖에 낳지 않고있으며 심지어 도이췰란드에서는 출생률총계수가 1.382에
										 이르므로서 대가 이어지지 않을 정도로 산생률이 저하되였다.

출생률의 감소는 주로 세번째 아이와 그 다음 아이의 출생이 집중적으로 감소됨으로써 이루어졌다.

실례로 프랑스와 서도에서 1965~1975년기간에 첫째 아이와 둘째 아이 지표가 각각 20~30% 낮아졌으며 셋째 아이지표는 50%, 넷째 아이와 그 다음 아이 지표는 70%이상 낮아졌다.

서유럽에서는 매 가정에 평균 2.1명의 어린이가 있어야만 인구의 자연보충을 확보할수 있지만 1980년대말 현재 1.58명의 어린이가 있는데 불과하다.

이딸리아와 같은 전통적인 대가정 국가들에도 오늘 가정마다에 평균 불과 1.3명의 어린이가 있을뿐이다.

인구산생률이 떨어짐으로써 1989년에 유럽공동체나라들에서는 그 전해에 비하여 4만 1천명의 어린이가 적게 태여났다.

인구재생산지표가 낮아진 결과 북유럽과 서유럽의 일련의 나라들의 인구가 벌써 정지상태에 들어갔으며 도이췰란드, 오스트리아, 단마르크와 같은 나라들의 인구는 그 절대수가 줄어들기 시작하였다.

그리고 이러한 인구절대수의 감소현상이 앞으로 더 강화될것은 명백하다.

인구장성이 떠지고 인구감소현상이 일어나게 됨으로써 세계 총인구에서 차지하는 발전된 자본주의나라들의 인구비중은 점점 떨어지고있다.

지금 세계인구의 23%가 유럽과 북아메리카주, 일본 등에 살고있다.

2000년에 가서 이 지역의 인구비중은 20%로 줄어들게 되며 2025년에는 15%에 이를것으로 추산되고있다.

발전된 자본주의나라들에서 나타나고있는 이와 같은 인구감소현상의 원인는 무엇보다도 자본주의제도자체의 모순과 반인민적성격으로부터 어린이를 낳아 키우는것이 커다란 사회적부담으로 되고있는데 있다.

위대한 수령 김일성동지께서는 다음과 같이 교시하시였다.
《지금 자본주의나라들을 비롯하여 일부 나라들에서는 녀성들이 아이를 낳아키우는것이 큰사회적부담으로 되기때문에 산아제한을 한다고 합니다. 그러다보니 그 나라들에서는 출생률이 매우 낮습니다.》(《김일성저작집》 35권, 80페지)

오늘 자본주의나라들에서는 아이를 낳아 키우는데 더욱더 막대한 돈이 들고있다.

미국중등급수입의 가정들에서 4년간의 공립학교교육을 포함하여 1명의 어린이를 18살까지 키우는데 드는 비용은 1981년현재 8만 2천~9만 8천US$에 달한다고 한다.

생활수준이 높은 가정들에서는 어린이양육비가 더욱 많다.

그렇기때문에 자본주의사회에서 사람들은 될수록 어린이를 적게 가지거나 가지지 않기 위해 애쓰게 된다.

최근 일본자치성의 한 관리가 1990년 인구장성률이 1968년에 인구조사를 한 이래 가장 낮은 수준인 0.33%라는 수자를 기록하게 된 주되는 원인의 하나가 어린이교육비가 오른데 있다고 개탄한것이 우연치 않다.

자본주의사회에서의 인구감소현상은 그것을 막아내지 못하고있는 자본주의국가의 취약성을 떠나서 생각할수 없다.

자본주의국가는 인구감소현상의 경제적원인을 근본적으로 제거할수 없다.

자본주의나라들에서는 모든 근로자들의 자녀를 국가가 맡아 키우면서 무료로 공부시킬수 없다.

그렇기때문에 자본주의나라들에서는 출생률의 감소가 심각한 사회적문제로 제기되고있음에도 불구하고 그것을 없애는 효과적이며 현실적인 요인이 마련되지 못하고있다.

자본주의나라들에서 인구감소의 원인은 또한 사람들이 일신의 향락만을 누리면 그만이라는 개인리기주의적인 부르죠아인생관에 물젖어 있는데 있다.

오늘 자본가들은 사치와 부화방탕한 생활을 조장시키고있으며 사람들이 물질생활과 돈의 노예로 될것을 요구하고있다.

그리하여 자본주의사회에서는 많은 사람들이 될수록 더 많은 돈을 벌어 당대에 잘먹고 잘살면 그만이라는 향락주의적인생관에 깊이 빠져들어가고있다.

이로부터 그들에게는 후대를 낳아 키우는것도 안중에 없으며 사람의 집단으로서의 사회와 인류의 영원한 발전과 미래에 대해서도 관심이 없다.

자본주의사회에서의 인구감소현상은 특히 썩어빠진 부르죠아생활양식에 기초하여 비정상적이며 불안정한 결혼가정관계가 이루어지는것과도 관련되여있다.

오늘 발전된 자본주의나라들에서는 결혼하지 않거나 《늦게》 결혼하는것을 특징으로 하고있는 이른바 《유럽식결혼》이 보편화되고있다.

최근 유럽의 북부와 서부, 북아메리카의 일련의 나라들에서 매우 늦게 결혼하는 경향을 볼수 있는데 이것은 이 나라들의 풍습에서도 결혼으로 인정하지 않고 조사에서도 계산되지 않는 합의결혼과 계약결혼이 보급되고 있는것과 관련되여있다.

1974년~1975년에 제네바에서는 등록된 결혼의 66.7%가 등록전에 합의결혼을 한것이였다고 보도하였다.

자료에 의하면 미국에서 계약결혼수는 1960년부터 1970년까지의 기간에 20% 늘어났으며 1970년부터 1977년까지 83%로 늘어났다.

유럽, 아메리카주 나라들에서는 미혼동거자수가 대대적으로 늘어나고있다.

이 나라들에서는 최근년간에 30살이하의 사람들속에 미혼동거자수가 1%를 차지하고있다.

그중 단마르크에서는 6%이고 스웨리예에서는 무려 7%에 달하고있다.

유럽과 아메리카주 나라들에서는 리혼률도 계속 상승하고있다.

이 나라들에서는 1960년대 후반기부터 리혼률이 점차 늘어났으며 1970년대에는 급증하였다

1980년대에는 대부분 나라들에서 리혼률이 계속 올라갔다, 

특히 미국은 인구총수의 0.5%라는 가장 높은 리혼률을 기록하고있다.

발전된 자본주의나라들에서는 부부와 미성년자녀로 구성된 《핵심》가정은 줄어들고 부부중 어느 한쪽과 미성년자녀들로 된 리혼자 및 독신자가정이 대대적으로 늘어나고있다.

실례로 미국의《핵심》가정은 1970년 전국 가정총수의 40%이상을 차지하였지만 1986년에는 27.8%로 줄어들었다.

리혼자가정은 프랑스에서는 1975년에 3.9%였던것이 1982년에는 4.3%로, 서도는 5.6%로부터 6%로 늘어났다.

독신자가정은 1960~1980년기간에 미국에서는 13%로부터 24%로, 스웨리예에서는 20%로부터 30%로, 서도는 21%로부터 30%로 늘어났다.

이처럼 발전된 자본주의나라들에서는 비정상적인 결혼관계와 불안정한 가정구조가 전통적인 결혼가정제도를 급속히 대신하고있다.

그리하여 출생률이 저하되고 인구재생산이 위축되고있다.

발전된 자본주의나라들에서의 이러한 인구감소는 반드시 해결하지 않으면 안되는 심각한 사회적문제로 된다.

그것은 무엇보다도 인류가 일찌기 체험하지 못한 새로운 인구위기를 야기시키고있다.

인구를 줄인다는것은 원래 민족이나 인류가 서서히 사멸하는 자살행위와 같다.

물론 인구는 사회생활의 요구에 따라 적극 늘일수도 있으며 또 인구장성을 의식적으로 약화시킬수도 있다.

그러나 오늘 발전된 자본주의나라들에 마련된 생산력과 물질문화적재부는 결코 인구를 줄여야 할 조건으로는 되지 않는다.

문제는 자본주의적인 가정이 인구를 줄이는데로 지향하고있고 자본주의제도가 그것을 묵인하거나 막지 못하는데 있는것이다.

오늘 세계인구가 비할바없이 큰 규모로 장성하고있는 조건에서 일부 지역에서의 인구감소가 세계인구장성에 결정적인 영향을 미칠수는 물론 없다.

그러나 모든 지역, 모든 나라가 다 앞으로 발전된 자본주의나라들의 인구감소경향에 편승하여 축소된 인구재생산형태를 지향해나간다면 지역적으로뿐아니라 전지구적인 커다란 인구위기가 발생하게 될것이다.

발전된 자본주의나라들에서의 인구감소는 멀지 않은 장래에 이 나라들의 사회경제구조를 헝클어놓을수 있는 강한 요인으로 되고있다.

인구재생산에 관한 문제는 여러가지 사회적문제와 관련되여있으나 중요하게는 로력자원의 재생산과 직접적으로 련결되여있다.

왜냐하면 로동능력있는 인구가 보다 많이 재생산되여야 모든 분야에서 사회가 발전할수 있으며 사회가 존속되여나갈수 있기때문이다.

로동력의 재생산은 인구의 재생산을 전제로 한다.

그것은 인구의 재생산이 로동력재생산의 기초로 되기때문이다.

인구재생산과정은 사망에 의한 인구의 감소가 출생에 의하여 끊임없이 보충확대되여나가는 과정이며 이 과정을 통하여 사회적생산에 인입되는 로동력의 원천이 보장된다.

소여 시기뿐아니라 전망시기를 위한 로력자원의 량과 질은 인구의 수, 인구의 구성 등에 직접적으로 의존되여있다.

사회적생산이 고도로 기계화, 자동화되는 경우에도 생산의 발전에서 사람이 차지하는 결정적역할은 절대로 변하지 않는다.

오늘 발전된 자본주의나라들에서 인구감소현상은 사회경제발전의 기초로 되는 로력자원의 감소, 로동력재생산을 절대적으로 축소시킬뿐아니라 취업인구에 대한 착취를 더욱 강화하게 하며 그것은 앞으로 전반적인 사회발전, 특히 경제발전을 저애하는 심각한 요인으로 되고있다.

또한 발전된 자본주의나라들에서의 인구감소는 상대적으로 눅은 외국로동력리용을 확대하고 그 수를 늘이게 함으로써 로동에 대한 착취를 국제적범위에로 더욱 확대할뿐아니라 경제공황과 불경기시기에 외국인 로동자들의 취업문제를 첨예화시키고 그들의 처지를 어렵게 할것이다.

19세기 유럽에서 인구증가가 자본주의적생산을 촉진하고 식민지에로의 주민이동을 강화함으로써 제국주의의 식민지지배에 복무하였다면 현시기 발전된 자본주의나라들에서의 인구감소는 자본수출과 외국로동력의 수입을 촉진하며 신식민지적착취를 더욱 강화하는데 리용되고있다.

자본주의나라들에서의 인구감소는 이처럼 커다란 사회적문제를 안고있는 심각한 인구위기이지만 자본주의사회의 사회적모순과 불합리성을 제거하지 않는한 자본주의나라들은 그 위기에서 벗어날수 없는것이다.",KIS,collapse_arduous_march,1990s,7.110696122978827
사회주의경제운영에서 고정재산대보수의 지위,최미경,1991,4,1638,"인민경제의 주체화, 현대화, 과학화가 힘있게 추진되고있는 오늘 인민경제 모든 부문, 모든 단위들에서 고정재산대보수사업을 과학적으로, 합리적으로 조직하는것은 중요한 의의를 가진다.

위대한 수령 김일성동지께서는 다음과 같이 교시하시였다.
《설비를 아끼고 잘 거두며 점검보수를 철저히 하여야 설비의 능력을 최대한으로 리용할수 있으며 설비의 수명도 보장할수 있습니다.》(《김일성저작집》 28권, 160페지)

고정재산재생산에서의 대보수의 지위는 무엇보다먼저 그것이 고정재산의 부분적인 재생산형태라는데 있다.

고정재산의 재생산은 고정재산을 생산의 필수적요소로서 생산의 밑천으로 끊임없이 유지확대해나가기 위한 필수적요구이다.

고정재산은 사용과정에 생산적으로 소비된다.

고정재산의 생산적소비과정은 곧 그의 생산적기능과정이다.

고정재산의 생산적소비과정은 현물적견지에서 보면 고정재산의 물리적마모과정, 그로 인한 고정재산의 능력감소과정이며 가치적견지에서 보면 고정재산가치의 생산되는 생산물에로의 이전 과정이다.

따라서 고정재산자체의 견지에서 보면 고정재산의 생산적기능과정은 그의 사용가치와 가치의 상실과정이다.

고정재산은 그의 가치와 사용가치를 상실함으로써만 물질적부의 생산기능을 수행할수 있다.

고정재산은 생산적소비과정에 상실되는 사용가치와 가치를 끊임없이 재생산함으로써만 생산기능을 종전처럼 유지하거나 높일수 있다.

고정재산재생산의 직접적대상은 가치의 체화물로서의 고정재산이 아니라 사용가치로서의 고정재산이다.

그것은 고정재산의 사용가치가 종전과 같이 재생산되여야 생산을 종전처럼 유지할수 있기때문이다.

고정재산의 현물형태를 원상대로 복구함에 있어서 고정재산의 구조적 및 작용상 특성과 관련하여 완전재생산과 부분적재생산의 두가지 형태가 있게 된다.

해당한 고정재산을 재생산하는데서 완전재생산형태와 부분적재생산형태가운데서 어느 방안이 더 합리적인가 하는것은 당시의 도달된 경제발전수준과 사회적로동지출의 견지에서 어느것이 더 경제적효과성이 높은가에 의해서 규정된다.

그리하여 사회주의경제운영에서 대보수하여 낡은 고정재산을 계속 쓰는것이 새로운것으로 교체하는것보다 유리한 고정재산대보수의 경제적한계와 경제적리용기간이 설정된다.

고정재산대보수는 현물형태의 재생산에서 뿐만아니라 가치회전방식에서도 부분적재생산형태를 취하는 특징을 가지고있다.

가치회전방식에서의 대보수의 특징은 무엇보다먼저 고정재산의 완전가치가 한회전하는 사이에 대보수가치는 여러번 회전한다는데 있다.

고정재산의 완전가치는 내용년한 전기간에 1회전한다.

고정재산은 기능을 수행하는 전기간 현물형태에서는 그것이 생산과정에 들어갈 때의 처음의 모습을 그대로 유지하면서 남아있으며 내용년한이 끝난 다음에야 비로소 새로운 고정재산으로 교체된다.

현물형태의 고정재산의 가치적표현인 완전가치는 고정재산의 마멸정도에 따라 일부분씩 회전에 투입되지만 완전가치전부가 회전에 투입되는 시기는 고정재산의 내용년한이 끝나는 때이다.

고정재산의 완전가치는 낡은 고정재산을 새로운 고정재산으로 교체하기 위한 비용으로서 새로운 고정재산에 의한 갱신을 가져올 때까지 화페예비기금으로 축적되여 아무런 사명도 수행하지 않아도 되지만 자금회전의 경제적효과성을 높이기 위하여 적립되는 차례로 끊임없이 재투자된다.

이처럼 고정재산의 완전가치, 교체비용은 고정재산의 수명이 완전히 끝난 다음에 재생산을 담보할수 있는 비용이 마련되기만 하면 자기의 사명을 수행하게 되므로 비록 고정재산의 실제적인 마멸이 불균등적으로 진행된다 하더라도 평균적인 마멸에 맞게 자금을 적립하여도 경영활동에는 별로 지장이 없다.

그러나 대보수비용은 이와는 다르다.

고정재산의 대보수비용은 고정재산의 마멸된 현물부분들을 주기적으로 보상하여 그 능력을 회복하기 위한 비용이다.

따라서 그것은 고정재산에 일단 첨가되였다가 대보수주기가 끝날 때에는 그 전량이 회전에 투입되였다가 회수되게 되며 새로 시작되는 대보수주기가 되면 다시 고정재산에 첨가되면서 고정재산의 내용년
										한기간에 그 고정재산의 대보수회수만큼 회전한다.

이처럼 고정재산의 완전가치가 1회전하는 내용년한기간에 대보수비가 여러 회전하는것은 대보수비가 부분적인 재생산비용이기때문이다.

부분적재생산비용으로서의 대보수비용의 사명은 고정재산의 마멸된 현물부분들을 원상대로 복구하여 그 능력을 회복하는데 있으므로 대보수비의 크기는 마멸된 부분들을 원상대로 복구할수 있는 크기로 규정되여야 한다.

여기로부터 평균적인 마멸에 의하여 적립되는 대보수비용과 실제적인 대보수비용사이의 차이가 불가피하게 있게 된다.

그것은 고정재산의 마멸은 여러가지 요인에 의한 우연적인것들이 있게 되며 따라서 그 보상도 우연성이 있기때문이다.

고정재산마멸에 대한 보상이 우연적임에도 불구하고 중년기를 지난 고정재산에서 1회당 보수비의 증가와 보수주기의 단축은 일반적이다.

때문에 평균적인 마멸에 의하여 적립된 대보수비용은 유년기에는 실제적인 대보수비에 비한 초과로 나타나며 사용기간이 오랜 고정재산에서는 부족으로 나타난다.

바로 여기에 고정재산 교체비용과 대보수비용의 본질적인 차이가 있으며 감가상각금에서 대보수비용의 독자적인 관리와 리용을 강화하여야 할 필요성이 있다.

고정재산 교체비용은 고정재산의 평균적인 마멸정도에 따라 매시기 적립하여도 자기의 사명을 수행할수 있지만 대보수비용은 이런 식으로 적립하면 자체의 적립금으로 대보수에 필요한 실제적인 가치를 보상할수 없다.

가치회전방식에서의 대보수의 특징은 다음으로 대보수를 통하여 고정재산에 첨가되는 가치가 유지보수를 통하여 고정재산에 첨가되는 가치보다 회전속도가 느린데서 표현된다.

리용되는 고정재산의 보다 적극적으로 마멸된 부분들을 교체하여 고정재산의 능력을 회복하는 부문적교체라는 점에서는 대보수나 유지보수나 공통적이다.

그러나 유지보수는 수명이 짧은 부분품들의 마멸과 고장을 미리 방지하기 위하여 자주 반복하는 보수로서 마멸된 전체 부분품을 완전히 교체하는 대보수와 그 규모나 회전방식에서 근본적으로 차이난다.

대보수비는 여러차례의 생산과정 지어는 여러해동안의 생산물생산에 의하여 부단히 실현되여도 리용되지 않을수 있다.

고정재산의 기능은 그 가치의 부단한 마멸을 동반하지만 그 능력은 허용마모치수한계안에서 대보수주기동안 유지된다.

그리하여 고정재산의 가치이전 기간과 그 능력의 보충갱신에 필요한 자금수요가 제기되는 시기사이에는 일정한 간격이 생긴다.

이처럼 비교적 오랜 기간 지나서야 필요하게 되는 대보수비용을 일상적으로 적립하지 않고 대보수주기가 다 된 다음 대보수할 필요성이 전면에 제기될 때에 가서야 생산물의 가치에서 확보하려 한다면 그것은 생산물의 원가와 국민소득의 분배에 영향을 주게 된다.

일정한 기간에 창조된 사회총생산물의 가치는 이 기간에 소모된 생산수단의 가치와 국민소득으로 이루어진다.

소모된 생산수단의 가치에는 소모된 고정재산의 가치와 류동재산의 가치가 포함된다.

해당한 대보수주기동안의 고정재산의 마멸을 보상하여야 할 대보수비를 일상적으로 적립하지 않고 대보수주기가 다 된 다음 단번에 보상하려고 한다면 소모된 생산수단의 가치에서 시초가치보상몫까지 대보수에 다 돌리고도 류동재산을 구입할 몫까지 침해하거나 지어는 창조된 순소득에서까지 보상되여야 하기때문에 생산물원가와 국민소득의 정확한 계산과 분배리용에 지장을 준다.

고정재산의 마멸정도에 따라 일상적으로 적립하는 대보수자금에 의해서만 생산물원가와 국민소득의 정확한 계산 및 분배에 영향을 주지 않으면서도 대보수주기가 되면 대보수를 지장없이 할수 있는 자금을 충분히 마련할수 있다.

바로 여기에 대보수자금을 시초가치보상몫과 함께 감가상각금에 포함시켜 매 시기 생산물을 실현한 화페수입에서 회수하여 적립하는 리유가 있다.

이와 반면에 유지보수를 통하여 짧은 주기를 두고 부단히 교체되는 부속품, 부분품들은 가치회전방식에 있어서는 사용기간이 짧아서 류동재산과 동일하게 취급되는 로동수단과 그 성격이 같다.

때문에 그 주기가 짧고 규모가 얼마 안되는 유지보수비는 비록 그에 필요한 자금을 적립하지 않았다가도 련속적인 재생산에 지장이 없이 류동재산처럼 보장할수 있다.

이와 같이 대보수와 유지보수는 같은 부분적재생산형태이면서도 가치회전방식과 자금원천조성에서는 고정재산과 류동재산이 구별되듯이 차이난다.

그리하여 고정재산의 부분적재생산형태에는 대보수만 포함되게 된다.

고정재산대보수가 고정재산의 재생산에서 차지하는 지위는 다음으로 그것이 고정재산의 갱신과 확대의 계기로 된다는데 있다.

고정재산대보수가 그의 갱신과 확대의 계기로 된다는것은 곧 고정재산의 대보수가 현대화와 유기적으로 결합되여 진행된다는것을 의미한다.

일반적으로 고정재산을 대보수하는 기회에 그 갱신, 확대가 동시에 진행되므로써 대보수와 생산, 확대가 시간적으로 일치하게 된다.

이러한 경우에 고정재산은 현물적으로는 리용하던 고정재산의 기술장비수준이 제고되거나 외연적확대가 이루어지며 가치(가치형태)적으로는 그 규모가 증대한다.

고정재산의 대보수가 현대화와 유기적으로 결합되는 경우 고정재산은 확대재생산된다.

다시말하여 이러한 경우에 고정재산은 부분적재생산형태에 의하여 확대재생산된다.

사회주의사회에서 고정재산대보수가 그 갱신, 확대의 계기로 되는것은 무엇보다 먼저 고정재산의 도덕적마멸과 관련되여있다.

고정재산의 도덕적마멸은 두가지 형태로 일어난다.

도덕적마멸의 Ⅰ형태는 고정재산의 구조와 생산성에서는 종전과 같으나 그 생산에 보다 적은 사회적로동이 지출되므로써 그 재생산비용이 떨어지는 결과로 일어나는 도덕적마멸이며 도덕적마멸의 Ⅱ형태는 종전과 같은 사회적로동지출로써 보다 구조가 완성되고 생산성이 높은 고정재산을 받아들일수 있게 되는 결과로 이미 리용하던 고정재산의 경제적효과성이 떨어지는것으로 하여 일어나는 도덕적마멸이다.

고정재산을 만들어내는데 보다 적은 사회적로동이 지출되는것과 관련하여 일어나는 도덕적마멸은 고정재산의 능력과는 관계없으므로 고정재산재평가를 진행하여 그 재생산비용만을 고려하면 된다.

그러나 고정재산이 도덕적마멸 Ⅱ형태를 당하는 경우에는 고정재산의 생산성이 떨어지므로 낡은 고정재산을 리용하는 공장, 기업소들에서는 같은 산로동을 들이는 경우에도 새로운 고정재산을 도입한 기업소보다 경제적효과성이 떨어진다.

그러므로 이 경우에는 고정재산을 현대화하여 기술적으로 갱신하지 않으면 더는 리용할수 없게 된다.

고정재산이 물리적유용성이 있음에도 불구하고 그 사회적가치가 떨어져 앞으로 더 리용할수 없게 된 경우에는 낡은 고정재산의 현대화에 필요한 비용의 지출이 아직 경제적이라면 고정재산의 대보수를 현대화와 결합하여 진행함으로써 낡은 고정재산을 갱신하여 계속 쓰게 된다.

일반적으로 대보수할 당시의 기술수준은 고정재산을 도입했던 당시의 기술수준보다 높으며 따라서 리용하던 고정재산의 도덕적마멸은 불가피하므로 대보수와 동시에 현대화를 진행하는것은 사회주의경제발전의 객관적요구로 제기된다.

고정재산대보수가 고정재산의 갱신과 확대의 계기로 되는것은 또한 대보수를 하는 기회에 갱신과 확대를 동시에 진행하면 많은 사회적로동을 절약할수 있다는 사정과도 관련된다.

일반적으로 기계공업부문에서 기술공정은 부분품, 부분조립품, 기계복합장치들을 제작하고 조립하는 과정으로 이루어진다면 대보수에서는 고정재산의 해체, 부분품의 되살리기와 교체, 조립, 시운전과정으로 특징지어진다.

고정재산대보수와 갱신, 확대가 결합되면 고정재산을 해체하는데 드는 비용, 수리장소까지 운반하는 비용, 대보수가 끝난 다음 설치하는 비용, 시운전비품 등이 절약될수 있다.

고정재산의 대보수와 갱신, 확대가 제각기 진행되면 이러한 비용들이 그때마다 반복 지출되지만 동시에 진행되면 한번만 지출되면 된다.

이러한 비용들이 비록 개별적 고정재산에서는 크지 않다 하더라도 전사회적범위에서는 많은 사회적로동을 절약하는것으로 된다.

사회주의사회에서 고정재산대보수가 고정재산의 갱신, 확대의 계기로 되는것은 또한 사회주의계획경제의 본성적요구와 관련된다.

생산수단에 대한 사회적소유에 기초한 사회주의사회에서는 현존 고정재산의 기술적갱신과 확대 그리고 고정재산대보수가 하나의 유기적과정으로 전사회적범위에서 통일적으로, 계획적으로 진행될수 있는 가능성이 있다.

사회주의사회에서는 나라의 과학기술발전수준, 생산력발전수준과 관련된 경제토대에 맞게 기술개조사업이 계획적으로 진행된다.

사회주의사회에서는 고정재산이 도덕적마멸을 당하는 경우에도 자본주의사회에서처럼 기술장비수준이 낮은 기업소가 경쟁에서 패하여 파산당하는것과 같은 현상은 일어나지 않는다.

사회주의사회에서는 국가가 낡은 고정재산의 새로운 고정재산으로의 교체와 기술적개조를 계획적으로 타산하면서 도덕적으로는 좀 낡아졌다하더라도 물리적으로 아직 견고하고 근로대중의 힘을 증대시키는데 유익하다면 그러한 고정재산은 페기하는것이 아니라 새로운 고정재산에 의하여 교체될 때까지 효과적으로 리용한다.

사회주의사회에서는 고정재산대보수도 전국가적범위에서 통일적으로, 계획적으로 진행된다.

여기로부터 사회주의사회에서는 새기술도입계획과 대보수계획을 유기적으로 결합하여 세우는것이 합리적이며 또 그렇게 하는것이 일반적인 현상이다.

물론 그렇다고 하여 대보수와 기술적개조가 반드시 일치되여야 한다는것은 아니다.

일부 경우에는 대보수주기가 되지 않은 고정재산이라 하더라도 당면하여 공장, 기업소들에서 전반적생산공정, 기대들사이의 능력상 균형을 보장하는데서 약한 고리로 되는 기계설비를 비롯하여 생산발전에 결정적영향을 주는 고정재산들에 대한 기술적개조를 필요에 따라 진행할수 있다.

고정재산대보수가 많은 경우에 기술적갱신을 동반하는 조건에서 감가상각금의 대보수비몫이 갱신, 확대를 동반하는 실제적인 대보수자금수요보다 적을수 있으며 이러한 경우에는 축적몫에 의한 그 보충이 필수적으로 제기된다.

대보수자금에서 축적자금의 몫이 많으면 많을수록 대보수의 확대재생산적측면이 많다는것을 의미하며 축적에 돌려지는 자금에서 대보수에 돌려지는 몫이 많을수록 새로운 생산적건설보다 현존 고정재산의 생산능력을 생산, 확대하는 축적실현이 늘어난다는것을 의미한다.

고정재산대보수는 그의 재생산에서 뿐만아니라 그의 효과적리용에서도 중요한 지위를 차지한다.

고정재산대보수가 고정재산리용분야에서 차지하는 지위는 그것이 고정재산가치의 생산물에로의 최대한의 이전을 보장하는 기본고리로 된다는데 있다.

고정재산의 생산적기능과정은 가치적견지에서 보면 고정재산가치의 생산물에로의 이전과정이다.

따라서 고정재산의 생산능력이란 단위시간동안에 생산물에로 이전되는 고정재산의 가치량이다.

단위시간동안에 생산되는 생산물이 많을수록 단위시간동안에 생산되는 생산물에로 이전되는 가치량은 많아진다.

그런데 고정재산의 생산능력은 제한되여있으므로 고정재산가치의 생산물에로의 최대한의 이전을 보장한다는것은 결국 고정재산의 생산능력을 최대한으로 발양시킨다는것을 의미한다.

일정한 기간안에 고정재산가치의 생산물에로의 최대한의 이전을 보장할수록 같은 고정재산에 의하여 생산되는 생산량은 많아지며 경제적효과성도 높아진다.

일정한 기간에 고정재산이 최대한의 능력을 발양하도록 하기 위하여서는 고정재산의 적극적마멸부분들을 제때에 수리 정비하여 고정재산이 만부하, 만가동하도록 하여야 한다.

고정재산은 사명과 수명이 각이한 부분품들의 유기적인 결합체이며 고정재산을 이루는 개별적부분들의 사용에 의한 마멸정도는 서로 같지 않다.

따라서 일정한 사용기간이 지나면 완전히 마멸된 부분에서는 그의 생산적기능이 끝나지만 적게 마멸된 부분에서는 그의 생산적기능이 계속 남아있다.

그러므로 고정재산이 고장없이 만가동하게 하자면 생산적기능이 끝난 부분들을 부단히 새로운것으로 교체하거나 수리하여야 한다.

고정재산의 보수는 그의 많이 마멸된 부분품들을 새것으로 부단히 교체하거나 수리하여 고정재산의 모든 부분들에서 생산적기능이 최대한으로 발휘될수 있게 한다.

특히 고정재산대보수는 고정재산의 생산능력을 높이고 고정재산가치의 생산물에로의 최대한의 이전을 보장하는 기본고리로 된다.

그것은 유지보수가 수명이 짧은 부분품들의 마멸과 고장을 미리 막기 위하여 자주 반복하는 간단한 보수인 반면에 고정재산대보수는 오래동안 리용한 결과로 마멸된 일체 부분품들을 전면적으로 교체하여 원상복구하는 대규모적인 보수이기때문이다.

여기서 마멸된 부분들을 새것으로 교체하거나 수리하는데서 있을수 있는 여러가지 방안가운데서 어느 방안이 가장 합리적이겠는가 하는 문제가 제기된다.

있을수 있는 여러가지 방안들가운데서 보수형태와 보수주기, 보수회수와 보수비용을 어떻게 합리적으로, 능동적으로 규정하는가에 따라서 고정재산가치의 생산물에로의 최대한의 이전을 보장하는가 못하는가 하는것이 결정된다.

공장, 기업소들에서 유지보수를 제대로 하지 않으면 대보수주기가 상당한 정도로 짧아진다.

그것은 기계설비들을 비롯한 고정재산들에 기름도 제때에 주지 않고 일부 간단하게 고칠수 있는 소규모적인 마멸도 제때에 보상하지 않으면 그것으로 하여 다른 부분들의 마멸이 촉진되므로써 전반적인 고정재산의 능력이 빨리 저하되기때문이다.

그러므로 공장, 기업소들에서 적은 자금으로 쉽게 할수 있는 중소보수들을 책임적으로 자주 실시하여 고정재산의 국부적인 마멸들을 제때에 보상하면 다른 부분들의 마멸도 미연에 방지하고 최대한으로 발양되는 고정재산의 능력을 더 오래동안 유지함으로써 고정재산리용의 경제적효과성을 더욱 높일수 있다.

모든 일군들은 고정재산대보수가 사회주의경제운영에서 차지하는 응당한 지위를 옳게 인식하고 고정재산대보수사업을 합리적으로 진행함으로써 현존경제토대를 효과적으로 리용하여 고정재산리용의 경제적효과성을 높일데 대한 당의 방침을 철저히 관철해야 할것이다.",KIS,collapse_arduous_march,1990s,7.40184157874383
《자주관리운동》으로서의 《소집단관리》의 교활성,문춘광,1996,3,1573,"과학과 기술이 발전하고 사회적진보가 이룩될수록 자본가들은 로동자들에 대한 착취와 수탈의 방법을 교활하게 은페시켜나간다.

과학기술의 발전과 사회적진보는 사람들의 자주의식을 높여주며 자본주의적착취를 반대하는 로동계급의 투쟁에 강한 영향을 미친다.

자본가들은 변화되는 환경과 조건에 맞게 여러가지 궤변들과 허위로서 교활한 기업관리방법들을 련이어 고안해내고있다.

그러한 관리방법들중의 하나가 바로 이른바 《자주관리운동》이라고 하는 《소집단관리》이다.

《소집단관리》는 작업현장내부에 여러개의 《소집단》을 만들어놓고 생산에서 그들사이의 경쟁을 야기시키고 《소집단》성원인 로동자들의 심리를 교활하게 자극하는 방법으로 보다 많은 리윤을 짜내기 위한 기업관리방법이다.

자본가들은 《소집단관리》를 가리켜 《소집단성원들의 집체적토의에 기초하여 품질개선 및 생산성제고의 목표를 설정하며 그것을 자발적으로 실현해나가는 자주관리방식》이라고 한다.

그러나 《소집단관리》는 로동자들의 집체적토의에 기초하여 진행되는 민주주의적인 관리방법도 아니며 로동자들의 자발적인 열의에 의거하여 추진되는 자주적인 관리방법도 아니다.

그것은 기업관리에서 독점자본가의 주관과 독단을 은페시키기 위한 기만적인 관리방법이다.

자본주의사회에서 기업관리는 일정한 관리 계층들로 구성되는 관리조직기구를 통하여 실현된다.

독점기업들에서 관리조직기구는 대체로 회사의 전반적인 경영활동을 종합적으로 심의평가하는 《최고경영층》과 그에 기초하여 관리업무, 관리부문을 담당하는 《중간관리층》, 작업의 추진과 로동자들의 작업수행과정에 대한 감시, 통제를 위주로 하는 하층관리자들로 구성되여있다.

《최고경영층》에는 사장을 비롯한 중역들이 망라되여있으며 《중간관리층》에는 부장들, 하층관리자층에는 과장, 직공장, 계장을 비롯한 감독들이 속해있다.

사장 지배인을 비롯한 중역들은 기업의 소유자인 대주주이거나 그의 충실한 대변자들이며 각 부서의 부장들과 과장들, 직공장, 계장들 역시 자본가의 충실한 《협력자》들이다.

문제로 되는것은 《소집단관리》를 주도하고 이끄는 자도 다름아닌 경영관리자들이며 《소집단》의 책임자도 바로 하층관리자라는데 있다.

자본가자신이거나 그의 충실한 대리인들이 관리의 《소집단》을 장악하고 있는한 거기에서는 자본가의 요구와 리해관계에 배치되는 그 어떤 문제도 론의할수 없다.

그러므로 《소집단관리》에서 로동자들의 《집체적토의》라는것은 결국 자본가의 의도를 로동자들에게 강요하기 위한 《토의》에 지나지 않으며 여기에서 민주주의란 생각조차할수 없는것이다.

주인인 자본가의 의도는 《최고경영층》, 《중간관리층》, 하층관리자들을 거쳐 《소집단》내의 로동자들에게 전달되고 집행된다.

그럼에도 불구하고 자본가들은 《소집단관리》를 로동자들의 자발적인 의사에 따라 진행되는 《자주관리운동》이라고 기만하고있다.

본질에 있어서 《소집단관리》는 로동자들을 관리의 담당자로 묘사하고 그들의 《사기》를 높여 자본가의 탐욕적인 리윤목표를 손쉽게 달성하기 위한 기만적이고 교활한 기업관리방법이다.

자본가들은 로동자들에게 관리의 담당자, 주인이라는 인식을 주기 위해 《소집단》범위내에서 《집체적토의》놀음을 벌리고있으며 매개 로동자들의 《의사》를 반영한 《관리목표》를 설정하는듯이 《소집단관리》를 유도해나가고있다.

자본주의기업들에서 《소집단관리》문제가 처음으로 제기된것은 20세기 30~40년대 미국에서부터였다.

미국의 반동적인 경제학자 메요는 《기업의 공식적인 조직내부에서 융화묵과는 작업집단내의 비정상적인 인간관계를 조장시키며 그것은 로동자의 로동의욕과 생산성을 좌우》한다고 하면서 이른바《집단》에 대한 연구를 시작하였다.

메요가 말하는 작업집단내의 비정상적인 인간관계란 로동자와 자본가 사이의 모순관계를 의미하는것이다.

따라서 기업의 기층단위인 직장, 작업반내에 적은 인원수의 사람들로 《소집단》을 조직하고 그것을 단위로 하여 관리를 진행하면 로사의 모순관계가 완화될수 있다고 타산하였다.

그것은 현장의 직공장, 계장들과 로
										동자들사이의 모순관계가 강하게 표면화되지 않고 은페되여있은 사정과 관련된다.

메요의 후임자인 모레노는 《집단》내에서의 인간관계를 측정하며 《집단》의 구성, 변화를 《연구》한다고 하는 이른바 《사회측정법》이라는 분석수법을 고안해냈다.

미국의 반동적인 경제학자 레윈은《집단》에 대한 이러한 연구에 기초하여《집단》내 성원들사이의 감정적인 선택, 거부, 무관심 등의 여러가지 형태에 대한 《연구》를 심화시켰으며 마침내 《소집단관리》의 방식을 출현시키였다.

《소집단관리》는 1960~1970년대에 이르러 미국, 일본기업들에서 광범하게 도입되였으며 그것이 더욱더 교활하게 개악되면서 현재 거의 모든 자본주의기업들에서 경영관리방법의 하나로 널리 리용되고있다.

자본주의기업들에서 《소집단관리》는 구체적으로 《품질관리운동》, 《무결점운동》과 같은 명목의 형태들로 진행된다.

위대한 령도자 김정일동지께서는 다음과 같이 지적하시였다.
《현대제국주의하에서는 착취와 략탈을 더욱 은페하고 손쉽게 보장하기 위한 교활한 수법들이 적용되고있습니다.》

《소집단관리》는 사람의 감정, 기분을 로동자의 인격으로부터 분리시켜 관리의 대상으로 만들어놓은 교활한 관리수법이다.

사람의 감정과 기분은 객관세계에 대한 느낌의 반응이며 표현이다.

사람들은 객관세계에 대한 느낌에 따라 좋은것과 나쁜것, 기쁨과 슬픔, 행복과 불행, 열성과 건달 등 여러가지 형태로 자기의 감정을 표현하며 그에 맞게 반응한다.

사람의 감정과 기분은 주위환경과 조건의 영향을 받는다.

좋은 환경과 유리한 조건속에서 사는 사람의 감정과 기분은 좋은것이고 나쁜 환경과 불리한 조건속에서 사는 사람의 감정과 기분은 나쁘다.

그런데 사람은 항상 좋은 감정과 기분속에서 살며 일할것을 원한다.

사람이 좋은 감정과 기분을 가지고 살것을 원한다고 하여 그러한 환경과 조건이 저절로 마련되는것은 아니다.

환경과 조건은 사회제도에 크게 의존한다.

모든 사람들이 평등하고 서로 도와주고 협조하며 사람들사이의 단결이 사회관계의 기본을 이루고있는 사회제도에서는 사람들이 항시적으로 좋은 감정과 기분속에서 생활하게 된다.

이 사회제도에서 사람들은 일을 해도 성수가 나고 일을 하면 하는것만큼 모든 사람들이 다같이 골고루 잘 살기때문에 목적의식적인 생산활동, 창조적인 로동생활을 자주적으로 벌려나간다.

그러나 불평등과 모순, 분렬이 사회관계의 기본을 이루고있는 사회제도에서 사람들은 항시 불안감과 불행, 고통의 나쁜 감정과 기분을 가지고 생활한다.

이 사회제도에서 사람들은 일을 해도 성수가 나지 않고 일을 하면 하는것만큼 더 많이 빼앗기기때문에 마지못해 생산활동에 참가한다.

자본주의사회는 불평등과 모순으로 가득찬 사회이다.

온갖 사회악과 부조리가 판을 치는 이 사회에서 사람들은 항시적인 좌절감과 고통, 근심속에서 살며 일한다.

때문에 자본주의사회에서 사람들은 그러한 생활환경과 조건을 없애버리고 좋은 생활환경과 조건을 마련하기 위해 투쟁한다.

이 투쟁에서 기본을 이루는것은 자본주의기업에서 일하는 로동자들의 투쟁이다.

자본가들은 로동자들이 이러한 투쟁을 벌리지못하도록 하며 생산에 전념하여 오작품을 내지 않고 제품의 질을 높여 보다 많은 리윤을 창조하도록 하기 위하여 여러가지로 책동한다.

자본가들은 특히 로동자들이 좋은 감정과 기분을 가지고 생산에 참가하도록 하는데 심중한 주목을 돌린다.

그것은 불량품을 없애고 제품의 질을 높이는 문제가 그것을 생산하는 로동자의 감정, 기분에 따라 많이 좌우되기때문이다.

그리하여 자본가들은 《품질관리운동》, 《무결점운동》과 같은 《소집단관리》형태들을 고안해내고 여기에 《상금》, 《승진》, 《승급》과 같은 《표창》제도를 결합시켜 로동자들의 감정과 기분을 자극시키려고 하였다.

《소집단관리》는 견디기 어려운 로동강도의 강화가 자본가의 요구인것이 아니라 로동자 스스로의 《자각적인 열성》인것처럼 묘사하는 교활한 관리수법이다.

자본가들은 《소집단활동은 …매 그루빠는 집단적토대우에서 자주적으로 품질목표와 개선목표를 결정하고 자주관리를 진행하는것을 고통의 특징으로 한다》고 설교한다.

이것은 마치도 로동자대중이 관리의 주인이 되여 집체적토의에 기초한 기업관리를 진행하는듯한 인상을 준다.

그러나《소집단》은 생산자대중 전체를 대표하는것이 아니며 거기에는 극히 제한된 인원만이 망라되여있다.

따라서 《소집단》에 의한 관리를 대중적인 관리, 민주주의적인 관리, 자주적인 관리라고 말할수 없다.

때문에 독점자본가들은 교활한 방법으로 《소집단》을 조직하는데 심중한 주의를 돌린다.

그것은 《소집단》을 어떻게 조직하고 그 활동을 어떻게 전개시키는가에 따라 로동자대중이 기업관리에 자주적으로 참가하는듯한 인상이 두드러지게 나타날수 있으며 더우기 관리의 《효과성》도 높일수 있기때문이다.

독점자본가들은 처음에 직능별 또는 공정별로《소집단을 구성하였다.이것은 같은 직능 또는 같은 공정을 담당하는 로동자들로 하나의 《소집단》을 조직하는 방법이다.

실례로 판매부문이라면 판매의 교섭을 담당하는 《교섭집단》, 판매계약을 체결하는 《계악집단》, 현금을 거두어들이는 《현금수집집단》, 공장이라면 준비공정, 조립공정, 완성공정과 같이 공정별로 《소집단》을 형성하는 방법이다.

그런데 직능별, 공정별로 《소집단》을 조직하면 매개 《소집단》의 사업성과가 명백치 않고 《소집단》의 목표실현에 대한 성원들의 책임감도 높이지 못하는 《약점》을 가지게 된다.

왜냐하면 여기에서는 매개 《소집단》의 역할이 명백하지 않고 오히려 감독자의 역할이 강하게 느껴지기때문이다.

독점자본가들은 이 《약점》을 극복하기 위하여 사업목적별로 《소집단》을 조직하였다.

이것은 사업의 목적 또는 사업의 성과를 중심으로 하여 《소집단》을 조직하는 방법이다.

례를 들면 판매부문에서 담당지역별로 《소집단》을 조직하는 경우 하나의 《소집단》이 일정한 지역에서 매상고목표의 달성, 판매의 촉진, 새로운 시장개척, 대금회수와 봉사의 목표달성 등에 대하여 전면적으로 책임지도록 하는것이다.

공장인 경우에는 로동자들을 제품기종별로 《소집단》을 조직한다.

이러한 《소집단》은 마치도 해당 부문에서 독자적으로, 자립적으로 활동하는것 같은 강한 인상을 준다.

그것은 매개 《소집단》이 자체로 해당 사업의 전반에 대하여 《계획》을 세우고 문제를 해결하는것 같이 보이기때문이다.

그러나 사실은 《소집단》성원들의 자각적인 열의에 의하여 《계획》이 세워지는것도 아니며 그들의 창의창발성에 의하여 문제가 해결되는것도 아니다.

《소집단》의 《계획》이란 본사로부터 받은 리윤목표이며 문제의 해결이란 로동강도의 극단적인 강화로서 리윤목표를 달성하는것을 말한다.

그것은 감독자 즉 《소집단의 지도》 역시 독점자본가의 충실한 대리인이며 그의 리해관계를 실현시켜주는 사환군이기때문이다.

《소집단의 지도》는 《소집단》앞에 부과된 리윤목표를 어떻게 달성하겠는가에 대하여 《계획》을 세우며 그것을 실현하기 위하여 《상금》, 《승진》, 《승급》을 미끼로 하여 로동자들의 《자발적인 열의》를 높이려고 한다.

로동자들은 다른 《소집단》 과의 경쟁에서 이기고 한푼의 돈이라도 더 벌기 위하여 《소집단의 지도자》가 요구하는대로 자기의 로동력을 지출하지 않으면 안된다.

《소집단관리》는 《애사심》, 《로사일체감》, 《회사에 대한 충실성》을 류포시킴으로써 로동자들의 계급의식을 마비시키는 교활한 기업관리방법이다.

부르죠아경제학자들은 《합성체》라는 회사안에서 《인간의 삶의 보람》을 느끼기 위하여서는 사람들이 직장에서 《주체성》을 확립하고 《창조적활동》을 하여야 하며 마음이 서로 통하고 《의사소통》이 잘 되여야 하는데 그러자면 《집단》 에 대한 《충실성》을 발휘하여야 한다고 하면서 바로 이것이 《소집단관리》의 목적이라고 한다.

독점자본가들은 반동적인 경제학자들의 궤변을 《자률적직장집단의 형성》, 《종업원의 자주관리활동》이라고 극구 찬양하면서 기업관리에 《소집단관리》를 도입하였다.

종전까지 독점자본가들은 로동자들의 계급의식을 마비시키고 그들의 《자발적》인 로동강도를 높이기 위한 수법으로서 로동자《대표》와 회사경영자사이의 《단체교섭》을 리용하여왔다.

《단체교섭》은 기업주들의 전횡과 횡포를 합리화하고 로동자들의 투쟁의식을 마비시키기 위한 수단으로서 등장하였다.

독점자본가들은 《단체교섭》을 통하여 《애사심》, 《로사일체감》, 《회사에 대한 층실성》을 류포시키고 로사가 생사고락을 같이 하는듯한 인식을 심으려고 하였다.

그러나 로동자들의 반항을 억제하고 착취를 합리화하기 위한 수단으로서 《단체교섭》은 자기의 기능을 수행하지 못한 상태에서 그 기만성을 드러내놓게 되였다.

그것은 로동자대중이 우경화된 로조의 《대표》를 믿지 않은 사정과 관련된다.

이것으로 하여 《단체교섭》은 로동자들속에서 자기의 사명과 역할을 제대로 수행할수 없게 되였다.

독점자본가들은 《애사심》, 《로사일체감》, 《회사에 대한 충실성》이 구호로서가 아니라 생산현장을 통하여 로동자들이 삶의 요구로 받아들일것을 원하였다.

자본가들은 로동자들을 직접 대상으로 하여 이 구호를 실현하기 위한 방책을 모색하지 않으면 안되였다.

자본가들은 생산현장에서 《소집단》을 조직하고 그것을 통하여 로동자들이 《의사결정》에 참가하며 회사《공동의 리익》 《회사의 발전》을 위하여 생산활동을 벌려나가는 관리방법을 고안해내였다.

결국 《소집단관리》는 생산자들속에 《공동체의식》나 주입시키고 로동자들이 자기자신과 회사의 《발전》을 위하여 일하도록 하는 기만적인 기업관리방법으로 출현하였다.

《소집단관리》의 출현은 결코 《단체교섭》 즉 《로사협의제》를 배제하는것이 아니다.

독점자본가들은 《로사협의제》를 더욱 강화하고 그것을 법으로 고착시키는 동시에 그 하부《운동》으로써 《소집단관리》를 장려하고있다.

오늘 독점자본가들이 기업경영에 《소집단관리》를 받아들이게 된것은 그것이 《로사협조》정신을 부식시키는데 유리한 방식으로 되기때문이다.

독점기업내부에서 로동자와 자본가사이의 적대적인 관계는 기업주와 로동자사이의 관계로 제기되기때문에 자본가가 직접 전면에 나서게 되며 따라서 둘사이의 관계는 첨예한 모순과 갈등으로 나타난다.

그런데 현장에서 《소집단》을 조직하는 경우 그 성원들속에 자본가가 직접 나타나지 않고 직공장이나 계장과 같은 현장감독이 나타난다.

직공장이나 계장은 하층관리자로서 로동자들과 함께 현장에 있으며 《소집단》이 진행하는 생산활동에 참가하거나 관여한다.

때문에 직공장이나 계장과 같은 현장관리자는 경영자라는 인상보다 종업원《동료》라는 인상이 더 강하다.

직공장이나 계장 《최고경영층》이 결정한 교묘한 임금 및 상금 체계에 기초하여 로동자들이 수행한 일에 대한 보수를 계산하며 일을 많이 하여야 임금을 많이 받을수 있고 일을 잘하면 《상금》도 받을수 있고 《승진》, 《승급》의 기회도 얻을수 있다는 환상을 로동자들속에 퍼뜨린다.

로동자들은《동료》인 직공장이나 계장의 말을 믿고 자기의 《책임》을 다하기 위해 노력하며 《소집단》 적인《과제》를 수행하기 위해 《자발》적으로 일하게 된다.

이것은 다 같이 합심해서 일을 잘해야 회사의 《번영》도 가능하고 자신의 《수입》도 늘어날수 있다는 관점 즉 《애사심》, 《공동운명체》의 의식이 직공장이나 계장을 통하여 로동자들속에 쉽게 류포될수 있다는것을 보여준다.

그리하여 《소집단》내에서 경영자와 로동자사이의 적대적관계, 모순관계가 없어진것같이 보이게 된다.

독점자본가들이 기업경영에 《소집단관리》를 받아들이게 된것은 그것이 《생산성》을 늘이고 리윤을 늘이려는 자본가의 의도를 더 잘 관철시키는데 유리한 방법으로 되기때문이다.

시장경제인 자본주의경제는 상품판매시장, 상품경쟁력과 떼여놓고 그 발전에 대해 생각할수 없다.

때문에 자본주의기업은 항상 시장개척문제, 상품경쟁력제고문제를 최우선과제로 제기하고있다.

보다 많은 시장을 개척하고 독점하기 위하여 자본주의기업은 자기가 생산하는 상품의 경쟁력을 높여야 한다.

상품경쟁력은 해당 상품의 질과 생산비의 저하에 따라 좌우된다.

상품의 질제고와 생산비의 저하는 전적으로 그 직접적담당자인 로동자들의 열의와 창발성에 달려있다.

자본가들은 생산비의 구성요소인 인건비, 로무비를 최소로 줄이기 위하여 사람의 감정, 기분을 로동자의 인격으로부터 분리시켜 관리의 대상으로 만들었다.

로동자의 자각적인 열성과 창조적적극성이 높이 발휘될 때 제품의 생산비는 낮아지고 질은 높아지며 동시에 상품경쟁력도 높아진다.

자본가들은 로동자들의 감정, 기분을 자극시켜 그들의 《자각적열성》, 《창조적적극성》을 발휘하도록 하기 위하여 《품질관리운동》, 《무결점운동》과 같은 《소집단관리》를 만들냈으며 《소집단》내에서 《집체적토의》놀음을 벌리고 《표창》까지 주는 기만술책을 쓰고있다.

우리는 자본주의기업관리의 반동적본질과 그 기만성, 교활성을 똑똑히 알고 그것이 우리 식 사회주의경제관리에 절대로 침습하지 못하도록 하며 주체적인 공산주의기업관리방법인 대안의 사업체계의 우월성을 더욱 높이 발양시켜야 한다.",KJI,collapse_arduous_march,1990s,7.3613754289773485
미제주도의 국제경제결탁체제의 위기,최중삼,1991,2,1522,"자본주의렬강들사이의 결탁과 협력 관계속에서 첨예화되는 심각한 위기를 옳게 해명하는것은 제국주의의 진면모를 똑똑히 인식하고 반제적립장을 견결히 견지하는데서나 제국주의를 종국적으로 청산하기 위한 정확한 전략전술을 세우는데서 매우 중요한 의의를 가진다.

제국주의렬강들사이에 있는 결탁과 협력관계만 보고 모순과 갈등속에서 날로 첨예화되는 위기를 보지 못하면 제국주의의 힘에 대하여 과대평가하게 되고 반제투쟁에서 승리에 대한 확고한 신심을 가질수 없으며 제국주의를 때려엎는 투쟁에서 그들사이에 있는 모순관계를 최대한 리용하여 반제혁명위업의 승리를 앞당길수 없다.

현대제국주의하에서 렬강들사이의 관계의 기본은 결탁과 협력이지만 결코 그것은 그들사이의 모순과 갈등관계를 배제하지 않는다.

제국주의자들사이에는 지금 심각한 모순과 갈등이 있으며 그것은 날을 따라 더욱더 첨예화되고있다.

이 모순과 갈등은 세계제국주의의 우두머리인 미제의 지위가 약화됨에 따라 보다 날카로운 형태를 띠며 전개되고있다.

제국주의렬강들간의 이러한 대립과 모순에 의하여 제국주의는 심각한 위기에 처하여있으며 자기의 멸망을 다그치고있다.

미제는 아직 세계제국주의체계내에서 우두머리의 지위를 차지하며 미제와 다른 제국주의나라들사이의 력량관계에서 절대적인 우위를 차지하고있다.

그러나 자본주의세계에서 차지하는 미제의 지위는 점차 약화되고 지난날과는 많이 달라졌다.

지난날에는 다른 제국주의나라들이 미제에 의존하여 허물어져가는 자기 지배체제를 유지해보려하였으나 오늘에는 다른 제국주의나라들이 미제에 공공연히 맞서나서며 제국주의결탁체제에 위기를 조성하고있다.

자본주의세계에서 차지하여 온 미제의 경제적지위가 약화됨에 따라 그의 주도밑에 형성된 자본주의경제적협력체제는 심각한 위기에 처하고있다.

친애하는 지도자 김정일동지께서는 다음과 같이 지적하시였다.
《···오늘 현대제국주의 우두머리로서의 미제의 독점권과 지휘권은 점차 약화되고있으며 세계제국주의체계는 심각한 위기를 겪고있습니다.》

자본주의세계에서 차지하는 미제의 경제적지위의 약화는 단순히 그것이 미제의 처지의 악화만을 의미하지 않는다.

미제의 경제력의 약화는 세계제국주의 전반의 운명과 관련되는 심각한 문제이다.

왜냐하면 제국주의체계내에서 우두머리의 지위를 차지하는 미제의 경제력이 약화되는것은 제국주의렬강들간의 결탁과 협력관계에 틈이 생기게 하고 그들사이의 모순과 갈등이 첨예화되게 하기때문이다.

현대자본주의국제경제관계는 지난날과는 달리 렬강들간의 결탁과 협력을 기본으로 하여 이루어져있으며 그 기초에는 미제의 경제력이 놓여있다.

따라서 미제의 경제적지배력의 약화는 현대자본주의의 국제경제결탁체제유지에 심각한 영향을 미치지 않을수 없다.

지난날 서로 렬강들이 분렬되여있을 때에는 력량관계가 변화되여도 그에 맞게 세력권이 재분할되면 국제경제관계는 그것으로 유지될수 있었다.

그러나 세계제국주의우두머리인 미제의 경제력에 의거하여 결탁체계를 형성하고 국제경제관계를 유지하는 오늘에 와서는 사정이 다르다.

미제의 경제력은 사회주의와 민족해방운동을 반대하는 제국주의의 정치군사동맹체제와 신식민주의의 지배체제뿐아니라 자본주의국제경제결탁관계유지의 물질적기초이다.

그러므로 우두머리인 미제의 강한 경제력이 없이는 렬강들사이의 결탁과 협력을 기본으로 하는 국제경제관계를 유지할수 없다.

미제의 경제력이 약화됨에 따라 자본주의국제경제결탁체제는 도처에서 허물어져가고있다.

무엇보다 국제통화분야에서의 결탁과 협력이 파탄되여가고있다.

1971년 8월 닉슨의 딸라와 금과의 교환정지의 선포는 사실상 국제통화분야에서 렬강들간의 결탁과 협력관계가 파괴되였다는것을 세상에 알리는것이였다.

딸라를 《국제기준통화》로 하는 전후 국제통화제도는 렬강들간의 평가인하경쟁을 막고 국제결제와 환자의 안정을 보장하는 국제적인 협력과 결탁의 수단이였다.

이 제도에 의하여 전후 자본주의세계에서는 환자시세가 안정되고 국제무역과 국제신용이 확대되였으며 그에 기초하여 또한 일정한 기
										간 자본주의세계에서 경제가 발전하였다.

그러나 전후 국제통화제도는 그 《기준통화》인 딸라가 위기에 처함으로써 붕괴되기 시작하였다.

딸라는 신뢰를 잃고 배척되기 시작하였으며 딸라를 금으로 바꾸어두는 소동이 벌어지게 되였다.

1960년 10월 런던금시장에서의 금값의 폭등으로 시작된 금매입소동은 1960년대의 중요한 특징으로 되여있었다.

부레뜬―우쯔협정에서 딸라는 금과 동등한 지위에 있는것으로 선포되고 진짜 세계화페인 금은 밀려났으나 그것은 다시 국제무대에 나타나 딸라의 적수로 되였다.

딸라는 금뿐만아니라 다른 나라들의 통화에 의해서도 밀려나기 시작하였다.

1958년 서유럽나라들의 통화가 교환성을 회복할 때까지는 자본주의세계에서 가장 강하고 유일한 국제통화였던 딸라는 서유럽나라들의 통화의 도전에 부닥치게 되였다.

특히 서부도이췰란드 마르크의 강한 저항에 맞다들게 되였다.

1971년초부터 성행한 딸라에 의한 마르크의 매입소동은 딸라위기를 더욱 심화시켰다.

그해 년초부터 서부도이췰란드에 흘러들어간 딸라는 100억US$를 넘었으며 서부도이췰란드는 같은해 5월 1일부터 하는 수없이 변동시세제를 채용하였다.

마르크가 변동시세제에로 넘어감에 따라 서부도이췰란드로부터 다시 흘러나오는 딸라는 프랑스를 비롯한 서유럽의 다른 나라들에 흘러들어갔다.

미제가 1971년 8월에 《닉슨충격》이라고 불리우는 딸라와 금과의 교환정지를 선포한것은 결코 우연하지 않다.

딸라를 《국제기준통화》로 하는 전후 국제통화제도의 붕괴는 이 제도자체가 가지고있는 모순으로부터 필연적이였다.

딸라의 금태환성, 딸라와 각국 통화의 시세비률의 고정을 전제로 한 국제통화제도는 미국의 경제력이 약화되고 금예비가 밑창이 날때 또한 여러 나라 통화들사이의 지위에서 변화가 일어날 때에는 보존될수 없게 되여있다.

원래 한 나라의 민족화페를 세계의 《기준통화》로 하는 국제통화제도에서는 《기준통화국》의 국제수지가 적자로 되는것을 피할수 없게 되여있다.

왜냐하면 《기준통화국》의 국제수지가 균형상태에 있는 경우에는 국제통화의 부족현상이 일어나게 되기때문이다.

딸라를 《기준통화》로 한 전후 국제통화제도에서 국제통화의 공급을 계속하려면 미국의 국제수지적자가 늘어나지 않으면 안되는 모순을 피할수 없었다.

그리하여 딸라를 《기준통화》로 하는 국제통화제도는 붕괴되고 통화분야에서의 렬강들의 결탁과 협력관계는 파탄되게 되였다.

지금 자본주의세계에서는 환자안정이 파괴되고 환자시세에서 심한 혼란과 파동이 일어나고있다.

딸라에 의하여 시세가 고정되여오던 때에 비하여 1987년 3월 현재 일본돈은 한 딸라에 360¥으로부터 153¥으로, 서부도이췰란드돈은 한 딸라에 3.5DM로부터 1.8DM로, 영국돈은 한 딸라에 2.43£로부터 0.65£로 각각 변동되였다.

환자시세가 동요하는 조건에서 제국주의렬강들은 또한 제가끔 자기 나라 통화의 대외적가치를 떨구는 방법으로 시장쟁탈전에서 유리한 지위를 차지하려하고있다.

딸라가 《기준통화》의 지위에서 떨어지고 금교환성을 잃은 딸라가 이 나라에서 저 나라에 떠돌아다니게 되자 인플레도 국제적범위로 파급되여 자본주의나라들의 경제에 혼난을 조성하고있다.

국제통화제도의 붕괴에 의하여 제국주의나라들의 강행적인 자본축적정책도 파탄되게 되였다.

제2차 세계대전후 제국주의나라들에서 국가독점자본주의에 기초하여 추진된 자본의 《고도축적》정책은 딸라를 《기준통화》로 하는 국제통화제도에 의하여 유지되여왔다.

구체적으로는 그것이 딸라살포에 의하여 가능하게 되였는데 딸라살포는 직접 간접으로 서유럽나라들과 일본의 국제수지상태를 호전시키고 외화축적을 증대하여 국가독점적자본축적정책을 강화할수 있는 조건을 조성하였다.

그러나 딸라살포제도가 파탄됨에 따라 1950～1960년대에 자본주의세계에 있었던것과 같은 그러한 강행적인 자본축적정책을 실시하기 곤난하게 되였다.

왜냐하면 딸라살포가 없는 조건에서 강행적인 자본축적정책을 쓰면 그것은 곧 인플레를 격화시키고 국가예산의 악화를 초래하기때문이다.

딸라는 아직 자본주의세계에 많이 살포되고있으나 지난날처럼 각국의 자본축적기구와 재생산기구를 유지하며 지탱할만한 정도에 이르지 못하고있다.

오늘 제국주의나라들에서 자본의 《고도축적》정책이 파탄되고 자본주의세계경제전반이 침체와 위기에 처하여있는것이 결코 우연하지 않다.

이처럼 경제력의 약화에 의하여 딸라를 《기준통화》로 하는 국제통화제도는 붕괴됨으로써 렬강들간의 경제적결탁과 협력관계는 파탄되여 가고있다.

제2차 세계대전후 자본주의렬강들사이에는 금융분야에서도 결탁과 협력이 강화되여 그것이 제국주의나라들의 경제력을 강화하는데 일정하게 작용하여왔다.

국제금융분야의 협조는 상품거래와 관련한 단기대부자본의 거래에서 광범히 실현되여 자본주의세계무역을 촉진하며 나라들의 외화준비를 풍부히 하였다.

그것은 또한 외화거래, 차관거래의 형태로 이루어지는 장기대부자본의 거래분야에서도 확대되여 제국주의나라 독점들의 자본축적을 촉진하였다.

그러나 국제금융분야에서의 이러한 협조와 결탁도 오늘 파탄되여가고있다.

국제금융분야에서의 협조의 파탄은 딸라살포의 국제통화제도의 붕괴의 필연적결과이다.

금융분야에서의 렬강들의 협조와 결탁은 딸라살포에 기초한 전후의 특수한 국제통화금융제도와 관련되여있었다.

딸라의 살포에 의하여 제국주의나라 대은행들에 막대한 예금이 확보되였으며 딸라에 의하여 국제금융기구들의 준비자산이 마련되고 담보되였다.

그러나 딸라살포의 국제통화제도가 붕괴됨에 따라 자본주의나라들은 국제결제와 대외적지불을 위한 준비자산을 확보해내지 못하고있다.

지금 자본주의나라들가운데는 국제수지적자의 증대로 하여 해외에서 끌어들이는 자금이 방대한 규모에 이르고있다.

적지 않은 나라들은 상환기간이 닥쳐온 채무의 원금과 리자도 지불하지 못한채 새로운 대외차입에 의존하지 않을수 없게 되여있다.

그런데 딸라살포의 국제통화제도가 붕괴됨으로써 국제금융은 초긴장상태에 있으며 위험한 금융적파국을 배태하고있다.

적자국들은 국제경제와 대외지불을 위한 준비자산을 해결할 방도를 찾지 못하고있다.

국제준비자산을 해결하는데는 금생산의 증대와 《국제통화기금》의 대출 등과 같은 공간이 있으나 그것은 매우 제한되여있다.

국제준비자산을 어느 정도라도 해결하자면 지난날과 같이 미제가 계속 딸라를 살포하고 그 딸라를 얻은 다른 나라들은 집중된 딸라를 미국은행이나 유럽은행에 예금하여 미국은행과 유럽은행은 그것을 국제수지적자국들에 대부하는것과 같은 딸라의 순환이 일어나야 한다.

그러나 딸라위기에 의해서 딸라의 이러한 환류가 곤난하게 되여있다.

그리하여 금융분야에서의 렬강들의 결탁과 협조는 한계에 부닥치고 그것이 잘 실현되지 못하고있다.

국제금융분야에서의 결탁과 협력의 파탄은 국제과잉류동성화페자본의 교란작용을 제거하지 못하는데서도 나타나고있다.

국제금융분야에서의 렬강들의 결탁과 협조에서는 국제과잉류동성화페자본의 무질서한 이동을 막는것이 중요한 자리를 차지한다.

그것은 국제과잉류동성화페자본이 방대하게 형성되여 이 나라 저 나라에 떠돌아다니면 나라들사이의 리자률에서 심한 차이가 생길뿐아니라 국제결제에서 혼난이 조성되며 지불련쇄에서 파괴가 일어나 나중에는 금융적파국이 조성되기때문이다.

그러나 오늘 제국주의자들은 딸라살포의 국제통화제도의 붕괴에 의하여 방대하게 형성된 국제과잉류동성화페자본의 교란작용을 막는데서 협력하지 못하고있다.

방대한 규모에 이르는 과잉국제류동성화페자본은 자본주의세계경제에 더욱더 무질서와 혼잡을 조성하고있다.

1974년에는 3,950억US＄였던 국제과잉류동성화페자본은 1984년에는 2조 3,500여억US＄에 이르렀다.

국제류동성화페자본은 가장 류동성이 심한 단기대부자본으로서 그것은 환자시세, 리자률의 변동 기타 정치경제적정세의 변동에 매우 민감하다.

그러므로 국제류동성화페자본은 대은행들과 다국적기업체들의 투기에 광범히 리용되면서 자본주의나라들의 금융시장과 통화금융체계에 수습할수 없는 혼란과 위기를 조성하고있다.

채무위기는 제국주의결탁관계에 더욱더 파렬을 가져오고있다.

제국주의렬강들은 힘을 합쳐 채무위기에 대처하려 하지 않고 채무국들에 대외차입의 억제, 재정적자의 삭감, 평가인하, 수입삭감 등을 중심으로 하는 국내적대책을 실시할것만을 요구하고있다.

이리하여 채무위기는 더욱더 심각해지면서 제국주의자들을 헤여날수 없는 함정에로 이끌어가고있다.

이처럼 국제금융분야에서의 제국주의렬강들의 결탁과 협조는 도처에서 파탄되여 가고있다.

미제주도의 국제경제결탁체제의 위기는 통화, 금융뿐아니라 무역분야에서도 또한 날카롭게 표면화되고있다.

이것은 오늘 《관세 및 무역에 관한 일반협정》(《가트》)체제가 위기에 처하고 침략적인 보호무역주의가 강화되고있는데서 그대로 나타나고있다.

현대자본주의하에서 무역분야의 결탁과 협력은 《자유, 다각, 무차별의 원칙》을 표방하는 《가트》 체제를 통하여 실현되고있다.

자본주의나라들은 《가트》체제에 의하여 수량제한을 비롯한 관세이외의 온갖 무역제한조치들을 기본적으로 철페하며 나라들사이의 《합의》에 의하여 관세률을 낮추고 무역에서 차별대우를 없애는 방법으로 국제무역분야에서 협력을 강화하려하고있다.

《가트》체제에 의한 렬강들사이의 이러한 협조는 제2차 세계대전후 국제무역을 확대하고 독점들의 자본축적과 경제적팽창에서 일정하게 역할을 하였다.

그러나 오늘 《가트》체제는 심각한 위기에 처하고 침략적인 보호무역주의가 강화되고있다.

자본주의렬강들은 국가할당제와 수입허가제, 외화관리, 수출산업에 대한 보조금제공 및 기타 금융적장려와 국가의 칼페르협정, 환자투매 등 온갖 보호무역주의 수단들을 다 동원하고있다.

침략적인 보호무역주의는 벌써 경제적수단의 범위를 벗어나 로골적인 압력과 보복행위를 서슴없이 감행하는 단계에까지 확대되고있다.

제국주의나라들은 《투매용의》, 《면책조항》, 《상쇄관세》, 《불공정무역관행방지》 등의 온갖 보복조치들을 리용하여 서로 다른 나라 상품의 투입에 제한을 가하고있다.

제국주의렬강들사이에 감행되는 이러한 압력과 보복행위는 단순히 시장문제의 첨예화와 관련한 모순만이 아니라 전후 자본주의무역질서를 규제해오던 결탁과 협력 체제의 위기를 반영하는 심각한 대립이라는것을 보여주고있다.

국제무역분야에서의 렬강들사이의 결탁과 협력 관계에서 금이 나기 시작한것은 벌써 오래전부터였다.

프랑스와 서부도이췰란드를 비롯한 유럽자본주의나라들은 이미 오래전부터 《유럽공동시장》이란것을 만들고 성원국들사이에는 관세를 낮게 설정하면서 참가국밖의 나라들의 상품에 대하여 높은 관세를 붙였다.

이것은 《자유, 다각, 무차별의 원칙》을 표방하는 《가트》체제에 모순되는것이였다.

《가트》체제를 중심으로 한 렬강들사이의 결탁과 협력관계가 파탄될것은 필연적이다.

국제무역분야에서 자본주의렬강들사이의 결탁과 협력을 추구하는 《가트》체제는 본질에서 미제의 침략적인 《보호무역제도》이다.

미제국주의자들은 엄청나게 확장된 생산능력과 막대하게 축적된 잉여상품을 처리하기 위하여 다른 나라들에 《관세 및 무역에 관한 일반협정》(《가트》)을 강요하고 저들의 과잉상품을 이 나라들에 광범히 들이밀려 하고있다.

미제는 《가트》의 《원칙》을 내휘두르면서 다른 나라들로 하여금 관세를 낮추고 수입을 제한하지 말며 부대조건 없는 《최혜국대우》를 저들에게 적용할데 대하여 강요하고있다.

그러나 자본주의세계에서 미제의 경제력이 약화되고 다른 자본주의렬강들의 경제력이 강화됨에 따라 서유럽나라들을 비롯한 많은 자본주의나라들은 《가트》를 내걸고 무역팽창을 강화하는 미제의 책동을 허용하려하지 않고있다.

국제무역분야에서 렬강들사이의 결탁과 협력을 추구하는 《가트》체제는 자본주의세계에서 경제적위기가 심화됨에 따라 더욱더 뒤흔들리기 시작하였다.

제국주의렬강들은 생산의 침체가 인플레의 격화와 겹쳐 돌아가는 조건에서 엄격한 수입제한과 강행적인 수출확대외에 다른 방법으로 살아갈길을 찾지 못하고있다.

그들은 서로 다른 나라들을 희생으로 하여 부닥치고있는 경제적난관에서 벗어나보려 하고있다.

자본주의렬강들은 특히 무역수지의 불균형이 심화됨에 따라 더욱더 보호무역주의에로 나가고있다.

지금 미국과 일본, 미국과 《유럽공동체》,일본과 《유럽공동체》사이에는 심한 무역수지의 불균형이 조성되고있으며 그로 인하여 제국주의나라들은 커다란 타격을 받고있다.

무역적자국에서는 환자시세가 저락될뿐아니라 절대적으로 늘어나는 무역수지적자의 청산으로 하여 금의 해외류출이 강화되고있다.

그러나 고정시세제가 변동시세제에로 넘어감에 따라 제국주의자들은 서로 환자제한, 수입규제,수출강행 등 보호무역주의정책을 강화하는 길밖에 없게 되였다.

이리하여 국제무역분야에서 결탁과 협력을 강화해보려는 제국주의자들의 시도는 파탄되여가고있다.

보는바와 같이 자본주의세계에서 우두머리로 군림한 미제의 경제력이 약화됨에 따라 렬강들사이의 경제적결탁과 협력체제는 밑뿌리로부터 뒤흔들리고있다.

이것은 결탁과 협력관계에 의하여 자본주의의 운명을 겨우 부지해나가는 제국주의자들에게 있어서 심대한 타격으로 되지 않을수 없다.

자본주의국제경제관계에서 결탁과 협력이 파탄되여감에 따라 제국주의나라들사이의 모순과 갈등은 더욱더 첨예화되여가고있다.",KIS,collapse_arduous_march,1990s,7.328437352895162
우리 나라 사회주의로동제도는 근로자들에게 로동의 권리를 철저히 보장해주는 우월한 로동제도,서준원,1994,4,1513,"위대한 수령 김일성동지께서 마련해주시고 위대한 령도자 김정일동지께서 빛내여 나가시는 우리 나라 사회주의로동제도는 근로자들에게 로동의 권리를 철저히 보장해주는 세상에서 가장 우월한 로동제도이다.

위대한 령도자 김정일동지께서는 다음과 같이 지적하시였다.
《우리의 사회주의사회에서는 근로자들에게 로동의 권리를 철저히 보장해주고있습니다.》(《인민대중중심의 우리 식 사회주의는 필승불패이다.》, 28페지)

로동의 권리는 사회의 주인으로서 사람이 지녀야 할 기본권리의 하나이며 근로자들이 로동생활분야에서 자기들의 근본요구와 리익을 옹호실현해 나갈수 있는 중요한 담보이다.

그리므로 근로자들에게 로동의 권리를 철저히 보장해주는 로동제도라야 참말로 인민적이며 진보적인 로동제도로 될수 있다.

근로자들이 로동의 권리를 가진다는것은 그들이 자기 로동의 주인으로서의 권리를 가진다는것을 의미한다.

다시말하여 그것은 근로자들이 취업과 로동과정, 로동보수 등 로동생활의 모든 분야에서 자기의 요구와 리익을 실현할수 있는 권리를 가진다는것을 의미한다.

오늘 우리 나라에는 근로자들에게 로동의 권리를 전면적으로 완전히 보장해주는 가장 우월한 사회주의로동제도가 확고히 세워져있다.

우리 나라 사회주의로동제도가 근로자들에게 로동의 권리를 철저히 보장해주는 로동제도로 되는것은 무엇보다먼저 그것이 근로자들에게 일자리를 완전히 보장해주고 가장 훌륭한 로동생활조건과 휴식조건을 마련해주며 로동의 결과에 대하여 일한것만큼 공정한 보수를 실시하는 로동제도라는데 있다.

근로자들에게 로동의 권리를 보장하는데서 가장 중요한 자리를 차지하는것은 로동능력있는 모든 근로자들에게 일자리를 완전히 보장해주는것이다.

근로자들에게 일자리를 완전히 보장해준다는것은 로동능력있는 모든 근로자들에게 능력과 소질에 따르는 안정된 일자리를 보장해준다는것을 의미한다.

근로자들에게 일자리를 완전히 보장해주는데서 선차적으로 나서는 가장 중요한 문제는 로동능력있는 모든 근로자들에게 직업을 보장해줌으로써 그들이 실업을 모르고 살아가게 하는것이다.

로동능력있는 모든 근로자들이 일자리를 가질수 있게 되자면 로동인구가 늘어나고 로동생산능률이 높아짐으로써 새로운 로력자원이 부단히 조성되는 조건에서도 로력에 대한 수요가 그것을 다 흡수할수 있을 정도로 높아져야 한다.

로력에 대한 이러한 높은 수요는 오직 사회주의계획경제의 우월성에 의하여 조성되게 된다.

축적을 계획적으로 빨리 늘여 생산을 끊임없이 큰 규모로 확대발전시켜 나가는것은 사회주의계획경제의 중요한 우월성이다.

생산이 큰 규모로 빨리 늘어남에 따라 로력에 대한 인민경제적수요는 끊임없이 높아지게 된다.

사회주의사회에서 로력에 대한 인민경제적수요의 규모는 언제나 로동능력있는 근로자수를 초과하는것이 특징이다.

그리하여 사회주의사회에서는 로력이 모자라는것이 법칙으로 되고있다.

이것은 로동인구가 늘어나고 로동생산능률이 빨리 장성하는 조건에서도 모든 근로자들에게 일자리를 보장해줄수 있는 현실적가능성으로 된다.

우리 나라 사회주의로동제도는 계획경제의 이러한 우월성에 바탕을 주고있는것으로 하여 모든 근로자들에게 일자리를 실질적으로 보장해주고있다.

근로자들에게 일자리를 완전히 보장해주는데서 중요한것은 또한 그들이 소유하고있는 능력과 소질에 따라 근로자들을 적재적소에 배치해주는것이다.

근로자들이 일자리를 가진다고 해도 그것이 능력과 소질에 맞는것으로 되지 못하면 그들이 희망과 재능을 마음껏 실현해나갈수 없게 된다.

그러므로 일자리에 대한 근로자들의 요구를 더 잘 실현시켜주자면 그들에게 능력과 소질에 맞는 직업을 보장해주어야 한다.

사회주의경제는 모든 근로자들이 능력과 소질을 마음껏 실현해나갈수 있는 가능성과 조건을 지어준다.

인민들의 끊임없이 늘어나는 다양한 물질문화적수요를 자체생산으로 충족시켜나가는 사회주의경제는 현대적기술에 기초하여 다방면적이며 종합적인 구조로 발전하게 된다.

이것은 자기 나라 근로자들의 창조력을 남김없이 동원 리용할것을 요구한
										다.

사회주의사회에서는 나라의 로력자원을 최대한 동원하여 효과적으로 리용하기 위한 사업이 로동계획화를 통하여 실현된다.

로동계획화는 전인민경제적인 창조력에 대한 다양한 수요와 매개 근로자들의 각이한 능력과 소질을 통일적으로 장악하고 세부적으로 맞물려준다.

로력후비양성사업도 전인민경제적인 창조력에 대한 수요에 맞게 계획적으로 실현된다.

우리 나라 사회주의로동제도하에서는 과학적인 로동계획에 기초하여 로력배치가 이루어짐으로써 근로자들을 적재적소에 배치하는 문제가 원만히 해결되고 있다.

근로자들에게 일자리가 완전히 보장되자면 모든 근로자들에게 능력과 소질에 따르는 직업이 보장될뿐아니라 그들의 일자리가 안정된것으로 되여야 한다.

경제공황과 경제위기와 같은 현상을 모르며 안전하게 발전하는 사회주의경제는 근로자들에게 안정된 일자리를 보장해줄수 있는 가능성을 지어준다.

근로자들에게 안정된 일자리를 보장해주는 문제는 그들을 일정한 직종에 고착시킴으로써 실현되게 된다.

우리 나라 사회주의로동제도하에서는 근로자들을 일정한 직종에 고착시키는 문제가 당과 인민정권기관들의 활동에 의하여 해결되고있다.

우리 당은 근로자들을 일정한 직종에 고착시킬데 대한 로동정책을 관철하고있다.

우리의 인민정권은 근로자들을 능력과 소질에 따라 적재적소에 배치하고 그들을 일정한 직종에 고착시키도록 하고있으며 국가기관기업소들이 로력을 제마음대로 제적하는것을 엄격히 금지하고있다.

그리하여 우리 근로자들은 불완전취업과 해고를 모르며 안정된 로동생활을 하고있다.

이처럼 우리 나라 사회주의로동제도는 로동능력있는 모든 근로자들에게 능력과 소질에 따르는 안정된 일자리를 보장해주고있다.

이것은 우리 나라 사회주의로동제도가 무엇보다도 근로자들에게 취업분야에서 모든 권리를 완전히 보장해준다는것을 실증해준다.

우리 나라 사회주의로동제도가 근로자들에게 로동의 권리를 철저히 보장해주는 로동제도로 되는것은 다음으로 그것이 근로자들에게 훌륭한 로동생활조건과 휴식조건을 마련해준다는데 있다.

로동의 권리는 취업분야에서뿐아니라 로동과정에서도 철저히 보장되여야 한다.

취업분야에서 로동의 권리가 근로자들에게 일자리를 완전히 보장해주는것을 통하여 실현된다면 로동과정에서의 근로자들의 권리는 그들에게 로동생활조건과 휴식조건을 보장해줌으로써 실현되게 된다.

근로자들에게 로동생활조건과 휴식조건을 보장해주는것은 로동과정에서 그들의 권리를 보장하기 위한 중요한 사업이다.

근로자들에게 로동생활조건과 휴식조건을 보장해주어야 그들이 로동과정에서 생명과 건강을 보호하고 소모한 힘을 회복할수 있으며 학습과 문화정서생활에 대한 요구도 실현할수 있다.

근로인민대중은 사회주의로동제도하에서만 로동생활조건과 휴식조건을 전면적으로 철저히 보장받을수 있다.

우리 나라 사회주의로동제도는 근로자들에게 가장 훌륭한 로동생활조건을 보장해준다.

근로자들의 로동생활조건보장에서 가장 중요한 자리를 차지하는것은 그들에게 철저한 로동보호조건을 마련해주는것이다.

근로인민대중은 사회주의로동제도하에서만 로동생활조건과 휴식조건을 전면적으로 철저히 보장받을수 있다.

로동보호조건을 잘 마련해주어야 로동과정에서 일어날수 있는 여러가지 사고와 유해현상으로부터 근로자들의 생명과 건강을 보호해줄수 있다.

근로자들에게 철저한 로동보호조건을 마련해주는 문제는 선진적인 로동보호제도를 세우고 최신과학기술에 기초한 로동보호시설을 갖추며 로동의 기술장비를 강화해나감으로써 해결되게 된다.

위대한 령도자 김정일동지의 현명한 령도에 의하여 오늘 우리 나라에는 근로자들에게 안전하고 문화적인 로동조건을 지어주고 그들의 생명과 건강을 보호증진시키는데 복무하는 가장 인민적인 로동보호제도가 세워져있다.

우리 나라 로동보호제도는 로동보호사업을 생산에 확고히 앞세우는것을 원칙으로 하고있다.

우리 나라에서는 모든 생산단위들이 근로자들의 생명과 건강을 보호하는 사업에 첫째가는 의의를 부여하고 그에 필요한 대책을 철저히 세우는 기초우에서 생산을 진행하고있다.

과학과 기술이 인민대중을 위하여 복무하는 사회주의사회에서 생산의 종합적기계화와 자동화, 로보트화를 실현하는것은 근로자들의 로동보호조건을 개선하기 위한 튼튼한 물질적담보를 마련해준다.

우리 나라에서는 인민경제의 현대화가 적극 다그쳐짐으로써 로동의 기술장비가 끊임없이 높아지고 근로자들의 로동조건은 날로 개선되고있다.

사람을 가장 귀중히 여기는 우리 나라에서는 로동보호시설을 갖추는데 필요한 자금을 아끼지 않으며 로동보호시설을 더욱 완비하기 위하여 계획적으로 해마다 거액의 국가자금을 투자하고있다.

그리하여 최신과학기술에 기초한 로동보호시설이 대대적으로 신설확장되고있다.

우리 나라에서는 로동의 기술장비도가 끊임없이 높아지고 최신과학기술에 기초한 로동보호시설이 대대적으로 신설확장됨으로써 로동재해를 미연에 방지하고있다.

우리 나라 사회주의로동제도하에서 근로자들은 후방생활조건도 국가로부터 보장받고있다.

근로자들의 후방생활조건을 잘 보장해주는것은 그들이 로동과정에서 생긴 피로를 충분히 회복하며 생활에 대한 걱정을 모르고 안착되여 로동생활을 해나가도록 하는데서 중요한 의의를 가진다.

그러므로 로동보호조건과 함께 후방생활조건을 잘 마련해주어야 로동과정에서 근로자들의 권리가 철저히 보장될수 있다.

우리 근로자들은 당과 국가의 보살핌속에서 모든 후방생활조건을 국가적으로, 사회적으로 보장받고있다.

우리 당과 공화국정부는 공장, 기업소들이 근로자들의 생활에서 자그마한 불편도 느끼지 않도록 살림집문제를 원만히 풀어주며 합숙조건을 마련해주고 그들의 생활을 세심히 돌보아주며 부식물공급사업도 잘 하도록 지도하고있다.

우리 당과 공화국정부는 또한 공장, 기업소들이 탁아소, 유치원과 밥공장, 리발소, 목욕탕, 세탁소, 수리소를 비롯한 편의봉사시설을 잘 꾸리고 봉사성을 높이도록 하고있다.

우리 나라 로동제도하에서는 로동능력을 일시적으로 상실하거나 또는 일하기 힘든 근로자들에 대해서도 국가사회보험제와 국가사회보장제를 실시하여 그들의 생활조건을 철저히 보장해주고있다.

그리하여 우리 근로자들은 생활상 불편을 모르며 창조적로동생활을 마음껏 해나가고있다.

우리 나라 사회주의로동제도하에서 근로자들은 휴식조건도 철저히 보장받고있다.

휴식조건을 보장받는것은 로동과정에서 근로자들이 가져야 할 중요한 권리의 하나이다.

근로자들은 휴식조건을 보장받아야 로동과정에서 소모된 로동력을 재생산할수 있으며 학습과 문화정서생활을 할수 있는 가능성도 가지게 된다.

우리 나라에서는 8시간로동제와 유급휴가제, 국가비용에 의한 정휴양제가 실시되고있으며 근로자들의 문화적인 휴식을 보장하기 위한 여러가지 문화시설들을 계속 늘여 그들의 휴식조건을 가장 훌륭히 마련해주고있다.

특히 우리 나라에서는 근로자들의 문화휴식에 대한 요구가 높아지는데 맞게 명승지들과 온천, 약수터들에 현대적인 휴양소를 더 많이 건설하고 휴양생활에 필요한 모든 조건을 충분히 보장해주고있다.

우리 나라 사회주의로동제도가 근로자들에게 로동의 권리를 철저히 보장해주는 로동제도로 되는것은 또한 로동보수지불에서도 나타난다.

근로자들에게 로동의 권리가 어떻게 보장되는가 하는것은 로동에 대한 보수지불에서 집중적으로 나타난다.

근로자들에게 설사 취업과 로동과정에서 권리가 보장된다고 해도 로동의 결과에 대한 응당한 보수가 없거나 보수지불에서 불공정한 현상이 존재한다면 로동의 권리가 철저히 보장될수 없다.

취업과 로동과정에서뿐아니라 로동보수분야에서까지 권리를 보장해주어야 근로자들에게 로동의 권리가 전면적으로 완전히 보장되게 된다.

우리 나라 사회주의로동제도는 취업과 로동과정에서뿐아니라 로동의 결과에 대한 보수지불면에서도 근로자들의 권리를 철저히 보장해준다.

로동보수지불에서 근로자들의 권리를 보장한다는것은 로동의 결과를 그들이 일한것만큼 공정하게 분배해준다는것을 의미한다.

자본주의사회에서는 공정한 로동보수란 있을수 없으며 존재하지 않는다.

근로자들이 공정한 로동보수를 받을수 있게 되자면 무엇보다도 자기 로동의 결과에 대하여 주인으로 되여야 한다.

로동의 결과에 대하여 누가 주인으로 되는가 하는것은 생산수단에 대한 소유관계에 의하여 규정된다.

자본주의사회에서 생산수단의 소유자인 자본가에게 고용된 임금로동자들은 자기 로동의 결과에 대하여 아무런 권리도 가지고있지 못하다.

자본가들은 로동자들의 로동의 결과를 차지하고 그것을 저들의 리익에 맞게 분배한다.

근로자들에 대한 공정한 로동보수는 생산수단에 대한 사회주의적소유에 기초하고있는 사회주의사회에서만 존재한다.

생산수단에 대한 사회주의적소유는 근로자들로 하여금 자기 로동의 결과에 대한 주인으로 되게 하며 그리하여 사회주의근로자들은 로동의 결과인 사회생산물을 자기들의 의사와 리익에 맞게 처리할수 있는 권한을 가지게 된다.

이것은 공정한 로동보수를 실시할수 있는 근본조건으로 된다.

사회주의사회에서 사회생산물은 전적으로 그 주인인 사회주의근로자들의 자주적이며 창조적인 생활을 위하여 리용된다.

집단주의의 원칙에서 사회와 집단, 자신의 행복을 위하여 진행되는 사회주의근로자들의 로동은 사회를 위한 로동과 자기를 위한 로동으로 이루어져있으며 따라서 로동의 결과인 사회생산물에는 사회를 위한 부분과 자기를 위한 부분이 포함되여있다.

사회주의사회에서 근로자들이 사회를 위한 로동에 의하여 창조한 생산물부분은 사회순소득으로서 사회의 전반적발전과 모든 근로자들의 물질문화생활을 끊임없이 고르롭게 높이기 위한 원천으로 리용됨으로써 근로자들의 자주적이며 창조적인 생활을 보장하는데 복무되게 된다.

사회주의근로자들이 자기를 위한 로동에 의하여 창조한 생산물부분은 직접 그들의 개인적수요를 충족시키는 원천으로 되며 그것은 사회주의적로동보수제를 통하여 근로자들에게 분배되게 된다.

사회주의적로동보수제는 근로자들에게 일한것만큼 보수를 지불하게 하는 공정한 로동보수제도이다.

사회주의적로동보수제가 공정한 로동보수제도로 되는것은 그것이 로동을 척도로 하여 같은 로동에 대하여 같은 보수를 지불하는 로동보수제도라는데 있다.

로동을 보수지불의 척도로 한다는것은 로동의 량과 질을 보수지불의 기준으로 한다는것을 의미한다.

과도적사회인 사회주의사회에서는 로동의 량과 질에 따라 근로자들에게 생산물을 분배하는것이 객관적법칙으로 되고있다.

사회주의적로동보수제는 로동에 의한 분배법칙의 요구를 실현하기 위한 경제적수단이다.

사회주의적로동보수제는 로동의 량과 질에 따라 보수를 지불하게 함으로써 같은 로동에 대하여 같은 보수가 차례지게 한다.

근로자들이 일한 정도는 그들이 지출한 로동의 량과 질에서 나타나며 그것은 생산된 생산물의 량과 질로 표현된다.

로동생산능률에서 차이가 없는 경우 량이 많은 로동은 량이 적은 로동에 비하여 더 많은 생산물을 만들어내며 질이 높은 로동은 그렇지 못한 로동보다 같은 시간동안에 생산물을 더 많이 더 질좋게 생산한다.

사회주의적로동보수제가 로동의 량과 질에 따라 보수를 지불한다는것은 량이 많고 질이 높은 로동에 대하여서는 그렇지 못한 로동에 대하여 더 많은 보수가 차례지게 한다는것을 의미한다.

이것은 결국 같은 로동에 대하여 같은 보수가 차례지게 하며 많이 일하여 많이 번 사람에게는 적게 일하여 적게 번 사람에 비하여 더 많은 보수가 차례지게 한다.

사회주의적로동보수제는 보수지불에서 평균주의를 허용하지 않음으로써 근로자들에게 공정한 로동보수가 정확히 실시되게 한다.

보수지불에서의 평균주의는 근로자들의 기술기능수준과 그들이 수행한 로동의 량과 질에는 관계없이 무원칙하게 같은 보수를 지불하려는 소부르죠아사상의 표현이다.

사회주의적로동보수제는 평균주의와 아무런 인연도 없다.

이 모든것은 사회주의적로동보수제가 근로자들에게 일한것만큼 보수를 지불하게 하는 공정한 로동보수제도라는것을 말해준다.

이렇듯 우리 나라 사회주의로동제도는 취업과 로동과정, 로동보수 등 모든 분야에서 근로자들의 권리를 전면적으로 완전히 보장해주는 가장 우월한 로동제도이다.

모든 근로자들은 위대한 령도자 김정일동지의 두리에 일심단결하여 우리 나라 사회주의로동제도를 견결히 옹호고수하고 더욱 빛내여 나가기 위하여 투쟁하여야 한다.",KIS,collapse_arduous_march,1990s,7.322510433997394
과학기술발전계획화의 특성,한종마,1991,2,1351,"친애하는 지도자 김정일동지께서는 나라의 과학기술을 빨리 발전시키기 위하여 과학기술발전계획화사업을 개선강화할데 대한 강령적과업을 제시하시였다.

친애하는 지도자 김정일동지께서는 다음과 같이 지적하시였다.
《과학기술을 빨리 발전시키기 위하여서는 또한 과학기술발전계획을 바로 세우고 그것을 어김없이 수행하도록 하여야 합니다.》

과학기술을 빨리 발전시키기 위하여서는 과학기술발전계획화사업을 결정적으로 개선강화하여야 한다.

과학기술발전계획화사업을 개선강화하여야 당의 로선과 정책, 과학기술발전의 세계적추세에 맞게 나라의 과학과 기술을 발전시키기 위한 목표를 정확히 선정하고 그것을 수행하는데 필요한 자금, 물자, 로력을 비롯한 인적 및 물적 자원분배를 과학적으로 예견하며 이 모든것을 성과적으로 실현하도록 옳게 조직지도할수 있다.

과학기술발전계획화사업을 개선강화하여야 또한 과학기술을 발전시키기 위한 모든 경제조직적활동을 보다 성과적으로 진행할수 있다.

과학기술을 발전시키기 위하여서는 현대과학기술의 성과를 적극 받아들이고 과학자, 기술자들의 책임성과 역할을 높이며 과학기술발전에 대한 투자를 합리적으로 조직하고 필요한 보장대책을 세우며 그 수행에 대한 국가적인 지도와 통제를 강화하는것을 비롯한 여러가지 경제조직적활동을 하게 된다.

그런데 이와 같은 활동은 과학기술발전계획과 밀접히 련관되여있으며 계획을 통하여 성과적으로 실현될수 있다.

과학기술발전계획화사업을 개선강화하는데서 중요한 문제의 하나는 과학기술발전계획화의 특성을 정확하게 분석하고 그에 맞게 계획화사업을 조직전개하는것이다.

과학기술발전계획은 다른 인민경제계획에 비하여 일련의 특성을 가지고있다.

과학기술발전계획화의 특성을 정확하게 분석하여야 계획화방법론을 그 특성에 맞게 세울수 있으며 과학기술발전을 위한 경제조직적활동을 그 특성에 맞게 합리적으로 조직전개하여 나갈수 있다.

과학기술발전의 계획화가 다른 인민경제계획에 비하여 일련의 특성을 가지게 되는것은 과학과 기술을 발전시키는 사업이 인민경제를 발전시키는 사업과 다른 일련의 특성을 가지고있는데로부터 출발하고있다.

과학과 기술을 발전시키는 사업은 사물현상의 객관적발전법칙을 밝혀내고 그것을 구현하여 새로운 로동수단과 기술공정을 창조하며 그것을 사회생활에 실현하는 끊임없는 지적인 탐구활동과 생산적활동을 전망성있게 통일적으로 조직하고 지도하는 사업이다.

그러므로 파악있는 로동수단과 대상을 기본요소로 하여 계획화하는 인민경제계획과는 다른 특성을 가지게 된다.

과학기술발전계획화의 특성은 우선 과학기술을 발전시키는 활동과 관련한 제반 과학기술적 및 경제적 요소들의 계획화가 창조적성격을 띤다는데 있다.

과학기술발전계획에는 계획기간에 해결하여야 할 과학기술적대상과 함께 그의 수행기간, 도달수준과 단계별과업, 과제 및 분과제들의 분담과 협동관계, 수행방법과 물자보장대책을 비롯한 과학기술적 및 경제적 요소들이 예견된다.

이러한 제반요소들을 미리 정하는것은 지적인 탐구활동, 창조적활동을 통해서만 실현될수 있다.

과학기술발전에서 계획과제대상은 해당기간에 해결하여야 할 투쟁목표이며 계획자체의 《골격》이라고 말할수 있다.

과학기술발전계획에서는 당의 정책과 경제발전의 전망과업, 과학기술발전의 세계적추세, 경제와 과학기술의 현 상태에 대한 전면적인 조사분석에 기초하여 과학기술적으로 해결하여야 할 대상을 찾으며 찾은 과학기술적문제중에서 근본적인 의의를 가지는 대상과 부차적인 의의를 가지는 대상,절박하게 해결하여야 할 대상과 그렇지 않는 대상, 새로 개발할 대상과 이미있는 기술을 도입할 대상 등을 분류하며 계획에 포함시켜 해결하여야 할 대상의 과제를 선정한다.

과학기술발전과제를 선정하는 이와 같은 사업은 당적원칙을 가지고 련관된 제반 과학기술적 및 경제적 요인들을 종합적으로 분석하면서 심오하게 연구함으로써 성과적으로 실현할수 있는 창조적사업이다.

지금까지 실현하여 보지 못한 새기술을 창조하고 경제에 실현할것을 예견하는 계획과제의 실현기간, 도달수준과 단계별과업은 과
										학기술발전예측과 나라의 경제발전전망을 구체적으로 연구함으로써 성과적으로 실현할수 있는 사업이다.

과학기술발전계획에서는 매개 과제의 예측을 위한 연구과정을 통하여 해당 과제발전의 객관적합법칙성과 일반적인 단계별도달수준을 찾은 다음 예측결과를 경제발전전망과 결합시켜 분석하면서 당정책을 관철하고 발전추세에 맞으며 현실성있는 과제별 도달수준과 단계별과업을 정하게 된다.

과학기술발전계획과제의 수행방법과 보장대책을 예견하는 사업도 이미있는 생산공정과 원단위에 기초하지 않고 새기술을 창조하고 그것을 경제에 처음으로 실현하는 과정을 예견하는 사업으로서 많은 조사분석과 연구를 통해서만 수행되는 창조적인 사업이다.

과학기술발전계획에서는 연구방향과 방법, 실험회수와 실험수단, 과제수행에 망라시킬 과학기술전공분야와 력량, 국내외적인 협동조직과 선진기술도입을 위한 조직사업, 과제수행에 필요한 설비와 물자의 량과 보장대책 등을 나라의 자원상태, 과학기술력량의 준비전망과 과학기술부문에 대한 투자전망과 결부시켜 구체적으로 조사분석하고 연구하여 예견하게 된다.

이와 같이 과학기술을 발전시키기 위한 제반 요소들을 정하는것은 지적인 탐구와 창조적활동과정을 통해서만 달성할수 있다.

과학기술발전계획화의 창조적특성은 계획작성 사업에 과학자, 기술자들과 근로자들을 광범하게 참가시키며 -모든 일군들이 해당 부문의 정책적요구에 정통하도록 할뿐아니라 과학기술발전예측을 제때에 과학적으로 하고 경제와 과학기술의 현실태와 발전전망을 전면적으로 연구분석한데 기초하여 계획을 작성할것을 요구한다.

또한 계획과제의 종합과 심의사업을 과학기술부문별로 조직진행하면서 보다 실속있게 할것을 요구한다.

과학기술발전계획화의 특성은 또한 수행기간이 오래고 복잡한 여러 공정을 거쳐 실현되는 매개 과제를 과제별로 수행과정이 중단되지 않도록 련속적으로 계획화하여야 한다는데 있다.

과학기술발전과제의 수행기간은 다른 인민경제계획지표에 비하여 오래다.

생산계획지표의 수행기간은 일반적으로 몇시간 또는 몇일 걸리고있으나 과학기술발전과제의 수행기간은 빠르면 몇달, 일반적으로 몇년씩 걸리고있다.

과학과 기술이 급속히 발전하면서 그 수행기간이 훨씬 줄어들고 있으나 지금도 새로운 과학리론적원리를 밝히거나 규모가 큰 새로운 생산기술을 주체적으로 연구하고 생산공정을 세워 운영을 정상화할 때까지의 기간은 수년 이상 걸리고있다.

과학기술발전과제는 또한 수행하는 과정과 방법이 다양하다.

과학기술부문별로 고찰하여도 연구방법과 단계, 연구결과의 도입방법과 단계가 각이하다.

기술과학의 개발연구의 전형적방법은 시험제품에 의한 운영시험과 확대장치 또는 중간공장에 의한 확대시험이며 농업과학의 전형적연구방법은 여러차례에 걸치는 포전시험이고 의학과학은 일정한 수의 사람을 대상으로 하는 림상시험이다.

그리고 기술과학부문 연구성과도입의 기본방법은 새로운 제품을 생산하거나 새로운 생산방법을 도입하기 위하여 새 공정을 건설하거나 지금있는 공정을 개건하는것이며 농업과학과 의학과학부문 연구성과도입의 기본방법은 새 기술의 도입방법에 관한 지도적문건(새 기술도입지도서)에 의하여 도입조건을 마련하고 보급일반화하는것이다.

과학기술발전과제들은 과학기술부문별로 현저한 차이를 가지고있을뿐아니라 같은 부문안에서도 개별적과제들의 수행방법과 단계도 적지 않은 차이를 가지고있다.

과학기술발전계획화에서는 각이한 방법과 단계를 가지고 수행되는 개별적인 매개 과제들을 완성될 때까지 수행과정이 중단되지 않도록 련속성있게 맞물려야 한다.

매개 과제의 수행과정이 련속 되돌고 맞물려야 지식과 물자의 랑비를 없애고 과제의 수행기간을 최대로 단축할수 있으며 연구개발한 새 기술의 리용기간을 늘이고 더 큰 경제적효과를 얻을수 있다.

과학기술이 급속히 발전하고있으며 나라의 과학기술혁명을 힘있게 다그쳐야 할 현조건에서 매개 과제의 수행과정을 련속성있게 단축할수 있도록 맞물리는것은 더욱 중요하다.

과학기술발전계획에서는 일반적으로 응용연구사업이 끝난 과제는 개발연구단계의 과업을 수행하도록 계획화하며 개발연구사업이 끝난 과제는 첫 도입단계의 과업을 수행하도록 계획화하며 연구완성된 새 기술이 인민경제의 해당부문에 제때에 도입일반화되도록 계획화하게 된다.

과학기술이 높은 단계에로 발전하였고 도입연구를 기본으로 하고있는 지금의 조건에서 기초연구, 응용연구, 개발연구, 첫 도입단계를 기계적으로 따로따로 할 필요는 없다.

과제의 실현조건에 따라서 응용연구와 개발연구, 개발연구와 첫 도입을 동시에 하도록 계획하여 과제의 수행기간을 될수록 단축하는것이 합리적이다.

과학기술발전계획의 련속성의 특성은 계획작성에서 이미 시작한 과제의 맞물림을 새로 시작하는 과제보다 우선적으로 하며 계획담당일군들이 아래에 내려가 과제의 수행실태를 료해장악하는것과 함께 모든 과제의 수행정형을 정상적으로 장악하고 종합하는 국가적질서를 정연하게 세울것을 요구한다.

또한 계획과제를 그의 포괄범위에 따라 분류하고 과제의 수행단계를 과학부문별로, 표준화하며 매 단계의 과업을 수행하였을 때에 이룩하여야 할 결과(생산물)를 국가적으로 규범화하고 이 기준에 따라서 계획의 단계별과업수행정형을 총화평가하며 이에 기초하여 다음 단계과업을 계획화하는 질서를 세울것을 요구한다.

과학기술발전계획화의 특성은 다음으로 과학기술적내용에서 서로 각이한 과제들 즉 개별적성격을 가진 많은 과제를 계획하고 그 수행을 조직지도하여야 한다는데 있다.

과학기술발전계획과제의 개별적성격은 과제의 다양성과 매개 과제의 단계별사업내용이 반복되지 않는것으로부터 출발하고있다.

우선 과학기술발전계획과제가 다양하다.

사회경제적현상이 다종다양한것과 같이 거기에서 제기되는 과학기술적문제를 해결할것을 목적으로 하는 과학기술발전과제 역시 다종다양하다.

지금 과학기술발전계획에서 공장, 기업소의 계획과제까지 포함하면 매해 수만건의 과제를 수행하고 있으나 과제이름과 수행하는 내용, 수행방법과 기술경제적결과가 같은것은 거의나 없으며 특히 도입과제들은 매해 다르다.

그리고 연구완성된 하나의 새기술을 여러 공장, 기업소에 도입일반화하는 경우에도 도입하는 매개 단위의 실정이 각이한 조건에서 해결하여야 할 기술공학적내용과 보장조건에서 일정한 차이를 가지고있다.

인민경제계획에서 생산계획지표도 적지 않으나 대부분이 매해 반복되고있다.

또한 하나의 과제에서도 매 단계마다 수행하는 과학기술적내용이 반복되지 않고 발전한다.

과학기술발전계획과제의 수행과정은 새로운 과학기술을 연구개발하거나 연구개발한 새기술을 도입완성할것을 목적으로 하는 탐구와 실현의 과정이므로 과학기술문헌을 조사연구하는 사업으로부터 도입한 새 기술을 운영정상화할 때까지의 전과정이 계속 전진하면서 탐구적활동으로 일관되여있다.

따라서 과제수행의 매개 단계에서 수행하는 과학기술적내용이 반복되지 않고 서로 각이하다.

계획과제의 다양성과 수행하는 내용의 비반복성은 과학기술발전계획의 작성과 조직지도에서 다른 계획과 같이 그 어떤 종합적인 단위에 의하여 절대적량으로 종합하거나 표현하는것을 매우 어렵게 하고있으며 계획작성의 모든 단계, 지도와 총화의 모든 공정에서 매개 과제의 과학기술적인 내용을 하나하나 료해하여야 계획화사업을 실속있게 할수 있게 하고있다.

그러므로 과학기술발전계획화사업은 다른 인민경제계획화사업에 비하여 복잡하고 어려운 사업으로 되고있다.

과학기술발전계획화에서 과제의 개별적특성은 계획작성과 그 수행에 대한 조직지도사업을 개별적과제의 과학기술적내용을 료해파악한데 기초하여 진행할것을 요구하며 계획담당일군들의 과학기술적실무수준을 부단히 높이고 과학기술발전계획화사업에 전자계산기를 받아들이는것을 비롯하여 계획화의 사무자동화를 적극 실현할것을 요구한다.

과학기술발전계획화의 특성은 또한 계획과제가 수행되여 인민경제에 기여할수 있는 경제적결과를 계획작성시기와 수행과정의 총화시기에 타산하는것이 매우 어렵다는데 있다.

과학기술발전의 경제적목적은 연구결과를 인민경제에 도입하며 경제적리익을 얻는데 있다.

그러나 과학기술발전과제의 경제적결과의 타산은 다른 인민경제 계획에 비하여 복잡하고 어려운 문제로 제기되고있다.

과학기술발전과제의 경제적결과에 대한 타산이 어려운것은 새기술의 창조조건과 적용조건을 여러가지 사회경제적현상들과의 련관속에서 작용하고 변화발전하는 제반 요인들을 고려하면서 과제를 수행하기 전에 즉 몇년전에 예상하여 결정하여야 하기때문이다.

새 기술을 개발하는 연구사업은 새로운 기술을 창조하기 위한 탐구적과정이므로 그에 소요되는 투자와 모든 조건을 근사적으로밖에 예견할수 없으며 그 연구결과에 대한 전 사회적인 도입규모와 기간도 미리 확정하기 어려운 조건에서 과학연구과제의 경제적결과를 정확하게 타산하는것은 복잡하고 어려운 사업으로 되고있다.

새 기술도입과제의 경제적결과를 타산하는 사업은 과학연구과제와는 차이가 있으나 도입조건이 각이하고 새기술의 도입후 경제적결과가 생산장성측면과 동력, 물자, 로력의 절약측면, 제품의 질제고 등의 경제적효과를 가져올수 있는 조건에서 경제적결과를 정확히 타산하는것은 간단하지 않다.

기술경제적기준지표계획과 규격화계획의 경제적결과에 대한 타산은 더 어려운 실정에 있다.

기술경제적지표값은 기술발전과 기술관리뿐아니라 생산조직과 로력조직, 자재보장을 비롯한 생산경영활동과 밀접히 련관되여있는 조건에서 기술발전결과만을 따로 계산하는것은 매우 어렵다.

규격화계획을 통하여 제품의 규격을 새로 정했거나 다시 정하여 그것이 실현되였다 하더라고 새 규격이 실현된 경제적결과에서 규격제정을 위한 연구사업의 몫을 따로 규정하는것은 매우 어렵다.

과학기술발전계획과제의 경제적결과를 정확하게 평가하지 못하는 조건에서 과학기술발전계획화에서는 예정된 과제를 지표분담에 따라 계획에 포함시키는 기준, 선정된 과제의 보장조건을 맞물리는데서 선후차를 가르는 기준, 계획수행결과에 대한 평가기준을 비롯하여 계획화와 관련한 제반기준들을 정량적으로 설정하지 못하고 개별적과제의 정책적의의와 기술경제적중요성, 과제의 내용을 하나하나 료해하면서 진행하게 된다.

계획과제의 경제적결과를 정확하게 평가하지 못하는것은 또한 계획화의 과학성을 떨어뜨리고 계획수행결과에 대한 평가를 과제의 경제적효과에 따라 정확하게 하지 못하게 하고있으며 과학기술발전계획에 대한 일군들의 관심을 높이는데 지장을 주는 결과를 가져오고있다.

과학기술발전계획화의 이 특성은 계획작성과 총화평가에서 집체적협의와 과학기술적심의를 강화하는 방법으로 경제적결과와 련관되여 평가되는 모든 문제들의 과학성과 객관성을 더욱 높일것을 요구하며 과학기술발전과제의 경제적결과의 평가계산방법론을 빨리 완성하고 실천에 받아들여 계획화사업의 과학성을 보장할것을 요구한다.",KIS,collapse_arduous_march,1990s,7.20934025660291
위대한 수령 김일성동지의 현명한 령도에 의한 인민민주주의사회에서의 소유문제를 비롯한 경제문제의 옳은 해결,염경옥,1997,3,1452,"오늘 우리 인민은 혁명의 붉은기를 더욱 높이 추켜들고 사회주의위업수행을 위한 투쟁의 한길에서 사회주의조선의 시조이시며 주체의 위대한 태양이신 경애하는 수령 김일성동지의 서거 3돐을 맞이하고있다.

이날을 맞는 우리 인민의 가슴속에는 생의 마지막순간까지 오로지 인민의 행복과 영광을 위하여 모든것을 다 바치시여 이 땅우에 사회주의락원을 펼쳐주시고 우리 인민을 자주적이며 창조적인 인민으로 억세게 키워주신 어버이수령님께서 개척하신 주체위업의 한길을 따라 경애하는 김정일동지를 높이 모시고 끝까지 싸워 갈 신념의 맹세가 더욱더 굳어지고 있다.

위대한 수령님께서 우리 인민을 위하여 이룩하신 불멸의 공적들가운데서 이 땅우에 사회주의락원을 펼쳐주신것은 참으로 중요한 자리를 차지한다.

위대한 수령 김일성동지께서는 력사상 처음으로 혁명발전단계에 대한 주체적이며 독창적인 길을 개척하시고 식민지반봉건사회였던 우리 나라를 사회주의사회에로 이행하는 과정에 반제반봉건민주주의혁명의 수행으로 인민민주주의사회를 거치게 하심으로써 우리 나라에서의 사회주의혁명수행을 가장 순조롭게 실현하시는 력사적인 공적을 이룩하시였다.

위대한 수령 김일성동지께서는 다음과 같이 교시하시였다.
《…반제반봉건적민주주의혁명의 과업은 북반부에서 완전히 수행되고 공화국북반부는 식민지반봉건사회로부터 새로운 인민민주주의사회로 전변되였으며 사회주의에로 이행하는 과도기에 점차 들어서게 되였습니다.》(《김일성저작집》9권, 246페지》

위대한 수령님께서 해방후 반제반봉건민주주의혁명을 성과적으로 실현하도록 현명하게 이끄시여 짧은 기간에 우리 나라를 인민민주주의제도에 기초하고있는 인민민주주의사회로 전변시킬수 있은것은 소유문제를 비롯한 경제문제를 옳게 해결하심으로써 새사회건설을 다그치고 사회주의에로의 이행을 적극 앞당겨 나가신데 있었다.

인민민주주의사회에서의 경제문제를 해결하는데서 위대한 수령님께서 독창적으로 해결하신 문제의 하나는 생산수단에 대한 소유문제를 가장 정확히 해결하신것이다.

생산수단에 대한 소유관계는 계급을 규정하는 기본요인이며 해당 사회의 경제적기초를 이룬다.

우리 당은 인민민주주의사회에서 국가적, 전인민적 소유와 토지에 대한 근로농민적소유, 중소기업에 대한 자본주의적소유를 일정하게 허용하였다.

중요생산수단을 누가 소유하는가 하는 문제는 주권문제와 함께 혁명의 승패와 건설사업의 성과를 좌우하는 사활적인 문제이다.

로동계급은 자기 손에 주권을 틀어쥐고 중요생산수단을 소유하여야 자주적이며 창조적인 생활을 누릴수 있다.

외래제국주의자들과 예속자본가들이 나라의 경제명맥을 틀어쥐고있는 사회에서는 근로자들이 략탈과 착취를 면할수 없으며 나라의 자주독립과 륭성발전을 바랄수 없다.

그러므로 해방후 우리 당은 반제반봉건적사회경제개혁을 실시함으로써 식민지통치자들과 예속자본가들의 소유였던 중요 공장, 기업소들과 운수, 체신, 은행, 상업 및 대외무역을 국유화하여 인민의 소유로 되게 하였다.

일반적으로 국유화의 성격은 그 국가의 계급적본질과 사명에 의하여 규정된다.

반제반봉건민주주의혁명단계에서 실시한 중요산업국유화는 제국주의자들과 예속자본가들의 소유를 수탈하여 전체 인민의 소유로 만들고 국영경제를 창설하는 혁명적변혁이였다.

중요산업국유화를 통하여 중요생산수단이 국가의 수중에 집중됨으로써 사회주의적소유가 발생하게 되였으며 나라의 경제명맥이 국가의 수중에 들어가게 됨으로써 민족자본에 기초한 중소상공업경리를 일정하게 장려한다고 해도 자본주의가 복귀될 가능성이 더는 없어지게 되였으며 국영경제의 지도적역할을 확고히 보장할수 있었다.

우리 당은 혁명의 성격과 민족자본에 대한 과학적분석에 기초하여 경제에 대한 국가적, 전인민적 소유의 지도적지위를 확고히 보장하면서 중소상공업경리를 일정하게 장려함으로써 인민민주주의사회의 경제적기초를 가장 옳바로 해결하였으며 경제를 빨리 발전시킬수 있었다.

우리 당은 또한 토지개혁을 철저히 실시하여 지주계급을 청산하고 근로농민적토지소유제도를 확립함으로써 인민민주주의사회에서의 농민문제를 가장 원
										만히 해결하였다.

근로농민적토지소유제도를 확립함으로써 인민민주주의사회에서의 농민문제를 가장 원만히 해결하였다.

근로농민적토지소유제도를 확립함으로써 농촌에서 봉건적착취관계가 영원히 청산되게 되였으며 사회주의혁명단계에서 농촌문제를 옳바로 해결할수 있는 확고한 토대가 마련되였다.

인민민주주의사회에서의 경제문제를 해결하는데서 우리 당이 독창적으로 해결한 문제의 하나는 사회의 성격에 맞게 경제관리방식을 합리적으로 설정한것이다.

인민민주주의사회는 반제반봉건민주주의혁명이 수행된 결과 이룩된 사회이며 사회주의사회에로 이행하는 과정에 있는 사회이다.

따라서 인민민주주의사회에서의 경제관리방식은 국영경제에 대한 계획적관리를 보장하며 인민경제발전에서 국영부문의 지도적역할을 강화하는 기초우에서 국영부문과 협동조합부문, 개인경리를 옳게 결합시키는것이였다.

국영경제에 대한 계획적관리를 실현하는것은 장차 사회주의, 공산주의를 건설하기 위한 합법칙적요구이다.

자본주의와 구별되는 사회주의사회의 본질적특징의 하나는 경제가 계획적으로 발전하는것이다.

식민지반봉건적사회로부터 인민민주주의사회에로 갓 넘어온 우리 나라에서 계획적관리는 당시 국영경제부문에서만 실현되였다.

경제에 대한 계획적관리는 생산수단에 대한 사회주의적소유의 조건에서만 실현된다.

해방후 반제반봉건민주주의혁명단계에서 실시한 중요산업국유화의 결과 나라의 경제명맥을 이루는 공업부문들이 국영경제에로 전환되였으며 토지개혁의 결과에 국영농장이 창설되였다.

우리 당은 국가적, 전인민적 소유로 된 국영경제부문에서 계획화사업을 먼저 실현하고 그 경험을 점차 확대하여 인민경제 모든 부문에 일반화하는 위대한 수령님식 사업방법을 전면적으로 구현함으로써 국영경제부문에서는 사회주의기본경제법칙과 인민경제의 계획적, 균형적 발전법칙 그리고 사회주의분배법칙이 작용하게 되였다.

새사회를 건설하고 사회주의, 공산주의를 건설해나가는 과정은 사회주의경제법칙의 작용령역이 확대되여나가는 과정이다.

인민민주주의사회에서 국영부분의 지도적역할을 높이는 원칙에서 경제를 관리한것은 우리 나라에 장차 사회주의, 공산주의 사회를 건설하기 위한 전제를 마련하는데서 커다란 의의를 가지였다.

우리 당은 해방후 중요산업국유화를 통하여 중요생산수단을 전국가적, 전인민적 소유로 전환시킴으로써 국영경제부문의 지도적역할을 확고히 보장하였으며 새사회건설과정에 그 지도적역할을 더욱 높이도록 하였다.

우리 당이 인민민주주의사회에서 국영경제부문의 지도적역할을 강화하는 기초우에서 국영부문과 협동조합부문, 개인경리를 옳게 결합하여 발전시킨것은 새사회건설을 용이하게 하였으며 모든 생산잠재력을 최대한으로 동원하여 과도기초 경제를 빨리 발전시킬수 있게 한 중요한 요인의 하나였다.

인민민주주의사회에서 경제문제를 해결하는데서 우리 당이 독창적으로 해결한 문제의 하나는 사회의 발전을 추동하는 추동력문제를 바로 해결한것이다.

매개 사회에는 그에 고유한 경제발전의 기본추동력이 있으며 그것은 해당 사회경제제도의 본성을 반영하고 있다.

해방후 식민지반봉건사회를 청산하고 인민민주주의사회를 건설한 우리 나라에서 로동자, 농민, 자본주의적상공업자들의 애국적열성과 창발성은 인민민주주의사회발전의 추동력으로 되였다.

우리 나라 농민들은 일본제국주의통치의 전기간을 통하여 일제와 지주, 자본가들에게 2중 3중의 착취와 략탈을 당하였다.

농민들은 일제의 토지수탈정책과 토지의 상품화과정이 촉진됨으로써 토지를 빼앗기고 기아선상에서 헤매이게 되였다.

그리하여 농민경리는 급속히 령세화되고 농촌계급구성은 변화되였다.

1914년과 1919년을 대비하면 전체 농가호수에서 지주는 1.8%로부터 3.4%로 늘어난 반면에 자작 겸 소작농은 63.1%로부터 59%로 줄어들었으며 소작농의 호수는 35.1%로부터 37.6%로 늘어났다.

농촌에서 계급분화과정이 심화되여 일제통치말기에 이르러서는 조선농민의 무려 80%가 소작농, 반소작농 및 고용농으로 전락되였다.

이들은 여러가지 소작형태를 통하여 60~90%에 달하는 소작료를 략탈당하였다.

해방전 우리 나라 농촌계급구성을 보면 지주가 3~4%, 부농이 5~6%, 중농이 15~20%, 빈농이 70~80%를 차지하고있었다.

농민구성에서의 특징은 절대 다수가 빈농이며 중농의 비중은 크지 못하였다.

해방전 우리 나라 농촌에서 기본을 이루는것은 지주와 소작농이였으며 농촌의 기본모순은 빈농민들을 중심으로 하는 농민대중과 지주와의 계급적모순이였다.

따라서 해방전 조선농촌을 지배한것은 평균리윤의 법칙이나 자본주의적지대의 법칙이 아니라 봉건지대의 법칙이였다.

이것은 바로 우리 나라 경제의 반봉건적성격을 규정하고있으며 우리 나라 식민지민족문제는 본질상 농민문제이며 농민문제를 해결하는 반봉건적인 혁명과업은 조선혁명의 객관적요구로 제기되였다는것을 말해준다.

위대한 수령님께서는 우리 나라 경제발전의 이러한 객관적요구를 가장 정확히 구현하시여 우리 나라에서 사회주의, 공산주의 건설위업은 우선 그의 전제로서 반제반봉건민주주의혁명을 철저히 수행하여야 하며 특히 토지문제를 바로 해결하는것이 무엇보다도 선차적인 혁명과업이라는 명철한 사상을 내놓으시였다.

위대한 수령님의 현명한 령도밑에 해방직후 실시한 토지개혁은 제땅을 가지고 마음껏 농사를 해보았으면 하는 농민들의 세기적숙망을 실현하였으며 이것은 농민들의 애국적열성과 창발성을 비상히 높이였다.

토지개혁을 한 첫해 농사를 만풍년으로 맞이한것도 해방후 1946~1949년사이에 수백만t의 여유량곡을 가지게 된것도, 애국미헌납운동이 활발하게 벌어진것도, 미제침략자를 때려부시는 조국해방전쟁시기 목숨을 바쳐 고마운 우리 제도를 고수한것도 다 토지개혁에 고무된 우리 인민들의 불타는 애국심과 창발성의 발현이다.

해방후 우리 농민들의 애국적열성과 창발성은 하늘을 찌를듯 높았으며 그것은 인민민주주의사회의 발전을 추동하는 기본 추동력의 하나였다.

인민민주주의사회를 떠밀고나가는 중요한 추동력의 하나는 중요산업국유화를 통하여 나라의 어엿한 주인으로 된 로동자들의 불타는 애국심이였다.

일제식민지통치하에서 조선의 로동자들은 아무런 로동보호시설도 갖추어지지 않은 매우 불리한 조건에서 류례없이 긴 시간의 로동을 강요당하였다.

일제의 대륙침략과 태평양전쟁시기 군수공장들에서는 하루 보통 14~16시간의 로동을 강요당하였다.

조선로동자들의 로동시간은 언제나 일본인로동자보다 훨씬 길었으며 임금수준도 훨씬 낮았다.

조선로동자들의 이러한 비참한 생활은 국가주권과 생산수단을 가지고 있지 못한데 있으며 자본주의적착취와 봉건적착취에서 해방되지 못한데 있었다.

위대한 수령님께서는 우리 나라 사회경제발전의 이러한 객관적요구를 가장 정확히 구현하시여 해방후 반제반봉건민주주의혁명을 철저히 수행하도록 하시였으며 중요산업국유화를 실시하여 로동자들을 생산수단의 주인으로 나라의 어엿한 주인으로 되게 하시였다.

중요생산수단의 주인으로 된 로동자들의 애국적열성과 창의창발성은 비상히 높아졌으며 나라의 주인된 자각성은 새사회건설을 위한 중요한 추동력으로 되였다.

나라의 주인된 자각은 자기의 일터와 공장을 사수하며 자기들에게 값높은 삶을 안겨준 위대한 수령님과 당을 위하여 몸바쳐 투쟁하려는 고상한 혁명정신이 분출되여 그것은 조국해방전쟁시기 고마운 새사회제도를 사수하려는 애국정신으로 발휘되였다.

인민민주주의사회에서 자본주의적상공업자들의 애국애족정신도 높이 발휘되였다.

자본주의적상공업자들은 토지개혁과 중요산업국유화를 통하여 인민민주주의제도가 자기들의 경제적처지를 해치지 않으며 자기들의 기업활동을 적극 장려하는 정책을 쓴다는것을 실천을 통하여 체험하였다.

그리하여 자본주의적상공업자들이 일제시기와 같이 모리투기업을 하여서는 안되며 인민을 위하여 복무하는 길만이 새사회건설에서 자기들이 설 자리라는것을 깊이 인식하게 되였다.

자본주의적상공업자들은 기업을 운영하면서도 로동법령의 요구에 맞게 로동자들의 민주주의적권리를 철저히 보장하였으며 인민들의 생활향상에 리로운 기업활동을 적극 지향하게 되였다.

물론 개인기업가들의 공장, 기업소는 국유화되지 않았기때문에 생산수단은 기업가들의 사적소유였으며 그들의 수입은 일반로동자들의 수입보다 높았다.

그러나 그들의 생산목적은 인민들의 생활향상에 도움이 되는 물건을 생산함으로써 새사회건설에 이바지하는데 있었다.

자본주의적상공업자들의 애국애족정신의 발현은 해방후 짧은 기간에 인민들의 물질문화생활을 향상시킬수 있게 하였으며 새사회건설을 다그쳐나갈수 있게 한 중요한 요인의 하나였다.

해방된 조국에서 제살림을 마음껏 꾸려나가려는것은 로동자, 농민, 자본주의적상공업자들의 한결같은 념원이였다.

해방된 조국에서 제땅을 가지고 제살림을 마음껏 꾸려나가려는 관심성은 누구보다도 농민들속에서 비상히 컸다.

해방전 농민들은 지주의 땅을 부치면서 수확고의 60~90%의 높은 소작료를 바치면서 인간이하의 천대와 멸시를 받아왔다.

그런데 해방후 토지개혁을 통하여 자기들을 땅의 주인, 나라의 주인으로 내세워준 위대한 수령님과 어머니당에 충성다하려는 농민들의 높은 정치적자각을 비상히 높여주었으며 해방된 조국에서 제살림을 마음껏 꾸려나가려는 그들의 창발적의욕을 끝없이 분출시켰다.

인간이하의 천대와 멸시를 받아온 로동자들도 공장의 주인, 나라의 령도계급으로 내세워주신 위대한 수령님과 어머니당의 고마움에 대하여 심장깊이 간직하게 되였으며 제도의 우월성에 무한히 고무되여 자기의 힘과 재능을 남김없이 발휘하였다.

이 모든것은 나라의 주인, 나라의 령도계급으로 등장한 우리 로동자들의 애국적열성과 창발성, 제살림을 마음껏 꾸려나가려는 관심성이 인민민주주의사회의 발전을 다그칠수 있게 한 중요한 추동력으로 되였다는것을 말하여준다.

중소개인기업가들과 상인들의 경제활동도 인민민주주의사회의 발전을 다그칠수 있게 한 중요한 요인의 하나였다.

새사회건설의 길에 들어선 첫시기부터 개인기업가들과 상인들은 우리당의 경제정책을 적극 지지해나섰다.

그것은 개인기업가들과 상인들이 반제반봉건민주주의혁명시기와 새사회건설의 첫시기 우리 당이 자기들의 사적소유를 해치지 않았으며 오히려 자기들의 기업활동을 장려하면서 인민들의 생활향상에 도움이 되는 기업활동을 할데 대한 당과 정부의 정책이 정당하다는것을 깊이 자각한데 있었다.

그렇기때문에 개인기업가들과 상인들은 자기들의 기업활동에서 모리투기현상을 하여서는 안되며 인민들의 생활향상에 도움이 되는 일을 하여야 한다는 당과 국가의 정책에 적극 호응해나섰다.

또한 새사회건설의 첫시기 국영공업이 아직 인민들의 생활필수품을 전면적으로 충족시키지 못하고있는 조건에서 개인기업가들과 상인들이 기업활동을 적극 장려하여 그들의 생산력을 리용하는것은 로동계급의 당과 국가의 중요한 정책이다.

개인기업가들과 상인들에 대한 우리 당의 경제정책은 새사회건설의 첫시기 인민들의 생활필수품에 대한 수요를 충족시키는데서 일정한 역할을 하였으며 이것은 새사회건설을 다그칠수 있게 한 중요한 요인의 하나였다.

이와 같이 반제반봉건민주주의혁명을 수행한 다음 새사회건설의 첫시기 당과 국가의 민주주의적개혁에 고무된 로동자, 농민, 개인기업가들과 상인들의 애국적열성과 창의창발성, 제살림을 마음껏 꾸려나가려는 관심성은 인민민주주의사회발전을 비상히 촉진시킨 중요한 추동력이였다.

그리하여 로동자들은 공장의 주인으로써 나라의 경제토대를 축성하며 인민소비품을 생산하는데 한몸 바치였으며 농민들은 나라의 쌀독을 담당함으로써 먹는 문제를 풀어나가는데 크게 기여하였다.

이와 함께 개인기업가들과 상인들은 인민들의 생활향상에 이바지하는 기업활동을 벌림으로써 나라의 륭성발전과 인민생활향상에 일정한 기여를 하였다.

로동자, 농민, 개인상공업자들의 애국적열성과 창발성에 의하여 해방후 새사회건설의 첫시기 우리 인민들의 생활은 몰라보게 달라졌으며 우리 나라에서 먹는 문제, 입는 문제, 쓰고살 집문제에서 걱정을 모르는 새로운 력사적시대가 시작되게 되였다.

이 모든것은 해방후 새사회건설의 첫시기 우리 당 경제정책의 정당성과 위대한 생활력의 발현이였다.",KJI,collapse_arduous_march,1990s,7.2813856635702825
국제봉사무역의 내용과 특징,김영철,1995,3,1479,"현시기 세계무역관계에서는 나라들사이의 봉사 수출과 수입에 대한 무역형태가 급격히 파급되면서 빠른 속도로 장성하고있다.

이에 따라 해당 나라들의 경제구성과 경제활동이 봉사무역에 지향되고 그에 의해 경제발전이 크게 추동되는 경향이 강화되고있다.

그것은 봉사무역이 투자를 적게 하면서 보다 많은 외화를 벌수 있는 무역형태이면서도 자기 나라의 경제발전과 과학기술발전에 유리한 조건을 지어주기때문이다.

위대한 령도자 김정일동지께서는 다음과 같이 지적하시였다.
《우리 나라에서 생산하는 물건을 다른 나라에 내다 파는것만으로는 외화를 많이 벌수 없습니다. 무역일군들은 우리 나라에서 생산하는 물건을 다른 나라에 팔 생각만 하지 말고 여러가지 방법으로 장사를 하여야 하겠습니다.》

무역의 중요한 목적은 더 많은 외화를 벌어 필요한 수단들을 사오자는데 있으며 이것은 수출원천의 확대와 장성을 떠나서는 생각할수 없다.

무역의 발전은 수출원천의 확대이며 보다 많은 외화의 획득이다.

위대한 령도자 김정일동지께서 지적하신바와 같이 우리 나라에서 생산하는 물건을 다른 나라에 내다파는것만으로는 외화를 많이 벌수 없다.

매 시기 나라의 경제발전과 과학기술발전, 인민생활향상에 요구되는 외화량은 부단히 장성하며 내다 팔수 있는 상품은 상대적으로 고정되여 있다.

현시기 물건을 내다 파는것과는 다른 수출원천, 상품수출에 못지 않거나 보다 더 많은 외화를 벌수 있는 수출원천으로 등장한것이 바로 봉사이며 봉사무역은 나라들사이의 무역관계에서 하나의 큰 기둥으로 되고있다.

그것은 최근시기 《무연공급》으로 불리우고있는 세계에서 가장 큰 상업인 관광업이 원유공업과 자동화공업과 함께 3대기둥으로 되고 1990년에 세계 관광봉사분야에서의 총소득이 3천여억US$에 이른 사실이 잘 말해준다.

력사적으로 소급해보면 봉사는 지난날 경제학자들의 론의에서 차요시되여 왔으며 무역관계는 상품의 수출과 수입관계로 대표되여왔다.

이 전통적인 무역관계에서 사람들의 봉사적수요를 나라들사이에서 충족시키는 무역의 유리성과 우월성이 확연해지고 많은 경제전문가들이 여기에 커다란 관심을 가지게 되였으며 상품무역과 함께 봉사무역이라는 새로운 무역이 독자적인 의의를 가지는 무역형태로 특수화되게 되였다.

오늘 국제무역관계에서 봉사무역은 기술, 운수, 건설, 관광, 금융, 정보, 교육, 의료 등 다양한 분야에서 수리, 가공, 임대보험과 재보험, 은행업무, 부기업무, 설계허가증과 전매특허 등과 같은 다양한 형태와 종류들로 세분되여 진행되고 있다.

나라들사이에 여러 갈래로 이루어지는 국제적인 봉사수출과 수입은 교류, 협조, 합작, 합영과 련관되여있으며 그에 의해 실현되기도 한다.

봉사무역관계는 대상분야가 광범하고 그 내용이 다양하여 령역을 명확히 하고 내용을 확정하는데서는 어려운 점이 적지 않다.

그러나 일반무역과 구별되는 그의 대상적내용은 일정한 징표들에 의하여 뚜렷이 할수 있다.

봉사무역은 국경을 넘는 각이한 대상들에 대한 여러가지 봉사와 그들에 의하여 제공되는 봉사활동으로 이루어지는 무역의 한 형태이다.

봉사무역에 대한 일반적리해에는 두 측면이 포함된다.

그 하나는 국경을 넘는 대상들에 대한 봉사이다.

다른 나라에서 자기의 수요를 충족하기 위하여 사람들이 국경을 넘을수 있고 다른 나라의 생산소비적수요에 따라 상품이나 정보 등이 국경을 넘을수도 있다.

이 경우에 사람이나 상품, 정보 등은 자기의 목적과 기능수행에 필요한 여러가지 봉사를 요구하게 된다.

편리한 수송, 파오손과 변질의 극복, 이동 수속과 절차의 편리성보장 등을 들수 있다.

이렇게 국경을 넘는 대상들의 편리성보장을 위한 각이한 종류의 봉사활동제공이 봉사무역의 한 측면으로 된다.

봉사무역의 다른 측면은 국경을 넘어온 사람이나 상품 등이 해당 나라의 생산소비적요구에 맞는 봉사를 제공하는 측면이다.

일정한 지식과 기술을 가진 사람이 여러분야에서 해당 나라의 주문에 맞는 봉사활동을 하거나 성능이 좋은 시설이나 수단을 가지고 그 
										나라의 해당한 수요를 충족시켜주는 봉사활동을 할수 있다.

이렇게 국경을 넘는 대상들이 봉사를 받거나 봉사를 제공하는 관계가 봉사무역관계에 포함되는 내용이다.

그러나 이것은 봉사무역관계에서는 언제나 봉사를 받거나 제공하는 두 측면이 일치되는 형태로만 이어진다는것을 의미하지는 않는다.

봉사를 받기만 하고 제공하지 않는 형태도 있고 봉사를 거의 하지 않거나 적게 받으면서 많은 봉사를 제공하는 형태도 있다.

봉사를 받을 목적으로 국경을 넘는 대상의 경우에는 봉사를 제공하는 나라가 봉사수출국으로 되며 그의 수입은 제공되는 봉사량에 맞게 된다.

그러나 봉사를 극히 적게 받으면서 많은 봉사를 제공하는 대상의 경우에는 그 대상을 보낸 나라가 봉사수출국으로 되며 봉사수입은 제공되는 봉사량에 정비례하고 봉사를 받은 량에 반비례한다.

이로부터 매개 나라의 봉사수출에서는 외화수입을 늘일수 있는 봉사업종과 원천을 동원하며 봉사를 수입하는데서는 제공받는 봉사량에 맞게 그 대상에 대한 봉사를 잘하며 외화지출을 절약하기 위한데로 머리를 돌리게 된다.

봉사무역의 내용에 대한 리해를 좀 더 구체적으로 할 필요가 있다.

무역이 나라들사이에 이루어지는 장사인것만큼 무역에서는 언제나 어떤 대상이나 국가간의 이동을 전제로 한다.

이 점에서는 봉사무역도 상품무역과 다를바 없다.

다만 나라들사이에 이동되는 대상이 물건에 극한되지 않고 그의 단순한 소비적목적만을 가지지 않는다는데 봉사무역의 독자적인 측면이 있다.

국제적인 봉사무역관계는 사람, 상품, 정보 등이 국경을 넘음으로써 이루어지는 폭넓은 무역관계이면서도 그 내용에서는 봉사라는데 한정되는 독특한 무역관계이다.

국경을 넘는 사람을 놓고 볼 때 그는 봉사를 수입하려는 목적을 가졌거나 봉사를 수출하려는 목적을 가진 사람이다.

현시기 나라들사이에 인원류동이 많아지는것은 봉사수입과 수출의 장성과 직결되여있다.

적지 않은 인원들이 다른 나라에 나가 병원이나 상업망을 차려놓고 그 나라 사람들의 봉사적수요를 충족시켜주거나 일정한 건축물을 건설하며 기술인재들을 양성해주는것은 상품수출입무역과는 확연히 구별되는 봉사무역의 고유한 내용을 구획하게 한다.

여기에서 일정한 기술적수단들과 시설들의 이동이 동반되지만 기본은 봉사능력을 갖춘 사람이 국경을 넘어 그 능력을 수출한다는데 있다.

그런데 사람들은 봉사를 수출하기 위해서만아니라 봉사를 수입하기 위해서도 국경을 넘는다.

례컨대 해외치료, 류학, 실습, 관광 등을 들수 있다.

이 경우에 국경을 넘는 사람은 자기의 정신육체적능력의 증진과 봉사적수요를 보장 받을 목적을 가진 소비자, 구매자로서 대외시장에 들어서는 사람으로 된다.

현시기 적지 않은 사람들이 자기의 정신육체적능력을 증진시키며 여러가지 봉사제공에서 이름있는 지역, 고장, 장소로 이동하여 수요를 충족하는것은 자국내에서 보다 효과가 큰것과 관련된다.

때문에 여러 나라들이 생태학적으로 유리한 지역, 독점적의의를 가지는 봉사대상들을 튼튼한 기지로 꾸리고 보다 많은 봉사 수입자, 구매자들을 끌어들이기 위해 노력하며 소비, 구매자들은 권위있고 질이 높은 봉사기지들에서 자기의 정신육체적능력을 증진시키기 위하여 국경을 넘어서게 된다.

국경을 넘는 화물을 놓고 보아도 그것 역시 다른 나라에 봉사를 제공하거나 그 나라에서 봉사를 받기 위한 화물이다.

이때의 물건은 그것을 보내는 나라의 소유로 남아있으며 그의 리용권도 그 나라에 남아있게 된다.

물건을 보내는 나라는 그 물건에 필요한 봉사만을 수입하며 또 그 물건의 봉사적기능만을 수출할뿐이다.

그리고 물건을 받는 나라는 그 물건에 요구되는 봉사만을 수출하며 또 그 물건의 봉사적기능만을 수입한다.

여기에서는 봉사 수출과 수입이 대상별에 따라 꼭 일치하는것은 아니다.

어떤 시설의 경우에는 다른 나라의 수리나 가공을 목적으로 국경을 넘을수 있고 또 수송수단의 경우에는 다른 나라의 수송수요를 보장해줄 목적으로 국경을 넘을수도 있다.

그리고 어떤 시설이나 수단들은 임대하는 형식으로 국경을 넘어 해당 나라의 수요충족에 리용될수 있다.

국경을 넘어가는 정보를 놓고 볼 때에도 정보에 대한 나라들사이, 국경을 달리하는 회사들사이에는 수요와 공급을 실현하는 무역관계가 형성되게 된다.

그것은 각이한 정보가 물건이나 인원 또는 자본의 류동을 대신하는 봉사적가치를 가지고있기때문이다.

봉사무역관계에 포함되는 보험과 재보험, 은행, 부기, 업무, 설계와 전매특허 등의 봉사도 상품무역과는 확연히 구별되는 해당 대상이나 업무에 대한 봉사적수출과 수입관계로 된다.

봉사무역관계의 넓은 령역과 독특한 내용은 전통적인 무역형태와의 관계속에서 봉사무역의 특징을 명백히 할수 있게 한다.

국제봉사무역의 특징은 첫째로, 화페계산이 상품을 주고 받는 관계에 의해서가 아니라 일정한 대상에 대한 봉사의 량과 질에 의하여 이루어진다는데 있다.

봉사무역에서는 외화수입이 봉사자의 독특한 활동의 량과 질에 의하여 이루어진다.

이것은 봉사무역이 전통적인 무역의 본질적인 측면을 가지면서도 그와 구별되는 대상에 의해 화페계산이 이루어지는 무역형태라는것을 말해준다.

국제봉사무역의 특징은 둘째로, 이 무역이 시장을 필수적인것으로 하면서도 전통적인 상품무역시장과는 다른 시장을 통하여 이루어진다는데 있다.

나라들사이의 경제거래에서 사고 파는 무역은 그 대상이 어떤것이던지간에 시장을 필수적인것으로 한다.

시장을 떠난 무역이란 있을수 없다.

봉사무역도 자기의 독특한 시장을 가진 무역형태이다.

상품무역에서 시장이 전문화된 형태로 존재하는것과 마찬가지로 봉사무역에서의 시장도 전문화된 여러 시장으로 존재한다.

금융시장, 보험시장, 관광시장, 기술무역시장 등을 들수 있다.

일반무역시장과 구별되는 봉사무역시장의 질적인 특징은 상품이 가치로 등장하는 시장이 아니라 봉사가 가치로 표현되고 거래되는 시장이라는데 있다.

례컨대 국제관광시장을 들수 있다.

관광시장에서 판매자는 려행사나 려행알선기관 등으로 표현되는 관광업자 그 관계자(여기에는 운수업자, 호텔업자 등이 포함된다)들이며 구매자는 관광객들이다.

때문에 관광에 대한 수요를 가진 사람들은 한번의 관광수요충족을 위하여 두개의 시장을 거치지 않으면 안되게 된다.

첫번째로 거쳐야 할 시장은 본국에 있는 려행사의 알선을 받는 시장이다.

이 시장은 대부분의 관광객들이 요구되는 관광지를 잘 모르며 또 아는 경우에도 필요한 안내와 편의를 제공받아야 하는것과 관련되여있다.

두번째로 거치게 되는 시장은 관광지에서 봉사적수요를 직접 충족하는 시장이다.

첫번째 시장이 관광지에 편리하게 도착하기 위한 봉사를 구매하는 시장이라면 두번째 시장은 직접 관광수요를 충족하는 시장이다.

여러 나라들에서 관광객들이 늘어나고 관광에 대한 수요가 여러 종류에서 급격히 장성함에 따라 본국에 있는 관광시장이 넓어지는 동시에 관광지들에서의 관광봉사가 빠른 속도로 장성하는것은 필연적인것이다.

기술무역의 경우에도 전문화된 기술시장들과 허가증, 전매특허 등이 가치로 출현하는 시장들이 형성되고 그의 량에서 독점적지위를 차지하기 위한 쟁탈전이 치렬하게 벌어지고있다.

봉사무역시장들의 실태를 정확히 파악하고 리용하는것은 외화수입을 크게 늘이고 요구되는 기술을 적은 투자로 구입하기 위한 중요한 조건으로 된다.

오늘 세계 많은 나라들이 국제봉사무역관계에 큰 주목을 돌리고 그 실현을 위한 수단, 기구, 시설들을 늘이는데 열을 올리고있는것은 바로 관광이 기술봉사무역과 같은 봉사무역의 유리성과 우월성을 외화수입을 늘이는 중요한 통로로 인식한것과 관련되여있다.

국제봉사무역관계의 내용과 특징을 리해하는데서 가장 중요한것은 상품무역과는 달리 이 무역형태가 사회제도에 따라 그 성격이 달라진다는것을 정확히 인식하는것이다.

봉사무역관계에서는 수출하고 수입하는 봉사가 나라들의 제도상성격을 집중적으로 반영하면서 봉사무역형태의 고유한 내용을 외곡하는 경우도 적지 않게 된다.

봉사무역에서 이 점을 소홀히 하면 사회경제관계에서 자국의 순수성이 변질되거나 외화벌이의 크기가 색다른 조건에 구속되여 크게 달라지는 경우가 불가피하게 된다.

특히 그것은 봉사가 많은 경우에 사람들의 수요충족에 이바지하는 활동으로 되는것과 관련되여있다.

오늘 발전된 자본주의나라들에서는 그 사회의 부패하고 타락한 생활인습에 물젖어 다른 나라에 봉사를 제공할 목적으로 국경을 넘으면서도 색다른 욕망을 추구하는 사람들이 적지 않게 있다.

그리고 봉사를 수입하거나 수출하는 발전된 자본주의나라에서는 색다른 매개물을 리용하여 외화지출을 절약하고 그 수입을 늘이려는 여러가지 활동들이 성행하고있다.

이것은 봉사 그자체의 성격을 흐리게 하고 봉사무역을 인간적인 관계와 거래가 먼 추악한 놀음으로 전환시키게 한다.

발전된 자본주의나라들에서 봉사무역이 많은 경우에 로동력의 상품화를 매개로 하여 진행되는것을 그 실례로 들수 있다.

자본주의나라들에서는 관광업에 기생, 매춘, 도박과 같은 매개물이 광범히 개입되고있다.

원래 관광은 사람들의 문화정서적인 생활의 수요를 충족시켜주는 고상한 활동이다.

사람들은 이름있고 특색있는 자연경치나 정신육체적으로 건강에 좋은 조건들을 리용하며 다른 나라의 민족적풍습이나 력사 등을 보기 위하여 국경을 넘는다.

그러나 자본주의사회에서는 관광객들에 대한 봉사에서 그들의 관광수요보다도 다른 매개물에 의한 봉사수입증대에 더 열을 올리고있다.

그리하여 자연경치 관광이나 해당 나라의 민족적풍습에 대한 관광이 《기생관광》으로 전환되는 경우가 적지 않으며 또 《기생》, 《도박》을 목적으로 하면서 관광의 명색을 달고 국경을 넘어서는 사람들도 있다.

이러한 관광이나 관광객은 사실상 고유한 의미에서 관광이나 관광객으로 되지 않는다.

그것은 사람이 사람체를 노리개로 하는 관광이나 도박을 목적한 관광이란 사실상 있을수 없기때문이다.

사람의 인격적가치를 교환가치로 전환시키는 자본주의사회에서만이 이러한 《관광》이 조장되고 그에 의한 봉사수입제도가 성행하게 된다.

우리는 봉사무역의 사회제도적인 성격을 옳게 인식하고 이 분야에서 사회주의제도의 우월성을 과시하면서 나라와 민족의 자주성을 실현하기 위한 봉사 수출과 수입을 현실성있게 실현해나가야 한다.",KJI,collapse_arduous_march,1990s,7.299797366758161
위대한 령도자 김정일동지께서 밝히신 사회주의 경제관리체계문제와 그의 빛나는 해결,박영근,1994,4,1170,"경제관리는 경제관리체계를 통하여 실현된다.

사회주의경제관리체계를 사회주의제도의 본성에 맞게 바로 세우는것은 사회주의, 공산주의 경제건설을 힘있게 다그쳐 나가는데서 관건적의의를 가진다.

위대한 령도자 김정일동지께서는 사회주의경제관리의 기본원리와 원칙에 대한 독창적인 과학적해명에 기초하여 경제관리체계의 본질적내용에 대한 고전적정식화를 주심으로써 사회주의경제관리체계문제 즉 사회주의경제관리체계를 세우고 완성해나가는 어렵고 복잡한 문제를 바로 풀어나갈수 있는 길을 다시금 뚜렷이 명시하여주시였다.

위대한 령도자 김정일동지께서는 다음과 같이 지적하시였다.
《경제관리체계는 나라의 경제생활을 조직지도하기 위한 사업체계와 관리기구체계를 말합니다. 경제관리에서 사업체계는 경제관리의 기본원리와 원칙을 구현하기 위한 제도와 질서이며 관리기구체계는 경제관리조직들의 구조와 직능 그 호상관계의 체계입니다.》

경제관리체계는 나라의 경제생활을 조직지도하기 위한 사업체계와 관리 기구체계이다.

경제관리에서 사업체계는 경제관리의 기본원리와 원칙을 구현하기 위한 제도와 질서이다.

사회주의사회에서 나라의 경제생활을 조직지도하기 위하여서는 경제관리조직단위들을 편성하고 그에 망라된 성원들의 경제활동을 조직지휘하여야 한다.

로동계급의 혁명적원칙과 사회주의제도의 본성에 맞게 나라의 경제생활을 조직지도하자면 경제관리조직들과 그에 망라된 모든 성원들이 사회주의경제관리 기본 원리와 원칙에 맞게 경제활동을 벌리도록 규제하는 제도와 질서를 세워야 한다.

다시말하여 인민대중이 경제관리에서 실제적으로 주인구실을 할수 있게 하는 제도와 질서, 당의 정치적지도와 경제기술적지도, 국가의 통일적지도와 매개 단위의 창발성, 민주주의와 유일적지휘, 정치도덕적자극과 물질적자극의 옳바른 결합을 보장하는 제도와 질서를 세워야 한다.

사회주의경제관리에서 사업체계는 바로 인민대중이 생산과 관리에서 주인으로서의 권리를 실질적으로 행사하고 주인으로서의 책임과 역할을 다하게 하는 제도와 질서이며 당의 정치적지도밑에 국가의 통일적이며 계획적인 지도를 실현하게 생산단위의 창발성을 높이고 민주주의를 발양시키며 생산자대중의 창조적적극성을 불러일으키는 제도와 질서이다.

경제관리에서 관리기구체계는 경제관리조직들의 구조와 직능 그 호상관계의 체계이다.

경제관리조직들이란 정무원, 위원회, 부 등 국가경제기관들과 련합기업소, 기업소, 직장, 작업반 등 생산단위들을 말한다.

이 경제조직단위들의 구조와 직능 그 호상관계의 체계가 경제관리기구체계를 이룬다.

경제관리조직단위들은 그 구조에서 생산적표징과 지역적표징에 따라 생산부문별, 지역별로 조직되며 매 경제관리조직들의 기구는 경제관리측면별사업들을 수행할수 있도록 구성된다.

그리고 경제관리조직들의 임무와 사명에 맞게 직능이 규정되고 그들 호상간 종적, 횡적인 련계의 체계가 형성된다.

관리기구체계는 사업체계에 의하여 규제되면서 그와 하나로 통일되여 경제관리체계를 이루게 된다.

경제관리 제도와 질서는 경제관리조직들의 구조와 직능, 그 호상관계를 규제하며 그것을 통하여 구현되게 된다.

여기로부터 사회주의경제관리에서 관리기구체계는 사회주의경제관리 기본 원리와 원칙에 따르는 제도와 질서를 구현하는 국가경제기관과 기업소들의 구조와 직능, 그들사이의 호상관계의 체계로 된다.

사회주의경제관리에서는 경제관리 제도와 질서가 국가경제기관과 기업소들의 경제활동, 그들사이의 호상관계의 체계를 통하여 실현되게 되는것만큼 사회주의경제관리체계는 중앙으로부터 기업소에 이르기까지 일관된 체계를 이루며 경제관리조직들이 전국가적인 하나의 체계의 개별적단위들을 이루게 된다.

그리하여 사회주의경제관리체계는 나라의 경제생활전반에 대한 통일적이며 계획적인 지도와 매개 단위의 창발성을 옳게 결합시켜 경제를 인민대중의 근본리익에 맞게 효과적으로 관리운영하는 체계로 되게 된다.

이 점에서 사회주의경제관리체계는 생산의 무정부성이 지배하는 자본주의사회에서보다 많은 리윤을 위하여 약육강식의 치렬한 경쟁을 벌리는것을
										 존재방식으로 하는 개별적자본가들의 기업관리체계와는 근본적으로 구별되며 그에 비할바없는 우월성을 가지게 된다.

경제관리체계의 본질적내용에 대한 주체적해명은 사회주의경제관리체계문제해결의 가장 옳바른 지도적지침을 준다.

위대한 령도자 김정일동지께서 밝혀주신바와 같이 사회주의경제관리체계문제는 사회주의경제제도의 존망과 관련되는 사활적인 문제이다.

사회주의경제관리체계를 어떤 원리와 원칙에 기초하여 어떻게 세우는가에 따라 사회주의경제제도가 공고발전되고 사회주의의 우월성이 높이 발양될수도 있고 이와는 달리 사회주의경제제도가 점차 와해되고 자본주의적인것으로 변질될수도 있다.

주체의 사회주의경제관리리론에 의한 경제관리체계의 본질적내용에 대한 과학적해명은 사회주의경제관리체계문제해결의 유일하게 옳은 길은 사회주의경제관리의 기본원리와 원칙을 구현하는 사업체계와 관리기구체계를 세우고 그것을 완성해나가는데 있다는것을 밝혀주었다.

주체의 사회주의경제관리리론이 밝힌 사회주의경제관리의 기본 원리와 원칙은 인민대중을 경제관리의 실제적인 주인으로 되게 하며 당의 령도, 국가의 통일적이며 계획적인 지도를 군중로선과 결합시키는 혁명적인 원리이며 원칙이다.

경제관리체계는 경제관리조직들과 그에 망라된 모든 성원들의 활동방향과 준칙, 지위와 역할을 규제한다.

사회주의경제관리의 기본 원리와 원칙에 따라 사업체계가 서고 그와 관리기구체계가 하나로 결합되여 경제관리체계가 세워질 때 경제관리조직들과 그에 망라된 모든 성원들의 활동방향과 준칙, 지위와 역할은 혁명적 원리와 원칙에 맞게 옳게 규제되고 그들의 활동이 정확히 맞물려지게 된다.

그러므로 주체의 사회주의경제관리리론이 밝힌 혁명적인 원리와 원칙에 기초하여 경제관리체계를 세울 때 그것은 인민대중의 통일단결된 창조력에 의거하여 경제를 계획적으로, 균형적으로 빨리 발전시킬데 대한 사회주의경제의 본성적요구에 맞는 가장 우월한 경제관리체계로 된다.

그러나 사회주의경제관리체계문제를 인민대중중심의 원리와 원칙이 아니라 물질경제적조건에 보다 큰 의의를 부여하는 원리와 원칙에 의거하여 해결하려 할 때에는 심중한 편향을 범하게 된다.

로동계급의 선행리론에서는 사회주의사회의 본질과 우월성이 사회주의사상을 가진 인민대중에 의하여 규정된다고 본것이 아니라 사회주의정권과 사회주의적소유관계에 의하여 규정된다고 보았으며 사회주의건설의 추동력도 생산력과 생산관계의 적응이라는 경제적요인에서 찾았다.

그런데로부터 물질경제적조건에 결정적의의를 부여하게 되였으며 따라서 사회주의경제관리체계문제가 인민대중을 중심에 놓고 바로 해결될수 없었다.

지난 시기 일부 나라들에서는 로동계급의 선행리론에 대한 교조주의적 리해에 매여달리면서 경제관리문제를 물질경제적조건을 위주로 보고 사람을 중심으로 하여 보지 못하였다.

여기로부터 국가주권과 생산수단을 틀어쥐고 경제건설만 내밀면 사회주의를 건설할수 있다고 생각하면서 국가의 중앙집권적계획적지도체계를 세우고 유일관리제를 실시하는데만 주되는 힘을 넣었으며 인민대중의 주인으로서의 지위와 역할을 높이는데는 응당한 관심을 돌리지 못하였다.

이것은 경제를 관리하는 사업이 그 주인인 인민대중과 동떨어져 특정한 사람들의 사업으로 되게 하였다.

그런데로부터 관료주의가 자라나 사람들의 창발성을 억제하고 당과 국가에 대한 대중의 신뢰를 떨어뜨리게 되였으며 인민대중의 통일단결을 파괴하는 엄중한 결과를 가져오게 되였다.

그리하여 사회주의경제가 자기 발전의 위력한 추동력을 잃게 되였으며 자기의 우월성과 위력을 발휘할수 없게 되였다.

결과 경제건설이 침체상태에 빠지게 되고 전진도상에 부닥치는 도전과 시련을 뚫고나갈수 없게 되였다.

사회주의배신자들은 이것을 기회로 물질만능, 리윤본위의 원리와 원칙에 기초하여 경제관리체계를 《개혁》, 《개편》하는데로 나갔다.

이리하여 이전 쏘련과 동유럽나라들에서는 당의 령도, 국가의 중앙집권적계획적지도 자체를 거부하고 기업소의 《자치제》, 기업관리의 《자유화》, 상품경제와 물질적자극을 확대강화하는 제도와 질서가 서게 되고 그에 맞게 관리조직들의 구조와 직능도 뜯어고치고 관리조직단위들과 사람들의 활동방향, 규칙들을 규정하게 되였다.

결과 사회주의경제관리체계는 자본주의경제관리체계로 개편되고 그에 따라 사회주의경제제도가 허물어지고 자본주의시장경제가 되살아나게 되였으며 경제는 파멸에로 깊숙히 빠져들어가게 되였다.

이 모든것은 사회주의경제관리체계문제야말로 사회주의경제제도의 존망을 좌우하는 심각한 문제라는것을 산사실로써 말하여준다.

위대한 수령 김일성동지께서는 대안의 사업체계를 창조하심으로써 사회주의경제관리체계문제해결의 력사적과제를 비로소 빛나게 해결하시였으며 사회주의경제관리체계 수립과 개선완성의 앞길을 환히 열어주시였다.

사회주의경제관리체계를 세우고 완성하는 사업은 낡은 경제관리질서를 청산하는 하나의 사회적변혁이며 새로운 사회주의경제관리질서를 세우고 공고화해나가는 창조적인 사업이다.

대안의 사업체계의 창조는 낡은 경제관리질서로부터 사회주의적이며 공산주의적인 경제관리질서에로의 근본적인 전환을 가져온 경제관리분야에서의 하나의 력사적인 변혁이다.

대안의 사업체계가 창조됨으로써 낡은 경제관리질서인 지배인유일관리제가 없어지고 행정기술적지도를 기본으로 하는 관료주의적경제관리체계의 잔재가 청산되게 되였다.

대안의 사업체계의 창조에 의하여 경제기관과 기업소가 당위원회의 집체적지도밑에 모든 경영활동을 벌려나가며 정치사업을 앞세우고 우가 아래를 책임적으로 도와주며 통일적이며 집중적인 생산지도를 실현하는 제도와 질서, 그를 구현하는 관리기구체계가 마련되였다.

그리하여 당의 유일적령도와 국가의 중앙집권적계획적지도가 군중로선과 결합되여 인민대중으로 하여금 참다운 주인이 되여 경제를 과학적으로, 합리적으로 관리운영하게 하는 인민대중중심의 경제관리체계에로의 근본적인 전환이 이룩되게 되였다.

또한 《하나는 전체를 위하여, 전체는 하나를 위하여》라는 집단주의적원칙을 훌륭히 구현한 공산주의적경제관리체계가 마련되게 되였다.

이때로부터 주체사상에 기초한 사회주의경제관리의 기본 원리와 원칙을 전면적으로 구현한 인민대중중심의 경제관리, 공산주의적경제관리의 새 기원, 새 력사가 펼쳐지게 되였다.

위대한 수령 김일성동지께서는 대안의 사업체계를 창조하신 기초우에서 이 사업체계의 요구에 맞게 군협동농장경영위원회를 기본으로 하는 농업지도체계를 새로 내오시고 계획의 일원화, 세부화를 실현하는 계획화체계를 세우심으로써 주체의 사회주의경제관리체계를 인민경제 모든 부문에 전면적으로 확립하시였다.

참으로 대안의 사업체계를 기본으로 하는 사회주의경제관리체계의 전면적확립은 오랜 력사적과정을 통하여 이루어진 낡은 전통과 질서에 깊이 뿌리박은 낡은 사업체계와 관리기구체계를 근본적으로 혁신하고 사회주의제도의 본성에 맞으며 사회주의경제제도를 공고발전시키고 나라의 생산력발전을 힘있게 추동하는 사회주의경제관리체계를 창조하는 전인미답의 길을 개척하는데서 이룩된 불멸의 업적으로 된다.

우리 식의 독특한 사회주의경제관리체계는 그 진리성과 위대성으로 하여 사회주의경제건설실천에서 커다란 위력과 생활력을 발휘하고있다.

지난 사회주의건설의 전행정에서 우리 식 사회주의경제관리체계의 위력은 남김없이 발휘되고 그 정당성은 뚜렷이 확증되였다.

그것은 특히 그토록 대내외정세가 복잡하고 첨예하였으며 준엄한 시련과 난관이 겹쌓였지만 제3차 7개년계획수행에서 빛나는 승리가 이룩된데서 더욱 뚜렷이 증시되였다.

제국주의자들과 반동들이 침략책동을 격화시키면서 우리 나라를 고립 질식시켜보려고 발악적으로 책동하였으나 우리 인민은 당과 수령의 현명한 령도밑에 이 엄혹한 시련을 이겨냈을뿐아니라 제3차 7개년계획기간 인민경제 모든 부문을 현대적기술로 장비하고 부문구조가 완비된 자립적민족경제를 더욱 튼튼히 다졌으며 인민들의 식의주문제를 보다 원만히 해결할수 있었다.

이것은 나라의 인적, 물적 자원을 통일적으로 장악하고 그것을 변화되는 정세와 현실발전의 요구에 맞게 합리적으로 리용하는 기초우에서 경제의 균형을 옳게 보장하면서 생산의 효과성을 높일수 있게 하였으며 대중의 혁명적열의와 창조적적극성을 불러일으키고 자력갱생, 간고분투의 혁명정신을 높이 발양시킬수 있게 한 대안의 사업체계를 기본으로 하는 우리 식 사회주의경제관리체계가 가져다 준 빛나는 결실이다.

사회주의경제관리체계문제해결의 실천적경험은 우리 식의 독특한 사회주의경제관리체계보다 더 좋은 경제관리체계는 없으며 또 있을수 없다는것을 보여주고있다.

우리 식 사회주의경제관리체계의 우월성을 높이 발양시키는것은 제국주의자들과 반동들의 책동을 짓부셔 버리는데서 중요한 문제의 하나이다.

우리는 지난날과 마찬가지로 앞으로도 위대한 수령님께서 창조하시고 위대한 령도자 김정일동지께서 발전풍부화하여주시는 대안의 사업체계를 기본으로 하는 우리 식 사회주의경제관리체계를 철저히 옹호고수하며 그 불패의 생활력을 더욱 높이 발양시킴으로써 당의 혁명적경제전략관철에서 새로운 승리를 이룩해나가야 할것이다.",KIS,collapse_arduous_march,1990s,7.065613363597717
올해의 총진군은 《고난의 행군》을 승리적으로 결속하기 위한 최후돌격전,림종훈,1997,1,1144,"오늘 우리 인민은 《고난의 행군》정신으로 붉은기를 높이 들고 사회주의위업을 승리적으로 다그쳐나가는 장엄한 환경속에서 희망찬 새해 1997년을 맞이하였다.

새해 공동사설에서는 우리 인민의 지난해 투쟁성과를 자랑스럽게 총화하고 당의 령도밑에 위대한 승리가 아로새겨질 새해 1997년에 우리 앞에 나선 투쟁과업을 제시하였다.

돌이켜보면 지난해1996년은 전당, 전군, 전민이 당과 수령의 두리에 굳게 뭉쳐 《고난의 행군》을 힘차게 벌려온 준엄한 시련의 한해, 보람찬 투쟁과 승리의 한해였다.

지난해에 제국주의자들과 반동들은 우리 식 사회주의를 압살하려고 계속 악랄하게 책동하였으며 우리의 사회주의건설에서도 커다란 난관과 장애가 조성되였다.

그러나 그 어떤 도전과 시련도 우리의 전진운동을 가로막을수 없었다.

당의 부름에 무한히 충직한 우리의 당원들과 인민군장병들, 인민들은 부닥치는 애로와 난관을 용감하게 뚫고 사회주의건설의 모든 전선에서 새로운 전진을 이룩함으로써 우리의 일심단결의 위력, 우리 식 사회주의의 위력을 더욱 높이 떨치였다.

위대한 령도자 김정일동지를 모시여 반드시 이긴다는 필승의 신념, 억천만번 죽더라도 우리 식 사회주의와 운명을 끝까지 같이하겠다는 결사의 각오, 백번 쓰러지면 백번 다시 일어나 싸우는 불굴의 투지, 이것이 《고난의 행군》을 힘차게 떠밀어온 원동력이였다.

지난해의 어렵고 복잡한 투쟁을 통하여 우리 식 사회주의의 3대진지가 굳건히 다져지게 되였다.

《고난의 행군》과정에 우리 인민들은 더욱 혁명적으로 단련되였으며 수령, 당, 대중의 일심단결이 일층 강화되였다.

우리의 정치사상진지는 령도의 대가 바뀌고 제국주의자들의 공세가 강화 되는 어려운 투쟁속에서도 추호도 흔들리지 않는 불패의 성새이다.

지난해에 령도자의 두리에 뭉친 당과 인민의 통일체, 혁명의 주체가 백방으로 다져지게 된것은 몇백만톤의 쌀에 비길수 없는 고귀한 승리로 된다.

우리 인민은 《고난의 행군》정신으로 억세게 투쟁함으로써 사회주의 경제건설에서도 커다란 성과를 달성하였다.

90년대의 조선의 기적인 안변청년발전소를 비롯한 기념비적창조물들이 거연히 일떠서게 된것은 우리의 자립경제의 위력을 힘있게 떨친 뜻깊은 사변으로 된다.

지난해의 투쟁을 통하여 그 어떤 어려운 조건에서도 자체의 힘으로 살아나갈수 있는 경제적토대가 튼튼히 다져지게 되였다.

지난해의 투쟁을 통하여 우리는 정치사상적으로나 군사적으로, 경제적으로 더 큰 힘을 가지게 되였으며 사회주의에로의 승리적행군을 더욱 힘차게 다그쳐나갈수 있게 되였다.

당의 령도밑에 《고난의 행군》과정에 이룩한 승리는 가장 어렵고 복잡한 투쟁속에서 그리고 적들과의 가장 치렬한 대결속에서 쟁취한것으로 하여 더없이 자랑스러운것이며 그것은 우리 식 사회주의 위업의 불패성에 대한 힘있는 과시로 된다.

지난해 사회주의총진군에서 커다란 승리를 이룩할수 있게 된 결정적요인은 위대한 령도자 김정일동지의 현명한 령도에 있다.

준엄한 시련속에서 단련되고 더욱 굳세여진 우리 인민은 오늘 위대한 령도자 김정일동지의 두리에 굳게 뭉쳐 용기백배, 기세드높이 새해의 력사적진군에 한결같이 떨쳐나서고있다.

새해 1997년은 우리 인민이 필승의 신념과 백절불굴의 투지를 가지고 더욱 분발하여 조선혁명의 전환적국면을 마련해나가는 새로운 부흥의 해, 희망찬 승리의 해이다.

위대한 령도자 김정일동지께서는 다음과 같이 지적하시였다.
《우리는 경애하는 김일성동지께서 마련하여주신 인민대중중심의 우리 식 사회주의를 고수하고 더욱 빛내여나가야 하며 주체의 사회주의위업을 끝까지 완성하여야 한다.》

올해에 우리 당과 인민앞에는 우리 식 사회주의총진군을 다그쳐나가야 할 무겁고도 영예로운 과업이 나서고있다.

올해의 총진군은 《고난의 행군》을 승리적으로 결속하기 위한 최후돌격전이다.

오늘의 난관을 참고 견디기만 하는것이 아니라 대담한 공격으로 새로운 승리를 마련해나가는 여기에 우리 식 사회주의 총진군의 거대한 위력이 있다.

《모두다 올해의 에서 영예로운 승리자가 되자!》, 이것이 올해 우리가 높이 들고 나가야 할 혁명적구호이다.

우리는 사회주의강행군을 다그쳐 조선혁명의 정치, 경제, 군사적 진지를 불패의것으로 튼튼히 다지고 인민생활을 최대한 향상시키는것을 총적과업으로 틀어쥐고나가야 한다.

올해의 총진군은 사회주의건설에서 새로운 혁명적앙양을 일으켜 내 나라, 내 조국을 더욱 부강하게 하기 위한 보람찬 진군이다.

경제건설은 우리의 주공전선의 하나이다.

강한 정치군사적위력에 경제력이 안받침될 때 우리는 그 무엇도 두려울것이 없고 못해낼 일이 없다.

우리는 혁명적군인정신을 발양하여 새해 1997년을 사회주의 경제건설에서 혁명의 북소리가 높이 울리는 대고조의 해로 되게 하여야 한다.

자력갱생의 구호밑에 이미 마련된 경제적밑천을 최대한으로 동원리용하여 먹는 문제를 결정적으로 풀고 인민생활을 획기적으로 향상시키며 국토건설을 다그쳐 부강조국의 토대를 튼튼히 쌓는것, 이것이 올해 사회주의경제건설의 중심과업이다.

올해의 경제건설과업을 철저히 수행해나갈 때 우리 식 사회주의의 우월성이 전면적으로 과시되고 온 나라에는 행복의 웃음꽃이 만발하게 될것이다.

우리는 올해에도 당의 혁명적경제전략의 요구대로 농업제일주의, 경공업제일주의, 무역제일주의 방침을 계속 철저히 관철해나가야 한다.

농촌경리부문에서는 주체농법의 요구대로 농사의 주인인 농민들의 지향과 자체의 실정에 맞게 농사를 과학기술적으로 지으며 쌀풍년, 고기풍년을 마련하여야 한다.

특히 풀과 고기를 바꿀데 대한 당의 방침대로 풀판을 대대적으로 조성하고 풀먹는 집짐승을 기르는 사업을 전군중적운동으로 계속 힘있게 밀고나가야 한다.

경공업부문의 일군들과 로동계급은 생산을 높은 수준에서 정상화하고 인민소비품생산을 대대적으로 늘여야 한다.

무역부문에서는 수출품생산기지를 튼튼히 꾸리고 수출품생산을 결정적으로 늘이며 대외시장을 적극적으로 개척해나가야 한다.

석탄공업과 전력공업, 금속공업부문의 로동계급은 인민경제의 최전선을 지켜선 영예드높이 생산에서 새로운 혁신을 일으키며 늘어나는 석탄과 전력, 금속에 대한 수요를 원만히 보장하여야 한다.

철도운수부문의 로동계급은 자체의 힘으로 철도의 물질기술적토대를 튼튼히 꾸리고 수송수단을 효과적으로 리용하여 더 많은 짐을 실어날라야 한다.

인민경제 모든 부문, 모든 단위들에서는 최대한으로 증산절약할데 대한 구호를 높이 들고 내부예비를 적극 찾아내며 한와트의 전력, 한방울의 기름, 한줌의 석탄, 한쪼각의 강재라도 극력 아껴써야 한다.

국토관리는 우리 당의 웅대한 자연개조구상을 실현하며 조국의 만년대계를 마련해나가는 가장 숭고한 애국적위업이다.

전민이 떨쳐나 산림조성과 강하천정리, 도로관리와 도시경영 사업에서 결정적전진을 이룩하여야 한다.

전체 당원들과 근로자들은 애국의 불타는 심장으로 한그루의 나무, 한포기의 풀이라도 소중히 여기고 가꾸며 조국의 산과 들, 거리와 마을을 풍요하고 살기 좋은 인민의 락원으로 전변시켜나가야 한다.

사회주의총진군이 힘차게 다그쳐지고있는 지금이야말로 우리 지식인들이 과학기술과 지식으로써 조국의 부강발전에 한몫 단단히 해야 할 때이다.

사회주의가 없으면 지식과 기술도 무용지물이 되고 지식인도 노예가 된다.

과학자, 기술자들은 당의 혁명적경제전략을 관철하여 인민생활을 높이는데서 나서는 과학기술적문제들을 제때에 풀어나가며 사회주의건설에 적극 이바지하여야 한다.

올해의 총진군을 힘있게 다그쳐 우리의 정치, 경제, 군사적 위력을 백방으로 다지기 위한 근본방도는 당을 강화하고 그 령도적역할을 백방으로 높이는것이다.

사회주의건설에서 나서는 중요한 과업을 성과적으로 수행하기 위한 중요한 열쇠는 자력갱생의 혁명정신, 집단주의적생활방식, 이신작칙의 혁명적기풍을 높이 발휘하는데 있다.

오늘의 강행군은 제힘으로 난관을 맞받아 뚫고나가는 자력갱생의 행군이며 집단주의와 동지애의 위력으로 전진하는 일심단결의 행군이다.

자력갱생과 집단주의, 이신작칙은 주체사상으로 살며 투쟁하는 우리 식의 혁명방식, 우리 식의 투쟁기풍이다.

조선혁명의 전로정에 높이 발휘되여온 이 훌륭한 혁명방식과 투쟁기풍을 적극 구현해나가는 여기에 우리의 영광스러운 삶의 길이 있고 사회주의를 빛내이는 승리의 길이 있다.

오늘의 강행군은 단순히 애로와 난관을 참고 견디여내기 위한 행군이 아니다.

없는것은 만들어내고 모자라는것은 찾아내면서 주동적으로 조건을 유리하게 조성하고 모든 사업을 더욱 활성화해나가는것이 강행군에서 발휘해야 할 일본새이다.

로동계급을 비롯한 전체 근로자들은 우에서 대주면 좋고 안대주어도 제힘으로 해낸다는 비상한 각오밑에 열걸음, 백걸음으로 뛰고 또 뛰면서 생산과 건설에서 비약을 일으켜야 한다.

도, 시, 군들에서는 지방의 원료원천을 최대한 효과적으로 리용하여 자기 살림살이를 자체의 힘으로 꾸려나가기 위하여 이악하게 투쟁하여야 한다.

어려울수록 서로 돕고 이끄는것은 우리 인민의 고유한 미덕이다.

우리의 생명관은 개인주의가 아니라 집단주의이며 우리의 불패의 힘은 고립된 개인에 있는것이 아니라 하나로 뭉친 집단에 있다.

우리는 강행군을 벌리는 시대의 요구에 맞게 가정과 인민반, 작업반과 직장을 비롯한 사회생활의 모든 단위에서 혁명적동지애를 더욱 높이 발휘하며 우리 사회의 집단주의적대풍모를 활짝 꽃피워나가야 한다.

오늘의 총진군을 다그치는데서 앞장서야 할 사람은 지도일군들이다.

우리 당은 지금 모든 지도일군들이 어렵고 힘든곳에 남먼저 뛰여드는 돌격의 기수, 메가폰을 쥐고 대중을 불러일으키는 진격의 나팔수가 될것을 요구하고있다.

지도일군들은 《돌격앞으로!》가 아니라 《나를 따라 앞으로!》의 구호를 부르며 동발목도 먼저 메고 갱막장에 들어가고 생눈길도 먼저 헤치며 포전으로 달려나가는 이신작칙의 기풍을 높이 발휘하여야 한다.

일군들은 언제나 혁명성이 투철하고 내밀성이 강한 인민군대의 지휘성원들처럼 혁명과업수행에 투신하며 말로써가 아니라 실제적사업성과로 당과 혁명에 이바지하여야 한다.

오늘 우리 인민앞에는 끝없이 양양한 전도가 펼쳐져있다.

백전백승의 기치인 우리 당의 붉은기사상이 우리를 사회주의강행군에로 힘차게 부르고있으며 혁명선배들이 창조한 위대한 전통이 막을수 없는 힘으로 우리를 떠밀고있다.

우리 혁명의 1세대들은 고난의 행군으로 일제를 격파하고 조국해방의 력사적위업을 이룩하였으며 1세대와 더불어 2세대들은 세계《최강》을 자랑하던 미제를 때려부시고 천리마의 대진군으로 원쑤들의 도전을 짓부시며 사회주의강국을 일떠세웠다.

오늘 우리의 사회주의강행군대오는 그때에 비할바없이 늘어나고 우리의 힘은 백배, 천배로 강화되였다.

우리가 가는 앞길에 하늘이 무너져도 솟아날 구멍이 있다는 든든한 배심과 락관에 넘쳐 위대한 령도자를 이 세상 끝까지 따르며 사회주의를 견결히 옹호고수하려는 전체 당원들과 인민군장병들, 청년들과 인민들의 신념은 확고하며 투지는 만만하다.

우리 당과 인민은 준엄한 난국을 혁명의 강행군으로 돌파하고 역경을 순경으로 돌려세우고 전환적국면을 열어놓은 조선혁명의 자랑스러운 전통을 우리 식 사회주의강행군에서 빛나게 이어나갈것이다.

모든 일군들은 올해의 총진군이 《고난의 행군》을 승리적으로 결속짓기 위한 최후돌격전이라는것을 명심하고 혁명의 새로운 승리를 향하여 더욱 힘차게 싸워나가야 할것이다.",KJI,collapse_arduous_march,1990s,7.0431599159883405
기계화가정운동은 사회주의농촌건설의 합법칙적요구,김병곤,1992,3,1181,"대중운동은 혁명과 건설을 다그치는 추동력이며 그것을 힘있게 벌리는것은 우리 당의 일관한 방침이다.

오늘 우리 나라 농촌에서 활발히 벌어지고있는 기계화가정운동은 현시기 사회주의농촌건설을 힘있게 추동하는 대중운동이다.

친애하는 지도자 김정일동지께서는 다음과 같이 지적하시였다.
《···농업근로자들속에서 기계화가정, 기계화분조, 기계화작업반 창조운동과 한가지이상의 기술을 소유하기 위한 운동을 힘있게 벌려 기계화초병대렬을 늘이며 모든 농장원들이 뜨락또르와 모내는 기계를 비롯한 현대적인 농기계를 다룰줄 알도록하여야 하겠습니다.》

기계화가정운동은 당의 사회주의농촌건설방침을 높이 받들고 온 가족이 뜨락또르운전수가 된 뜨락또르운전수가정의 모범을 따라배워 모든 농업근로자들을 당에 충실한 기계화초병으로 키우기 위한 대중운동이다.

다시말하여 이 운동은 기계화가정의 선구자적모범을 따라배움으로써 모든 농업근로자들을 기계화초병으로 되게 하여 농업의 공업화, 현대화를 다그치고 이 과정을 통하여 그들의 혁명화, 로동계급화를 더욱 촉진시키기 위한 대중운동이다.

그러므로 기계화가정운동은 본질에 있어서 농업의 공업화, 현대화를 적극 다그쳐 나가는것이며 농업을 공업화, 현대화하는 실천투쟁을 통하여 농업근로자들을 사회주의건설의 믿음직한 주인으로, 담당자로 더 잘 키우는것이다.

이것은 기계화가정운동이 현시기 사회주의농촌건설에서 자연개조사업과 인간개조사업을 밀접히 결합시키고 통일적과정으로 실현해나가는 대중운동으로 된다는것을 의미한다.

기계화가정운동은 농업근로자들속에서 기계화초병을 키워내기 위한 대중운동이 가정을 단위로 하여 벌어지는 운동인것으로 하여 목적과 대상, 단위 등에서 일정한 특성을 가진다.

기술혁명을 다그치기 위한 농업근로자들의 대중운동이 가정을 단위로 하여 벌리게 되는것은 가족성원들이 대체로 같은 분조나 작업반에서 농사일을 같이 하게 되는 농촌경리의 조건과 관련된다.

이런 조건에서는 대중운동이 가정을 단위로 하여 벌리게 되여야 보다 현실적인것이 될수 있다.

사회주의농촌건설을 다그치는 기계화가정운동의 추동적역할은 이 운동이 사회주의농촌건설의 합법칙적요구를 구현하고있는것과 중요하게 관련된다.

기계화가정운동이 사회주의농촌건설의 합법칙적요구로 되는것은 무엇보다도 이 운동이 현시기 농촌기술혁명의 요구를 성과적으로 실현할수 있게 하는 대중운동이라는데 있다.

사회주의농촌경리발전의 새로운 현실은 농업생산의 종합적기계화를 실현하여 농업의 공업화, 현대화에서 결정적인 전환을 가져올것을 요구하고있다.

농업생산의 종합적기계화를 실현해야 모든 농업생산공정이 기계기술수단에 의해서 실행될수 있으며 품이 많이 드는 영농작업들을 능률높은 현대적인 농기계들이 수행하게 하여 농촌경리분야에서 힘든 로동과 품이 많이 드는 로동을 없애고 농업근로자들의 로동을 보다 자주적이고 창조적인것이 되게 할수 있으며 주체농법의 요구도 더 잘 관철하여 농업생산도 빨리 늘여나갈수 있다.

농촌경리의 종합적기계화는 농업생산의 모든 공정에 발전된 현대적인 농기계들이 대대적으로 도입되고 효과적으로 리용되는 과정이다.

농업생산의 구체적조건에 맞는 여러가지 현대적인 농기계들이 충분히 마련되고 그것이 합리적으로 리용되여 모든 농업로동이 기계화되는 로동으로 전환되는 과정이 농촌경리의 종합적기계화과정이라고 말할수 있다.

농촌경리의 종합적기계화는 농촌기술혁명을 실현하는데서 복잡하고 어려운 사업이다.

농업생산에서는 같은 생산물을 생산하는 경우에도 포전의 규모, 지형조건이 다르고 부침땅의 토질조건이 같지 않다.

이러한 조건에서 어디에서나 모든 농사일을 기계로 하게 하는 사업은 복잡하고 어려운 일로 되지 않을수 없는것이다.

농촌기술혁명의 이 어려운 문제를 성과적으로 풀어나갈수 있게 하는 적극적이고 혁명적인 방도로 되는것은 농업근로자들속에서 기계화초병대렬을 늘이기 위한 대중운동을 힘있게 벌리는것이다.

농촌기계화초병대렬이 튼튼히 꾸려져야 아무리 복잡한 여러가지 현대적농기계들을 많이 들여밀어도 그것들을 제대로 리용할수
										 있으며 자기 실정에 맞는 새로운 기계들도 만들어 쓸수 있다.

아무일에서나 사람이 기본인것만큼 농촌기술혁명을 성과적으로 실현해 나가자 해도 우선 기계들을 다루고 관리하는 사람이 잘 준비되여있어야 하는것이다.

기계화가정운동은 농업근로자들속에서 농기계운전공대렬을 빨리 늘일수 있게 한다.

뜨락또르를 비롯한 현대적인 농기계들을 능숙하게 다를줄 아는 운전공이 많아야 농촌경리의 종합적기계화에서 나서는 어려운 기술혁명을 성과적으로 수행해나갈수 있다.

뜨락또르운전수를 비롯한 현대적인 농기계운전공들을 빨리 키워내는 사업은 국가적인 힘만으로는 원만히 될수 없다.

현실발전의 요구에 맞게 농촌기계화초병대렬을 늘여나가자면 이 사업을 농업근로자 자신들의 사업으로 되게 하는 대중운동을 힘있게 벌려야 한다.

기계화가정운동은 우리 당의 주체적인 군중로선을 구현한 대중운동으로서 농사일을 같이 하는 사람들사이에 아는 사람이 모르는 사람을, 앞선 사람이 뒤떨어진 사람을 배워주고 도와주며 이끌어주는 집단주의적, 공산주의적 미풍을 세울수 있게 함으로써 농업근로자들속에서 농촌기계화초병대렬을 늘이는 사업을 적극 추동한다.

기계화가정운동은 매개 뜨락또르운전수가정에서부터 서로 배워주고 도와주며 이끌어주는 운동을 벌려 가족성원 모두가 다 기계화초병이 되게 하고 나아가서 분조, 작업반이 기계화분조, 기계화작업반이 되게 한다.

가족들이 대체로 같은 분조나 작업반에서 같이 일하게 되는 농촌경리의 조건에서는 현대적인 농기계들을 누구나 다 다를줄 아는 기술기능을 소유하기 위한 대중운동이 가정단위에서부터 벌어지게 하는것이 보다 현실적인것이라고 말할수 있다.

사람들사이 배워주고 도와주며 이끌어주는 군중운동은 같은 일을 같이 하면서도 가족성원들사이에서 벌어지게 될 때 일상적이고도 신속있게 될수 있는것이다.

이 모든것은 기계화가정운동이 농촌경리의 특성에 알맞게 농업근로자들속에서 기계화초병을 키워내는 대중운동으로서 농촌경리의 종합적기계화를 실현해야 할 기술혁명의 요구를 구현한 운동이라는것을 말하여준다.

기계화가정운동이 사회주의농촌건설의 합법칙적요구로 되는것은 이 운동이 사상혁명과 문화혁명의 수행도 추동하는 운동으로 되는것과도 관련된다.

기계화가정운동은 농촌기술혁명을 적극 다그칠뿐아니라 사상혁명과 문화혁명의 수행도 추동한다.

농업근로자들속에서 기계화초병대렬을 늘여 기술혁명을 적극 추진시키는 투쟁은 당정책을 관철하는 실천투쟁이며 사람들의 창조적능력이 키워지는 실천교육과정이기도 하다.

사람들은 실천투쟁속에서 정치사상적으로 단련되게 되고 자연을 개조하는 창조적힘도 키워지게 된다.

기계화가정운동은 당정책을 관철하는 실천투쟁으로서 농업근로자들을 혁명화, 로동계급화, 인테리화하는 과정도 다그친다.

농업근로자들이 혁명화, 로동계급화, 인테리화되여 가는것은 사회주의농촌건설의 합법칙적과정이며 이 과정의 힘있는 추동력으로 되는것은 당정책관철을 위한 대중운동이다.

대중을 발동시키는 방법에 의해서만 당정책도 원만히 관철시키고 사람들을 혁명화, 로동계급화, 인테리화하는 사업도 잘해나갈수 있다.

아무일이나 주인이 열성을 내고 발동되여야 잘 될수 있으며 높은 성과를 이룩할수 있기때문이다.

농업근로자들을 혁명화, 로동계급화, 인테리화하는 사업도 그들자신이 열성을 내고 발동되여 수행하게 되는 당정책관철과 결합되게 될 때 원만히 될수 있다.

우리 당이 독창적으로 창조한 기계화가정운동은 당과 수령에 대한 충성심, 조국과 인민에 대한 헌신적복무정신, 창조적능력을 키우는 사업을 대중자신의 사업으로 되게 함으로써 사회주의농촌건설을 힘있게 추동한다.

기계화가정운동은 농촌에 파견된 로동계급인 뜨락또르운전수들이 당의 사회주의농촌건설로선과 방침을 높이 받들고 빛나게 관철하는데서 자기자신뿐아니라 자기 가족들도 다 당과 수령에 대한 높은 충성심을 안고 사회주의농촌건설에 더 잘 복무할수 있는 뜨락또르운전수가 되게 하며 나아가서 이 운동이 분조, 작업반으로 파급되여 농업근로자들속에서 공산주의적, 집단주의적 기풍을 높이 발양할수 있게 한다.

이것은 기계화가정운동이 단순히 가족성원들을 농기계운전공으로 되게 하는데 국한되는것이 아니라는것을 의미한다.

기계화가정운동은 사회주의농촌건설을 위한 당의 정책적요구를 관철하는 사회적운동인것으로 하여 그것은 농기계운전공을 키워내는 과정을 통하여 로동계급의 혁명적수령관, 조직관, 도덕관을 튼튼히 세울수 있게 함으로써 모든 농업근로자들로 하여금 당과 수령에게 충성 다하며 조국과 인민을 위하여 자기의 모든것을 다 바쳐 일하는 헌신적복무자로 되게 하는데 적극 작용한다.

농업을 공업화, 현대화 하는것은 오늘 우리 당이 사회주의농촌건설앞에 제기하고있는 중요한 정책적요구인것만큼 당과 수령에 대한 농업근로자들의 높은 충성심은 농업의 공업화, 현대화를 실현하는 투쟁에서도 나타나야 한다.

당의 믿음직한 사회주의농촌의 기계화초병이 되는것은 당의 사회주의농촌건설방침을 높이 받들고 빛나게 관철하려는 충성심의 발현이며 이 과정이 심화되면 될수록 농업근로자들속에서 당과 수령에 대한 충실성이 더욱더 신념화, 량심화, 도덕화, 생활화되게 된다.

기계화가정운동은 뜨락또르를 가지고 농촌경리의 종합적기계화를 실현할데 대한 당의 정책적요구를 관철하는 구체적인 실천투쟁을 통하여 가족성원들사이 배워주고 도와주며 이끌어주게 되는 대중운동인것으로 하여 농업근로자들을 혁명화하는데서도 긍정을 내세우고 따라배우는 사회적운동의 우월성을 원만히 발양시킬수 있게 한다.

귀중한 사회적재부이고 농업생산의 강력한 물질적수단인 뜨락또르를 비롯한 현대적농기계들을 능숙하게 다루고 알뜰히 관리하며 그 리용률을 높이는데서 모범이 되고 그 모범을 따라배우는 과정이 곧 충실성을 키우는 과정이며 이 과정은 가정을 단위로 하는 사회적운동에 의하여 더 잘 추진되게 된다.

그리고 조직성, 규률성으로 특징지어지는 로동계급의 혁명적로동생활기풍도 발전된 현대적인 로동수단을 가지고 기술공정의 생산활동을 하게 되는것과 중요하게 관련되여있다.

발전된 현대적인 농기계들을 가지고 기술공정에 따라 진행하게 되는 생산활동은 소농기구를 가지고 경험에 따라 하는 생산활동보다 조직적이고 규률적인것으로 되게 된다.

사회의 모든 성원들이 높은 과학문화지식과 기술을 소유한 능력있는 존재로 되여가는것은 사회주의, 공산주의건설의 합법칙적과정이며 이 과정은 온 사회의 인테리화과정으로 특징지어지게 된다.

오늘 우리 나라에서는 인민대중중심의 우리식 사회주의교육제도에 의하여 농업근로자들속에서 기사, 준기사, 전문가대렬이 날을 따라 더욱 빨리 늘어나고있다.

모든 농업근로자들이 높은 과학문화지식과 기술을 소유하게 될 때 사회주의, 공산주의 건설에서는 커다란 전진이 이룩되게 된다.

기계화가정운동은 농업근로자들속에서 날로 급속히 발전하는 현대의 과학문화에 대한 지식과 기술을 소유하려는 자각을 높여주고 여기에서 도와주고 이끌어주는 사회적운동의 요구를 원만히 실현시킬수 있게 함으로서 농업근로자들의 인테리화에도 이바지한다.

높은 기술공학적리치에 기초하여 만들어진 현대적농기계들을 잘 다루고 관리하며 효과적으로 리용하자면 일반기초지식과 전문지식이 있어야 하며 기술기능이 높아야 한다.

이러한 능력은 현대적인 기계기술수단들을 직접 다루고 그것을 유용하게 리용하게 되는 구체적이고 직접적인 실천활동속에서 더 잘 키워지게 된다.

이러한 실천적요구가 대중운동, 사회적운동과 결합되게 될 때 높은 과학문화지식과 기술을 소유하려는 자각과 서로 돕고 이끌어주는 집단주의적기풍이 근로자들속에서 발양되여 사회주의농촌에서 기술자, 전문가 대렬이 더 빨리 늘어나게 된다.

사회주의농촌건설의 실천투쟁속에서 농업근로자들의 혁명화, 로동계급화, 인테리화과정을 다그쳐주는것으로 하여 기계화가정운동은 사상혁명, 문화혁명의 요구도 구현한 사회주의농촌건설의 합법칙적요구로 되는것이다.

기계화가정운동은 우리 당이 독창적으로 창조한 운동으로서 농업근로자들의 주인다운 역할을 높여 사회주의농촌건설을 다그칠수 있게 하는 우월하고 생활력있는 대중운동이다.

기계화가정운동이 가지게 되는 모든 우월성과 생활력은 그것이 주체사상의 근본원리와 요구, 사회주의농촌경리발전의 현실적요구를 다 같이 빛나게 구현하고있는것으로 하여 이루어지게 되는 우월성과 생활력이다.

기계화가정운동은 자체의 우월성과 생활력으로 하여 인민대중중심의 우리 식 사회주의농촌경리제도를 더욱 공고발전시키고 농업생산을 발전시키는데 적극 이바지하게 된다.

우리는 기계화가정운동에 대한 인식을 바로 가지고 이 운동을 당의 의도와 요구에 맞게 힘있게 벌려나감으로써 사회주의농촌건설에서 더 큰 전진을 이룩하여야 할것이다.",KIS,collapse_arduous_march,1990s,7.074963197966044
새로운 농업지도체계는 사회주의경제관리 원칙들을 철저히 구현한 가장 우월한 사회주의농업지도체계,송인택,1995,1,1052,"오늘 우리 인민은 우리 당과 인민의 위대한 령도자 김정일동지의 령도를 충성으로 받들고 새해 사회주의경제건설에서 새로운 앙양을 일으켜나가고있는 벅찬 환경속에서 경애하는 수령 김일성동지께서 전국농업대회에 보내신 력사적인 서한 《사회주의농촌테제의 기치높이 농촌문제의 종국적해결을 위하여》발표 한돐을 맞이하고있다.

위대한 수령님께서는 력사적인 서한에서 사회주의농촌테제를 관철하기 위한 투쟁에서 우리 당과 인민이 이룩한 위대한 승리를 총화하시고 사회주의농촌건설을 보다 높은 단계에로 전진시켜나가는데서 새로운 리정표로 될 과업들을 밝혀주시였다.

농촌문제의 종국적해결을 위한 투쟁에서 우리 당이 창조한 새로운 농업지도체계의 우월성을 더욱 높이 발양시켜나가는것은 참으로 중요한 문제의 하나이다.

우리 당은 농촌에서 농업협동화를 완성한 다음 군협동농장경영위원회를 기본으로 하는 주체적인 농업지도체계를 세우고 사회주의농촌경리에 대한 지도와 관리를 끊임없이 개선하여왔다.

경제에 대한 지도관리는 일정한 경제관리체계를 통하여 실현되게 된다.

그러므로 사회주의농업지도관리를 개선하기 위한 실천적요구는 무엇보다도 농업지도체계를 바로 세우는것이다.

사회주의농촌경리에 대한 지도관리체계는 사회주의농업지도관리의 본질을 정확히 구현하고 사회주의경제관리원칙을 철저히 관철할수 있게 되여야 한다.

그래야 사회주의농촌경리제도의 본성적요구에 맞게 농촌경리를 편향없이 옳바로 지도관리할수 있다.

우리 나라에서 새로운 농업지도체계의 창설은 농업협동화가 실현되고 그에 기초하여 급속히 변화발전하는 농촌의 현실이 제기하는 농촌경리발전의 성숙된 요구에 맞게 농업지도체계를 근본적으로 개편한 획기적사변이였다.

새로운 농업지도체계는 주체사상에 기초한 사회주의경제관리원칙들을 철저히 구현한 혁명적이며 과학적인 사회주의농업지도체계이다.

사회주의경제관리체계가 우월한가 못한가 하는것은 무엇보다도 그 지도체계가 사회주의경제관리의 원칙들을 철저히 구현하고있는가 그렇지 못한가에 의하여 규정된다.

사회주의경제관리체계가 사회주의경제관리의 본질을 철저히 구현하고있으면 그것은 사회주의제도를 공고발전시키고 그 우월성을 높이 발양시켜 사회주의경제건설을 힘있게 추동하는데 크게 이바지할수 있다.

만일 그렇지 않고 사회주의경제관리체계가 사회주의경제관리원칙에 어긋나게 세워지면 그것은 사회주의경제건설을 촉진시키는데 도움을 주지 못할뿐아니라 나아가서는 사회주의전취물까지 말아먹는 엄중한 후과를 가져올수 있다.

그렇기때문에 사회주의경제관리체계를 세우는데서는 무엇보다도 사회주의경제관리원칙들을 철저히 구현하도록 해야 한다.

새로운 농업지도체계는 사회주의경제관리의 기본원칙들을 전면적으로 철저히 구현하고있다.

위대한 수령 김일성동지께서는 다음과 같이 교시하시였다.
《우리 당이 창조한 주체의 경제관리체계는 사회주의경제관리의 기본원칙들을 전면적으로 구현한 가장 우월한 경제관리체계입니다. 우리는 실천을 통하여 그 정당성과 생활력이 뚜렷이 확증된 대안의 사업체계를 비롯한 주체의 경제관리체계를 확고히 고수하며 그것을 철저히 관철해 나가야 하겠습니다.》(《주체의 혁명적기치를 높이 들고 사회주의, 공산주의위업을 끝까지 완성하자》, 17페지)

군협동농장경영위원회를 기본으로 하는 새로운 농업지도체계는 사회주의경제관리의 기본원칙들을 전면적으로 구현한 대안의 사업체계를 농촌경리의 특성에 맞게 적용한 주체의 경제관리체계이다.

새로운 농업지도체계에는 사회주의제도의 본성에 맞는 대안의 사업체계의 원칙적요구들이 전반적인 체계와 내용에 구현되여있다.

새로운 농업지도체계가 사회주의경제관리의 기본원칙들을 전면적으로 구현한 가장 우월한 경제관리체계로 되는것은 무엇보다도 그것이 당위원회의 집체적지도밑에 당의 정치적지도와 국가의 통일적이며 계획적인 지도가 철저히 관철되게 함으로써 사회주의경제의 본성적요구를 원만히 구현할수 있게 하는 혁명적인 지도체계라는데 있다.

새로운 농업지도체계를 이루는 각급 농업지도기관은 해당 지방당위원회의 집체적지도밑에 모든 사업을 조직진행함
										으로써 농촌경리의 관리운영에서 제기된 문제들을 옳은 정치적립장에서 처리하고 해결하며 대중의 사상의식과 정치적열성을 높여 그들이 경제과업수행에 자각적으로, 적극적으로 참가하도록 조직동원할데 대한 당적령도의 기본요구들을 가장 원만히 실현할수 있게 한다.

특히 전문적인 농업지도기관이 나옴으로써 국가의 농촌경리에 대한 지도는 지방당위원회들의 일상적이며 집중적인 지도밑에 진행되게 되였으며 농촌경리에 대한 당적령도는 결정적으로 강화되였다.

새로운 농업지도체계는 농촌경리에 대한 지도관리에서 당적령도와 함께 국가적지도를 강화할데 대한 요구를 가장 철저히 구현한 지도체계이다.

새로운 농업지도체계의 창설은 농업지도관리에서 국가적지도를 강화할데 대한 로동계급의 혁명적원칙을 농촌경리의 사회주의적개조가 완성되여 변화된 농촌의 새로운 환경에 맞게 가장 철저히 구현한것이다.

새로운 농업지도체계에서는 사회주의사회에서 국영경리와 함께 하나의 독자적인 경리체계를 형성하고있는 농업협동경리에 대한 지도관리를 직접 전문적인 국가농업지도기관이 맡아 수행한다.

여기에서는 중앙으로부터 지방의 말단에 이르기까지 전문적인 국가농업지도기관들의 정연한 체계가 형성됨으로써 국가로 하여금 국가기업소들뿐아니라 농업협동경리에 대하여서도 직접 책임지고 기업적방법으로 지도하게 한다.

새로운 농업지도체계의 창설은 사회주의농촌경리에 대한 당의 령도와 국가적지도를 결정적으로 강화할수 있게 하는 확고한 담보로 되였다.

새로운 농업지도체계에서는 당의 정치적지도밑에 농촌경리발전의 방향과 목표를 정확히 세우고 국가경제기관들의 경제기술적지도를 강화하여 객관적경제법칙과 정확한 경제적타산에 기초하여 농촌경리를 과학기술적으로 관리운영해나갈수 있게 되였다.

그리고 새로운 농업지도체계에서는 농업협동경리를 직접 책임지고 기업적방법으로 지도하는 전문적인 국가농업지도기관들의 정연한 체계가 확립됨으로써 농촌경리에 대한 사회주의국가의 통일적이며 계획적인 지도를 성과적으로 보장하는 기초우에서 매개 단위들의 창발성을 높여 사회주의농촌경리를 계획적으로 균형적으로 빨리 발전시킬수 있게 되였다.

새로운 농업지도체계가 사회주의경제관리의 기본원칙을 전면적으로 구현한 가장 우월한 경제관리체계로 되는것은 또한 그것이 당위원회의 집체적지도밑에 매개 단위들의 창발성을 높이고 민주주의를 충분히 보장함으로써 농업근로자들의 혁명적열의와 창조적적극성, 사회주의농촌경리제도의 집단주의적 우월성을 높이 발양시킬수 있게 하는 지도체계라는데 있다.

사회주의경제관리의 기본원칙은 당의 정치적지도와 국가의 통일적지도밑에 매개 단위들의 창발성을 높이고 민주주의를 충분히 보장하여 생산자대중의 혁명적열의를 높이도록 할것을 요구함으로써 근로자들이 생산과 관리의 주인으로서의 책임과 역할을 다하여 사회주의경제의 집단주의적우월성을 발양시킬수 있는 가장 옳바른 길을 밝혀준다.

새로운 농업지도체계는 당위원회의 집체적지도밑에 정치사업을 앞세우고 혁명적군중로선을 철저히 관철함으로써 생산자대중을 생산과 관리의 주인의 위치에 세우고 주인으로서의 책임과 역할을 다하게 하여 집단주의적우월성을 높이 발양시킬데 대한 사회주의경제관리의 원칙적요구를 원만히 실현할수 있게 한다.

대안의 사업체계를 구현한 새로운 농업지도체계는 당위원회의 집체적지도밑에 혁명적군중로선을 관철하는 경제관리형태이다.

새로운 농업지도체계에서는 당위원회의 집체적지도밑에 광범한 생산자대중의 창발적인 의사와 발기들을 적극 동원하여 그것들을 분석종합체계화하여 관리운영에 구현한다.

또한 계획작성을 위한 군중토의사업을 비롯하여 여러가지 형식과 방법으로 생산자대중을 기업관리에 적극 참가시켜 그들이 설비, 자재와 로력을 합리적으로 리용하고 생산과 기술을 발전시키는데 모든 지혜와 창발력을 다 발휘하도록 이끈다.

청산리정신, 청산리방법을 구현한 새로운 농업지도체계는 청산리방법의 요구대로 경제에 대한 지도관리에서 우가 아래에, 생산현장에 내려가 아래를 실속있게 도와주며 모든 사업에 정치사업을 앞세워 생산자대중의 자각적열성과 창발성을 동원하여 혁명과업을 수행하도록 하는 체계이다.

이처럼 새로운 농업지도체계는 혁명적군중로선을 철저히 관철하여 생산자대중이 생산과 관리의 주인으로서 자각적열의와 창발성을 다 발휘하게 하며 사회주의농촌경리제도의 집단주의적우월성을 높이 발양시킬수 있게 한다.

새로운 농업지도체계가 사회주의경제관리의 기본원칙을 전면적으로 구현한 가장 우월한 경제관리체계로 되는것은 또한 그것이 사회주의농촌경리를 과학적으로 합리적으로 관리운영할수 있게 하는 체계라는데 있다.

경제관리의 성과는 결국 경제를 과학적으로 합리적으로 관리운영하여 높은 경제적효과를 이룩하는데서 표현된다.

사회주의경제관리의 기본원칙은 경제를 과학적으로 합리적으로 관리운영할수 있게 하는 원칙적요구들을 정확히 반영함으로써 사회주의제도의 본질적우월성을 높이 발양시켜 커다란 물질적성과로 나타나게 할수 있게 하는 과학적원칙이다.

경제의 과학적이며 합리적인 관리운영은 객관적인 경제법칙과 정확한 경제적타산에 기초하여 관리운영의 방향과 방도를 생산발전의 합법칙적요구에 맞게 규정하며 생산의 요소들과 고리들을 과학적으로 맞물리고 생산공정을 과학기술적요구에 맞게 추진시켜나갈 때 이루어진다.

새로운 농업지도체계에서는 지도일군들과 기술일군들을 충분히 갖추고있는 전문적농업지도기관이 아래의 생산현장에 내려가 협동농장들을 직접 책임지고 기업적방법으로 지도함으로써 농촌경리를 가장 과학적으로 합리적으로 관리운영할수 있는 확고한 담보가 마련되여있다.

새로운 농업지도체계에서 당위원회의 집체적 지도밑에 대중의 의사와 발기들을 동원하는 여러가지 형식과 방법들은 경제법칙의 요구와 구체적현실을 전면적으로 타산하고 옳은 대책을 세울수 있게 한다.

새로운 농업지도체계에서는 또한 당위원회의 집체적지도밑에 통일적이며 집중적인 생산지도체계를 운영하며 우가 책임지고 생산조건을 보장하는 사업을 체계화함으로써 경제기술적지도에서 과학성, 합리성을 보장할데 대한 사회주의경제관리기본원칙의 요구를 원만히 구현할수 있게 한다.

통일적이며 집중적인 생산지도체계는 행정지휘관이 당위원회의 집체적지도밑에 생산전반을 통일적으로 장악하고 유일적으로 지휘하여 생산을 중심으로 계획화사업, 기술지도, 생산지도를 결합시키고 원료, 자재를 비롯한 생산조건을 원만히 보장할수 있게 하며 생산지도를 과학기술적요구에 맞게 빈틈없이 짜고들수 있게 한다.

이와 같이 새로운 농업지도체계는 사회주의경제관리의 기본원칙들을 전면적으로 구현하고 철저히 관철할수 있게 하는 가장 우월하고 위력한 경제관리체계이다.

이상에서 보는바와 같이 새로운 농업지도체계는 사회주의경제관리의 기본원칙들을 전면적으로 철저히 구현한 혁명적이며 과학적인 경제관리체계이다.

새로운 농업지도체계가 창립됨으로써 변화된 새로운 환경에 맞게 사회주의농촌경리를 과학적으로, 합리적으로 지도관리할데 대한 요구가 성과적으로 실현되게 되였으며 농촌에 대한 도시의 지원을 강화하고 사회주의농촌경리제도의 우월성을 최대한으로 발양시켜 사회주의농촌경리를 끊임없이 빠른 속도로 발전시킬수 있는 휘황한 전망이 열리게 되였다.

참으로 새로운 농업지도체계의 창설은 우리나라 농촌경리발전의 성숙된 요구를 전면적으로 해결함으로써 사회주의농업지도관리를 개선해나가는데서 근본적인 변혁을 이룩한 력사적사변이였다.

오늘 우리 나라 농촌의 현실은 우리 당이 창조한 농업지도체계야말로 농업협동경리에 대한 기업적지도와 국가의 물질기술적방조를 가장 효과적으로 실현하는 농업지도체계라는것을 뚜렷이 보여주고있다.

우리는 현실발전의 요구에 맞게 군협동농장경영위원회를 비롯한 농업지도기관들을 튼튼히 꾸리고 그 기능과 역할을 높여 농촌경리에 대한 지도와 관리를 더욱 개선강화함으로써 위대한 수령 김일성동지께서 지난해 전국농업대회에 보내신 서한에서 제시된 과업을 철저히 관철해 나가야 할것이다.",KJI,collapse_arduous_march,1990s,6.959398512133975
사회주의사회에서 비생산적고정재산의 합리적인 리용,v,1992,3,1122,"사회주의사회에서 비생산적고정재산은 근로자들의 물질문화생활, 소비생활 분야에서 기능하면서 그들의 생활적수요를 충족시키는데 이바지하는 나라의 귀중한 재부이다.

근로자들에게 자주적이며 창조적인 생활을 보장해주려면 그들이 물질문화적수요충족에 적극 이바지하는 비생산적인 고정재산을 많이 마련하고 그 구조와 질을 끊임없이 개선하여야 한다.

그러나 비생산적고정재산의 형성 그자체는 근로자들의 물질문화생활수준을 높일수 있는 물질적조건을 마련하는것으로 될뿐이다.

문제는 마련된 비생산적고정재산을 합리적으로 리용하여 그것이 근로자들의 물질문화생활에 효과있게 리용되도록 하는데 있다.

비생산적고정재산은 생산적고정재산과 달리 비생산령역에서 기능하는것으로 하여 그의 리용결과가 물질적으로 나타나지 않는다.

이것은 그의 리용에서 경제적지출을 잘 따지지 않으며 경제적효과성을 소홀히 할수 있는 조건으로 된다.

하지만 비생산적고정재산도 그것을 마련하는데 많은 물자와 로력이 지출되고 국가예산자금이 투하된다는것을 고려할 때 비생산적고정재산을 합리적으로 리용하는것은 나라살림살이를 개선하는데서 중요한 의의를 가진다.

위대한 수령 김일성동지께서는 다음과 같이 교시하시였다.
《모든 로동자들이 설비를 아끼고 잘 관리하여야 하며 자기의 기술기능수준을 높이기 위하여 꾸준히 노력하여야 합니다.》(《김일성저작집》 19권, 100페지)

비생산적고정재산을 합리적으로 리용하기 위하여서는 우선 근로자들의 기술기능수준을 높여야 한다.

과학기술이 빨리 발전하는데 따라 비생산적인 설비와 비품들의 기술적내용과 그 리용에서 제기되는 기술적요구들이 높아지는 조건에서 근로자들의 기술기능수준을 부단히 높임으로써만 설비, 비품들의 수명을 늘이고 그 리용을 개선할수 있다.

비생산적고정재산은 관리와 리용을 동반하는 생산적고정재산과 달리 관리와 리용을 동반하지 않는 경우가 많다.

다시말하여 비생산적고정재산인 경우에는 그에 대한 관리자가 동시에 리용자로 되는 경우도 있지만 관리자는 다만 관리만 하고 리용은 타인이 하는 경우가 많다.

그러므로 비생산적고정재산을 효과적으로 리용하려면 관리자의 기술기능수준뿐아니라 리용자들의 문화기술수준도 높여야 한다.

비생산적고정재산을 합리적으로 리용하기 위하여서는 다음으로 그의 리용조직을 개선하여야 한다.

비생산적고정재산리용조직을 개선하는데서 현 리용률이 낮으면서 도덕적마멸을 빨리 당할수 있는 고정재산의 리용률을 높이는데 큰 주의를 돌려야 한다.

이에 대해서는 사회적범위에시 보다 유효하게 동원리용할수 있도록 조절배치하며 그것이 빠른 시일내에 자기의 유용성을 다 발휘하도록 하여야 한다.

비생산적고정재산을 합리적으로 형성배치하는것은 그의 사회경제적효과성을 높여나갈수 있는 중요한 조건의 하나로 된다.

비생산적고정재산은 근로자들의 생활상편리를 위해 복무하는 물질적조건, 물질적수단인것만큼 그의 효과성은 근로자들의 수요충족정도에 의해 평가되여야 한다.

일반적으로 고정재산리용의 경제적효과성은 폰드효률로 나타난다.

생산적고정재산인 경우 폰드효률은 고정재산 단위당 생산된 생산물의 량으로 나타난다.

비생산적고정재산인 경우에는 폰드효률이 그것을 리용하는 주민수로 나타나게 된다.

그러므로 비생산적고정재산리용의 경제적효과성을 높이려면 그것을 보다 많은 사람들이 리용할수 있도록 형성배치하는것이 무엇보다 중요하다.

비생산적고정재산을 사람들이 보다 많이 리용할수 있도록 형성배치하려면 그것을 될수록 주민지대에 배치하여야 한다.

생산적고정재산은 원료원천지와 소비지에 접근시켜야 사회적로동을 절약할수 있다면 비생산적고정재산은 주민지대에 최대한 접근시켜야 그의 효과성을 높일수 있다.

물론 휴양소, 료양소와 같은 비생산적고정재산은 자연경리를 기본으로 배치되여야 한다.

그러나 그밖의 비생산적고정재산은 주민지대에 배치하는것이 가장 합리적이다.

비생산적고정재산의 형성배치에서는 운수, 체신의 발전정도도 고려하여야 한다.

운수, 체신은 생산과 소비를 련결시켜줄뿐아니라 사람
										들간의 련계도 지어주고 생활상편리를 도모하는 인민경제의 한 부분이다.

교통, 체신망의 발전수준은 비생산적고정재산의 리용에 대한 수요구조와 규모에서 변화를 가져온다.

례컨대 교통운수가 발전하면 대중봉사에 대한 수요충족지점을 주민지대로부터 달리 설치하면서도 그 규모를 크게 할수 있다.

봉사지점을 크게 설치하면 봉사의 전문기술을 높일수 있고 그 리용조직도 개선할수 있다.

비생산적고정재산리용을 개선하려면 또한 여러가지 경제적공간들을 합리적으로 리용하여야 한다.

다시말하여 비생산부문들에서 독립채산제, 반독립채산제를 적극 실시하면 사회주의사회의 과도적특성에 맞게 비생산적고정재산리용의 효과성을 높일수 있다.

비생산적고정재산리용과 독립채산제는 밀접히 련관되여있다.

비생산적고정재산의 합리적리용은 독립채산제를 바로 실시할수 있는 전제의 하나로 되며 독립채산제, 반독립채산제는 비생산적고정재산의 합리적리용을 위한 중요한 담보로 된다.

그것은 독립채산제, 반독립채산제가 비생산적고정재산에 대한 관리권을 기업소들에 주어 기업관리에서 일정한 독자성을 보장함으로써 그것을 자기 재산처럼 책임적으로 관리하고 리용하게 할수 있기때문이다.

그러므로 일군들의 책임성과 창발성을 높일수 있게 하는 독립채산제의 원칙들을 비생산부문 기관, 기업소들에도 옳게 적용하며 독립채산제의 원칙들을 적용하기 힘든 부문에는 반독립채산제를 합리적으로 실시하여야 한다.

비생산적고정재산리용개선에 적응할수 있는 경제적공간으로서는 독립채산제와 함께 감가상각금을 들수 있다.

일반적으로 감가상각금은 고정재산의 합리적리용을 자극하는 중요한 경제적공간이다.

그것은 비생산부문에서도 감가상각금공간을 적용하면 그의 크기가 봉사원가수준에 영향을 미치게 되며 비생산적고정재산의 사용년한에 따라 감가상각금의 규모가 정해지기때문이다.

원래 고정재산감가상각금은 자체의 수입으로 지출을 충당할수 있는 기관, 기업소들만이 국가예산에 납부할수 있다.

그러나 자체의 수입으로 지출을 충당하지 못하거나 지출에 비해 수입이 매우 적은 기관, 기업소들인 경우에도 반독립채산제를 적용하면서 감가상각금을 국가예산에 바치도록 할수 있다.

반독립채산제를 실시하는 기관, 기업소들에 대해서는 생활비, 사무통신비, 려비와 같은 경비예산지출항목들을 점차 자체로 충당하도록 하면서 여기에 감가상각금까지 납부하게 할수 있다.

이 경우에 경비예산지출전액을 먼저 다 보상하고 고정재산감가상각금을 바치는 원칙을 적용하면 비생산부문기업소들이 필요이상 또는 필요없는 고정재산을 그냥 가지고있으면서 그것을 합리적으로 리용하기 위해 노력하지 않을수 있다.

그러나 감가상각금부터 납부하면서 점차 경비예산지출을 자체로 보상하도록 하면 감가상각금공간이 비생산적고정재산을 효과적으로 리용하도록 자극하고 통제하는데 보다 효과적으로 적용될수 있다.

다시말하여 감가상각금을 먼저 바치게 하면 반독립채산제기관, 기업소들이 자기가 가지고있는 고정재산을 최대로 리용하는데 보다 큰 관심을 가지게 할수있다.

그런데 감가상각금을 먼저 납부하게 하는 경우에 그의 효과적인 리용은 자극될수 있으나 일부 그릇된 현상들도 나타날수 있다.

그것은 비생산부문 기관, 기업소들이 근로자들의 물질문화생활에 필요한 고정재산이라 할지라도 수입에 큰 영향을 미치지 않는한 취득하려 하지 않을것이며 현재 가지고있는 고정재산도 내놓으려고 하는데서 표현될수 있다.

감가상각금공간은 그것을 납부할수 없는 비생산부문 기관, 기업소들에서는 비생산적고정재산의 리용과정에 마모된 가치, 가치형태를 계산하도록 하는것이 합리적이다.

그것은 고정재산의 리용정형을 따지고 국가예산자금의 손익관계를 명백히 하는 계산수단, 통제수단으로서는 그것이 응당한 역할을 놀수 있기때문이다.

비생산적고정재산을 합리적으로 리용하도록 하기 위하여서는 다음으로 그것을 관리하는 일군들에 대한 물질적통제를 옳게 실시하여야 한다.

비생산적고정재산의 특성과 예산제 기관, 기업소들에서와 같이 화페수입이 이루어지지 않거나 비생산적고정재산의 합리적리용을 위한 경제적공간의 리용이 불가능한 조건에서 그의 관리자들에 대한 물질적통제는 비생산적고정재산의 합리적인 리용을 위한 중요한 방도의 하나로 된다.

비생산적고정재산리용에 대한 통제를 강화하려면 그의 리용실태를 정확히 장악하여야 한다.

비생산적고정재산의 리용실태를 옳게 장악하여야 그의 리용을 개선하기 위한 정확한 대책을 세울수 있으며 해당 일군들에 대한 물질적자극도 바로 실시할수 있다.

비생산적고정재산리용실태의 장악은 정확한 리용지표를 통하여 실현된다.

비생산적고정재산리용지표를 옳게 설정하여야 고정재산의 리용정도를 정확히 가늠할수 있으며 그 리용과정은 바로 통제할수 있다.

비생산적고정재산리용지표설정에서 나서는 기본요구는 첫째로, 근로자들의 수요충족정도를 위주로 하여 그의 합리적리용정도를 정확히 반영할수 있게 하는것이다.

비생산적고정재산의 합리적리용정도를 정확히 반영한다는것은 근로자들의 물질문화적수요를 충족시키면서도 고정재산을 절약적으로 리용한 정도를 반영한다는것은 말한다.

그것은 근로자들의 물질문화생활에 편리를 보장해주는 조건에서 그의 절약적인 리용을 실현하는것이 비생산적고정재산리용에서 지켜야 할 중요한 원칙이기때문이다.

근로자들의 생활에 불편을 주면서 고정재산을 절약하는것은 무의미하다.

비생산적고정재산은 근로자들의 물질문화생활에 직접 이바지하는 고정재산의 한 형태인것만큼 근로자들의 수요를 원만히 충족시키도록 하면서 절약적으로 리용하도록 하여야 한다.

비생산적고정재산에 대한 리용지표설정에서 나서는 기본요구는 둘째로, 고정재산의 리용정도를 종합적으로, 세부적으로 반영할수 있도록 지표체계를 확립하는것이다.

비생산적고정재산은 기관, 기업소를 단위로 하여 관리운영되며 개별적인 비생산부문 기관, 기업소에는 여러가지 고정재산들이 있게 된다.

여러 종류의 고정재산들의 리용을 개괄적으로 반영하는 종합지표는 비생산부문 기관, 기업소의 관리운영을 합리적으로 조직하기 위한 중요한 수단으로 된다.

이와 함께 비생산적고정재산에 대한 근로자들의 수요는 구체적성격을 띠며 개별적인 고정재산의 리용도 각이한 측면에서 이루어진다.

이것은 비생산적고정재산리용지표를 세부계획화의 요구에 맞게 구체적으로 설정할것을 요구한다.

비생산적고정재산리용지표에서 종합지표와 세부지표는 밀접히 련관되여있다.

종합지표에 기초하여 세부지표가 설정되며 세부지표들은 종합지표를 설정하기 위한 중요한 수단으로 된다.

그러므로 비생산적고정재산에 대한 리용지표체계는 통일적으로 이루어져야 한다.

비생산적고정재산의 리용정형을 특징짓는 지표는 일반적인 지표와 개별적인 지표들로 구분하여 설정하는것이 합리적이다.

일반적인 지표는 비생산적고정재산의 단위당 리용결과를 반영하는 지표이다.

비생산적고정재산단위당 리용결과를 반영하는 지표를 규정할때에는 해당 단위에서 일정한 기간안에 리용한 모든 고정재산은 다 포괄하게 된다.

일반적인 지표는 고정재산의 리용정형을 완전하게 특징지을수 없다.

그것은 이 지표가 여러가지 고정재산의 리용정형을 구체적으로 보여주지 못하기 때문이다.

여러가지 종류의 비생산적고정재산은 사람들의 서로 다른 수요를 충족시키는 기능을 수행하는것만큼 한 종류의 고정재산을 많이 리용하는것으로 다른 종류의 고정재산의 적은 리용을 보충할수 없다.

그러므로 비생산적고정재산의 리용정형을 특징짓는 지표들은 업종별로 그의 기술경제적내용에 따라 구분하여 설정하는것이 합리적이다.

사회주의사회에서 비생산적고정재산리용정형에 대한 지표체계에서 무엇보다 중요한것은 가동률지표와 시간리용률지표이다.

가동률지표는 비생산적고정재산의 운영상태만을 반영하는 지표라면 시간리용률지표는 리용시간의 측면에서 리용정도를 반영하는 지표이다.

이밖의 고정재산의 능력발휘정도만을 반영하는 능력리용률지표와 능력리용과 시간리용을 종합적으로 반영하는 종합리용률지표도 있다.

이와 같이 비생산적고정재산리용지표들이 설정된 조건에서 그에 기초하여 해당 일군들에 대한 물질적자극을 실현하려면 비생산적고정재산리용률의 제거와 저하의 원인을 정확히 분석하여야 한다.

그것은 비생산적고정재산리용률의 봉사수준과 함께 객관적조건도 영향을 미치기 때문이다.

사회주의사회에서 비생산적고정재산을 효과적으로 리용하기 위한 방도는 이밖에도 여러가지가 있을수 있다.

비생산적고정재산을 효과있게 리용하도록 하는데 결정적의의를 가지는것은 그것을 관리운영하는 일군들과 그것을 리용하는 주민들의 사상의식을 높이는것이다.

사회주의사회에서 비생산적고정재산은 사회공동의 재부이며 주로 대중적으로 리용되는 재산들인것으로 하여 그것은 특별히 중요한 의의를 가진다.",KIS,collapse_arduous_march,1990s,7.023758954738443
군국영농장의 우월성을 높이 발양시키는데서 나서는 몇가지 문제,김향란,1996,4,1430,"협동적소유를 전인민적소유로 넘기는데서 중요한 문제의 하나는 그 형태와 방법을 옳게 규정하는것이다.

협동적소유를 전인민적소유로 넘기는 형태와 방법을 옳게 규정하여야 소유전환사업을 편향없이 성과적으로 진행할수 있을뿐아니라 전인민적소유로 전환된 농촌경리를 합리적으로 관리운영하여 그 우월성을 높이 발양시킬수 있다.

위대한 수령 김일성동지께서는 협동적소유를 전인민적소유로 넘기는 형태와 방법으로서 농업련합기업소, 군국영농장, 군종합농장을 조직할데 대한 독창적인 사상을 제시하시였다.

군국영농장을 조직하는것은 우리 나라 사회주의농촌경리제도와 우리 농촌의 실정을 과학적으로 타산한 합리적이며 우월한 소유전환형태와 방법이다.

위대한 수령 김일성동지께서는 다음과 같이 교시하시였다.
《군의 규모가 크지 않고 군협동농장경영위원회와 협동농장들의 관리운영수준이 높은데서는 군안의 협동농장들과 농촌경리에 복무하는 국가기업소들을 다 통합하여 하나의 국영농장으로 만들고 협동농장들은 그아래 분장으로, 기업소들은 직장으로 할수 있습니다.》 (《사회주의농촌테제의 기치높이 농촌문제의 종국적해결을 위하여》, 31페지)

군국영농장은 군안의 협동농장들과 농촌경리에 복무하는 국가기업소들을 다 통합하여 군을 하나의 종합적인 농장으로 만든 전민소유제 농업기업형태이다.

다시말하여 군안의 협동농장들과 농촌경리에 복무하는 국가기업소들을 전인민적소유의 분장, 직장으로 하고 그것을 통합하여 하나의 생산단위, 경영단위, 채산단위로 만든 우리 식의 군단위전민소유제 농업기업소이다.

군국영농장은 군의 규모가 크지 않고 군협동농장경영위원회와 협동농장들의 관리운영수준이 높은 도시주변구역과 일부 군들에서 조직하게 된다.

이런 군(구역)들에서는 매개 협동농장들을 전인민적소유의 국영농장으로 전환시켜 농업련합기업소를 창설하는것보다 협동농장들과 농촌경리에 복무하는 국가기업소들을 다 통합하여 하나의 종합적인 국영농장으로 만드는것이 생산 조직과 지휘에서 더 유리하다.

군국영농장을 조직하는 군(구역)에서는 원래 군(구역)협동농장경영위원회밑에 있던 협동농장들과 농기계작업소, 농기구공장, 관개관리소, 토지건설사업소 등 농촌경리에 복무하는 국가기업소들이 독자적인 생산 및 경영 단위로서 전인민적소유로 이행하는것이 아니라 종합적인 군(구역)국영농장산하의 분장, 직장으로 통합된다.

여기에 군국영농장의 특성이 있다.

군국영농장은 군농업련합기업소의 국영농장이나 군종합농장과 그 조직구성체계, 포괄범위에서 차이가 있다.

군농업련합기업소아래에 있는 국영농장이 련합기업소의 내부생산 및 경영 단위로서 련합기업소의 계획단위라면 군국영농장은 국가의 계획단위이다.

그 조직구성에서 볼 때 군농업련합기업소의 국영농장은 농장-작업반-분조 체계로 구성되며 군국영농장은 농장(본장)-분장-작업반-분조체계로 구성된다.

군국영농장은 군종합농장과 포괄범위, 사업기능에서 차이가 있다.

군종합농장이 농업뿐만아니라 지방공업, 상업류통, 교육, 문화, 보건 등 군안의 인민경제 모든 부문, 단위들을 망라하여 기업관리운영사업과 행정사업을 통일적으로 진행한다면 군국영농장은 군안의 농업부문만을 포괄하여 기업관리운영사업을 진행한다.

군국영농장은 독립채산제농업기업소로서 경영상 상대적독자성을 가지고 독립채산제로 운영된다.

산하 분장, 직장들은 경영상 독자성을 가지지는 못하지만 자체수입으로 지출을 맞추는 독립채산제원칙에서 운영된다.

협동적소유를 전인민적소유로 넘기는 형태의 하나인 군국영농장은 많은 우월성을 가지고있다.

그 우월성은 첫째로, 농업근로자들의 책임성과 역할을 높여 농업생산을 더욱 높일수 있게 한다는데 있다.

국영농장에서는 정치도덕적자극을 위주로 하면서 여기에 물질적자극을 옳게 결합하여 농업근로자들의 생산의욕을 높여준다.

정치사업이 강화되는데 따라 종업원들은 자기들이 이제는 협동농민으로부터 사회의 선진계급인 로동계급으로 되였다는 자각을 가지고 농업생산에서 자기의 책임성과 역할을 더욱 높여나가게 된다.

한편 식량값편차금의 국가보상, 주택, 
										연료의 국가보장을 비롯하여 국가의 혜택이 늘어나는데 따라 농업생산성과로 그에 보답하려는 농업근로자들의 정치적열의와 적극성이 더욱 높아지게 된다.

국영농장에서는 분장과 직장 일군들의 책임성과 역할을 높여줌으로써 그들이 농장적인 생산발전을 위하여 적극 노력하게 한다.

이전에 군협동농장경영위원회는 직접적인 생산 및 경영 단위가 아니라 전문농업지도기관으로서 경영위원회일군들은 군적인 농업생산결과에 따라 로동보수를 받은것이 아니라 정액생활비를 받았다.

그리고 농촌경리에 복무하는 국가기업소 일군들도 해당 기업소의 생산계획수행률에 따라 생활비를 받았다.

그러나 군안의 협동농장들과 농촌경리에 복무하는 국가기업소들이 분장, 직장으로 통합되여 조직되는 국영농장은 하나의 생산 및 경영 단위이므로 분장과 직장의 일군들은 농장적인 국가계획수행률에 따라 로동에 대한 보수를 받게 된다.

이러한 사정은 분장과 직장일군들의 물질적관심성을 높여 그들이 농장의 주인다운 태도를 가지고 군적인 농업생산발전에서 자기의 책임성과 역할을 더욱 높일수 있게 한다.

군국영농장의 우월성은 둘째로, 군안의 로력과 토지, 설비와 자재들을 종합적으로, 합리적으로 리용할수 있게 한다는데 있다.

이미 있던 협동농장들과 농촌경리에 복무하는 국가기업소들이 하나의 종합적인 국영농장으로 통합되면 이전보다 농장의 규모가 커질뿐아니라 통일적인 지휘를 더 잘 보장할수 있으므로 군적범위에서 로력과 토지, 설비와 자재를 더욱 종합적으로, 효과적으로 리용할수 있다.

군안의 개별적인 생산단위들은 보유하고 있는 설비의 능력, 자재량이 서로 다르며 생산의 계절성으로부터 제기되는 그에 대한 수요도 서로 다를수있다.

한 단위에서는 어떤 설비나 자재가 남는가 하면 다른 단위에서는 모자랄수 있다.

또 농사를 전문으로 하는 단위(주로 농산분장)들에서는 농번기에 집중적으로 쓰이고 농한기에는 유휴상태에 있는 설비가 있는가 하면 년중 내내 쓰면서 그에 대한 수요부족을 느끼는 단위(주로 직장)가 있을수 있다.

그런데 군국영농장이 조직되기전에는 소유상차이로부터 매개 협동농장들은 공동기금을 적립하여 농장관리운영을 자체로 하였으며 농촌경리에 복무하는 국가기업소들도 은행에 자체구좌를 가지고 제각기 경영활동을 진행하였으므로 군안의 로력과 설비, 자재 등 생산수단을 합리적으로 리용할수 없었다.

협동농장들과 농촌경리에 복무하는 국가기업소들은 저마끔 본위주의를 부리면서 능히 다른 농장, 기업소에 돌려쓸수 있는 설비, 자재도 내놓으려 하지 않았다.

군안의 협동농장들과 농촌경리에 복무하는 국가기업소들이 하나의 종합적인 국영농장으로 전환되면 농장이 로력과 생산수단관리사업을 유일적으로 틀어쥐고 아래 분장, 직장들의 실태를 구체적으로 장악한데 기초하여 로력과 생산수단을 합리적으로 조절배치하며 그 리용에 대한 통제를 강화함으로써 군안의 로력과 토지, 설비와 자재를 보다 종합적으로, 효과적으로 리용할수 있다.

군국영농장의 우월성은 셋째로, 농장관리에서 통일성과 기동성을 보장하여 기업관리의 효과성을 높일수 있게 한다는데 있다.

군국영농장은 하나의 생산 및 경영 단위로서 당위원회의 집체적지도밑에 지배인이 생산과 경영활동전반을 직접 틀어쥐고 통일적으로 조직지휘하며 계획화사업으로부터 시작하여 생산조직, 기술관리, 자재보장, 로동조직, 제품처리, 재정관리 등 경영활동의 모든 측면들이 밀접한 련관속에서 조화롭게 진행되게 함으로써 경제관리에서 통일성을 원만히 보장할수 있다.

농장관리운영에서 지령사업 하나만 놓고 보아도 이전에는 경영위원회의 농산과, 계획과, 남새과 등 개별적부서들이 제가끔 농장들에 지령을 떨구었다면 국영농장에서는 지령과가 지령사업을 틀어쥐고 진행하므로 복잡성을 피하고 통일성을 보장할수 있다.

군국영농장에서는 기업소가 작업반을 직접 대상하지 않고 분장, 직장을 거쳐 사업을 포치하고 총화함으로써 생산조직과 지휘에서 통일성, 기동성을 더 잘 보장할수 있다.

위대한 수령님께서 소유전환의 형태로 규정해주신 군국영농장은 이처럼 농업근로자들의 책임성과 역할을 높이고 군안의 로력과 토지, 설비와 자재를 보다 종합적으로, 효과적으로 리용하며 경제관리에서 통일성과 기동성을 원만히 보장함으로써 농업생산성과를 더욱 높일수 있게 하는 우월한 전민소유제농업기업관리형태이다.

군국영농장의 우월성을 높이 발양시키기 위하여서는 농업근로자들의 사상의식수준을 높이고 농장을 합리적으로 관리운영하여야 한다.

국영농장의 우월성을 발양시키기 위해서는 무엇보다먼저 농업근로자들속에서 사상교양사업을 강화하여 그들이 농업생산을 책임진 주인으로서의 책임과 역할을 다하도록 하여야 한다.

전민소유제국영농장의 주인은 바로 농업근로자들이며 그 우월성을 발양시키는 담당자도 농업근로자들자신이다.

사상개조사업, 정치사업을 앞세워 농업근로자들을 공산주의적으로 개조하고 그들의 혁명적열의와 창조적적극성을 높여나가야 농업생산을 늘이고 전민소유제의 우월성을 높이 발양시킬수 있다.

우리 당의 사상혁명방침이 철저히 관철된 결과 오늘 우리 농업근로자들의 사상정신적풍모와 집단주의적생활기풍에서는 커다란 변화가 일어났다.

그러나 농업근로자들의 사상의식이 선진적로동계급의 수준에 완전히 올라섰다고는 말할수 없다.

시범적으로 조직운영되는 국영농장 종업원들속에도 수세기에 걸쳐 개인경리의 울타리속에서 깊이 뿌리내린 개인리기주의에서 완전히 벗어나지못한 사람들이 있을수 있으며 그들의 혁명성과 계급성, 조직력과 단결력도 아직 로동계급의 수준에까지 이르지 못하였다.

만일 전민소유제국영농장이 조직되고 협동농민들이 국영경리의 로동계급으로 전환되였다고 하여 사상개조사업을 소홀히 한다면 농업근로자들속에서 놀고 먹으려는 불건전한 기풍이 조장되여 공동로동에서 열성을 내여 일하지 않게 되며 농장의 주인으로서의 역할을 다할수 없게 된다.

이러한 상태에서는 전민소유제 국영농장의 우월성을 발양시키는것은 고사하고 그것을 지켜낼수도 없게 된다.

사회주의가 좌절된 나라들의 교훈이 이것을 잘 말하여준다.

이 나라들에서는 사회주의제도를 세운 다음에는 생산력을 발전시켜 물질적부가 늘어나게 되면 그에 따라 사람들의 사상의식도 개변되고 사회주의가 저절로 건설될것처럼 생각하면서 사상개조사업을 소홀히 하였다.

결과 농촌에서 개인리기주의가 급속히 되살아나고 농민들의 혁명성, 계급성이 약화되여 사회주의에 대한 신념이 흔들린데로부터 수십년간 피로써 쟁취하고 꾸준한 로동으로 다져 오던 사회주의적소유를 하루아침에 줴버리고 개인경리로 되돌아가는 사태가 빚어졌다.

사회주의가 좌절된 나라들의 교훈은 전인민적소유의 국영농장이 조직된 후에도 종업원들속에서 사상개조사업을 꾸준히 진행하여 그들을 철저히 혁명화, 로동계급화, 사회주의화, 주체사상화하여야 국영경리의 주인으로서의 책임과 역할을 다해나갈수 있으며 전민소유제의 우월성도 높이 발양시킬수 있다는것을 뚜렷이 실증해주고있다.

전민소유제국영농장의 우월성을 높이 발양시키기 위해서는 다음으로 독립채산제를 옳바로 실시하여야 한다.

위대한 수령 김일성동지께서는 다음과 같이 교시하시였다.
《협동적소유가 전인민적소유로 넘어간 다음에도 모든 국영농장들은 독립채산제로 운영하여야 하며 사회주의분배원칙을 철저히 관철하여야 합니다.》(《사회주의농촌테제의 기치높이 농촌문제의 종국적해결을 위하여》, 32페지)

독립채산제는 사회주의국영기업소의 계획적이며 합리적인 관리운영방법이다.

독립채산제를 바로 실시하는것은 기업관리의 효과성을 높이고 대규모국영경리의 우월성을 충분히 발양시키는데서 중요한 의의를 가진다.

국영농장들에서 독립채산제를 바로 실시하여야 근로자들의 생산의욕을 높여 국가계획을 넘쳐 수행할수 있으며 관리운영에서 엄격한 절약제도를 세우고 효과성을 높여 자체의 수입으로 지출을 보상하고 국가에 더 많은 리익을 줄수 있다.

독립채산제를 바로 실시하는데서 중요한것은 우선 국영농장의 경영활동결과를 철저히 국가계획의 수행정도로서 평가하고 그것을 근로자들에 대한 정치도덕적 및 물질적자극과 옳게 결합시키는것이다.

독립채산제기업소인 군국영농장에서는 국가계획수행정도에 따라 종업원들에 대한 정치적평가를 앞세우는것과 함께 생활비, 상금, 장려금과 같은 물질적자극공간을 옳게 적용함으로써 농업근로자들의 생산의욕을 높이도록 하여야 한다.

독립채산제를 바로 실시하는데서 중요한것은 또한 자체수입으로 지출을 보상하고 국가수입을 늘이는것이다.

자체수입으로 지출을 맞추고 국가에 리익을 주는것은 독립채산제의 사명으로부터 나오는 요구이다.

국영농장은 자재와 자금을 절약하고 로력과 생산설비를 합리적으로 리용하여 생산을 늘임으로써 지출을 자체로 보상하고 수익성을 높여 국가예산납부를 어김없이 진행하고 국가에 더 많은 리익을 주어야 한다.

독립채산제를 바로 실시하는데서 원가계산을 정확히 하고 원가를 절약하는것이 특별히 중요한 문제로 나선다.

협동농장들에서는 농업생산의 특성으로부터 원가계산을 하지 않았지만 국영농장에서는 철저히 원가계산을 하며 원가지표로 경영활동전반을 평가하는것만큼 정확하고 엄격한 원가계산체계를 세우고 원가를 최대한 낮춤으로써 적은 지출로 더 많이 생산하고 수익성을 높여야 한다.

전민소유제국영농장의 우월성을 높이 발양시키기 위하여서는 다음으로 작업반우대제와 분조관리제를 바로 실시하여야 한다.

작업반우대제와 분조관리제는 사회주의농촌경리제도를 관리운영하는 정상적방법인 집단주의적관리방법을 훌륭히 구현하고있는 생산조직형태, 사회주의분배형태, 관리방법으로서 사회주의농촌경리운영실천에서 그 우월성이 충분히 발양되였다.

작업반우대제는 작업반의 생산성과를 분배에 반영하여 집단의 리익과 개인의 리익을 옳게 결합시킴으로써 작업반원들의 단결과 협력을 강화하여 집단의 생산성과를 높이는데 적극 참가하게 하며 사회주의분배원칙을 철저히 관철할수 있게 한다.

분조는 공동로동과 집단생활의 세포이다.

생산활동과 생활을 분조단위로 진행하는 분조관리제는 농업근로자들로 하여금 공동경리의 주인이라는 높은 책임성과 자각을 가지고 서로 돕고 이끄는 공산주의적생활기풍을 높이 발휘하여 농업생산과 관리, 집단생활에 적극 참가하게 한다.

위대한 수령님께서 창조하신 작업반우대제와 분조관리제는 사회주의농촌경리제도의 본질과 농업생산의 특성에 맞게 사회주의분배원칙을 철저히 관철하며 농업근로자들속에서 집단주의정신을 키우고 국영경리의 우월성을 발양시켜 농업생산발전을 촉진하는 집단주의적이며 공산주의적인 우월한 농촌경리의 내부생산 및 관리 조직형태, 방법이다.

그러므로 사회주의농촌경리운영실천에서 지금까지의 경험을 살려 작업반우대제와 분조관리제를 옳바로 실시함으로써 그 생활력을 남김없이 발휘하여야 한다.

전민소유제국영농장의 우월성을 높이 발양시키는데서 농장의 관리운영수준을 결정적으로 높이는것이 중요하다.

관리운영수준을 높이는 문제는 협동농장에서도 중요하지만 국영농장의 경우에 더욱 중요한 문제로 나선다.

협동농장들과 농촌경리에 복무하는 국가기업소들이 하나의 생산 및 경영 단위로 통합되여 조직되는 군국영농장은 협동농장에 비해 규모가 상대적으로 커지게 된다.

일반적으로 생산 및 관리 단위의 규모가 커지면 그에 상응하게 관리운영수준이 높아야 한다.

그래야 대규모국영경리를 원만히 관리운영해나갈수 있다.

국영농장에서는 농장의 자연지리적조건과 구체적실정에 맞게 영농작업을 합리적으로 조직하고 영농공정과 로력조직, 설비, 자재의 리용을 종합적으로 정확히 맞물려 모든 농사일을 제철에 질적으로 하도록 하여야 한다.

국영농장의 관리운영수준을 높이자면 농장관리일군들의 기술실무수준과 자질을 결정적으로 높여야 한다.

모든 농업지도일군들과 농업근로자들은 군국영농장을 합리적으로 조직하고 그 운영을 개선하여 농업생산을 더욱 높임으로써 전민소유제국영농장의 우월성을 남김없이 발양시켜야 한다.",KJI,collapse_arduous_march,1990s,7.266128779556451
농업내부부문 분류방법,장현식,1995,2,1561,"사회주의농촌경리에 대한 지도관리사업을 개선발전시키는데서 나서는 중요한 문제의 하나는 농업의 내부부문들을 정확히 분류하여 경영활동과 경제계산에 리용하는것이다.

인민경제 2대부문의 하나로서의 농업은 공업에서와 마찬가지로 각이한 용도를 가진 여러가지 종류의 생산물을 생산하고있고 생산과정이 순차성을 가지는 일련의 기술공정으로 이루어져있으며 그것들이 서로 련계되여 진행된다.

뿐만아니라 농업의 경우에는 농업생산이 농촌경리라는 테두리안에서 농업근로자들에 의해 수행되는 공업적 및 건설적 성격의 활동과 밀착되여 진행되며 여러가지 종류와 품종의 생산물들이 한 생산공정을 통하여 동시에 생산되는 특성을 가지고있다.

다시말하면 영농과정에 여러가지 소농기구들과 자재들의 생산 및 수리작업이 함께 진행되고 파종작업이 토지정리와 같은 활동과 함께 진행되며 같은 포전에 여러가지 종류의 작물을 함께 심어 재배하기도 한다.

농업생산의 이러한 복잡성과 특성은 그에 대한 생산조직과 관리운영, 경제계산에서 농업의 내부부문들을 정확히 분류하는 문제를 중요한 과제로 제기하며 이 문제를 어떻게 처리하는가 하는것은 농업생산에 대한 지도관리의 과학화수준을 높이는데서 큰 의의를 가진다.

농업내부부문분류를 정확히 하는것은 무엇보다도 농촌경리의 전문화와 다각화를 합리적으로 조직하는데서 중요한 의의를 가진다.

위대한 령도자 김정일동지께서는 다음과 같이 지적하시였다.
《사회주의농업에서는 전문화와 함께 농업생산의 다각화를 합리적으로 실현하여야 합니다.》

농촌경리의 전문화는 농업생산물에 대한 국가적수요를 기본으로 하면서도 자연지리적조건과 지대적특성, 지리적위치를 고려하여 개별적인 농업기업소에서 한두가지 부문의 생산에 집중하게 함으로써 농업생산의 효과성을 높이고 농업생산물에 대한 수요를 원만히 충족시킬수 있게 한다.

농촌경리의 다각화는 한 기업소에서 여러가지 농업부문들을 다 같이 발전시킴으로써 토지와 생산수단, 로력을 합리적으로 리용하여 경제적효과성을 높이고 인민경제의 다양한 수요를 충족시킬수 있게 한다.

농업생산조직의 측면에서 보면 농촌경리의 전문화는 농업의 내부부문들가운데서 일부 부문의 생산에 힘을 집중하여 그의 비중을 높이는것으로 나타나고 다각화는 여러 부문들을 다 같이 배합하여 발전시킴으로써 부문들사이의 비중을 합리적으로 조절하는것으로 나타난다.

그러므로 농촌경리를 전문화, 다각화하자면 농업내부부문들을 정확히 분류하여야 한다.

농업내부부문분류를 정확히 하는것은 다음으로 농업의 내부부문구조와 그 변화, 농업내부부문들사이의 생산적련계를 밝히는데서 중요한 의의를 가진다.

돈벌이를 목적으로 하여 영업용작물생산에 치중하는 기형적인 자본주의농업과는 달리 사회주의농업은 인민경제와 주민들의 수요를 보장하는것을 목적으로 하는 자립적인 농업이다.

사회주의농업의 자립적성격은 주민들의 식량보장을 위한 알곡생산을 위주로 하면서 공예작물, 남새 등을 생산하는 농산과 축산, 과수, 잠업 등 농업의 모든 부문들이 조화롭게 발전하는데서 나타나며 이것은 농업생산내부부문들의 량적호상관계로 표현된다.

사회주의농업의 자립적성격을 더욱 강화하고 농업이 인민대중의 리익에 더 잘 복무하도록 하자면 내부부문구조를 연구하여 보다 합리적으로 개선해나가야 한다.

자립적인 사회주의농업에서는 농업생산부문들사이의 균형이 합리적으로 이루어져야 한다.

농업생산에서는 그 내부부문들사이에 생산적련계가 합리적으로 이루어져 균형이 보장되여야 발전해나갈수 있다.

농산업에서 사료를 보장해주어야 축산업이 발전할수 있고 축산업을 발전시켜 유기질비료를 보장해야 농산업이 또한 발전할수 있는것처럼 다른 부문들도 서로 련계되여있다.

농업내부부문들사이에 합리적인 균형을 보장하는것은 농업에 대한 지도관리에서 언제나 중요하게 고려해야 하는 원칙적문제의 하나이다.

농업의 내부부문구조와 그 변화과정, 농업생산부문들사이의 생산적련계와 균형에 대한 연구는 역시 과학적인 부문분류를 전재로 한다.

농업부문분류를 정확히 하는것은 또한 농업의 경제계산을 똑똑
										히 하기 위하여서도 중요하다.

농업생산에서 완성생산물이 한 기업소안에 있는 농업부문들을 단위로 하여 생산되고 이에 맞게 농업총생산액지표를 농업내부부문생산액의 총화로 규정하는 조건에서 농업부문을 정확히 분류함이 없이는 농업총생산액지표들 똑똑히 계산할수 없다.

농업내부부문분류를 정확히 진행하지 않고서는 로력과 설비, 자재와 자금과 같은 농업생산에 대한 지출요소들도 그 결과에 맞게 가를수 없고 따라서 로동생산능률과 원가와 같은 경제지표들도 똑똑히 계산하지 못하며 나아가서 농업생산물에 대한 가격도 옳게 제정할수 없게 된다.

이와 같이 농업내부부문을 정확히 분류하는것은 농업생산에 대한 지도관리와 경제계산의 과학성을 보장하기 위하여 리론실천적으로 매우 중요한 문제로 나선다.

농업의 내부부문분류를 진행하기 위하여서는 먼저 농촌경리안에서 진행되는 농업생산활동과 비농업생산활동을 구분하여 그 계선을 명백히 그어야 한다.

농업생산활동과 비농업생산활동의 계선을 똑똑히 긋는 문제는 하나의 농업기업소안에서 농업생산활동과 밀접히 련계되여 공업, 기본건설과 갈은 비농업생산활동이 적지 않게 진행되며 또한 농업지도기관체계에 비농업기업소들과 기관들이 포함되여있다는 사정과 관련하여 농업의 내부부문분류를 정확히 하기 위한 전제적인 문제로 나선다.

농업생산활동과 비농업생산활동의 계선을 긋지 않으면 농업의 내부부문에서 진행되는 여러가지 활동들의 농업적성격이 순수한 형태에서 나타나지 않기때문에 분류에서 복잡성을 조성하고 과학성을 잃게 된다.

농업과 비농업사이의 계선은 다른 부문활동에 비한 농업생산활동의 특성을 밝히면 그어지게 된다.

농업생산활동은 무엇보다 먼저 식물, 동물과 같은 생명유기체를 로동대상으로 하여 진행된다.

식물, 동물과 같은 생명유기체를 로동대상으로 한다는것은 농업생산활동의 본질적인 특징이다.

그것은 식물, 동물과 같은 생명유기체를 로동대상으로 하지 않고서는 그 어떠한 농업생산활동도 진행될수 없는것과 관련된다.

물론 농업생산활동의 로동대상이 식물, 동물과 같은 생명유기체라는것은 그것을 대상으로 하여 진행되는 모든 활동이 전부 농업생산활동으로 된다는것을 의미하지는 않는다.

그러나 식물, 동물과 갈은 생명유기체를 재배하고 기르자면 반드시 그것을 로동대상으로 하여야 한다.

농업생산활동은 또한 식물, 동물과 같은 생명유기체를 재배하고 기르는 방법으로 진행한다.

식물, 동물과 갈은 생명유기체를 로동대상으로 하여도 거기에 어떤 작용을 가하는가 하는것은 생산활동을 구별하는데서 또한 중요한 징표로 된다.

비록 로동대상은 식물, 동물과 같은 생명유기체라 하더라도 그에 작용하는 활동의 내용에서의 차이는 해당 생산활동의 성격을 다르게 규정할수 있게 한다.

바다에서 저절로 자라는 물고기라든가 산에서 저절로 자란 약초를 채취하는 경우 그 활동의 대상은 물론 식물성, 동물성 생명유기체이다.

그러나 이때의 생산활동은 농업생산활동이 아니다.

이러한 활동은 동물과 식물을 자래우는것이 아니라 그의 성장을 정지시키는것으로서 진행된다.

이와 달리 농업에서는 동물과 식물을 키우는것으로 생산이 진행된다.

때문에 식물, 동물과 같은 생명유기체를 키운다는것 역시 농업의 중요한 징표로 된다.

이와 같이 농업생산활동은 공업을 비롯한 다른 부문의 활동과는 달리 주로 식물을 재배하고 동물을 기르는 활동이다.

농업내부부문은 이러한 비농업생산활동과 구별되는 농업생산활동을 일정한 표식에 따라 분류한것이다.

농업내부부문은 농업의 분업을 반영하는 개념으로서 로동대상과 완성생산물의 형태, 그리고 생산에 적용되는 로동수단의 류형, 기술공정과 생산조직의 특성에 의하여 구별되는 생산분업이다.

농업의 내부부문을 규정하는 이러한 표징들가운데서 가장 중요한것은 로동대상과 완성생산물의 형태이다.

그것은 로동대상과 완성생산물에 따라 로동수단의 류형이 규정되고 로동수단에 따라 기술공정과 생산조직이 달라지기때문이다.

농업내부부문을 규정하는 표징에 따라 농업부문은 크게는 식물재배부문과 동물사육부문으로 구분된다.

농업부문이 이와 같이 구분되게 되는것은 모든 농업생산활동의 로동대상이 식물 아니면 동물이기때문이다.

농업부문을 식물재배부문과 동물사육부문으로 구분하는데서 표징은 해당한 생산활동이 식물을 로동대상으로 하는가 아니면 동물을 로동대상으로 하는가 그리고 생산활동의 결과에 식물성생산물이 이루어지는가 아니면 동물성생산물이 이루어지는가 하는것이다.

식물재배부문과 동물사육부문을 구분하는데서는 어떤 종류의 식물과 동물을 로동대상으로 하는가 하는것은 문제로 되지 않는다.

그러므로 식물재배부문은 여러가지 식물성농업생산물을 생산하는 분야를 포괄하며 동물사육부문은 동물성농업생산물을 생산하는 여러 분야를 포괄하게 된다.

농업부문의 이러한 분류는 농업생산활동에서 차지하는 식물재배활동과 동물사육활동의 비중을 규정하는데서뿐아니라 그의 발전정도를 특징짓는데서 일정한 의의를 가지고있지만 이것은 농업의 개별적인 생산부문들을 구분하여 보여주지 못하는데로부터 농업생산조직과 관리운영에서는 그것들을 보다 세분하여야 한다.

식물재배부문과 동물사육부문을 다시 세분하여야 농업내부부문들사이의 경제적련계를 밝힐수 있고 그에 기초하여 농업생산조직을 비롯한 농업의 관리운영사업을 짜고들어 할수 있다.

식물재배부문을 분류하는데서는 해당한 생산활동이 풀식물을 재배하는가 혹은 나무식물을 재배하는가 그리고 기본생산수단이 무엇인가 하는것을 표징으로 하여야 한다.

그것은 식물재배활동이 재배되는 대상과 기본생산수단에 따라 구별되고 그에 따라 서로 다른 생산분야를 이루게 되는것과 관련된다.

식물재배부문은 분류표식에 따라 농산부문과 과수부문으로 구분된다.

농산부문은 풀식물을 논, 발에서 자래워 여러가지 농산물을 생산하는 분야이며 과수부문은 과수원에서 과일나무를 재배하여 여러가지 과일을 얻어내는 분야이다.

농산부문은 다시 농산물의 용도에 따라 알곡생산부문, 남새생산부문, 공예작물생산부문, 사료작물생산부문으로 구분된다.

농산부문에서 생산된 알곡은 주민들의 식량으로, 남새는 부식물로 소비되며 그리고 공예작물은 경공업의 원료로, 사료작물은 축산업의 집짐승먹이로 리용된다.

농산물의 기본적인 용도는 이러하지만 그의 실제적인 용도에서는 얼마간의 차이가 있을수 있다.

농산부문에서 생산된 알곡의 일부가 축산부문에서 집짐승의 먹이로 소비되는 경우가 그러하다.

이때의 알곡은 사료작물생산활동의 결과라고 말할수 있다.

이와 관련하여 농산부문을 구분하는데서 농산물의 기본적인 용도를 표식으로 하겠는가 아니면 그의 실제적인 용도를 표식으로 하겠는가 하는 문제가 제기된다.

농산부문을 농산물의 기본적인 용도와 그의 실제적인 용도표식으로 구분하는것은 다같이 의의가 있다.

그러나 여기에서는 농산물이 실제적으로 어디에서 소비되는가 하는것은 아직 알수 없는 생산단계에서의 결과를 규정하는것과 관련된 부문분류를 론의하므로 농산물의 기본적인 용도를 표식으로 하여야 한다.

동물사육활동은 어떤 동물을 키우는가에 따라 다시말하면 어떤 동물을 리용하여 목적한 생산물을 얻어내는가에 따라 그안에서 다시 축산업, 잠업, 양봉업으로 나눈다.

축산업에는 여러가지 집짐승을 키워 고기, 알, 젖, 털 등과 같은것을 생산하는 활동들이 속하며 잠업에는 누에를 키워 고치를 생산하는 활동이, 양봉업에는 벌을 쳐 꿀을 생산하는 활동이 포함된다.

이와 갈이 식물재배부문과 동물사육부문을 구분하여 농업내부부문으로서의 농산부문, 과수부문, 축산부문, 잠업부문 등을 규정할수 있다.

이러한 내부부문들은 농업의 중요한 구성부문을 이루지만 그것으로서 농업생산령역이 고정불변한것으로는 되지 않는다.

농업생산력이 발전하고 사회적분업이 심화되면 농업내부에서 생산분야가 세분될수도 있고 또 새로운 농업생산분야들이 생겨날수도 있다.

축산업에서 가금업이 세분되고 식물, 동물과 같은 생명유기체를 다루는 농업생산분야로서의 산림업, 양식업, 양어업이 출현한것은 바로 이것을 말해준다.

그러면 이러한 농업생산부문들을 농업내부부문분류에서 어떻게 처리하겠는가 하는것이다.

이와 관련하여 농업내부부문을 규정하는데서 전제로 하여야 할것은 농업내부에서 생산분야가 세분되는 과정자체가 곧 해당부문을 형성하지 않는다는것이다.

세분된 생산분야가 하나의 독립적인 생산부문으로 되기 위하여서는 그것이 일정한 규모를 이루고있어야 하며 또한 그것을 독립시키는것이 경영상으로 볼 때 합리적이여야 한다.

만일 사회적분업이 발전하여 농업생산분야가 세분되는 경우에도 그것이 규모에서나 인민경제적지위에서 일정한 의의를 가지지 못하고 또한 경영상 독립시킬 필요가 없는 경우에는 독자적인 부문을 이루지 못하게 된다.

이러한 원칙에서 볼 때 가금업은 축산생산분야로서 세분되기는 하지만 독자적인 농업내부부문을 이루지 못한다.

그러나 산림업, 양어업, 양식업은 이와 달리 부문설정원칙에 부합된다.

이러한 농업생산분야들은 다같이 일정한 규모를 이루고있으며 인민경제발전에서 차지하는 해당 생산활동의 지위와 역활도 더욱더 높아지고있다.

또한 이러한 생산분야들은 기본생산수단에서의 특성으로 하여 경영상 농업의 다른 내부부문과 독립되지 않으면 안되는 조건을 가지고있는데로부터 서로 다른 생산단위를 이루고 생산활동을 진행한다.

이것은 이러한 농업생산분야들을 독자적인 농업내부부문으로 규정할수 있게 한다.

산림업, 양어업, 양식업을 농산업, 축산업과 마찬가지로 독자적인 농업의 내부부문으로 볼 때 산림업은 농업의 식물재배부문에 속하고 양어업은 농업의 동물사육부문에 속한다.

그런데 양식업은 자체의 로동대상의 특성으로 하여 농업의 그 어느 부문에도 포함시킬수 없다.

양식업은 산림업, 양어업과 같이 식물 혹은 동물만이 자기의 로동대상으로 하는것이 아니라 조류식물과 조개류동물 같은것을 함께 로동대상으로 하여 생산활동을 진행하며 그 결과도 식물성, 동물성 생산물로 나타난다.

따라서 양식활동은 식물재배부문의 활동이라고만 볼수도 없고 또 전부 동물사육부문의 활동이라고도 볼수 없게 된다.

이와 관련하여 양식업을 농업의 어느 부문에 포함시키겠는가 하는 문제가 제기된다.

이 문제를 해결하자면 양식업부문을 식물재배활동과 동물사육활동으로 구분하던가 아니며 농업부문을 크게는 식물재배부문, 동물사육부문뿐아니라 식물재배활동과 동물사육활동을 함께 진행하는 《기타 부문》으로 구분하여야 한다.

그런데 여기서 양식생산활동은 독자적인 농업내부부문의 활동이므로 그것을 주관적으로 식물재배부문과 동물사육부문으로 구분할수가 없다.

왜냐하면 조류식물을 재배하는 양식생산분야와 조개류동물을 서식하는 양식생산분야가 아직은 독자적인 농업내부부문으로 이루고있지 못한것과 관련된다.

그러므로 농업부문을 식물재배부문, 동물사육부문 《기타 부문》으로 구분하고 《기타 부문》에 양식업을 포함시켜야 한다.

양식업을 농업의 《기타 부문》에 포함시키는것과 관련하여 제기될수 있는 문제는 잠업도 그렇게 볼수 있지 않겠는가 하는것이다.

잠업부문에서 진행되는 개별적인 긍정들에서의 활동을 보면 충분히 이러한 문제를 제기할수 있다.

잠업생산과정을 보면 그안에서 뽕나무의 재배활동과 누에를 키우는 활동이 함께 진행된다고 말할수 있다.

그런데 문제는 이러한 활동들이 양식생산과정에서 있게 되는 조류식물재배활동, 조개류동물서식활동과는 명백히 구별된다는것이다.

양식업에서는 식물재배활동과 동물사육활동이 서로 다른 생산물의 생산을 위해 진행되지만 잠업에서는 식물재배활동과 동물사육활동은 누에고치라는 하나의 생산물을 목적으로 하여 서로 련관되여 진행된다.

다시말하여 잠업부문에서는 뽕잎(누에먹이)생산공정이 누에치기(키우기)생산공정에 이어져 최종적으로 누에고치라는 완성생산물이 이루어지게 된다.

잠업생산활동은 이와 같이 식물재배활동과 동물사육활동의 결합으로 이루어지고 련속된 두 활동이 끝남과 함께 그 결과가 나타난다.

그러나 양식업생산활동은 식물재배활동과 동물사육활동의 련속과정으로서가 아니라 개별적인 과정으로 진행되며 그 결과도 식물재배활동과 동물사육활동의 끝남과 함께 식물성, 동물성생산물로 각각 나타난다.

따라서 잠업부문안에서 진행되는 식물재배활동의 결과는 독자적인 잠업생산활동의 결과로 되지 못하지만 양식업부문안에서 진행되는 식물재배활동의 결과는 독자적인 양식생산활동의 결과로 된다.

이러한 차이는 잠업부문을 양식부문과 같이 《기타 부문》에 포함시킬수 없게 한다.

때문에 잠업부문은 농업의 동물사육부문에 포함시켜야 한다.

이와 같이 농업부문을 분류하고 농업내부부문을 선정하면 농업생산에 대한 지도와 관리의 과학성을 보장하게 될뿐아니라 농업생산활동의 결과도 정확히 계산할수 있게 될것이다.",KJI,collapse_arduous_march,1990s,7.3537223303996315
친애하는 지도자 김정일동지께서 전국경공업대회에 보내신 서한은 경공업발전의 앞길을 밝혀준 강령적문헌,오정애,1990,4,1407,"친애하는 지도자 김정일동지께서는 얼마전에 있은 전국경공업대회에 커다란 의의를 부여하시고 대회참가자들에게 서한 《경공업혁명을 철저히 수행할데 대하여》를 보내시여 우리 인민들에게 자주적이며 창조적인 생활을 물질적으로 원만히 보장하여 그들이 더 잘 살게 하기 위한 휘황한 앞길을 밝혀주시였다.

친애하는 지도자 김정일동지께서 전국경공업대회 참가자들에게 보내신 서한은 그가 담고있는 본질과 의의 그리고 그 숭고한 목적과 목표로 하여 온 나라 전체 근로자들을 당의 경공업혁명방침관철에로 힘있게 불러일으키는 전투적기치로 되고있다.

친애하는 지도자 김정일동지께서 서한에서 제시하신 중요한 문제의 하나는 경공업혁명의 본질을 밝히신데 기초하여 경공업혁명방침의 목적과 목표를 새롭게 천명하신것이다.

친애하는 지도자 김정일동지께서는 다음과 같이 지적하시였다.
《우리 당이 경공업혁명방침을 내놓은것은 우리 나라의 경제적잠재력과 이미 마련된 경공업토대에 의거하여 혁명적인 방법으로 인민소비품생산을 획기적으로 늘여 인민들의 물질문화적수요를 원만히 충족시키자는데 목적이 있습니다.》

경공업혁명은 우리 인민들의 자주적이며 창조적인 생활을 물질적으로 원만히 보장하여 그들을 더 잘 살게 하기 위한 혁명이다.

우리 당이 내놓은 경공업혁명은 현대적기술에 기초하여 경공업생산토대를 확대강화하고 짧은 기간에 인민소비품생산을 비약적으로 장성시키며 그 가지수를 획기적으로 늘이고 질을 결정적으로 높여 소비품에 대한 인민들의 늘어나는 량적 및 질적수요를 원만히 충족시키기 위한 투쟁이다

인민소비품생산에서 일대 전환을 가져오기 위한 경공업혁명의 목적은 생산능력의 견지에서는 나라의 경제적잠재력과 이미 마련된 경공업토대에 의거하여 달성되는 목적이며 생산결과의 견지에서는 우리 인민의 지향과 요구에 맞는 소비상품이 원만한 보장으로 달성되는 목적이다.

경공업혁명의 목적은 우선 나라의 경제적잠재력이 소비품생산을 늘이는데 적극적으로 이바지하도록 하는데 기초하고있다.

경공업은 인민소비품을 생산하는 사회적생산부문으로서 사람들의 식의주생활에서 기본적인 의의를 가진다.

그런데 경공업부문에서의 생산장성의 확대는 경공업부문 그자체의 힘만으로는 보장될수 없다.

그것은 경공업이 전사회적견지에서 볼 때 사회적생산순환을 완결시키는 마지막단계로서 그의 발전은 선행단계의 생산부분들과 불가분리적으로 련결되여있기때문이다.

여러가지 다양한 인민소비품생산은 그에 필요한 기계설비들과 기술수단들을 요구하며 그의 생산보장은 중공업에 의하여 크게 담보된다.

그리고 대부분의 식료품을 비롯한 여러가지 소비품의 생산은 농업원료의 보장과도 밀접히 련관되여있다.

때문에 경공업의 발전, 인민소비품생산에서의 혁신은 언제나 나라의 경제력전반의 경공업에의 적극적인 복무를 기초로 하고있다

이로부터 경공업혁명은 사회적생산부문으로서의 경공업부문에 국한되는 혁명이 아니라 전반적 생산에서 나라의 경제적잠재력이 인민소비품생산에 적극 이바지하게 하는 혁명으로 되는것이다

경공업혁명의 목적은 또한 이미 마련된 경공업의 토대에 의거하여 인민소비품생산을 결정적으로 높일것을 전제로 하고있다.

다시말하여 경공업혁명의 목적은 이미 마련된 경공업토대의 완전하고도 효과적인 리용과 그의 기술적개성을 통하여 달성되여야 할 목적이다.

오늘 우리 나라에는 거의 모든 소비상품을 자체로 생산보장할수 있는 현대적인 경공업기지가 튼튼히 마련되여있다.

중공업을 우선적으로 발전시키면서 경공업과 농업을 동시에 발전시키는 우리 당의 독창적인 사회주의경제건설의 기본로선에 의하여 우리 나라에는 력사적으로 매우 짧은 기간에 자체의 방직공업, 식료가공공업, 신발공업, 일용품공업을 비롯한 여러 부문을 종합적으로 다 갖춘 주체적이며 현대적인 인민소비품생산기지가 튼튼히 꾸려지고 뒤떨어졌던 우리 인민들의 생활은 높은 수준에 올라서게 되였다.

인민들의 물질문화생활에 필요한 경공업제품을 자체로 생산보장하는 우리 경공업의 잠재력과 위력은 매우 크며 이 능력의 효과적리용, 기술적개선으로 인민소비품생산을 늘일수
										 있는 가능성도 충분하다.

그러므로 경공업혁명은 이미 마련된 경공업의 토대를 집약적으로 리용하고 기술적으로 갱신확대하여 인민소비품생산에서 혁신을 일으키는 방법으로 달성되여야 할 목적이다.

나라의 경제적잠재력과 현존경공업토대의 기술적개선에 의거하여 인민소비품생산에서 혁신을 일으키는것은 자체의 힘, 자체의 능력으로 인민들의 물질문화적수요를 원만히 충족시켜나가는 혁명적인 방법의 중요한 내용으로 된다.

그것은 물질적부의 생산에서의 혁명은 사회적변혁으로서의 혁명과는 달리 생산장성의 기술적, 경제적, 사회적요인들을 리용하는 방식과 수준에서 집중적으로 표현되기때문이다.

마련된 경제력을 인민소비품생산에 적극적으로 복무하게 하는것은 여러 부문들의 생산물생산에서 기술경제적으로 새로운 변화를 가져오며 전사회적생산부문들사이의 생산기술적련계와 협동생산조직에서도 질적인 변화를 가져오는 혁명적인 방법으로 된다.

자체의 힘과 기술, 자력갱생의 원칙에 의거하여 인민소비품생산문제를 성과적으로 풀어나가는 여기에 경공업발전과 그 목적실현의 혁명적성격이 있다.

경공업혁명의 목적을 정확히 리해하는데서 중요한것은 이 혁명의 목적이 어디까지나 우리 인민들의 자주적이며 창조적인 생활을 물질적으로 원만히 보장하는데 있다는것이다.

생산의 목적은 어디까지나 종국적으로는 그 결과인 생산물에서 표현되여야 한다.

모든 생산물은 자기의 목적을 가지고 생산되지만 그것은 사회제도에 따라 다르다.

해당 사회 생산의 목적을 규정하는것은 기본경제법칙이며 사회제도에 따라 구별되는 기본경제법칙의 규제적작용속에서 생산물은 서로 다른 목적으로 생산되고 실현되게 된다.

소비상품인 경우에도 그 원래의 사명은 사람들의 물질적수요충족에 있지만 자본주의사회에서는 자본가들의 돈벌이수단으로 생산되게 된다.

여기에서는 주민들의 구체적인 수요와 그 충족의 유용성이 소비품생산의 절대적기준, 기본목적으로 되는것이 아니라 자본의 가치증식을 위한 리윤증대가 절대적기준, 유일한 목적으로 된다.

때문에 리윤만 더 생긴다면 주민들의 실제적인 생활상수요와는 전혀 무관계한 비인간적인 수요도 조장시켜 사람들의 물질생활을 기형화하는 상품생산도 자본주의적소비품생산에서는 보편적인것으로 된다.

그러나 사회주의하에서 생산의 목적은 인민들의 물질적수요를 보다 원만히 충족시키는데 있으며 이것은 소비품생산에서 가장 집중적으로 표현된다.

사회주의기본경제법칙의 작용과 인민들의 복리증진을 자기 활동의 최고원칙으로 삼는 로동계급의 당과 국가의 활동은 모든 소비품생산이 인민들의 지향과 요구, 그들의 구체적인 생활상 수요충족과 밀접히 련관되게 하며 그와 분리된 그 어떤 소비품의 생산도 허용될수 없게 하는 결정적담보로 된다.

때문에 사회주의하에서 소비품은 단순한 상품이 아니라 인민소비상품이라는 자기의 뚜렷한 목적을 가지고 생산되게 된다.

그렇기때문에 우리가 경공업혁명을 하여 인민소비품생산을 늘이는것은 인민을 위한것으로서 인민소비품의 생산을 늘이고 그 질을 높이는데서 우리 인민의 지향과 요구가 옳게 반영되여야 한다.

우리는 상품을 하나 만들어도 우리 인민의 기호와 민족적정서에 맞으면서도 시대적미감과 사회주의적생활양식의 요구에 맞게 편리하고 아름답고 견고하게 만들어야 하며 인민들이 일상생활에서 가장 많이 쓰는 생활필수품부터 먼저 생산하여야 한다

친애하는 지도자 김정일동지께서는 서한에서 경공업혁명은 짧은 기간에 인민소비품생산에서 일대 전환을 일으키는 투쟁인것만큼 모든 사업을 대담하고 통이 크게 전투적으로 벌리지 않고서는 성과적으로 수행할수 없다고 하시면서 경공업부문에서는 투쟁목표를 바로세우고 최상의 질을 보장하며 높은 속도를 이룩하여야 한다고 지적하시였다.

친애하는 지도자 김정일동지께서는 다음과 같이 지적하시였다.
《우리 당이 경공업혁명을 하여 도달하려는 목표는 가까운 몇해안에 인민소비품에 대한 수요를 원만히 충족시킬수 있게 소비품의 량과 가지수를 훨씬 늘이고 그 질을 세계적수준으로 끌어올리는것입니다.》

인민소비품생산에서 일대 전환을 가져오기 위한 경공업혁명은 소비품의 량과 가지수, 질 측면에서 명확한 목표를 내세우고있다.

계획적인 사회주의적생산에서 혁명적전환을 이룩하기 위한 목표는 언제나 구체적인 기간을 가지고 설정되게 된다.

우리 당은 경공업혁명의 목표를 가까운 몇해안에 도달하여야 할 목표로 내세우고있다.

이것은 나라의 튼튼한 경제력과 경공업토대에 기초하여 과학적으로 설정된 기간이며 혁명적방법으로 인민소비품문제를 성과적으로 해결할수 있는 기간이다.

경공업혁명은 매우 짧은 기간에 수행되여야 할 혁명이지만 그가 내세우고 있는 목표는 매우 높은것으로 특징지어진다.

그것은 우선 경공업혁명의 목표가 소비품의 량과 가지수를 늘이는데서 사회주의사회의 생산력이 감당할수 있는 최상의 수준을 내세우고있기때문이다.

소비품의 량과 가지수는 사람들의 물질생활이 높아짐에 따라 부단히 늘어나게 된다.

이것은 사람들의 수요장성에 따르는 소비품생산발전의 중요한 합법칙성이다.

그러나 그 소비품들의 량과 가지수가 늘어나는 규모와 속도는 사회생산력의 발전정도와 특히는 그 생산력을 소비품생산에 지향시키고 이끌어나가는 방식과 절차에 크게 의존된다.

때문에 소비품생산발전의 합법칙적과정에서 매시기 매단계가 이룩하는 소비품생산의 규모와 가지수는 그 시기의 생산력발전수준만을 반영하는것이 아니라 그 생산력을 이끌어나가는 사회경제제도의 적극적인 작용도 반영한다.

우리 당이 내세운 경공업혁명의 목표는 소비품의 량과 가지수를 늘이는데서 모든 상점들에 다양한 상품들이 차고넘치게 하며 누구나 상점에서 필요한 상품을 마음대로 살수 있게 하는 수준으로 설정되고있다.

그런데 이 수준은 주민들의 기본적인 수요의 충족한계를 훨씬 넘어서는 높은 수준이 아닐수 없다.

그것은 그 수준이 모든 주민들의 수요의 원만한 충족을 의미하기때문이다.

아직 과도적사회인 사회주의사회에서 모든 주민들의 물질생활은 주로 그들의 지불능력있는 수요충족에 의해 보장된다.

그런데 사회주의하에서 주민들의 지불능력있는 수요는 사회생산력의 발전, 국가적 및 사회적혜택에 의한 생활보장으로 하여 매우 빠른 속도로 장성한다.

기본적인 생활조건들과 교육, 보건 등 여러 분야에서 실시되고있는 국가의 인민적인 시책들로 하여 주민들의 모든 화페수입을 상품의 구매력으로 전환시키며 이 구매력의 원만한 충족을 보장하는 상품의 량과 가지수의 확보는 인민생활의 획기적인 향상을 가져오게 한다.

때문에 사회주의사회에서 인민들의 물질생활은 끊임없이 장성하는 지불능력있는 수요에 맞게 상점에 상품을 채워주는 정도, 필요한 물건을 아무때나 살수 있는 조건을 지어주는 정도에 달리게 된다.

이런 점에서 볼 때 모든 상점들에 다양한 상품들이 차고넘치게 하며 누구나 필요한 상품을 살수 있게 하는 수준의 량과 가지수는 사회주의사회의 생산력이 달성할수 있는 최상의 수준이고 과도적사회에서 국가와 사회에 의한 물질생활보장의 가장 높은 수준이라고 말할수 있다.

경공업혁명의 목표가 매우 높은것으로 되는것은 또한 소비상품의 질을 세계적수준으로 끌어올릴것을 내세우고있기때문이다.

소비상품의 질제고는 인민들의 수요충족, 그들의 물질생활의 향상에서 매우 중요한 의의를 가진다.

그것은 소비품의 질제고가 그의 량의 증대와 동등한 의의를 가지는 동시에 량적장성으로서는 충족시킬수 없는 보다 고급하고 구체화된 세부적수요를 충족시키는 기본수단으로 되기때문이다.

사회생산력이 발전하고 사람들의 생활이 보다 풍부하고 다양해질수록 질높은 소비품에 대한 요구는 더욱 빨리 장성한다.

때문에 질제고는 소비품생산발전의 중요한 방향으로, 세계적추세로 되고있다.

카로리가 높은 식료품들, 질기고 색갈이 좋은 고급천들, 리용에 편리하고 견고한 일용품들을 비롯한 질높은 모든 소비품들은 인민들의 수요충족에서 보통수준의 소비품들에 비하여 몇배로 유용한 효과를 준다.

이러한 점에서 인민생활의 향상은 리용되는 소비품의 질적수준에 의해 크게 좌우된다고 볼수 있다.

오늘 우리 당이 소비품의 질을 세계적수준으로 끌어올리는 목표를 내세운것은 우리 인민들에게 세상에 부럼없는 물질생활을 안겨주기 위한 우리 당의 원대한 구상의 구체적인 구현으로 된다.

그리고 이 목표는 소비품의 질제고에 직접적으로 작용하는 과학기술의 발전수준과 생산의 기술경제적조건, 생산자들의 기술기능수준과 주인다운 일솜씨와 같은 모든 사회경제적조건들을 과학적으로 타산한데 기초하여 내세워진 현실적인 목표이다.

이와 같이 경공업혁명은 소비품의 량과 가지수를 늘이고 질을 높이는데서 매우 높은 목표를 내세우고 그것을 가까운 몇해사이에 점령할것을 전제로 하고있다.

때문에 이 목표는 보통상태에서의 경공업발전을 넘어서는 하나의 혁명으로, 나라의 경제력과 경공업토대에 의거하여 혁명적인 방법으로 달성되여야 할 목표로 된다.

우리 당이 인민소비품생산분야에서 일대 전환을 가져오기 위한 경공업발전문제를 하나의 혁명으로 내세운것은 짧은 기간에 우리 인민들의 생활을 획기적으로 높이기 위한 목표와 관련되여있다.

친애하는 지도자 김정일동지께서는 서한에서 경공업혁명수행을 위한 기본과업들과 함께 경공업혁명수행에서의 당조직들의 임무에 대해서도 밝혀주시였다.

경공업혁명의 중심과업은 이미 마련된 경공업의 토대를 효과적으로 리용하고 확대강화하며 경공업공장들의 현대화를 다그쳐 경공업을 새로운 높은 단계에로 발전시킴으로써 인민소비품에 대한 인민들의 수요를 원만히 충족시키는것이다.

경공업혁명수행을 위한 기본과업은 인민소비품을 많이 생산하며 인민소비품의 가지수를 늘이고 질을 높이는것과 함께 경공업의 현대화를 다그치며 지방공업을 더욱 발전시켜 인민소비품생산을 군중적운동으로 힘있게 벌리는것이며 인민경제 모든 부문에서 경공업을 적극 지원하는것이다.

경공업혁명을 하여 최단기간안에 인민소비품생산에서 결정적인 전환을 일으키려는것은 우리 당의 확고한 의지이며 결심이다.

우리 당이 제시한 경공업혁명의 과업은 크지만 우리에게는 그것을 능히 실현할수 있는 모든 조건과 가능성이 있다.

혁명의 힘찬 전진속에서 당과 수령의 두리에 일심단결된 우리의 주체적혁명력량은 불패의것으로 다져지고있으며 당이 바라는것이라면 그 무엇도 해내고야말겠다는 우리 인민의 의지와 신념은 더욱 확고해지고있다.

모든 경제지도일군들과 근로자들은 경공업혁명을 하여 우리 인민들의 생활에서 획기적인 전환을 일으킴으로써 보다 자주적이며 창조적인 생활을 누리게 하려는 당의 의도와 결심을 높이 받들고 경공업혁명을 힘있게 벌려 인민소비품생산에서 결정적전환을 일으켜야 할것이다.",KIS,late_socialist_planning,1990s,7.249925536717988
채취공업부문 련합기업소의 2중독립채산제,한철만,1989,3,1458,"채취공업부문에서 가치법칙의 형태적 리용은 련합기업소2중독립채산제의 실시를 통해서도 실현된다.

채취공업부문에서도 련합기업소가 조직되여 련합기업소2중독립채산제가 실시되고있는 조건에서 련합기업소2중독립채산제를 어떻게 실시하는가 하는것은 이 부문에서 가치법칙의 형태적리용문제를 옳게 해결해 나가는 중요한 문제로 제기된다.

위대한 수령님과 친애하는 지도자동지께서는 채취공업부문에서도 우리식의 련합기업소를 널리 조직하시고 2중독립채산제를 실시할데 대한 독창적인 방침을 제시하심으로써 채취공업부문에서 가치법칙을 형태적으로 리용하며 기업관리를 과학화, 합리화하기 위한 새로운 길을 열어주시였다.

일반적으로 2중독립채산제는 사회주의기업소 조직형태인 련합기업소의 특성에 맞게 실시되는 독립채산제의 독특한 형태이다.

위대한 수령 김일성동지께서는 다음과 같이 교시하시였다.
《관리국이나 련합기업소 단위로 독립채산제를 실시하는 경우에는 거기에 소속된 공장, 기업소들에서도 각각 독립채산제를 실시하여 2중채산제가 되도록 하여야 합니다.》

련합기업소에서 2중독립채산제를 실시한다는것은 련합기업소단위로도 독립채산제를 실시하고 그 산하의 매개 기업소단위로도 독립채산제를 실시하여 독립채산제원칙을 2중으로 적용하는것을 말한다.

채취공업부문에서는 관리국, 총국, 련합기업소들이 다같이 2중독립채산제를 적용하고있다.

채취공업부문에서의 련합기업소2중독립채산제는 자기 부문의 생산기술적 특성을 반영하여 련합기업소독립채산제의 일반적요구와 함께 일련의 고유한 특성을 가지고 실현된다.

채취공업부문에서의 련합기업소2중독립채산제는 다른 부분의 련합기업소2중독립채산제와 공통적인 측면을 가지고있다.

일반적으로 2중독립채산제의 본질적 측면은 첫째로, 련합기업소와 아래 기업소들이 각각 경영상 독자성을 가진다는데 있다.

채취공업부문의 련합기업소2중독립채산제도 련합기업소2중독립채산제 일반에서와 마찬가지로 련합기업소가 경영상 독자성을 가질뿐아니라 그 산하의 개별적 기업소들도 독자적인 경영상독자성을 가지고 경영활동을 진행한다.

그러므로 한 련합기업소와 다른 련합기업소간에서뿐아니라 같은 련합기업소안의 개별적 기업소들사이에서도 가치법칙이 형태적으로 작용하고 그것을 리용하여 독립채산제가 2중으로 실시되게 된다.

련합기업소2중독립채산제의 본질적 측면은 둘째로, 련합기업소와 아래 기업소들사이에 독립채산제가 2중적으로 겹쳐 실시된다는데 있다.

마찬가지로 채취공업부문에서도 련합기업소적인 독립채산제가 실시되고 그 범위안에서 매개 아래 기업소들이 독립채산제로 운영되여 서로 종속적인 련관속에서 독립채산제원칙이 2중으로 적용되고있다.

그리하여 탄광, 광산, 기계공장, 설계사업소와 같은 아래 기업소들이 독립채산제로 운영될뿐아니라 이 기업소들에서의 경영활동결과가 련합기업소적인 생산계획수행결과에 영향을 주며 련합기업소2중독립채산제에 작용하게 된다.

그러므로 탄광, 광산, 기계공장 등 아래 기업소들은 그 자체가 독자적인 독립채산제단위로 될뿐아니라 하나의 련합기업소적으로는 그 매개 기업소들이 각각 독립채산제내부단위로 된다.

이와 같이 채취공업부문에서 련합기업소2중독립채산제는 다른 모든 부문에서의 2중독립채산제와 기본적인 측면에서 공통성을 가지고있다.

그러나 다른 한편 채취공업부문에서의 2중독립채산제는 다른 부문에서의 2중독립채산제와 다른 특성을 가지고있다.

그것은 채취공업부문에서 련합기업소2중독립채산제가 탄광, 광산을 중심으로 하여 실시되고 있는것이다.

2중독립채산제를 어떤 공장, 기업소를 중심으로 하여 실시하는가 하는것은 련합기업소경영활동의 성과적보장을 위한 중요한 문제로 된다.

어떤 공장, 기업소를 중심으로 2중독립채산제를 실시하는가 하는것은 련합기업소조직의 특성에 의하여 규정된다.

채취공업부문에서 련합기업소는 기본생산단위인 탄광, 광산을 중심으로 하여 조직된다.

그것은 채취공업부문에서 련합기업소조직의 목적과 관련되여있다.

채취공업부문에서 련합기업소를 조직하는 목적은 인민경제적으로 더 많이 요
										구되는 석탄, 광물에 대한 수요를 원만히 충족시키자는데 있으며 그러자면 더 많은 석탄과 광석을 채취하여야 한다.

그런것만큼 채취공업부문에서는 련합기업소를 조직하는 경우에 협동생산조직에서 모체공장의 역할을 하는 기업소들을 탄광, 광산으로 규정하고 여기에 여러가지 제품을 생산하여 보장하는 공장, 기업소들을 합리적으로 결합하여 조직하여야 한다.

채취공업부문련합기업소의 이러한 조직구성상 특성을 반영하여 이 부문의 련합기업소2중독립채산제의 특성도 규정된다.

채취공업부문련합기업소조직에서 탄광, 광산이 중심적인 위치에 있는것만큼 2중독립채산제를 실시하는 경우에도 중심기업소들인 탄광, 광산의 경영활동을 성과적으로 보장하는데 기본을 두고 2중독립채산제를 운영할데 대한 요구가 제기된다.

련합기업소와 아래 기업소들의 경영활동평가와 그 결과에 대한 자극을 적용하는데서 이러한 요구를 구현하는것은 채취공업부문련합기업소의 특성에 맞는 독립채산제적용방식으로 된다.

채취공업부문에서 련합기업소2중독립채산제는 사회주의경제발전의 합법칙적 요구와 우리 나라의 구체적현실을 정확히 반영하여 나온것으로서 기업관리를 개선하는데서 커다란 의의를 가진다.

채취공업부문2중독립채산제는 집단주의에 기초한 사회주의경제의 본질적 요구에 맞게 독립채산제를 바로 실시하고 대규모기업련합체를 합리적으로 관리운영할수 있게 하는 효과적인 수단으로 된다.

채취공업부문련합기업소 2중독립채산제에서는 련합기업소와 그 아래 기업소들이 각각 경영상 독자성을 가지고 독립채산제를 실시하면서도 그들사이에는 경영활동결과에 대한 물질적 평가와 보수가 유기적으로 결합됨으로써 서로 리해관계의 공통성이 작용하게 되여있다.

그리고 아래 기업소들은 비록 경영상 독자성을 가지지만 련합기업소의 통일적인 계획수행을 위하여 서로 협조하고 방조하게 되여있다.

이렇게 함으로써 기업소들사이에 본위주의를 없애고 집단주의원칙에 기초하여 자기 기업소앞에 나선 계획과제를 책임적으로 수행하면서 전체가 힘을 합쳐 련합기업소적인 계획수행에 적극 이바지할수 있게 한다.

련합기업소2중독립채산제는 련합기업소와 아래 기업소들사이, 아래 기업소들 호상간에 집단주의정신을 가지고 서로 돕고 이끌면서 경영활동을 개선하는 효과적인 수단으로 작용한다.

그리하여 전반적 인민경제의 첫공정으로 되는 채취공업의 기업관리를 개선하고 채취공업을 빨리 발전시켜 늘어나는 인민경제의 석탄, 광물 수요를 원만히 충족시키고 사회주의적 확대재생산을 성과적으로 보장하게 한다.

그러므로 채취공업부문에서 련합기업소2중독립채산제를 옳게 실시하는것은 채취공업뿐아니라 인민경제전반의 빠른 발전을 보장하는데서 매우 중요한 의의를 가진다.

채취공업부문의 련합기업소2중독립채산제를 바로 실시하는데서 풀어야 할 중요한 문제의 하나는 련합기업소와 아래 기업소사이에 경영활동권한, 경영업무분담을 정확히 하는것이다.

다시말하여 련합기업소와 아래 기업소들이 각각 어느 정도의 경영권을 행사하고 어떠한 경영업무를 수행하게 하는가 하는 문제를 정확히 처리하는것이 중요한 문제로 나선다.

기업소들이 경영활동을 하는 과정에는 계획작성과 총화, 자재공급과 제품판매, 자금보장과 결제, 수입분배와 국가예산납부 등 여러가지 측면에서 국가와 관계를 맺으며 또 다른 기업소들과 경제관계를 맺게 된다.

련합기업소2중독립채산제를 실시하는데서는 련합기업소와 아래 기업소들이 이러한 경영업무를 수행하는데서 각기 어떤 권한을 행사하고 어떤 임무를 담당하겠는가 하는 문제가 더욱 복잡하게 제기된다.

례컨대 어느 한 탄광련합기업소에서 수공급계약의 체결과 자금결제, 국가예산납부 그리고 기업소리윤분배 등의 문제들을 련합기업소를 단위로 하여 통일적으로 처리할것인가 아니면 아래 기업소단위로 처리할것인가 하는 여러가지 복잡한 문제들이 제기된다.

이러한 문제들을 처리하는데서는 련합기업소와 그 아래 기업소가운데서 기업관리의 기본고리를 무엇으로 보는가 하는 문제가 중요하다.

우리 나라 경제관리체계에서 련합기업소는 계획단위, 생산단위, 집행단위이며 지도기관이 아니라 독립채산제로 운영되는 하나의 기업체이다.

채취공업부문에서도 사정은 마찬가지이다.

이로부터 전사회적, 전국가적 견지에서 우리 나라 공업에서 경제관리의 주요단위는 련합기업소이며 채취공업도 련합기업소를 기본고리로 하여 관리운영된다.

그러므로 련합기업소의 성격과 그것이 전반적인 공업관리에서 차지하는 위치로 보아 련합기업소는 국가 또는 다른 기업소들과의 경제거래에서 직접적인 담당자가 되여야 하며 이들사이의 경제거래를 맺는 단위로 되여야 할것이다.

다음으로 련합기업소와 아래 기업소들의 경영권, 경영업무를 분담하는데서 그것들사이의 호상관계를 바로 처리하는것이 중요하다.

전인민경제적 립장에서 볼 때 련합기업소가 경제관리의 기본고리로 된다고 하여 련합기업소만이 경영권을 독차지하게 한다면 아래 기업소들의 독자성은 마비되고만다.

련합기업소와 아래 기업소의 관계는 아래 기업소들의 경영상 독자성을 인정하는 기초우에서 맺어지는 상하관계이다.

련합기업소에 망라되여있는 아래 기업소들은 다같이 경영상 독자성을 가지고있다.

기업소들이 경영상 독자성을 가진다는것은 독자적인 경영권을 가지고 행사한다는것을 의미하며 따라서 아무런 경영권도 가지지 못하고 있다면 경영상 독자성에 대하여 말할수 없다.

여기서 경영권이란 독자적인 법인의 자격을 가지고 경제거래를 맺는것을 중요한 내용의 하나로 한다.

이처럼 련합기업소안의 아래 기업소들도 독자적인 경영권을 가지고 국가 또는 다른 기업소들과 경제거래를 맺어나갈수 있다.

련합기업소와 아래 기업소들이 다같이 경영권을 행사할수 있다는데로부터 그들사이에 경영권과 경영업무를 어떻게 분담하겠는가 하는 문제가 제기된다.

련합기업소와 아래 기업소들이 다같이 경영상 독자성을 실현할수 있도록 경영권을 행사하여 경영업무를 수행하게 해야 할것이다.

여기에서 련합기업소에만 권한을 주고 아래 기업소에는 아무러한 권한을 주지 않아 기업관리에서 나서는 모든 문제를 련합기업소가 도맡아가지고 아래 기업소는 시키는 일이나 하게 하여서는 안된다.

반대로 아래 기업소에만 경영권을 주고 경영업무를 시키며 련합기업소는 행정적인 지도나 하게 하여서도 안된다.

이것은 련합기업소나 아래 기업소들이 다같이 경영상 독자성을 가지고있다는 사실에 모순된다.

련합기업소와 아래 기업소들사이에 경영권과 경영상 독자성을 부여하면서도 나라의 전반적인 경제관리에서 련합기업소가 관리의 기본고리로 되여야 한다는 사실을 반드시 고려하여야 한다.

즉 련합기업소와 아래 기업소들이 다같이 경영상 독자성을 실현하면서도 특히 련합기업소가 나라의 전반적인 경제관리의 주요고리로서의 사명과 임무를 수행할수 있게 하여야 한다.

이것이 채취공업부문련합기업소와 아래 기업소들사이에 경영상 권리와 의무를 분담하는데서 지켜야 할 일반적요구이다

채취공업부분련합기업소2중독립채산제를 바로 실시하는데서 풀어야 할 중요한 문제는 다음으로 계획수행평가와 그에 따르는 물질적 자극체계를 합리적으로 조직하는것이다.

위대한 수령 김일성동지께서는 다음과 같이 교시하시였다.
《계획실행에 대한 평가를 잘하는것이 또한 중요합니다. 지금은 기업소들의 생산계획실행을 주로 금액지표에 의하여 평가하기때문에 기업소일군들이 현물계획을 실행하는데 관심을 적게 돌리고있습니다. 기업소들의 생산계획실행에 대한 평가는 금액지표에 의하여 하는것보다 현물지표에 의하여 하는것이 더 좋을것 같습니다.》(《김일성저작집》28권, 126~127)

국가계획수행정도에 대한 평가를 정치도덕적 및 물질적자극과 옳게 결합시키는것은 독립채산제를 바로 실시하기 위한 중요한 요구이다.

이러한 요구를 실현하려면 무엇보다 먼저 계획수행에 대한 평가를 바로 하여야 한다.

채취공업부문련합기업소2중독립채산제를 실시하는데서도 계획수행평가방법을 옳게 선정하는것이 중요하게 제기된다.

그것은 계획수행정형을 옳게 평가하여야 로동지출과 로동보수지불을 정확히 맞물리고 계획수행을 물질적으로 옳게 자극할수있기때문이다.

채취공업부문기업소들의 계획수행정형을 바로 평가하는데서는 평가지표를 옳게 선정하는것을 비롯하여 여러가지 복잡한 문제들이 수많이 제기된다.

그러나 련합기업소의 2중독립채산제실시와 관련하여 제기되는 계획수행평가방법에서 특별히 문제로 되는것은 련합기업소와 아래 기업소들의 계획수행정형을 서로 어떻게 련결시켜 평가하겠는가 하는것이다.

련합기업소계획수행평가에서는 련합기업소적인 계획수행정형을 평가하는 문제와 아래 기업소들의 계획수행정형을 평가하는 문제가 제기된다.

실례로 탄광련합기업소에서 련합기업소적인 계획수행과 매개 아래 독립채산제기업소들의 계획수행을 어떻게 평가하겠는가 하는 문제가 제기된다.

련합기업소적인 생산계획수행정형을 평가하는데서 여러가지 방도들이 제기될수 있을것이다.

즉 아래 기업소들의 계획수행정형을 평균하는 방법으로 평가할수도 있고 련합기업소가 국가로부터 받은 계획을 기본평가 대상으로 하여 평가할수도 있을것이다.

이러한 평가방법들은 서로 우단점들을 다 가지고있다.

련합기업소적인 계획수행정도를 평가하는데 여러가지 방법이 있을수 있지만 반드시 련합기업소적인 최종제품이나 기본제품생산계획수행정형을 고려한 기초우에서 여러가지 방법들을 옳게 배합하여 적용하도록 하는것이 보다 합리적인 방법으로 된다.

그러므로 채취공업부문련합기업소에서는 련합기업소의 최종제품들인 석탄이나 광물 생산계획을 기본으로 하여 련합기업소의 계획수행정형을 평가하며 여기에 기타 여러가지 평가방법을 배합할수 있을것이다.

다음으로 아래 기업소들의 계획수행정형을 바로 평가하는것이 중요하다.

독립채산제가 아래 기업소단위로도 실시되는것만큼 아래 기업소들에서의 계획수행정형을 정확히 평가하여야 그에 기초하여 물질적자극을 옳게 진행할수 있다.

아래 기업소들의 계획수행정형을 평가하는데서는 련합기업소적인 계획수행정형과 련결시켜 평가할것인가 아니면 그 자체만으로 계획수행정형을 평가할것인가 하는것이 문제로 제기된다.

련합기업소적인 계획수행에 기여한 정도를 고려하여 개별적 기업소들의 계획수행정형을 평가하는 방법을 적용할수 있다.

이러한 평가방법은 련합기업소의 조직목적으로 보아 기업소들사이의 련대적인 책임성을 높이는데 긍정적인 방법이라고 할수 있다.

이 경우에는 개별적인 아래 기업소들이 련합기업소적인 계획수행에 기여한 정도를 정확히 평가하는 합리적인 방법이 적용되여야 할것이다.

이러한 요구는 모든 부문의 련합기업소2중독립체산제실시에서 공통적으로 제기되는 요구이다.

채취공업부문인 경우에 련합기업소적인 계획수행에 기여한 정도들은 중심기업소인 탄광, 광산의 생산계획수행에 기여한 정도를 고려하며 아래 기업소들의 계획수행정형에 따라 평가하는것이 합리적일것이다.

이것은 채취공업부문에서 련합기업소 조직운영의 궁극적 목적이 결국 석탄, 광물 생산을 늘이고 여기에서 생산의 경제적효과성을 높이자는데 있기때문이다.

채취공업부문련합기업소2중독립채산제를 옳게 실시하려면 계획수행정형을 바로 평가할뿐만아니라 정치도덕적 자극을 앞세우면서 거기에 물질적자극을 잘 결합시켜야 한다.

이를 위하여서는 계획수행정형과 물질적자극을 결합시키는 방법이 문제로 된다.

특히 채취공업부문은 물질적 자극폰드의 몫이 큰데로부터 정치도덕적자극을 확고히 앞세워 나가야 근로자들속에서 리기주의와 같은 낡은 사상이 자라날수 없게 하면서도 그들이 높은 혁명적열의와 생산의욕을 가지고 로동에 성실히 참가할수 있게 한다.

물질적자극폰드가 큰 몫을 차지하고있는 채취공업부문에서 정치도덕적 자극을 홀시하면 근로자들이 물질적 자극에만 눈이 어두워 리기주의가 조장되게 될것이다.

그러므로 정치도덕적 자극을 확고히 앞세우는 기초우에서 계획수행정도에 따라 물질적자극을 적절히 배합해 나가야 한다.

정치도덕적자극과 함께 물질적자극을 잘 적용하여야 한다.

채취공업부문2중독립채산제실시에서 근로자들에 대한 물질적자극은 로동보수를 계획수행정형과 결부시키는 방법으로 실현된다.

그런데 문제는 아래 기업소들의 물질적 보수를 련합기업소적인 성과와는 별개로 자기 기업소적인 계획수행정형과만 결부시킬것인가 하는것이다.

원칙적으로 아래 기업소들의 계획수행정형을 련합기업소적인 계획수행에 기여한 정도를 고려하여 평가한 조건에서 아래 기업소 로동자들의 로력보수도 련합기업소적인 계획수행에 기여한 정도와 자기 기업소의 계획수행정형을 결부시켜 적용하면 될것이다.

우리는 련합기업소2중독립채산제의 원칙과 요구들을 정확히 구현하여 채취공업부문의 독립채산제기업소들을 합리적으로 운영해나가도록 가치법칙의 형태적작용을 옳게 리용하여야 할것이다.",KIS,late_socialist_planning,1980s,7.285506548522785
주체의 원리에 기초한 경제리론의 기본문제,리기성,1988,1,2279,"주체의 경제리론은 영생불멸의 주체사상과 자주시대의 요구를 구현하여 로동계급의 경제리론을 새로운 높은 단계에로 발전시킨 우리 시대 로동계급의 경제학설이다. 주체의 경제리론이 어떤 원리와 방법에 기초하고있는가를 정확히 해명하는것은 주체의 경제리론의 진리성과 위대성을 밝히는데서 근본적인 의의를 가지는 매우 중요한 문제로 나선다. 

친애하는 지도자 김정일동지께서는 사회주의제도의 본질적 우월성을 사람을 중심으로 하여 볼데 대한 주체의 원리와 방법론을 밝히심으로써 주체의 경제학설의 전 체계와 내용을 주체사상으로 일관시킬수 있는 지침을 마련하여주시였다. 

로동계급의 혁명적 경제 사상과 리론이 어느 정도의 높이에로 발전하였는가를 규정하는 가장 기본적인 요인은 그것이 어떤 방법론적 원리에 기초하여 전개되였는가 하는것이다. 주체의 경제리론에서는 새로운 력사적 시대, 주체시대의 요구를 반영하여 경제리론의 모든 문제들이 인민대중중심의 새로운 방법론적 원리에 기초하여 해명되고 전개되였다. 주체사상은 력사적 시대를 생산력과 같은 물질경제적 조건이 아니라 혁명과 건설의 주체인 인민대중을 중심으로 평가하는 새로운 방법론을 밝혀준다. 오늘의 력사적시대는 로동계급이 독자적인 계급으로 력사무대에 등장하여 프로레타리아혁명을 준비하고 수행하던 지난날의 시기에 비하여 인민대중의 자주성과 창조성, 의식성이 훨씬 높아졌으며 사회경제발전에서 그들이 차지하는 지위와 역할도 크게 달라진 새로운 시대이다. 따라서 사람, 인민대중중심의 새로운 방법론적 원리에 기초하여 로동계급의 경제리론이 발전하는것은 우리 시대의 합법칙적요구이다. 

주체의 경제리론에서는 인민대중이 력사와 자기 운명의 주인으로 등장한 새로운 환경의 요구에 맞게 사람중심의 새로운 철학적 원리, 인민대중중심의 새로운 사회력사원리에 기초하여 기성 리론과 방법을 창조적으로 발전시켰을뿐아니라 사회주의, 공산주의 건설의 전인미답의 길을 개척하면서 지난 시기에는 예견할수도 없었던 많은 문제들을 독창적으로 해결하였다. 그리하여 주체의 경제리론에서는 선행한 로동계급의 경제리론의 진수를 고수하고 계속 생활력을 발휘하게 하면서 새 시대의 력사적 환경과 요구에 맞게 로동계급의 경제사상과 리론을 완성하는 가장 과학적이며 혁명적인 앞길을 열어놓는 거대한 변혁이 수행되였다. 

주체의 경제리론에서는 력사의 주체인 인민대중을 중심으로 하여 사회경제적 운동의 기본원리와 관련한 근본문제에 새로운 과학적해명을 주고있다. 

일반적으로 사회경제적 운동의 기본원리를 옳게 밝히는것은 해당 경제학설의 본질적 특징과 내용을 규정하는데서 가장 기초적이며 출발적인 근본문제로 나선다.

선행한 경제리론에서는 사회경제적 운동의 기본문제가 생산력과 생산관계의 호상작용, 그것들의 통일에 관한 문제로 제기되였다고 볼수 있으며 이 두 측면의 관계가 생산력의 성격과 수준에의 생산관계의 적응의 법칙으로 정식화되였다. 이것은 사회의 경제적 운동에 대한 관념론적이며 형이상학적인 견해를 극복하고 사회경제적 운동에 대한 과학적 인식의 길을 열어놓는데서 거대한 역할을 하였다.

주체의 경제리론에서는 사회경제적 운동에서 차지하는 사람의 특수한 지위와 역할에 대하여 응당한 주목을 돌리고 사회경제적 운동을 사람의 활동, 주체의 운동으로 고찰하는 방법론에 기초하여 사회경제적 운동의 기본원리를 새롭게 발전풍부화시켰다.

친애하는 지도자 김정일동지께서는 다음과 같이 지적하시였다.
《...자연의 운동에는 주체가 없지만 사회적운동에는 주체가 있습니다. 자연의 운동은 객관적으로 존재하는 물질들의 호상작용에 의하여 자연발생적으로 이루어지지만 사회적운동은 주체의 주동적인 작용과 역할에 의하여 발생발전합니다.》(《주체사상에 대하여》, 15~16페지)

주체사상은 생산력과 생산관계의 통일을 인정하면서 자연의 운동과 본질적으로 구별되는 주체의 운동으로서의 사회경제적 운동의 고유한 합법칙성을 밝혔다.

주체의 경제리론에서 사회경제적 운동의 기본문제는 경제적 운동의 주체와 그의 운동법칙에 관한 문제이다. 이것은 사람과 그들의 경제활동을 위주로 하여 사
										회경제발전문제를 고찰하는 혁명적인 사상리론적 및 방법론적 기초로 된다.

경제적 운동의 주체는 일반적으로 자주성과 창조성,의식성을 가진 사람,사회적 집단이다. 경제적 운동의 주체는 자주적이며 창조적인 경제활동을 담당하고있는 물질적 존재,사회적 존재로서의 사람이다. 주체로서의 사람은 고립적으로 활동하는 존재가 아니라 일정한 사회적 요구와 사회력사적으로 축적된 힘을 지니고있는 사회적, 집단적 존재이다. 사람은 그가 창조하고 리용하는 사회적 재부와 그것을 결합시키는 생산관계,경제관계에 의거하여 경제적 운동의 주체로서 활동한다. 

따라서 경제적 운동이 발전하려면 자연과 사회의 주인이 되려는 인간의 자주적인 요구와 자연을 개조할수 있는 인간의 창조적 힘인 생산력과 생산과 분배에서 맺어지는 사회적 관계인 경제관계가 발전하여야 한다. 

주체의 경제리론에서는 경제적 운동의 주체문제를 전면에 제기하면서 생산력과 생산관계에 관한 리론을 사람을 중심에 놓고 창조적으로 발전풍부화시키고 있다. 주체의 경제리론에서는 사람들의 자주적인 경제적 요구와 리해관계,생산력, 생산관계는 어떤 관계에 놓여있으며 그것들의 변화발전이 어떻게 이루어지는가 하는 문제를 새롭게 해결하였다. 

주체의 경제리론은 무엇보다 경제적 운동의 담당자로서의 사람에 대한 견해를 새롭게 혁신하였다. 

주체의 경제리론에서는 경제적 운동의 주체로서의 사람에 대한 과학적 견해를 수립하고 그에 기초하여 사회경제적 운동의 합법칙성을 새롭게 밝혔다.

사회의 경제적 운동에서 기본으로 되는것은 사람이다. 사람은 경제적 운동에 참가하고 있는 가장 발전된 물질적 존재로서 주인의 지위를 차지하고 그의 발전에서 결정적 역할을 한다. 사람과 그의 활동을 떠나서는 경제적 운동의 목적과 방향, 원인과 동력에 대하여 생각할수 없다. 

경제적 운동의 주체로서의 사람은 자주적인 경제적 요구와 자연을 개조하는 창조적 힘을 가진 사람이다. 여기서도 가장 중요한것은 그가 가지고 있는 경제적 요구와 리해관계이다.

혁명적인 경제사상과 리론의 기본사명은 사람들이 경제적 운동에서 추구하는 목적과 그것을 실현하는 방도가 무엇인가를 밝히는데 있다. 경제적 운동의 목적을 밝히는데서는 객관적 조건의 상태도 고려되여야 하지만 기본은 경제적 운동의 주체인 사람들의 경제적 요구와 리익에 기초하여야 한다. 사람들의 경제적 요구와 리익이 무엇이며 경제적 운동의 목표가 무엇으로 되여야 하는가를 해명하는것은 사회경제적 운동의 합법칙성을 밝히는데서 가장 중요한 문제이다. 

생산력과 생산관계를 기본으로 하여 사회경제적 운동의 합법칙성을 해명하는것은 사회경제발전의 합법칙성을 밝히는데서 순차적 단계의 하나로 되기는 하지만 그것은 사람의 경제적 요구와 리익의 견지에서 그것을 기본으로 하여 사회경제발전의 합법칙성을 밝힐수는 없다. 따라서 사람의 경제적 요구와 리해관계에 기초하여 경제적 운동의 목적이 규제되고 그것이 사람의 창조적 힘에 의하여 실현되여 나가는 사회경제적 운동의 합법칙성을 체계화하자면 인민대중을 중심으로 사회경제적 운동의 합법칙성을 밝히는데서 사람 특히 사람의 경제적 요구와 리익으로부터 출발하지 않으면 안된다. 

사람은 자연과 사회의 구속에서 해방되고 풍부한 물질적 재부를 향유하면서 자주적이며 창조적인 물질생활을 누리려고 한다. 이 생활적 요구가 사람의 자주적인 경제적 요구이며 이와 관련한 리해관계가 경제적 리익을 담고있는 경제적 리해관계이다. 사람의 경제적 요구와 리해관계는 물질적 재부의 생산활동, 로동생활로부터 분배와 소비적 재부의 생산활동, 로동생활로부터 분배와 소비에 이르는 경제생활의 모든 령역에 관통되여있다.

물론 인류사회경제발전의 여러 단계에서 사람의 경제적 요구와 리해관계의 발전정도는 각이하게 이루어지며 그의 성격과 본질적 내용도 사회적 집단, 계급들에 따라 서로 다르다. 로동계급의 요구와 리익은 모든 사람들이 온갖 착취와 압박에서 벗어나 영생하는 하나의 사회정치적 생명체를 이루고 생사고락을 같이하면서 자주적으로, 창조적으로 살것을 요구하는데 있다. 로동계급의 자주적인 경제적 요구와 리익은 자본가계급을 비롯한 모든 착취계급들의 요구와 근본적으로 대립되는것으로서 전체 근로하는 인민의 요구와 리익을 전면적으로 그리고 가장 높은 수준에서 대표한다. 

사람의 자주적인 경제적 요구와 리익은 그것이 의식적으로 제기되는것이지만 그렇다고 하여 결코 주관적인것이 아니다. 사람의 자주적인 경제적요구와 리익에는 정복대상으로서의 자연에 대한 사람의 리해관계, 자연의 힘과 그것을 개조하는 사람의 창조적 힘의 호상관계, 사람의 경제활동이 벌어지는 사회적 조건이 유리하고 불리한 정도들이 사람자체의 요구와 통일되여 전면적으로 반영된다. 이러한 사람의 자주적인 경제적 요구와 리해관계에 의하여 경제적 운동의 목적과 발전방향이 규정되고 그 실현과정이 추동된다. 경제적 운동에서 언제나 먼저 발동되는것은 자연과 사회의 주인으로 살려는 사람의 자주적 요구이고 그에 따라 창조적 힘이 작용하며 따라서 경제활동의 전과정은 곧 사람의 경제적 요구와 리익의 실현과정이다.

주체의 경제리론에서는 사람을 중심으로 특히는 사람의 경제적 요구와 리해관계를 중심으로 경제학의 모든 문제를 고찰하는데서 근본적인 전환을 이룩하였다. 무엇보다도 사회경제적 운동의 합법칙성문제를 새롭게 혁신하였다. 주체의 경제활동과정이자 사람들의 자주적인 경제적 요구와 리해관계, 그것을 그들자신의 창조적 힘으로 실현해나가는 과정인만큼 사회경제적 운동의 합법칙성은 응당 이 요구에 맞게 새롭게 규정되여야 할것이다. 주체의 경제리론에서는 경제적 운동이 사람들의 창조적 역할의 제고에 기초하여 그들의 경제적 요구와 리익이 실현되여나가는것으로 , 경제생활에서 차지하는 사람들의 지위가 끊임없이 높아지는 과정으로 사회경제적 운동의 합법칙성이 해명되게 된다. 이 합법칙성을 해명하는데서 중요한 문제는 경제활동의 목적이 어떻게 세워지고 그것이 어떤 수단과 방법에 의거하여 실현되여나가는가 하는 기본원리를 해명하고 이 기본원리가 매개 사회제도에서 어떤 형태로 작용하는가를 밝히는데 있다. 사회경제적 운동의 합법칙성에 관한 주체적 견해는 사람의 경제활동, 사람들의 경제적 요구와 리해관계를 중심으로 하여 독창적으로 밝혀진것으로서 생산력과 생산관계의 운동을 기본으로 하여 사회경제발전의 근본문제를 고찰하는 방법과는 본질적으로 구별된다. 

주체의 경제리론에서는 또한 사회경제적 운동의 합법칙성을 실현하는데서 나서는 모든 리론실천적 문제들 특히 사회주의,공산주의 경제건설에서 제기되는 수많은 문제들을 사람, 그들의 자주적인 경제적 요구와 리익을 중심에 놓고 새롭게 해결하였다. 사회경제관계의 변혁에서 인민대중의 생활적 요구와 혁명력량의 준비를 그 결정적 요인으로 보고 경리형태의 개조를 앞세워 실현하는 새로운 경지를 개척한것, 사회주의경제제도의 우월성을 근로인민대중의 경제적 요구와 리익의 구현과 실현으로 새롭게 밝힌것, 나라와 인민의 물질적 수요를 민족국가단위로 충족시켜나가는 자립적 민족경제로선을 독창적으로 내놓은것, 사람들의 힘든 로동에서의 해방을 본질로 하는 기술혁명리론을 새롭게 수립한것, 사람과의 사업을 사회주의 경제관리의 기본으로 제기하고 군중로선에 기초한 사회주의, 공산주의 경제관리형태로서의 대안의 사업체계를 창조한것, 집단의 리익을 옹호하고 실현하는 방법으로 경제를 관리운영하는 집단주의에 기초한 구체적인 경제관리운영방법을 밝힌것, 협동적 소유의 전인민적 소유에로의 전환의 첫째가는 전제조건으로 농민들을 집단주의사상으로 무장시키는 문제를 제기하고 여기에 농업의 공업화, 현대화의 실현을 통일적으로 제기한것, 근로인민대중이 주인으로 되고 있는 사회주의경제제도의 본성과 과도적 특성에 맞게 로동에 의한 분배와 국가적 및 사회적 혜택(균형적 분배)을 옳게 결합하여나가는 새로운 길을 밝힌것 등은 그 어느것이나 다 경제적운동의 주체인 인민대중 특히는 그들의 자주적인 경제적요구와 리익을 중심에 놓고 독창적으로 해결한것이다.

사회경제적운동에서 다음으로 중요한것은 주체의 경제활동에 리용되는 물질적수단과 자원이다. 물질적수단과 자원은 사람의 경제활동을 위한 수단으로 복무한다. 사람이 경제생활에서 리용하는 물질적수단과 자원에는 자연부원, 생산수단과 소비제가 다 포함된다고 볼수 있다. 물론 사람의 경제생활에서 자연부원상태가 일정한 영향을 미치는것은 사실이지만 가장 중요한 요소로 되는것은 사람이 직접 창조한 사회적 재부 그중에서도 생산도구, 로동수단이다. 로동수단은 생산력의 중요한 구성요소이다.

생산력은 사람이 직접 체현하고있는 창조적 힘과 로동수단에 체현되여있는 창조적힘으로 이루어져있다. 생산력의 발전을 객관적인 물질적 과정으로만 보는 견지, 사람의 창조적 힘과 그의 발전수준을 물질적으로 특징짓는 견지에서는 로동수단을 생산력발전의 가장 중요한 물질적 요소로 인정할수 있으며 그의 발전에 선차성을 부여하고 생산도구의 발전정도에 따라 경제적 시대를 평가할수 있다. 주체의 경제리론은 로동력을 가진 사람을 첫째가는 생산력으로 보는 견지에서 사람자체의 창조적 힘을 보다 중요시하는 견지에서 생산력구성에서의 사람과 로동수단의 관계를 새롭게 혁신하였다.

로동력은 생산에서 가장 결정적인 요소로 된다. 사람은 생산력의 적극적이고 능동적은 요소이다. 사람이 창조한 로동수단들은 사람의 의사에 따라 사람의 요구에 맞게 작용함으로써 사람의 육체적 연장이나 다름없는 기능을 수행한다. 그리하여 로동수단들은 자연을 개조하고 정복하는 경제적운동에서 사람의 물질적 힘의 구성부분으로 작용한다.

자연을 정복하는 사람의 힘에는 사람의 로동력뿐만아니라 로동수단도 포함된다. 사회가 발전함에 따라 생산력에서 로동수단이 차지하는 비중이 점점 커지게 된다. 그렇다고 하여 사회의 경제적 운동에서 사람보다 생산도구에 더 큰 의의를 부여할수는 없다. 생산도구는 사람이 만들어내고 리용하는것이다. 생산도구는 아무리 발전한것이라 하여도 그 자체로서는 자연을 개조하는 운동에서 생명력을 가질수 없고 창조적활동의 주인으로 될수 없다. 사람과 결합된 생산도구만이 자연을 정복하는 사람의 힘을 증대시키는데 작용할수 있다. 때문에 사람의 로동력이 보다 더 중요하며 사람부터 발전시키지 않고서는 생산도구의 발전, 나아가서 생산력의 발전에 대하여 말할수 없다. 따라서 로동력을 가진 사람이 생산력의 가장 기본적인 요소, 첫째가는 요소라는것은 의심할바없다.

그러므로 생산력을 발전시키기 위하여서는 사람의 사상의식과 함께 과학기술지식의 발전, 로동수단의 발전을 통일시키며 로동수단을 리용하는 사람의 기능을 높여나가는것이 중요하다. 여기서도 사람의 사상의식, 과학기술지식과 기능의 발전에 선차성을 부여하여야 한다.

다른 한편 로동수단은 사람자체가 지니고 있는 창조적 힘의 발전수준을 물질적 면에서 객관적으로 대표한다고 볼수 있다. 때문에 발전된 로동수단의 리용과 사회적인 보급은 사람의 로동력의 발전, 과학기술지식과 기능의 발전에 적극적인 영향을 미친다. 현대적인 로동수단은 사람들의 사상문화수준과 그것을 다루는 사람들의 기술기능수준을 높이는것을 통하여 로동력의 질적 상태를 개선하는 객관적인 물질적 조건으로 작용한다. 이런 의미에서 경제적 운동에서는 로동수단의 끊임없는 개선과 과학기술의 빠른 발전에 응당한 주의를 돌려야 한다.

사람자체의 발전을 사람의 창조물의 발전보다 앞세우면서 이 두가지 면을 통일시켜나가는것은 주체의 경제리론이 밝힌 생산력발전의 기본방식이라고 말할수 있다. 사회경제적운동에서 또한 중요한것은 생산관계, 경제관계이다. 물질적 부는 사회적으로 생산되고 분배되며 사회적으로 소비되는것만큼 경제적운동에서 사람들을 사회적 집단으로 결합시키는 경제관계가 주체의 경제활동에서 중요한 사회적 조건으로 복무한다. 사람들과 물질적 재부는 서로 결합되지 않고서는 경제적운동을 진행할수 없다. 경제적운동에서 사람들을 결합시키고 사람들을 물질적재부와 결합시키는 사회적관계가 생산관계. 경제관계이다.

생산관계, 경제관계의 본질을 어떻게 규정할것인가 하는 문제가 제기된다.

주체의 경제리론에서는 사람을 중심으로 하여 경제관계의 본질과 내용, 그 발전의 합법칙성을 새롭게 밝히고 있다.

친애하는 지도자 김정일동지께서는 다음과 같이 지적하시였다.
《사회제도도 사람을 위한것이며 사람에게 복무하여야 하는것만큼 그 본질적우월성은 무엇보다도 그것이 어느 계급, 어느 사회적집단의 어떤 요구와 리익을 구현하고있는가 하는데서 찾아야 합니다.》

가장 일반적 의미에서의 경제관계는 자연을 개조하기 위한 투쟁에서 사람들의 자주적이며 창조적인 활동을 보장하는데 이바지한다. 그것은 경제관계가 사람, 인민대중의 사회적본성을 체현하고있는것과 관련된다.

경제관계는 무엇보다도 일정한 계급, 일정한 사회적집단의 경제적요구와 리익을 구현하고 그의 실현을 보장하는 사회적관계이다. 이것이 바로 경제적 운동에 참가하는 각이한 사람들의 경제적요구를 통일시켜 하나의 목표를 설정할수 있도록 경제생활에서 차지하는 사람들의 지위를 규제하는 경제관계의 측면이다.

지위를 규제하는 경제관계는 경제적 리익을 사회적으로 분배하는데서 사람들이 차지하는 몫을 규정하여줌으로써 경제활동에서 사람들의 리해관계를 조절한다. 따라서 경제관계의 첫째가는 사회적 기능, 사회적 작용은 사람들의 경제적요구와 리익을 실현하는것이라고 말할수 있다.

경제적요구와 리익의 실현을 규제하는 경제관계는 사회적집단의 경제적 요구와 리익을 첫자리에 놓고 공동의 리익을 옹호하는것을 최고목적으로 하는 집단주의적 경제관계와 개인의 경제적요구와 리익을 첫자리에 놓고 개인의 리익을 옹호하는것을 최고목적으로 하는 개인주의에 기초한 경제관계로 갈라볼수 있다.

경제적요구와 리해관계의 실현을 규제하는 경제관계에서는 생산수단에 대한 소유관계와 분배관계가 속한다. 여기서는 경제적 리익의 점유가 누구에게 속하는가 하는것이 기본내용으로 된다. 특히 생산수단에 대한 소유권에서 사람들의 집단적 및 개인적인 경제적 리해관계와 그들의 사회적 지위가 가장 집중적으로 표현된다고 볼수 있다. 사람 특히 그들의 경제적 요구와 리익을 중심으로 하여 생산관계, 경제관계의 본질을 새롭게 밝힌데 주체의 경제리론의 독창성이 있다.

경제관계는 또한 자연을 개조하는 사람들의 창조적 힘을 통일적으로 동원하고 합리적으로 리용하는 사회적 관계이다. 이것이 바로 경제생활에서 사람들의 역할을 규제하는 경제관계의 측면이다. 역할을 규제하는 경제관계는 경제활동에서 사람들이 담당하여야 할 일의 몫을 통일적으로 규정하여줌으로써 생산에서 사람들의 역할을 보장한다. 자연을 개조하는 창조적 활동, 경제적 운동에서 사람들의 역할을 규제하는 생산관계에는 협업과 분업이 속한다. 여기서는 경제적 운동에서 사람들의 합리적인 협력의 실현, 그들의 역할을 더욱 높일수 있는 일의 분담관계가 기본내용으로 되고있다. 따라서 협업과 분업은 생산력의 변화를 가장 직접적으로 반영한다. 이런 의미에서 분업과 협업은 사람의 창조적 힘을 가장 합리적으로 쓰기 위한 사회적 형식으로 되고있다. 그렇다고 하여 생산력과 사람들의 역할을 규제하는 경제관계를 단순히 내용과 형식의 관계에 귀착시키는것은 정확하다고 볼수 없다. 생산력의 발전수준과 성격이 달라진다고 하여 이에 맞는 생산관계가 저절로 생겨나는것은 아니다. 여기서도 사람이 변화된 생산력의 수준과 성격을 인식하고 그것을 합리적으로 동원리용할 목적으로 사람들의 역할을 규제하는 새로운 분업과 협업 관계를 이룩하여나가는것이다.

물론 사람과 경제관계와의 관계에서 사람이 주동적인것이지만 다른 한편 경제관계에 의하여 경제생활에서 차지하는 사람들의 지위와 역할이 객관적으로 규제되고 사람들의 창조적 활동이 제약된다.

경제관계는 사람들의 자주적이며 창조적인 활동을 위하여 사람들자신이 만든것인만큼 그것은 사람들의 경제활동에 적극적인 작용을 하게 된다. 어떤 경제관계가 일단 확립되면 사람들은 그에 의거하여 활동하며 경제관계의 테두리안에서 자기의 경제적 요구와 리익을 보장받고 일정한 분야의 사회적 생산활동에도 참가하게 된다. 경제관계는 자기의 본성적 요구에 맞게 사람들이 경제활동을 하도록 작용한다. 사람들의 자주적이며 창조적인 경제생활을 더 잘 보장하는 경제관계일수록 진보적인 경제관계라고 말할수 있다. 

주체의 경제리론에서는 사람을 중심에 놓고 그의 주동적 작용의 견지에서 경제관계발전의 합법칙성, 생산력과 생산관계의 끊임없는 통일의 합법칙성을 새롭게 발전풍부화시켰다. 

주체사상은 사회경제적 운동의 발전과정이 사회의 물질기술적 토대가 강화되고 사람들의 사상문화수준이 높아지는데 따라 경제생활에서 인간의 자주성과 창조성이 더 잘 실현될수 있도록 경제관계가 끊임없이 개선되여나가는 과정이라는것을 밝혀준다. 사회경제적운동은 사람 그리고 생산력과 생산관계의 통일적인 작용밑에서만 그 발전과정이 순조롭게 진행된다. 경제적 운동의 발전과정에는 생산력과 생산관계의 끊임없는 통일의 실현과정이 객관적으로 놓여있다. 그러나 이 통일이 실현되는 규정적 요인을 생산력으로 보아서는 안된다. 경제적 운동의 주체는 사람인것만큼 사람의 자주적인 경제적 요구와 리익, 창조적 능력으로부터 출발하여 생산력과 생산관계의 통일이 이룩되는 합법칙성을 고찰하여야 한다.

사람은 정신적 힘과 물질적 힘을 가지고있을뿐아니라 사회적으로 협력할수 있는 특성을 가지고있다. 사람은 생산력과 생산관계를 옳게 결합시킴으로써만 자연과 사회의 주인으로서의 지위와 역할을 보장할수 있다. 이 결합의 주체는 사람이며 사람은 자기의 발전수준과 객관적 조건들의 발전수준에 맞게 이 결합을 실현한다. 그러므로 경제적운동을 발전시키기 위하여서는 사람자체의 발전에 선차적 힘을 넣으면서 생산력과 생산관계를 끊임없이 발전시켜야 한다. 생산력의 발전은 생산관계를 발전시키고 나아가서 사람의 발전에도 크게 작용하는 물질적인 객관적 조건으로 된다. 사람은 이 객관적 조건을 옳게 인식리용하고 자기의 발전수준과 생산력의 발전수준에 맞는 생산관계를 주동적으로 창조하여 나간다. 경제에 대한 사람의 사상문화수준이 높아지고 사회를 개조할수 있는 창조적능력이 준비되여야 생산력과 생산관계를 발전시켜나갈수 있으며 사람을 중심으로 한 가장 생활력있는 생산력과 생산관계의 통일을 부단히 실현해나갈수 있다. 인민대중이 력사의 자주적인 주체로 ,하나의 사회정치적 생명체로 전환될수록 사회경제적 운동에서 이 통일의 실현은 보다 높은 수준에서 이룩되고 발전하게 된다.

경제생활에서 사람들의 지위와 역할이 끊임없이 높아가는 사회경제적 운동의 합법칙성을 밝히고 그것을 과학적으로 해명한데 주체의 경제리론의 진리성과 위대성, 거대한 생활력이 있다.

우리는 주체사상이 밝힌 사회경제발전원리에 기초하여 경제제도 경제법칙과 범주, 생산력, 재생산문제 등 주체의 정치경제학의 전반적 문제들을 깊이 연구분석하고 전면적으로 체계화하는 사업을 힘있게 밀고나가야 할것이다.",KIS,late_socialist_planning,1980s,7.731930721948486
경제법칙에 대한 주체적 리해,리기성,1989,2,2102,"오늘 우리 나라의 경제는 사회주의완전승리의 전환적인 계선에 가까이 접근한 높은 단계에서 빨리 발전하고있다.

현실은 사회주의사회에서 작용하는 경제법칙들을 옳게 인식하고 그 요구에 맞게 경제기술적 지도를 강화함으로써 사회주의 물질기술적 토대를 튼튼히 쌓고 인민들의 경제생활을 유족하고 건전하게 발전시켜나갈것을 절실히 요구하고있다.

영생불멸의 주체사상은 경제법칙이 사람들의 경제활동법칙이며 경제법칙의 요구와 내용은 곧 사람들의 경제활동원칙, 행동방도로 된다는것을 과학적으로 밝혀주고있다.

경제법칙에 대한 주체적 리해의 확립은 사회주의, 공산주의 건설의 전기간 그 어떤 조건에서도 사회주의경제법칙의 요구대로 생산과 건설을 밀고나가며 경제를 과학적으로, 합리적으로 운영하여 사회주의경제의 본성적요구를 철저히 실현하는 가장 정확한 길을 열어주고있다.

*                  *                  *

주체사상은 사회의 경제적운동을 주체의 운동으로 보는 관점에서 경제법칙에 대한 새로운 해명을 주고있다.

경제적운동은 물질적운동이라는 점에서는 자연의 운동과 공통성을 가지며 여기서도 물질세계의 일반적법칙이 작용한다.

사회의 경제적운동에서 작용하는 물질세계의 일반적법칙은 로동계급의 선행리론에 의하여 그 중요내용이 밝혀졌다.

그것은 생산력의 발전에 따라 사회의 경제적운동이 발전한다는것이며 또한 경제적 운동이 낮은 단계로부터 높은 단계에로 끊임없이 상승발전한다는것이다.

주체사상은 이 법칙의 진리성을 인정하면서 인민대중의 자주적지위와 결정적역할에 관한 원리에 기초하여 사회경제적 운동의 합법칙성을 새롭게 밝히였다.

경제적운동은 주체의 운동이라는 점에서 자연의 운동과 본질적으로 구별된다.

모든 경제적운동과정과 다양한 경제현상들은 다 주체의 주동적인 작용과 역할에 의하여 발생발전한다.

이러한 견지에서 경제적운동의 내적련관을 밝힌것이 경제법칙에 대한 새로운 주체적견해이다.

경제법칙에 대한 주체적견해에서 무엇보다 중요한것은 사회의 경제적운동을 지배하는 법칙을 객관적 환경이나 조건에서만이 아니라 보다 중요하게는 경제적 운동의 주체에서 찾아야 한다는것이다.

경제적운동의 주체는 자주성과 창조성, 의식성을 가진 사람, 사회적집단이다.

사회의 경제적운동에서 기본으로 되는것은 사람이다.

사람은 경제적운동에 참가하고있는 물질적존재에서 주인의 지위를 차지하고 그의 발전에서 결정적역할을 한다.

친애하는 지도자 김정일동지께서는 다음과 같이 지적하시였다.
《자연현상은 인간의 의사와는 관계없이 변화되지만 사회는 인간의 적극적인 실천활동에 의해 발전해나가는 까닭에 그에 고유한 법칙이 있다.》

사람의 주동적작용과 적극적 역할에 의하여 끊임없이 발전하는 사회의 경제적운동과정은 그에 내재하는 객관적 필연성의 실현과정이다.

이 필연성의 기초에는 주체인 사람의 경제적요구와 창조적능력이 놓여있다.

물론 자연이 사람의 생산활동의 직접적대상이고 사회의 경제적운동을 제약하는 중요한 요인으로 되고있다.

이런 조건에서 자연의 변화발전법칙이 주는 영향을 고려하지 않을수 없으며 자연의 법칙에 의거하지 않고서는 자연을 개조할수 없다.

자연개조사업이 끊임없이 심화발전되여 온 경제적운동의 력사는 사람과 로동대상으로서의 자연, 사람과 로동수단, 사람을 통한 로동수단과 자연 그리고 자연개조사업에서 사람들 사이의 기술공학적 및 사회경제적 련관이 더욱 다양해지고 그의 자연법칙과의 련계가 목적의식적으로 보다 밀접해져왔다는것을 뚜렷이 보여주고있다.

그러나 사람은 자연의 법칙에 종속되여 활동하는것이 아니라 자연과의 관계를 주동적으로 맺고 자연의 변화발전법칙을 과학적으로 인식한데 기초하여 자연을 자기 요구에 맞게 개조하고 그것을 자기에게 복무하도록 만들어나가는 유일한 자주적존재이다.

사람의 활동을 직접 제약하는 요인은 자연의 힘이 아니라 자연을 개조할수 있는 사람의 창조력의 발전, 생산력의 발전수준이다.

사람자체의 발전수준과 생산력의 발전정도에 의하여 자연의 주인으로서
										의 사람의 지위가 규정된다.

여기서 명백한것은 사회의 경제적운동을 지배하는 법칙을 자연과 같은 사람밖에서 찾아서는 안된다는것이다.

경제적운동의 제요인들과 현상들의 본질적이며 필연적인 련관의 원천을 사람에게서 찾는것은 사회경제적 운동의 합법칙성에서 인간의 지위와 역할을 과학적으로 밝히는 기초적인 문제이며 경제법칙의 본질과 성격을 정확히 해명하는 가장 근본적인 문제이다.

사람은 인간사회에 고유한 경제적운동법칙에 따라 자기의 자주적, 창조적활동으로 자연을 개조하여 경제생활은 물론 정치, 문화 생활에 필요한 물질적재부를 획득한다.

자연은 다만 사람의 경제활동에서 대상, 환경으로서의 의의만 가지기때문에 자연의 법칙이 사회의 경제적운동을 규정하는 법칙으로 될수는 없다.

사회의 경제적운동을 규정하는 결정적요인은 사회적, 집단적존재인 사람자체이며 따라서 경제적 운동과정을 지배하는 경제법칙도 무엇보다 사람자체에서 찾아야 한다.

사람을 자주적, 창조적존재라고 하는것은 결국 사람의 경제활동을 규정하는 결정적요인이 사람의 본성에 있다는것을 의미한다.

사람은 자연환경과 사회적조건에 제약되여 활동할뿐아니라 보다 중요하게는 자기자신의 사회적 속성에 따라 행동한다.

물론 이것은 경제적운동을 사람들의 주관에 따라 자의적으로만 진행되는 운동으로 생각하거나 경제법칙을 사람이 제멋대로 만들어낸다는것을 의미하는것이 아니다.

문제는 사회가 사람이 살며 활동하는 집단인만큼 사회의 경제법칙도 사람과 그의 속성을 위주로 하고 사람이 의거하여 활동하는 객관적 조건과 환경과의 련관속에서 고찰하여야 한다는데 있다.

경제법칙에 대한 주체적견해에서 특히 중요한것은 경제법칙이 사람의 경제활동법칙이며 그의 주체적 성격에 객관적 성격이 하나로 통일되여있다는것이다.

사회의 경제적운동이 발전하기 위하여서는 그의 목적이 정확히 설정되고 그것을 실현할수 있는 사람의 창조적 힘이 준비되고 필요한 객관적 조건이 성숙되여야 한다.

주체사상은 경제적운동의 요인과 그들사이의 련관을 경제적운동이 주체인 사람을 중심에 놓고 해명하는 새로운 방법론을 밝힘으로써 경제법칙의 본질과 성격을 가장 과학적으로 규정할수 있는 지침을 마련하여주었다.

사회의 경제활동을 규정하는 요인은 크게 주체적요인과 객관적 요인으로 구분할수 있다.

이 요인들의 본질적이며 필연적인 련관이 다름아닌 사회의 경제적운동을 규제하는 경제법칙이라고 말할수 있다.

친애하는 지도자 김정일동지께서는 다음과 같이 지적하시였다.
《인간은 자연의 변화발전법칙에 복종되여 자연과 운명을 같이하는 존재인것이 아니라 인간사회에 고유한 사회적 운동법칙에 따라 자기 운명을 자주적으로, 창조적으로 개척해나가는 사회적 존재입니다.》

경제적운동의 주체적요인은 사람의 본질적속성에서 찾아야 한다.

따라서 그것은 사람의 자주적인 경제적요구와 자연을 개조할수 있는 창조적능력으로 볼수 있다.

사회의 경제적운동은 무엇보다도 사람들의 경제적 요구와 리익을 실현하기 위한 운동이다.

자주적인 물질생활과 로동생활의 조건을 마련하고 자연과 사회의 구속에서 벗어나 풍부한 물질적재부를 향유하면서 유족하고 건전한 생활을 누리는것이 사람의 근본적인 경제적요구이며 리해관계이다.

사회에서 벌어지는 모든 자연개조활동, 경제적운동은 사람들의 이러한 경제적 요구와 관련되여있다.

사람의 경제적요구와 리해관계는 경제적 운동에서 사람들사이의 관계의 형성, 사람과 객관적 대상사이의 련관과 호상작용의 근본원천 다시말하여 경제법칙작용의 주되는 원천으로 된다.

사람들의 자주적인 경제적요구와 리해관계는 사회적의식 특히 사상의식과 밀접한 관계에 있다.

사람들은 자기의 경제적요구에 따라 행동하지만 그것은 의식적으로 작용하기때문에 사람들이 제기하는 현실적인 경제적 요구는 자기의 경제적 요구와 리해관계를 자각한 자주적인 사상의식수준에 의하여 규정된다.

사회의 경제적운동에서 사상의식의 결정적역할의 가장 중요한 본질적내용이 바로 여기에 있다고 말할수 있다.

물론 자주적인 사상의식의 결정적역할을 강조하는것은 자주적인 경제적요구와 리해관계를 그 어떤 추상적이고 주관적인것으로 보는것과는 아무런 인연도 없다.

사람의 경제적요구와 리해관계의 내용은 현실적인것으로, 객관적인것으로 특징지어진다.

사람의 자주적인 경제적요구와 리해관계에는 정복대상으로서의 자연에 대한 사람의 리해관계, 자연의 힘과 그것을 개조하는 사람의 창조적힘의 호상관계, 사람의 경제활동이 벌어지는 사회적조건의 유리하고 불리한 정도들이 사람자체의 요구와 통일되여 전면적으로 반영된다.

이러한 사람의 경제적요구와 리해관계에 의하여 경제활동의 목적과 발전방향이 규정되고 그 실현의 전과정이 추동된다.

사람들의 경제활동이 일정한 계급 집단의 경제적요구와 리해관계를 구현한 사회경제제도에 의하여 제약되는것 자체가 사람의 경제적 요구에 의하여 기초지어지는 경제법칙의 중요한 발현이다.

사람과 그의 경제적요구와 리익을 떠난 그 어떤 생산관계, 경제관계의 법칙에 대하여 말할수 없다.

친애하는 지도자동지께서 밝히신바와 같이 생산관계, 경제관계의 가장 본질적인 측면은 그것이 사람, 일정한 집단 또는 계급의 경제적요구와 리익을 구현하고있는데 있다.

사람의 경제적요구와 리익이 경제법칙의 본질과 성격을 기초짓는 근본내용이라면 경제관계는 사람의 경제적 요구와 리익에 맞게 경제적 요인들과 과정들의 련관의 일반성과 공고성, 필연성을 규제하는 사회적조건이다.

근로인민대중이 경제의 주인으로 되고있는 사회주의사회에서 작용하는 모든 경제법칙들에서는 인민대중의 자주적인 경제적요구와 리해관계에 의하여 경제적 운동에서의 본질적 련관, 객관적필연성이 관통된다.

사람의 창조적능력은 사회의 경제적운동을 규제하는 중요한 주체적요인의 하나이다.

자주적인 사상의식수준, 경제적요구의 수준이 아무리 높아도 창조적능력이 그에 따라가지 못할때에는 그것을 실현할수 없다.

자연을 개조하는 투쟁에서 사람의 창조적 힘은 그가 직접 지니고있는 문화지식과 기능, 육체적능력이며 그리고 그의 정신적 및 육체적 힘이 체현되여있는 로동수단으로 이루어져있다.

사람은 오직 자기가 지니고있는 창조적능력에 기초해서만 일정한 경제적요구를 제기하고 자기의 창조적 힘에 의거해서만 경제활동을 벌릴수 있다.

이것이 사회의 경제적운동을 규제하는 하나의 중요한 합법칙성이다.

이와 같이 경제적운동의 본질, 객관성과 필연성은 무엇보다도 주체적요인 즉 사람의 자주성과 창조성에 의하여 규제된다.

사람의 경제활동을 규제하는 객관적 요인은 크게 물질적조건과 사회적조건의 두가지를 들수 있다.

물질적조건에는 사람이 리용할수 있는 물질적 재부와 자연환경을 포함시킬수 있으며 사회적조건에는 경제관계와 사회적 력량관계같은것이 속한다.

사람은 이와 같은 객관적 조건을 무시하고 경제활동을 할수 없다.

객관적 조건은 사람들의 경제활동을 규제하는 항구적인 요인의 하나이다.

경제적운동에서는 자연에 대한 사람들의 관계가 필수적이며 생산력의 발전을 통하여 자연을 개조해나가는 투쟁에서는 사람과 생산수단의 기술공학적 관계뿐아니라 사람들사이의 사회적관계가 더욱 다양하고 복잡하게 이루어진다.

물질적 및 사회적조건은 사람들의 경제활동에 유리한 환경으로도 될수 있고 불리한 환경으로도 될수 있다.

사람에 의하여 창조된 객관적 조건은 그것을 변혁할 때가지는 사람들의 경제활동을 규제하는 객관적 요인으로서 작용하게 된다.

실례로 력사에 존재한 경제제도는 그 어느것이나 다 사람이 창조한것이지만 일단 그것이 세워진 다음에는 그것을 새로운 경제제도로 개조변혁할때까지는 사회경제생활에서 사람들의 지위와 역할을 규제하는 객관적 요인으로 작용하여왔다.

그러면 사회의 경제적운동을 규제하는 주체적요인과 객관적 조건사이의 관계를 어떻게 보겠는가 하는 문제가 나선다.

사람들이 경제활동에서 리용할수 있는 물질적재부나 경제관계는 다 사람이 창조하고 발전시킨다.

물질적재부는 자연에 의하여 직접 만들어진것이 아니라 자연을 개조할수 있는 사람의 창조적힘의 작용의 산물이며 경제관계는 사회를 개조할수 있는 사람의 혁명적 능력작용의 산물이다.

사람의 자주성과 창조성, 의식성이 발전함에 따라 경제적운동에서 사람과 자연과의 관계, 사람들 호상간의 관계가 사람의 자주적인 경제적 요구에 맞게 개변되며 자연과 사회에서 차지하는 사람의 지위가 높아진다.

그러므로 사회의 경제적운동을 규정하는 요인이 무엇인가를 구체적으로 타산할때에는 주체적요인과 객관적 요인을 다같이 보아야 하지만 경제적 운동의 결정적요인이 무엇이며 무엇의 변화가 경제적 운동의 발전을 규정하는가 할때에는 주체적 요인을 위주로 보아야 한다.

결국 경제적운동의 주체인 사람이 경제현상들의 본질적 련관과 그 발전의 전과정을 대표한다고 말할수 있다.

사람은 자주적인 사상의식의 발전수준에 맞게 객관적 조건과 환경을 타산하여 경제활동의 목적을 규정하며 자연을 개조변혁할수 있는 자기의 창조적능력의 발전수준에 맞게 여러가지 창조적 활동을 벌린다.

자주적인 생활의 물질적, 사회적조건을 마련하려는 사람들의 경제적요구에 따라 운동하고 자연을 개조할수 있는 창조적능력에 맞게 그 요구가 실현된다는것이 사회의 경제법칙이다.

따라서 경제법칙은 일반적으로 사람들의 경제적목적과 그것을 실현하기 위한 수단, 경제현상의 원인과 결과와의 본질적이며 필연적인 관계를 담고있다.

사람들의 물질경제적인 생활상수요의 충족이 경제적운동의 목적이라면 그들이 지니고있는 창조적능력과 로동대상은 이 목적을 실현하기 위한 수단으로 된다.

사회의 모든 성원들이 근본적인 경제적리해관계를 같이하는 경제적 운동의 주체로 통일되여 있는 사회에서는 전사회적으로 목표의 유일성이 확고히 보장되며 모든 물질적수단과 객관적 조건들이 이 목표의 실현에 최대한 효과적으로 동원됨으로써 경제적 운동이 리상적으로 진행될수 있다.

사회주의사회에서는 목적과 수단이 통일의 합법칙성을 그 자체에 체현하고있는 객관적 경제법칙들이 목적의식적으로 작용한다.

사회주의기본경제법칙이나 인민경제의 계획적 균형적 발전법칙과 같은 전반적인 성격의 경제법칙들은 다 목적과 수단과의 관계에서 그 본질을 파악할수 있다.

물론 경제법칙가운데는 경제적목적과 그 실현수단과 다 관련되는 포괄적인 법칙도 있고 수단들사이의 본질적인 련계를 반영한 포괄적이 아닌 법칙도 있다.

그리고 포괄적인 법칙가운에서도 전사회적 범위에서의 목적과 수단의 련관을 반영한 법칙과 일정한 분야 또는 부문의 범위에서 목적과 수단의 련관을 반영한 법칙도 있다.

그러나 이 모든 경우에 명백한것은 그 어느 경제법칙이나 다 근로인민대중의 경제적요구와 리해관계, 창조적힘과 관련되여있다는것이다.

여기로부터 자연의 법칙과 구별되는 경제법칙의 본질과 주체적성격이 명확히 밝혀지게 된다.

자연과 사회는 다같이 객관적으로 존재하며 운동하는 물질적존재이다.

따라서 자연의 법칙이나 경제법칙은 사람의 의식, 주관과는 독립하여 객관적으로, 필연적으로 작용한다는 점에서는 공통성을 가진다.

그러나 경제법칙은 사람자체의 본질적속성인 자주성과 창조성, 의식성에 의하여 좌우되는 법칙이라는 점에서 자연의 법칙과 질적으로 구별된다.

사람이 경제적요구와 리익을 내세우는것이 객관적이며 보편적이라는 사실은 경제법칙이 객관성과 필연성을 띠는 가장 중요한 근거의 하나로 된다.

그리고 경제법칙은 목적의식적으로 발현되는 사람의 창조적활동능력을 떠나서 생각할수 없다.

이렇게 경제법칙의 객관성, 필연성에는 사람의 경제활동의 조건과 환경만이 아니라 보다 중요하게는 사람자체의 사회적속성이 관계된다는 점에서 자연법칙의 객관성, 필연성과 구별된다.

자연법칙은 사람에 관계없이 작용하며 따라서 그 어떤 리해관계나 목적이 그 자체에서는 문제로 되지 않는다.

자연법칙은 자연 물체들의 일정한 자연적속성의 맹목적인 작용이며 거기에서는 각이한 물질들의 운동력의 량적 관계가 기본요인으로 되고있다.

그러나 경제법칙의 주인은 사람, 인민대중이다.

사람은 자신의 본질적속성에 기초하여 조성된 객관적 조건의 제약을 받으면서 경제법칙의 작용방향을 좌우한다.

경제법칙의 요구와 내용, 그 작용의 현실적인 조건과 범위, 작용기구와 방식은 그 어느것이나 다 사람과 관련되여있다.

경제법칙은 본질에 있어서 자기의 자주적인 경제적요구를 실현하기 위하여 창조적능력을 동원하여 사회적 물질적조건을 리용하면서 진행하는 사람의 경제활동법칙이다.

여기서 명확한것은 경체법칙의 주체적성격에 그 객관적 성격이 하나로 통일되여있다는것이다.

이 통일은 경제적운동의 주체적요인과 객관적 요인의 작용의 통일을 본질적내용으로 하고있다.

사회의 경제적운동, 경제법칙에서 이 통일은 사람, 인민대중의 주동적인 작용과 역할을 통하여 발현된다.

따라서 사람, 인민대중의 주동적인 작용과 역할은 사회경제발전의 주체적요인과 객관적 요인의 통일을 실현하는 기본방식이라고 말할수 있다.

주체가 없는 자연이 운동변화에서 자연 물체들의 맹목적인 호상작용이 자연의 법칙의 객관성을 실현하는 기본방식으로 되고있다는것을 대비적으로 고찰할 때 사람이 주동적작용과 역할에서 발현되는 경제법칙의 주체적성격(이에 객관적 성격이 통일되여 있는)을 더욱 명백히 리해할수 있다.

우리는 사람을 중심에 놓고 그의 주동적작용의 견지에서 모든 경제법칙들의 본질적특징과 성격을 밝힘으로써만 자연과 사회에서 차지하는 인민대중의 지위와 역할이 끊임없이 높아가는 사회경제적 운동의 합법칙성을 정확히 해명할수 있다.

경제법칙에 대한 주체적리해에서 또한 중요한것은 경제적요인과 현상들의 본질적 련관의 필연성과 사람들의 활동원칙, 행동방도의 통일에 관한 문제이다.

이 문제는 경제법칙의 인식리용에서 확고히 견지하여야 할 립장과 관련되는 근본문제이다.

위대한 수령 김일성동지께서는 다음과 같이 교시하시였다.
《사회주의경제를 옳게 관리운영하려면 사회주의경제법칙의 요구대로 인민경제계획을 정확히 세워야 하며 인민경제 모든 부문들이 치차와 같이 맞물려 돌아가도록 하여야 합니다.》(《김일성저작집》35권, 474페지)

사람은 경제법칙을 과학적으로 인식할뿐아니라 그 요구에 따라 활동하고 경제를 발전시켜나가며 법칙의 요구를 철저히 관철하기 위하여 투쟁하는것이 필연적이다.

사람은 경제법칙을 전면적으로 정확히 인식하고 리용할수 있는 모든 정신적 및 물질적 힘을 자체에 체현하고있는 경제적운동의 주체이다.

경제건설의 실천에서 경제법칙의 관철여부는 사람의 주동적인 작용과 적극적인 노력에 전적으로 의존하게 된다.

경제법칙은 경제적목적을 실현하기 위한 사람들의 경제활동에서 맺어지는 본질적이며 필연적인 련계이기때문에 그것은 동시에 사람들이 경제적 목적을 실현하기 위하여 반드시 의거하여야 할 경제활동의 원칙, 행동방도이기도 하다.

경제적운동에서 사람들의 경제적 요구는 그 자체가 경제법칙의 기본요구로 되며 그의 작용의 가장 본질적이며 직접적인 형태로 된다.

실례로 사회주의경제체계에서 인민들의 물질적 및 문화적수요의 끊임없는 충족은 경제의 주인인 인민들의 자주적인 경제적요구와 리익을 가장 집중적으로 구현하고있는 사회주의기본경제법칙의 본질적요구이며 따라서 이 요구는 개인 또는 집단으로 존재하는 생산자들의 경제활동에서는 물론 로동계급의 당과 사회주의국가활동의 최고원칙으로 관철되여야 할 경제활동의 근본원칙으로 된다.

경제적운동은 다 사람의 일정한 경제적 목적을 실현하기 위한 과정이다.

때문에 경제적목적실현에 이바지하는 모든 수단들의 필수적인 작용으로서의 경제적 운동과정은 그 운동의 목적의 견지에서 볼 때에는 다 경제적 목적을 실현하기 위한 방도로서의 의의를 가진다.

이로부터 경제법칙은 단순히 경제적운동과정의 본질적이며 필연적인 련관이라는 점에서만 법칙으로서의 의의를 가지는것이 아니라 일정한 경제적 목적을 실현하기 위한 경제활동의 필연적인 원칙, 방도로 된다는 점에서도 법칙으로서의 의의를 가진다.

이 점에서 경제법칙에서는 객관적 과정으로서의 경제적운동의 필연성과 사람들의 경제활동의 원칙, 방도로서의 필연성이 일치된다고 볼수 있다.

이 통일에서 자연법칙과 구별되는 경제법칙의 본질적특징과 주체적성격이 뚜렷이 나타난다.

자연의 법칙은 맹목적으로 진행되는 자연 물체들의 필연적인 운동과정을 일반화한것이다.

때문에 자연의 법칙을 사람들이 자기의 경제적요구에 맞게 리용하기 위해서는 그것이 사람이 요구하는 방향에서 작용하도록 일정한 조건을 지어주어야 하며 사람이 능동적으로 작용하는 자연개조활동의 방법을 따로 만들어야 한다.

경제적운동의 본질적이며 필연적인 과정이 곧 경제활동의 원칙, 방도로 된다는 주체의 경제원리로부터 경제발전의 실천에서 사람들은 경제법칙의 요구대로 생산과 건설을 진행하고 경제에 대한 지도와 관리를 개선해나가야 한다는 요구가 흘러나온다.

위대한 수령님과 친애하는 지도자동지의 현명한 령도밑에 우리 인민은 사회주의사회에서 작용하는 경제법칙들의 요구를 가장 정확히 구현한 당의 옳은 경제정책과 전략적 로선들을 철저히 관철함으로써 그토록 짧은 기간에 가장 생활력있는 사회주의 자립적민족경제를 건설하였다.

특히 우리 나라에서는 사회주의경제관리의 기본원칙들을 전면적으로 구현한 가장 우월한 주체의 경제관리체계를 세우고 객관적 경제법칙에 기초하여 경제를 과학기술적으로 관리운영함으로써 사회주의경제의 본성적요구를 훌륭히 실현하고있다.

사회주의, 공산주의 경제건설이 보다 높은 단계에로 전진할수록 경제법칙을 정확히 인식하고 그 요구대로 생산과 건설을 밀고 나가며 경제를 관리운영하는것은 사회주의경제의 조화롭고도 끊임없는 빠른 발전과 공산주의에로의 전진에서 일관성을 견지하기 위한 가장 중요한 담보의 하나이다.

이 길에서 자연과 사회, 자기자신의 완전한 주인으로 살려는 인민대중의 지향과 념원은 더 빨리, 더 훌륭히 실현되게 된다.",KIS,late_socialist_planning,1980s,7.6511201757027
지방공업의 발전과 내부예비의 동원,김균주,1987,3,1627,"인민생활을 획기적으로 높이는것은 제3차7개년계획기간에 우리가 해결하여야 할 가장 중요한 과업의 하나이다．

지방공업의 발전과 지방에 잠재하는 내부예비를 적극 동원리용하는 문제는 소비품생산을 늘이기 위한 사업과 직접 관련된것으로서 인민들의 물질문화생활향상에서 중요한 자리를 차지한다．

지방의 생산자원에 의거하여 소비품에 대한 지방적수요보장을 위한 지방공업과 지방들에 잠재하는 생산장성의 가능성을 현실화하기 위한 내부예비의 동원은 끊임없이 늘어나는 주민들의 생활상 수요충족을 위한것이라는 공통성으로 하여 밀접히 련관되여있으며 그의 통일적발전은 인민생활향상을 위한 중요한 공간으로 된다．

내부예비를 어떻게 얼마나 동원하는가 하는것은 사회주의건설의 성과적수행을 위한 관건적문제의 하나이다．

그것은 사회주의건설에 필요한 막대한 물자와 로력, 자금 등이 기본적으로 자체자원에 의하여 보장되여야 하며 경제발전과 함께 더 많은 내부예비의 동원이 필수적인 문제로 나서게 된다는것과 관련된다．

경제발전의 요구에 맞게 내부예비를 적극 동원리용하여야 생산발전의 높은 속도와 인민생활의 끊임없는 향상을 다같이 보장할수 있으며 사회주의제도의 우월성을 원만히 발양시킬수 있다．

지방공업을 발전시켜 지방들에 잠재하는 원료와 자제, 로력 등의 예비를 적극 동원리용하여야 국가적투자를 기간적부문들에 더 많이 집중하여 인민경제의 끊임없는 발전을 위한 물질적전제를 마련하면서도 당면한 소비품생산을 늘여 인민들의 생활상 수요를 보다 원만히 충족시켜나갈수 있다．

친애하는 지도자 김정일동지께서는 다음과 같이 지적하시였다．
《사회주의경제건설에서 내부예비를 동원하는것은 매우 중요한 과업으로 나선다． 우리 당의 지방공업건설방침은 바로 내부예비를 동원하여 소비품생산을 늘이시려는 수령님의 원대한 구상을 구현한것이다．》

지방공업의 발전은 지방들에 잠재하는 원료와 자재, 로력 등을 동원리용하여 소비품생산을 늘이기 위한것으로서 내부예비동원에서 중요한 자리를 차지한다．

내부예비동원에서 지방공업의 발전이 중요한 자리를 차지하게 되는것은 무엇보다도 그것이 묻혀있는 생산자원을 물질생산분야에 새로 인입하게 되는것과 관련된다．

내부예비는 잠재해있는 생산요소들을 동원리용하여 생산을 늘일수 있는 가능성으로서 그 리용형태에 따라 이미 리용되고있는 생산요소들의 보다 효과적이며 능률적인 리용을 통하여 동원할수 있는것과 재생산과정에 쓰이지 않고있던 원료, 자재, 로력 등을 새로 인입함으로써 동원할수 있는것으로 갈라볼수 있다． 여기서 물질생산분야에 새로 인입할수 있는 생산자원을 더 많이 동원리용하는것은 생산을 빠른 기간안에 늘일수 있게 할뿐아니라 보다 효과적이며 능률적인 리용을 위한 생산요소들의 규모를 확대하기 위한 중요한 전제로 된다．

지방공업이 동원리용하게 되는 예비는 제생산과정밖에 있던 자원으로서 그를 널리 동원리용하는것은 더 많은 생산요소들을 생산에 인입하기 위한것으로 된다． 더우기 그것은 적은 투자로서 많은 예비를 동원할수 있을뿐아니라 모든 지역의 고르로운 발전을 통하여 인민생활의 균형적발전을 이룩할수 있는것으로 하여 보다 중요한 의의를 가진다．

바로 여기에 내부예비동원에서 지방공업의 발전이 중요한 자리를 차지하게 되는 중요한 근거의 하나가 있다．

내부예비동원에서 지방공업의 발전이 중요한 자리를 차지하게 되는것은 다음으로 그의 포괄범위와 예비규모가 방대하다는것과 관련된다．

지방공업이 동원리용하게 되는 예비는 개별적인 기업소 또는 일부지역적범위에서의 예비가 아니라 전국적범위에서 이루어지는 생산장성의 가능성이며 나라의 경제발전과 함께 끊임없이 늘어나게 되는 생산의 잠재력이다．

사회주의경제발전과정에는 지방적인 성격을 가지는 원자재, 부양가족로력을 비롯한 유휴로력, 중앙공업기업소들의 페설물과 부산물 등 리용할수 있는 생산자원들이 곳곳에 형성되게 된다．

이러한 예비는 그 포괄범위와 대상이 많고 다양한것으로 하여 그의 종합적규모는 방대하나 그의 분산성과 계절성 등으로 하여 그의 동원리용에서는 일련의 제한성들이 있다．

이
										를 가장 합리적으로 동원할수 있는 효과적인 방도가 지방공업의 발전이다．

지방공업은 그의 중소규모성과 기술공정이 비교적 단순한것으로 하여 소규모적으로 분산되여있는 생산자원의 리용에서 합리적일뿐아니라 예비규모의 장성에 맞게 생산을 기동적으로 발전시켜나갈수 있다． 이것은 지방공업의 발전에 의하여서만 지방들에 묻혀있는 방대한 규모에 달하는 예비를 효과적으로 동원리용할수 있다는것을 의미하는것이다．

내부예비동원에서 지방공업의 발전이 중요한 자리를 차지하게 되는것은 다음으로 보다 많은 대중을 내부예비동원사업에 널리 참가시킬수 있다는것과 관련된다．

내부예비동원사업을 광범한 대중적운동으로 전개하여 이 사업에 군중을 널리 참가시키는것은 더 많은 예비를 탐구동원하기 위한 선결조건이다．

내부예비동원사업에 광범한 대중이 참가할수록 여러가지 형태로 곳곳에 묻혀있는 생산잠재력은 남김없이 탐구동원되며 효과적으로 리용되게 된다．

지방공업의 발전이 내부예비동원사업에 광범한 대중을 참가시킬수 있게 하는것은 지방예비동원의 특성과 관련된다．

지방공업생산에 많이 쓰이는 자연산물과 유휴자재 등을 비롯한 지방예비의 동원사업에는 이미 리용하고 있는 생산요소들의 리용률 또는 실수률 제고에 의한 예비동원과는 달리 전문기술이나 경험, 높은 기능을 필요로 하지 않으므로 누구나 참가할수 있으며 또한 예비동원사업이 그들이 쓰고 있는 소비품의 생산을 늘이기 위한것이므로 이 사업에 대한 대중의 관심을 높일수 있다．

지난 기간 우리 나라에서는 지방공업을 발전시킬데 대한 당정책을 관철하기 위한 투쟁을 통하여 지방의 예비를 동원리용하기 위한 사업에서 커다란 성과를 이룩하였다. 

우리 인민들은 지방의 예비를 동원하여 소비품생산을 늘일데 대한 당의 결정을 높이 받들고 짧은 기간안에 수많은 지방산업공장들을 건설하여 인민소비품생산의 절반이상을 자체로 생산보장하고 있으며 끊임없이 늘어나는 소비품에 대한 주민들의 생활상 수요를 충족시킬수 있는 지방공업의 물질기술적토대를 튼튼히 마련하였다．

지방공업을 발전시켜 내부예비를 동원리용하기 위한 사업은 사회주의건설에서 항구적인 사업으로 나서지만 그것은 경제발전단계에 따라 새로운 요구들을 내세우게 된다． 따라서 경제발전의 요구에 맞게 지방공업을 더욱 발전시켜 내부예비동원사업을 개선강화해나가는것은 그의 생활력을 끊임없이 발양시키기 위한 중요한 사업으로 된다．

지방공업의 물질기술적토대가 강화되고 인민 들의 생활상요구가 빠른 속도로 늘어난 현실적조건에서 내부예비를 동원하여 소비품생산을 늘일데 대한 요구는 새로운 높이에 이른다．

지방공업의 발전이 낮은 단계에서나 높은 단계에 이르지 못한 시기에 있어서 지방예비의 동원은 간단한 생산조직과 수공업적인 기술에 의해서도 가능한것이였다면 지방공업이 발전함에 따라 예비의 동원은 경제조직사업의 개선과 근로자들의 기술기능수준의 제고 등 높은 요구를 제기하게 된다．

이것은 지방공업의 발전과 함께 예비동원사업도 심화시켜나가야 한다는것을 말해주는것이다．

지방공업의 발전과 함께 내부예비를 동원할데 대한 요구가 더욱 높아지게 되는것은 또한 소비품에 대한 지방적수요의 장성과 함께 더 많은 예비동원이 중요한 문제로 나서게 되는것과 관련된다．

경제발전에 따르는 인민생활의 끊임없는 향상과 소비수요의 장성, 특히 도시와 농촌을 비롯한 모든 지역주민들의 생활수준의 고르로운 발전과 함께 어디서나 다양한 소비품을 더 많이 요구하는것은 소비품에 대한 지방적수요를 자체로 생산보장하기 위한 내부예비동원사업을 더욱 절실한 문제로 되게 한다． 그러므로 소비품생산을 더욱 늘여 주민들의 생활을 보다 유족하고 윤택하게 하기 위하여서는 지방경제일군들과 근로자들이 현실발전의 요구에 맞게 경제조직사업과 경영활동을 끊임없이 개선하여 내부예비동원사업을 능동적으로 전개해 나가야 한다．

지방공업을 발전시켜 지방들에 잠재하는 내부예비를 더 많이 동원리용하기 위하여 나서는 중요한 문제는 무엇보다도 근로자들의 사상을 발동하는것이다．

친애하는 지도자 김정일동지께서는 다음과 같이 지적하시였다．
《내부예비동원의 비결은 사람들의 사상을 발동시키는데 있으며 정치사업을 앞세워 사람들의 사상을 발동하면 내부예비를 최대한으로 동원리용하여 생산을 빨리 늘일수 있다．》

사람들의 사상은 그들의 모든 활동을 규제한다． 어떤 일을 물론하고 그 사업의 성과를 위하여서는 그를 담당수행하여야 할 일군들과 근로자들의 자각적열성 즉 사상이 발동되여야 한다．

지방들에 잠재하는 원료와 자재, 로력 등 생산을 늘일수 있는 모든 가능성을 적극 동원리용하여 소비품생산을 늘이기 위하여서는 일군들과 근로자들의 사상적각오 즉 주민들의 생활상요구를 지방자체로 생산보장하겠다는 주인다운 자각과 적극성이 있어야 한다． 더우기 지방예비동원방도에 대하여서는 해당지역의 일군들과 근로자들이 더 잘 알수 있으므로 그들의 창조적적극성을 불러일으키기 위한 사상동원사업은 그의 성과적수행을 위한 선차적문제로 된다．

지방에 잠재하는 내부예비를 더 많이 동원리용하기 위한 사상동원사업에서 중요한것은 자기 살림을 자체의 힘으로 꾸려나가겠다는 주인다운 자각성과 창조적적극성을 불러일으키는것이다．

지방의 일군들과 근로자들이 자체의 힘으로 자기 살림살이를 개선해나가려는 창조적적극성을 발휘하여 없는것은 만들어내고 모자라는것은 찾아내면서 힘찬 투쟁을 벌릴때 인민생활을 더욱 윤택하게 할수 있는 여러가지 묘안도 나오고 소비품들도 쏟아져나오게 된다．

지방공업을 발전시켜 지방들에 잠재하는 내부예비를 더 많이 동원리용하기 위하여 나서는 중요한 문제는 다음으로 새 기술을 적극 받아들이는것이다．

선진기술과 앞선 생산방법을 받아들이는것은 원료와 자재를 비롯한 생산요소들의 리용률을 높일뿐아니라 그 리용범위를 확대하기 위한 중요한 방도의 하나이다．

지방공업생산에 새로운 기술과 생산방법이 도입될수록 쓸모없던 어제날의 페설물과 유휴자재들이 귀중한 원자재로 되며 동원할수 있는 내부예비의 규모와 범위도 늘어난다．

물론 내부예비동원에서 새 기술의 도입이 가지는 의의는 지방공업에서만 중요한것은 아니다． 그러나 지방공업은 주로 지방적성격을 가지는 각이한 원료와 자재, 가정세대들에 묻혀있는 페기품, 중앙공업기업소들의 페설물과 부산물 등을 리용하게 된다는것을 고려할 때 그를 리용하기 위한 기술발전은 내부예비동원에서 중요한 자리를 차지하게 된다． 더우기 지방공업의 규모가 커지고 주민들의 소비수요충족에서 지방공업이 많은 비중을 차지하게 됨에 따라 늘어나는 원자재의 수요보장을 위하여서는 그의 리용범위를 늘이기 위한 가공 기술의 발전이 절실한 문제로 된다．

지방공업은 지방의 원료와 자재에 의거하여 소비품에 대한 지방주민들의 생활상수요를 생산보장하기 위한 가공공업이다． 그런데 지방공업이 리용하는 원자재나 생산하는 제품들은 많은 경우 지방산업공장들에서만이 아니라 가정세대들을 비롯한 해당지역안의 각이한 단위들에서도 가공리용할수 있는것들이다．

지방공업이 지방의 예비를 동원하여 주민들의 생활향상과 그 편의를 도모하기 위한 가공공업이라는 면에서 볼 때 그러한 가공원료와 제품의 더 많은 부분을 지방공업이 담당하는것이 합리적이다． 이것은 지방공업생산에 새 기술을 받아들여 제품을 보다 능률적으로 값싸고 편리하게 생산보장할수 있게 되여야 이루어질수 있다．

지방공업생산에 새 기술을 적극 받아들여 원자재의 실수률을 훨씬 높이면서도 질좋은 제품을 제때에 생산보장할수 있게 되면 주민들은 수공업적인 방범과 기술로 자급자족하던 가공품들을 지방공업생산에 의탁하게 되며 공업적방법으로 가공해줄것을 요구하게 된다． 이러한 가공품들이 식료품을 비롯하여 일용품, 가정용품 등 일상생활과 관련된 많은 대상들을 포괄할수 있다는것을 고려할 때 지방공업발전의 견지에서 보나 내부예비동원의 의의로 보아 간과할수 없는 중요한 문제로 된다．

이와 같은것은 새 기술을 받아들이는것이 지방공업의 발전을 위하여 나서는 필수적인 사업이라는것을 말하여준다．

지방공업생산에 새 기술을 적극 받아들이는데 있어서 중요한것은 우선 중앙공업기업소들에서 이룩한 기술발전성과들을 옳게 리용하는것이다．

중소규모공업인 지방산업공장들에서 생산되는 제품들은 대부분 대규모중앙경공업공장들에서도 생산하는것으로서 그의 가공 원리와 기술 등은 일련의 공통성을 가진다． 따라서 발전된 중앙공업기업소들의 생산기술과 경험들을 받아들이는것은 빠른 기간안에 기술발전을 다그칠수 있게 하는 효과적인 방도로 된다．

그러므로 지방산업공장들에서는 중앙공업기업소들이 이룩한 기술발전성과들을 자체특성에 맞게 받아들이기 위한 사업을 힘있게 벌리는것과 함께 그에 기초하여 새로운 생산방법과 기술들을 창안도입하며 기술공정들을 완비해 나가는것이 중요하다．

지방공업생산에 새 기술을 적극 받아들이는데 있어서 중요한것은 또한 근로자들의 기술기능수준을 끊임없이 높이는것이다．

아무리 좋은 기계나 설비, 앞선 생산방법과 경험도 그를 직접 다루고 리용하여야 할 생산자들의 기술기능수준이 안받침되지 못한다면 은을 낼수 없다． 더우기 지방산업공장들에는 로력구성상특성과 관련하여 고급기능공들과 오랜 숙련공들이 많지 못한 조건에서 근로자들의 기술기능수준을 높이기 위한 사업에 많은 힘을 돌리는것은 생산을 높은 수준에서 정상화하기 위한 중요한 사업으로 된다．

현시대는 과학과 기술의 시대이며 그의 발전이 없이는 생산장성이나 경영활동에서 새로운 성과를 기대할수 없다． 그러므로 모든 지방산업공장들에서는 새 기술을 받아들이기 위한 사업을 실속있게 밀고나감으로써 지방공업의 생활력을 끊임없이 발양시켜야 한다．

지방공업을 발전시켜 지방들에 잠재하는 내부예비를 더 많이 동원리용하기 위하여 나서는 중요한 문제는 다음으로 중소규모공업으로서의 지방공업의 우월성이 보다 원만히 발양되도록 생산조직을 끊임없이 개선하는것이다．

지방공업의 생산조직을 개선하는것은 지방의 원료와 자재, 로력 등 생산의 모든 요소들을 합리적으로 리용할수 있도록 생산단위들을 옳게 편성하며 기업소들에서의 생산과정을 촉진시키기 위한것으로서 같은 생산수단과 로동력을 가지고 더 많이 생산할수 있게 하는데 중요한 작용을 한다．

지방공업 자체가 지방의 내부예비를 동원하기 위한것이라고 하여 발전하는 현실적요구에 맞게 생산조직을 따라세우지 못한다면 예비동원은 물론 그의 우월성을 원만히 발양시킬수 없다．

중소규모공업으로서의 지방공업의 중요한 우월성의 하나는 수요구조의 변동에 따라 생산조직을 기동적으로 개편할수 있는것이다．

지방공업은 그 규모와 생산공정이 비교적 단순한것으로 하여 지방적인 원자재의 조건과 수요구조에 맞게 생산을 기동적으로 조직할수 있다．

이러한 가능성을 옳게 리용하여 원료조건과 소비수요에 맞게 여러가지 형태의 생산활동을 적극 벌리는것은 주민들의 생활상 수요충족과 내부예비의 적극적인 동원리용을 위한 중요한 사업으로 된다．

현시기 지방공업발전을 위한 생산조직의 개선에서 나서는 중요한 문제는 여러가지 형태의 가내작업반과 부업반들을 널리 조직운영하며 수매사업을 짜고드는것이다．

인민들의 생활향상과 함께 끊임없이 빠른 속도로 늘어나는 주민들의 다양한 소비적수요에 맞게 소비품을 생산보장하기 위하여서는 지방의 원자재를 비롯한 많은 생산자원을 동원하여야 하며 수요구조에 맞게 생산을 따라세워야 한다． 이를 위하여서는 모든곳에서 로동의 생산성을 높이는것과 함께 분산되여있는 유휴로력들을 이 사업에 많이 인입하는것이 필요하다．

원자재의 생산과 수집동원, 반제품의 가공과 세소상품의 생산 등에 더 많은 사람들이 참가할수있도록 여러가지 형태의 가내작업반과 부업반들을 널리 조직운영하는것은 지방들에 잠재하는 온갖 예비를 남김없이 동원하여 주민들의 생활상 수요를 더 잘 충족시킬수 있는 중요한 방도로 된다．

이것은 지방들에 잠재하는 내부예비를 더 많이 동원리용하여 소비품생산을 늘일수 있도록 지방공업을 더욱 발전시켜나가기 위하여서는 발전하는 현실적요구에 맞게 그의 생산조직을 끊임없이 개선해나가야 한다는것을 의미한다．

지방공업을 발전시켜 내부예비를 동원하는 사업은 단순한 기술경제적인 문제가 아니다． 그것은 사회주의경제발전의 요구에 맞게 소비품생산을 끊임없이 늘여 사회주의제도의 우월성을 높이 발양시키기 위한 중대한 사업이며 우리 당의 지방공업정책을 실현하기 위한 영예로운 혁명과업이다．

모든 일군들과 근로자들은 지방공업을 더욱 발전시키기 위한 투쟁을 경제발전의 새로운 단계의 요구에 맞게 힘있게 벌려나감으로써 내부예비를 동원하여 소비품생산을 늘이려는 당의 원대한 구상을 빛나게 실현함으로써 제3차7개년계획을 성과적으로 수행하는데 적극 이바지하여야 할것이다．",KIS,late_socialist_planning,1980s,7.395107546562485
과학기술의 진보와 사회생산의 발전,김세민,1988,4,1734,"사회주의사회에서 과학기술의 발전은 나라의 생산을 전반적으로 급속히 발전시키는 가장 기본적인 방도로 되고 있다.

위대한 수령 김일성동지께서는 다음과 같이 교시하시였다.
《근로자들을 힘든 로동에서 해방하며 사회주의건설을 힘있게 밀고나가기 위하여서는 과학기술을 빨리 발전시켜야 합니다.》(《주체의 혁명적기치를 높이 들고 사회주의, 공산주의위업을 끝까지 완성하자》, 14페지)

나라의 경제, 사회의 생산력은 현대과학기술발전의 성과에 의해서만 끊임없이 발전할수 있다.

과학기술의 발전은 생산발전의 원천으로 된다. 사회적생산은 생산요소들의 변화발전과 생산의 집약화에 기초한 사회적 로동생산능률의 제고 등을 전제로 한다. 생산발전의 이 모든 전제조건들을 조성하는데 커다란 작용을 미치는것은 과학기술의 급속한 발전이다.

과학기술의 발전은 무엇보다도 현대적생산의 중요요소들의 변화발전에서 근본적인 전환을 일으킨다.

생산의 가장 기본적인 물질적요소는 생산도구이다. 사회적생산의 발전정도는 물질적생산에서 어떠한 생산도구를 만들어 쓰는가 하는데서 집중적으로 나타난다. 생산의 발전수준은 직접적으로 로동수단의 발전, 인민경제의 기술적 장비 정도에 의하여 규정된다.

생산도구, 기계의 발전에 따라 사람들의 자연을 정복하는 힘이 커지며 그리하여 생산이 발전한다.생산도구가 발전된 기술수단으로 될수록 생산에서는 더 많은 물질적 부가 창조된다.

로동수단,로동도구의 변화발전은 과학기술발전의 성과에 의하여 이루어진다. 현대적 기계기술의 그 어떠한 발전도 과학기술발전의 성과를 생산적 실천에 적용하는것을 떠나서 절대로 생각할수 없다.

과학기술의 발전은 새로운 종류의 기술수단들을 창조하고 이미 생산하고있는 기계설비들을 기술적으로 더욱 완성시킨다. 특히 기계공학, 전자공학의 성과들이 기술수단생산에 도입됨에 따라 기계설비들의 기술적 구조가 개선되고 그 기술적성능이 비할바없이 높아지게 된다.

기술수단의 고속도화, 정밀화, 대형화는 현대과학기술발전의 성과가 기계공업생산에 도입된 결과에 이루어진 생산도구개선완성의 중요한 방향이다. 이러한 방향으로 기술수단들이 발전됨으로써 그 생산능력이 비할바없이 제고되고 가공의 정밀성이 훨씬 높아지게 된다.

과학기술의 발전에 의하여 동력의 전도장치와 작업기가 개선됨으로써 개별적인 생산도구들이 더욱 발전완성되고 그것은 점차 자동기계체계로 발전한다. 이것은 기술수단발전의 합법칙적 과정이며 그것을 빨리 다그치는것은 기계설비생산의 주되는 과업으로 된다.

자동기계체계는 부분적인 자동기계체계로부터 점차 종합적인 자동기계체계에로 발전한다. 자동기계체계에서 로동수단들은 개별적인 생산기능을 수행하는 기계인것이 아니라 종합적인 생산기능을 수행하는 자동기계체계의 구성부분으로 된다.

종합적인 자동기계체계는 원격조종수단과 로보트의 개발에 의하여 더욱더 완성된다.원격조종수단과 로보트의 도입에 기초하고있는 자동기계체계는 로동수단, 생산도구 발전의 가장 높은 단계로 된다.

자동기계체계의 끊임없는 완성은 전자공업과 자동화공업의 발전에 의하여 이루어진다. 이것은 최근 10여년간에 기술수단의 비약적인 발전을 이룩할수 있게 한 주되는 물질기술적 조건이였다. 오늘 전자공업은 전자관, 반도체집적회로 시대를 지나 제4세대인 자동기계체계에서 중추적 기능을 수행하는 4세대전자계산기가 개발됨으로써 로동수단의 자동화가 가장 높은 수준에서 완성되고있다.

과학기술의 발전은 생산의 물질적 요소인 원료, 자재의 생산에서도 일대 새로운 전환을 가져온다.

현대적 생산에서 원료와 자재가 노는 역할은 매우 크며 그것은 과학기술이 발전하는데 따라 끊임없이 높아지고있다. 생산이 발전함에 따라 생산에 도입되는 원료, 자재의 량적 규모는 급격히 늘어났으며 그 종류가 다양해졌다. 특히 원료, 자재의 리용가치를 규제하는 그의 질적 특성이 전면적으로 강화되였다.

원료, 자재의 생산에서 일어난 모든 변화들은 과학기술발전의 직접적인 결과이다. 과학기술의 발전은 원료, 자재를 생산발전의 요구에 맞게 창조하는데서 결정적 작용을 한다. 그
										것은 원료, 자재의 생산을 량적으로 늘이고 그 질적 특성을 개선하는 모든 과정을 포괄한다.

과학기술의 발전은 무엇보다도 자연원료생산을 새로운 토대우에서 비약적으로 발전시킨다.

공업에서 자연원료생산의 발전은 지하자원의 매장량을 얼마나 탐사확보하는가 하는데 달려있다. 지하자원의 매장량이 탐사에 의하여 끊임없이 새로 확보되여야 자연원료, 시초원료 생산을 대대적으로 늘일수 있다. 지질탐사에 의하여 확보된 지하자원의 량과 그 종류는 자연원료생산의 전망을 규제한다.

지질탐사는 현대과학기술의 성과를 대대적으로 받아들이는 조건에서만 급속히 발전할수 있다. 과학적인 탐사방법과 탐사작업에 현대적 기술수단의 도입은 탐사효률을 결정적으로 늘일수 있게 한다.

과학기술의 발전은 시초원료생산을 확대발전시킬뿐아니라 가공원료, 합성원료, 생산을 급속히 발전시킬수 있게 한다.

가공원료, 합성원료 생산의 발전은 시초원료생산의 확대를 전제로 하는 동시에 직접적으로 현대과학기술발전의 성과에 의존한다. 과학기술의 발전은 가공원료, 합성원료생산에 새로운 기술수단과 선진적 가공방법을 받아들여 그 생산성을 높이고 원료, 자재의 품종을 늘이며 그 질을 높이게 한다.

원료, 자재 생산분야에서의 가장 큰 변혁은 합성원료생산의 비약적인 발전이다. 합성원료의 생산은 화학적 기술공정을 발전시켜 자연이 줄수 없는 새로운 성질의 물질을 조성함으로써 이루어진다.

화학적 방법으로 생산되는 합성원료는 시초원료나 가공원료에 비할바없는 우월성을 가지고있다.

생산과 기술 발전에서 합성원료가 노는 역할은 더욱더 높아지고있다. 합성원료는 생산물의 종류를 늘이고 그 질을 제고하는 동시에 기술발전도 촉진시킨다. 현대적인 기계설비생산에서 중요한 합성원료인 플라스뜨마스를 비롯한 여러가지 합성수지의 리용분야는 급속히 확대되고있다.

합성섬유와 합성수지, 합성고무를 포함하여 모든 합성원료는 화학연구성과, 화학기술발전의 직접적 산물이다. 여기에 원료,자재 생산의 발전에 과학기술의 발전이 미치는 거대한 작용의 하나가 있다.

과학기술의 발전은 원료, 자재와 함께 전력을 생산하는데서도 새로운 혁명적 전환을 열어놓고 있다.

동력, 에네르기 문제를 푸는것은 생산과 기술을 새로운 높은 단계에로 발전시키는데서 관건적문제의 하나로 나서고있다. 석탄과 원유를 비롯한 에네르기자원이 점차 고갈되는 조건에서 생산과 기술을 끊임없이 발전시키기 위하여서는 전력생산을 발전시키는데 힘을 넣어야 한다.

과학기술의 발전은 현존 전력생산기술을 완성시키면서 새로운 종류의 동력생산을 대대적으로 개발할수 있게 한다. 새로운 동력원천에서 기본을 이루는것은 원자동력기술을 급속히 발전시켜 생산에 적용하는것이다.

핵공학기술의 발전은 원자동력기술과 원자반응장치를 보다 새롭게 발전시킴으로써 원자력발전소를 현대적 기술에 토대하여 대규모로 건설할수 있게 한다. 이것은 현대과학기술발전이 전력생산분야에 가져온 중요한 결과로 된다.

현대과학기술의 발전은 생산의 인적 요소이며 주체적 요인인 로동력도 변화발전시킨다.

생산도구를 다루는 사람의 기술기능은 그들의 창조력의 주되는 측면을 이룬다. 사람의 기술기능수준에 의하여 자연을 정복하고 개조하여 물질적부를 만들어내는 그들의 창조력이 규정된다. 사람의 창조력은 육체적 힘과 정신적 힘의 총체에 의하여 이루어진다.

현대적 생산을 진행하는 사람의 창조력에서 규정적 의의를 가지는것은 그들의 정신적 능력이다. 물론 수공업적 기술과 재래식 생산방법이 지배하는 생산행정에서는 사람의 육체적 힘이 중요한 역할을 놀게 된다. 그것은 수공업적 생산도구는 사람의 육체적 힘, 활동속도에 의해서만 리용될수 있기때문이다. 사람의 창조력에서 육체적 힘이 기본을 이루는 생산행정에서의 로동력은 발전수준이 매우 낮은것으로 된다.

사람의 창조력은 과학기술발전의 도움으로 그들의 정신적 능력의 장성에 의해서만 끊임없이 발전한다.

과학기술의 발전은 무엇보다도 사람들에게 현대과학지식을 체득시킴으로써 그들의 정신적 능력을 결정적으로 높일수 있게 한다.

과학기술이 발전함에 따라 과학적 지식이 사람들속에 끊임없이 보급되며 그것은 생산을 더욱 발전시킬수 있는 능력으로 전환된다. 현대생산은 과학적 지식이 물질적으로 실현된것이며 사람들의 과학적 지식의 리용과정으로 된다. 생산의 종합적기계화와 자동화, 선진적인 생산기술공정, 새로운 종류의 제품생산은 모두 현대과학기술적 성과의 생산적 리용으로 된다.

과학기술적 성과의 도입과 그 리용은 사람들이 보다 높은 과학기술지식, 정신적 능력을 소유할것을 요구하며 사람들의 과학기술지식의 체득을 다그친다. 그리하여 현대적인 과학기술의 성과에 토대하고있는 생산일수록 낮은 과학기술지식을 요구하는 보다 단순한 비숙련로동을 밀어내고 높은 과학기술지식을 요구하는 숙련로동을 확대시켜나간다.

사람들의 숙련로동은 폭넓고 깊은 과학기술지식을 전제로 한다. 과학기술의 발전에 의하여 사람들에게 체득되는 새로운 지식은 숙련로동을 진행할수 있는 힘의 원천으로 되며 생산발전의 원동력으로 된다.

과학기술의 발전은 또한 근로자들의 경험적 지식수준을 제고시킴으로써 그들의 정신적 능력을 끊임없이 높일수 있게 한다.

생산의 발전은 사람의 과학적 지식의 련속적인 리용으로 특징지어진다. 사람들의 경험적 지식은 일상적인 실천활동,생산활동의 기초우에서 끊임없이 발전한다. 근로자들은 생산적 실천활동을 통하여 이미 물질적으로 실현된 과학적 지식을 경험으로 체득하고 그 기초우에서 기술기능을 더욱 높이게 된다.

근로자들의 경험적 지식이 축적되고 기술기능수준이 높아질수록 그들의 로동은 더욱 능률적인 로동으로 되며 현대적 기술수단과 선진적 생산기술공정을 능숙하게 움직이고 실현할수 있는 보다 숙련된 로동으로 된다.

과학기술의 발전에 의하여 사람들에게 체득되는 과학기술적 지식과 경험적 지식은 생산적 실천행정에서 밀접히 결합되고 호상 보충하면서 사람들의 정신적 능력의 증대에 더욱더 커다란 작용을 미친다.

사람들은 생산활동, 로동을 통하여 체득한 과학기술지식을 물질적 힘으로 전환시키는 동시에 체득한 경험적 지식을 과학기술적 지식으로 안받침하면서 더욱 위력하고 확고한 생산장성의 정신적 원천으로 만든다.

사람들의 정신적 능력의 증대는 결국 로동의 질적 수준을 제고시키는것으로 된다. 과학기술지식과 경험적 지식이 폭넓고 깊어짐에 따라 사람들의 정신적 능력이 높아질수록 그들의 로동은 더욱더 창조적인 로동으로 전환되며 생산과정에서 그 역할은 비할바없이 증대된다.

근로자들의 로동은 복잡한 숙련로동의 성격을 띠게 되며 그 수준에 있어서 기술자, 기사들의 로동에 점차 접근하게 된다. 말하자면 육체적 힘으로 생산활동을 수행하던 근로자들이 기계설비의 조종과 통제, 정비, 생산공정과 생산체계의 관리기능을 담당수행하게 된다. 이리하여 생산에 직접 참가하고 기계에 봉사하는 일군들의 단순한 로동은 복잡하고 기능적인 보다 창조적인 로동으로 전환된다.

과학기술이 발전되고 로동력의 질적 수준이 높아짐에 따라 이러한 부류의 로동에 종사하는 일군들의 수는 끊임없이 늘어나게 된다.

과학기술의 발전에 의하여 사람들의 기본적인 생산활동이 변화되는것은 로동력의 질적 발전이 이루어지는것으로 된다. 이것은 생산의 주체적 요인에서의 근본적인 변혁을 가져오게 되며 따라서 생산력체계에서의 사람의 지위와 역할을 비할바없이 강화시킨다.

로동력을 비롯하여 생산의 물질적 요소들의 발전은 생산력발전의 높은 수준을 이룩할수 있게 하는 확고한 인적, 기술적 , 물질적 조건으로 된다.

과학기술의 발전은 생산력요소들의 변화발전에 기초하여 생산의 집약화를 다그침으로써 사회적 로동생산능률을 끊임없이 장성시키고 생산을 계속 높은 속도로 발전시킨다.

과학기술의 발전에 의하여 생산의 집약화가 실현되고 그 기초우에서 로동생산능률은 끊임없이 장성한다.

생산의 집약화는 과학기술발전의 결과이며 과학기술발전속도가 빠를수록 생산의 집약화도 급격히 높아진다. 이것은 현대과학기술에 토대하고있는 생산발전의 합법칙성이다. 과학기술의 발전은 생산의 장성이 로동수단과 로동력의 량적 장성에 비례하는 조방적 생산형태를 밀어내고 사회적 로동지출이 감소되면서 생산의 장성이 이루어지는 집약적 생산형태를 끊임없이 강화발전시킨다.

로동수단과 로동대상, 로동력에서의 근본적인 질적 변화와 그에 의한 생산기술공정과 생산조직방법의 근본적인 개선은 로동생산능률을 높이고 물자자원을 합리적으로, 절약적으로 리용하게 한다. 이것은 결국 사회적 생산의 효과성을 높임으로써 생산의 급속한 발전을 다그친다.

과학기술발전에 의하여 생산의 집약화가 촉진되고 사회적 로동생산능률이 높아짐으로써 생산발전의 비상히 높은 속도가 이루어진다.

과학기술의 발전은 사회적 로동생산능률을 높이는데 토대하여 생산을 끊임없이 높은 속도로 장성시킬뿐아니라 생산물의 질을 훨씬 제고시킨다.

생산물의 질은 그 소비적 특성을 규정하며 따라서 사용가치와 관련된다. 현대적 기술에 의하여 사회적 생산이 발전하고 인민생활이 빨리 높아짐에 따라 생산물의 질에 대한 사회적 요구는 끊임없이 높아진다. 생산수단과 소비품에 대한 사회적 수요는 사회의 물질적 생활조건을 반영하면서 생산 및 소비와 함께 량적 면에서뿐아니라 질적 면에서 장성한다.

과학기술의 발전은 생산물의 품종을 늘이고 그 질을 개선하는 중요한 전제조건으로 된다. 과학기술의 발전은 생산물의 품종을 늘이고 질을 높일데 대한 사회적 요구를 제기하면서 그 실현을 힘있게 다그친다.

생산물의 질에 대한 과학기술발전의 새로운 요구는 생산물의 품종확대와 질제고를 다그치는 요인이다. 과학과 기술이 발전하려면 과학연구사업과 기술발전사업에 리용되는 기술수단과 물자들이 높은 질적 수준에서 생산보장되여야 한다. 더우기 과학기술이 세분확대되고 새로운 과학기술분야가 출현하는 조건에서 정밀하고 속도가 빠르며 높은 온도와 압력에 견디는 현대적인 기술수단과 기구들이 보장됨이 없이는 과학기술을 빨리 발전시켜 나갈수 없다.

생산물의 질에 대한 과학기술발전의 날로 높아지는 수요는 생산물의 질을 평가함에 있어서 그 충족정도를 반드시 고려할것을 요구한다. 이로부터 생산물의 질은 그의 소비적 특성, 기술경제적수준이 과학기술발전의 요구에 어느정도 대답을 주는가 하는데 의하여 판단하는것이 중요한 문제로 나서게 된다. 이 문제를 바로 해결하는것은 기술수단과 기구, 생산의 질을 높일수 있도록 힘있게 추동하는 효과적인 계기로 된다.

과학기술의 발전은 생산물의 품종을 늘이고 질을 높이는데서 나서는 생산기술적 문제들을 직접 해결한다. 새로운 품종의 생산물을 창조하고 이미 생산하는 제품의 질을 개선하려면 제품의 구조설계도 새롭게 해야 하며 그 물리화학적, 기술공학적 특성도 더욱 높여야 한다. 이것은 새로운 과학연구성과와 그것을 실현하는 기술수단과 생산기술공정의 개선에 의하여서만 해결될수 있다.

과학기술의 발전은 제품의 설계를 개선하고 새로운 종류의 생산물을 생산하며 제품의 질을 높이는데 맞게 기술수단과 생산기술공정을 개선한다. 이것은 생산물의 품종을 늘이고 제품의 소비적 특성, 사용가치를 높일수 있게 하는 객관적 요인을 강화하는것으로 된다.

생산물의 질을 높이기 위하여서는 생산자들의 사상의식수준과 함께 기술기능도 높여야 한다. 생산자들의 기술기능수준은 생산물의 질을 높일수 있게 하는 중요한 요인의 하나이다. 생산자들의 기술기능이 낮아가지고는 생산의 기술장비가 강화되고 선진적인 생산기술공정이 도입되였다 하더라도 제품의 질을 높일수 없다. 생산자들의 기술기능이 높아져야 기계설비를 더욱 능숙하게 다루게 되고 제품의 질을 높이기 위한 창의고안도 하게되며 적은 원자재를 가지고도 질좋은 제품을 더 많이 생산할수 있다.

과학기술의 발전은 근로자들의 기술기능수준을 끊임없이 높이는 중요한 조건으로 된다. 근로자들은 과학의 성과가 생산에 도입되고 생산의 기술적 토대가 강화됨에 따라 현대과학기술지식을 체득하고 현대적 기술수단들을 다룰수 있는 능력을 소유하게 된다. 이것은 과학기술의 발전에 의하여 생산물의 질을 높일수 있는 주체적 요인이 강화되는것으로 된다.

생산물의 질제고는 과학기술발전에 크게 의존하게 되는 동시에 과학과 기술의 발전에 직접적인 영향을 준다. 질좋은 기술수단의 생산은 생산의 기술장비수준을 높이고 기술공정을 개선하며 과학의 성과를 생산에 성과적으로 받아들이게 한다.

생산물의 질제고는 그 소비적 효과의 증대로 나타난다. 생산물의 사용적 효과의 단위당 생산비지출이 저하되는 조건에서 생산물의 질이 높아지는것은 과학기술발전의 결과이며 생산의 집약적 발전에 대한 뚜렷한 확증으로 된다. 생산물의 소비적 효과의 증대는 생산에 지출된 로력과 물자, 재정자원의 매 단위당 효률이 제고되는데 기인한다.

과학기술이 발전하는데 따라 생산발전의 집약적 요인의 하나로서의 생산물의 질제고가 가지는 의의는 더욱더 커지게 된다. 매개 생산물의 단위당 소비적 특성의 증대 즉 제품의 신뢰성과 견고성, 수명의 증대는 본질에 있어서 제품생산을 늘이는것과 같은것이다.

과학기술발전에 의하여 열려진 생산물의 질제고의 커다란 가능성을 완전히 리용하고 그에 기초하여 사회적 로동생산능률을 높여 산로동과 과거로동을 더 많이 절약하는것은 생산의 끊임없는 높은 장성을 보장하는 기본조건으로 된다.

과학기술의 발전은 이처럼 생산요소들을 변화발전시키고 그에 기초하여 생산의 집약화수준을 높이며 사회적 로동생산능률을 끊임없이 장성시키고 생산물의 질을 높임으로써 생산을 급속히 발전시키게 되는것이다.",KIS,late_socialist_planning,1980s,7.45876269238096
인민봉사의 본질과 특성,리용수,1989,2,1861,"인민봉사의 본질과 특성을 정확히 리해하는것은 인민봉사를 자체의 질과 특성에 맞게 조직하고 그 우월성과 생활력을 발휘시키는데서 중요한 의의를 가진다.

인민봉사의 본질과 특성에 대한 문제는 인민봉사에 관한 리론과 실천에서 원칙적이며 출발적문제이며 인민봉사의 우월성과 생활력과 밀접히 련관되여있는 근본문제의 하나이다.

인민봉사의 본질과 특성을 옳게 밝히고 그에 기초하여 인민봉사를 조직하고 발전시켜나가야 인민봉사의 인민적성격을 뚜렷이 하고 그 사명을 보다 원만히 수행할수 있다.

인민봉사의 본질과 특성을 정확히 리해하고 인민봉사를 그에 맞게 조직해나가는 거기에 자본주의사회의 봉사에 비한 사회주의사회의 인민봉사의 우월성과 생활력을 높여나가는 곧바른 길이 있으며 명실공히 인민봉사의 목적과 사명을 다해나가는 기본고리가 있다.

위대한 수령 김일성동지께서와 친애하는 지도자 김정일동지께서는 주체사상에 기초하시여 인민봉사의 본질과 특성을 심오하게 해명하여주심으로서 인민봉사를 발전시켜나갈수 있는 넓은 길을 열어주시였다.

위대한 수령 김일성동지께서는 다음과 같이 교시하시였다.
《착취사회에서는 봉사사업이 돈많은 지주, 자본가놈들에게 복무하며 근로자들을 추가적으로 착취하기 위한 수단으로 되지만 사회주의사회에서는 그것이 근로자들을 위하여 복무하며 인민생활을 더욱 높이기 위한 수단으로 됩니다.》(《김일성저작집》30권, 239페지)

봉사가 누구를 위한 봉사인가 다시말하여 그것이 누구를 위하여 어떻게 복무하는가 하는것은 봉사의 본질을 밝히기 위한 기본핵으로 되는 근본적이며 원칙적인 문제이다.

봉사가 누구를 위한 봉사로 되는가 하는데 따라 봉사의 성격과 사명이 달라지게 되며 따라서 봉사의 근본차이도 결국 그것으로 나타나게 된다.

사회주의사회의 인민봉사와 자본주의사회의 봉사가 다른 근본차이는 봉사의 복무대상이 다르고 복무의 목적과 사명이 다른것으로 나타나게 된다.

사회주의사회의 인민봉사는 말그대로 인민대중을 위하여 복무하는 봉사이며 인민생활향상을 위한 수단으로 된다.

이와는 달리 자본주의사회는 얼마 안되는 착취계급을 위하여 복무하는 봉사이며 인민들을 착취하기 위한 수단으로 되는 《봉사》이다.

사회주의사회의 봉사는 인민을 위한 봉사이다.

인민대중을 위하여 복무하는 봉사, 인민생활향상을 위한 수단으로 되는 인민봉사라는 여기에 인민봉사의 참다운 본질과 특성이 있다.

원래 봉사라는 말은 자기의 노력이나 힘을 바쳐 다른 사람들의 편의를 도모해준다는것이다.

사람들이 먹고 입고 쓰고사는 생활과정에는 혼자나 가정의 힘만으로는 할수 없는 여러가지 일들이 제기되게 된다.

생활과정에 제기되는 여러가지 일로 하여 생기게 되는 불편을 덜어주고 편의를 도모해주는 일이 바로 봉사이다.

이러한 봉사는 생활의 요구로부터 제기되게 되였는데 그것은 처음에는 개별적인 사람들에 의하여 자연발생적으로 진행되였다.

그러나 사회가 발전하고 사회적분업이 이루어지는데 따라 하나의 사회적 분업의 형태로 발전하게 되였으며 봉사를 전문으로 하는 독자적인 부분들이 나오게 되였다.

봉사는 생산부문에도 있고 비생산부문에도 있다.

상품류통과 도시경영부문은 중요한 봉사부문이다.

이 부문들에서는 물질적 부의 생산이 기본이 아니라 봉사가 기본으로 되고있다.

사람들이 살아가자면 자연을 개조변혁하여 먹고 입고 쓰고사는데 필요한 물질적 부를 생산하여야 하며 생산된 생산물을 소비할수 있도록 필요한 류통을 조직하며 사람이 사회적으로 살아나가는 일정한 도시나 지역을 단위로 하여 도시경영을 조직해나가지 않으면 안된다.

이러한 요구로부터 사회적분업의 발전과 함께 봉사를 전업으로 하는 상품류통, 도시경영 부분들을 비롯한 여러가지 봉사부문들이 출현하게 되였다.

이러한 봉사부문들과 이 부문에서 일하는 사람들의 활동이 다름아닌 봉사활동이며 봉사로 된다.

봉사는 자본주의사회에도 있으며 사회주의사회에도 있다.

이러한 봉사가 사회의 성원, 계급이나 집단의 생활상 편의를 보장한다는점에서는 같지만 그것이 누구를
										 위한 편의로 되는가 하는데 따라 근본적인 차이를 가지고있다.

봉사는 철저히 계급적성격을 띠고있다.

국가주권과 생산수단이 한줌도 못되는 착취계급에게 장악되여있는 착취사회에서는 봉사가 잘사는 사람들을 받들고 섬기는것으로 되여있으며 그것은 오직 지주, 자본가놈들을 위하여 복무하며 근로자들을 추가적으로 착취하기 위한 수단으로 리용된다.

그러나 사회주의사회에서 봉사는 자본주의사회의 《봉사》와는 근본적으로 다르다.

사회주의사회에서 봉사는 인민대중을 위하여 복무한다.

근로자들의 먹고 입고 쓰고사는 생활조건을 더욱 편리하게 보장하는것이 봉사의 목적과 사명으로 되여있으며 그것은 인민대중에게 복무하는 참다운 인민봉사로 되게 된다.

사회주의사회에서 인민대중은 국가와 사회의 주인이다.

사회주의사회에서는 국가와 사회의 진정한 주인인 인민대중의 물질문화생활을 끊임없이 높이는것이 로동계급의 당과 국가활동의 최고원칙으로 되여있으며 모든것이 인민대중을 위하여 복무하게 된다.

소비품생산을 늘이기 위한 생산활동도 그렇고 생산과 소비를 련결시키는 상품류통도 그렇고 모든것이 다 인민대중을 위하여 복무하며 그들의 생활상 편의를 보다 원만히 도모하기 위하여 리용되게 된다.

근로자들의 물질문화생활을 높이고 생활상 편의를 보장하는데 복무하는 봉사부문들은 생산부문들에 못지 않게 중요한 부문으로 되고있다.

상품류통은 사회주의사회에서도 가장 중요한 기본봉사부문의 하나이다.

생산된 소비품은 상품류통을 통하여 소비로 들어가게 된다.

상품화페관계가 남아있는 사회주의사회에서 소비품은 상품으로 되며 상품은 류통을 거치게 된다.

근로자들은 자기를 위한 로동의 몫을 화페형태로 받게 되며 그것을 가지고 상업기관을 통하여 필요한 소비품을 구입하게 된다.

생산된 소비품을 상품류통단계를 거쳐 주민들의 최종소비로 들어가게 하는 사업은 결코 쉬운 일이 아니며 매우 어렵고 복잡한 사업이다.

소비품에 대한 주민들의 소비가 더 잘 보장되게 되자면 그들의 소비품에 대한 수요를 조사하여야 하며 수요에 맞게 류통조직을 하여야 하는것이다.

상품류통이 합리적으로 이루어지자면 상품류통을 담당하는 성원이 있어야 하고 그들의 인민대중에 대한 높은 복무의 정신이 있어야 하며 상품류통기관들, 상업망이 인민대중이 직접 생활하는 모든 지역들에 접근되여 조직되고 필요한 물질기술적 조건들이 원만히 갖추어지지 않으면 안된다.

인민대중을 위한 참으로 인민적봉사가 이루어지자면 봉사를 실현하는 모든 요인들과 조건들이 다 갖추어져야 하는것이다.

봉사에서 기본은 물론 봉사의 직접적 담당자들의 인민들에 대한 복무의 정신, 봉사성을 높이는것이지만 그렇다고 하여 그것만 가지고서는 봉사를 원만히 할수 없다.

아무리 상품류통부문을 담당한 성원들의 봉사성이 높다고 하더라도 상업망의 합리적 조직과 배치, 상품류통기관들의 물질기술적 조건을 비롯한 여러가지 조건들이 제대로 갖추어지지 못한다면 인민대중에 대한 봉사를 잘해나갈수 없다.

봉사는 어디까지나 봉사의 직접적 담당자인 상품류통부문일군들이 합리적으로 조직되고 배치된 상품류통기관들과 상업망, 잘 갖추어진 물질기술적 조건들에 의하여 종합적으로 실현되는 봉사이며 봉사활동이다.

이러한 봉사는 오직 사회주의사회에서만 실현될수 있다.

그것은 인민봉사가 바로 인민대중을 위하여 복무하는 봉사라는것과 중요하게 관련되여있다.

인민대중을 위하여 복무하는 인민봉사만이 인민대중의 리익을 첫자리에 놓고 그것을 실현하는 방향에서 봉사조직을 꾸리고 봉사조건을 마련하며 봉사활동을 보다 전면적으로 벌릴수 있다.

사회주의사회에서 인민봉사는 다음으로 그것이 인민생활을 더욱 높이기 위한 수단이라는데 그의 본질적내용의 다른 하나가 있다.

인민봉사가 인민생활을 높이기 위한 수단이라는것은 그것이 인민들의 식의주 생활을 더욱 윤택하고 편리하게 보장할수 있도록 소비품공급과 봉사활동을 전개함으로써 전반적 인민생활수준을 높이는 중요한 요인으로 된다는것을 말하여준다.

인민봉사는 인민들을 위하여 복무하는 그러한 봉사라는데 자본주의사회의 봉사와 근본적으로 구별되는 복무적 성격이 있으며 봉사의 사명이 주어지게 된다.

인민봉사는 인민생활을 더욱 높이기 위한 수단으로 리용되는 봉사이다.

봉사가 누구를 위하여 복무하는가 하는 문제와 함께 중요한 문제는 그것이 무엇을 목적으로 내세우고 그것을 실현하는 수단으로 리용되는가하는것이다.

사회주의사회에서 인민봉사는 인민을 위하여 복무하는 봉사이며 인민생활향상을 실현하기 위하여 리용되는 중요한 수단의 하나이다.

인민봉사는 그 자체에 목적이 있는것이 아니라 그것은 어디까지나 봉사를 통하여 봉사의 목적을 실현하는데 있다.

봉사의 목적은 봉사의 성격에 의하여 규제되게 된다.

봉사가 인민을 위하여 복무하는 봉사로 될때에는 그 목적이 인민생활을 향상시키는것을 가장 중요한 목적으로 내세우게 되며 봉사는 그것을 실현하기 위한 수단으로 되게 된다.

그와는 달리 지주, 자본가를 위하여 복무하는 봉사는 지주, 자본가의 호화스럽고 사치스러운 생활을 보장하기 위한 수단으로 리용된다.

자본주의사회에서는 결코 로동자, 농민을 위한 봉사로 될수 없다.

그것은 그러한 봉사가 결국에는 로동자, 농민을 착취하는 수단으로 되며 지주, 자본가의 치부를 위한 수단으로 되기때문이다.

사회주의사회에서 인민생활을 끊임없이 향상시키는것은 로동계급의 당과 국가 활동의 최고원칙으로 되여있으며 국가와 사회의 모든것이 인민생활을 높이는데 전면적으로 리용되게 된다.

사람들의 경제생활과정은 물질적 부를 만들어내기 위한 로동생활과 만들어낸 물질적 부를 소비하는 소비생산과정으로 이루어져있다.

인민봉사는 근로자들의 사회생활의 중요한 령역의 하나인 소비생활분야에서 인민들에게 자주적이며 창조적인 생활을 참답게 보장하는데 중요한 목적을 두고있으며 그것을 실현하기 위하여 리용된다.

인민봉사가 인민생활향상을 위한 수단으로 리용되게 되자면 무엇보다도 봉사의 직접적 담당자들이 인민을 위하여 충실히 복무하겠다는 높은 복무의 정신을 가지고 인민생활향상을 위하여 조금이라도 불편이 있을세라 아글타글 노력하면서 인민들의 편의를 도모하기 위하여 모든것을 다하지 않으면 안된다.

또한 인민생활향상을 위하여 봉사망이 가장 합리적으로 조직되고 배치되며 봉사를 원만히 실현할수 있도록 물질기술적 조건들을 갖추어야 한다.

그리고 봉사가 가장 눅은 값으로 실현되게 하는것이다.

이러한 봉사라야 진정으로 인민생활향상을 위한 수단으로서의 자기의 목적과 사명을 다할수 있다.

이처럼 인민봉사는 인민을 위하여 복무하며 인민생활을 향상시키기 위한 수단으로 리용되게 된다는 바로 여기에 인민봉사의 본질이 있으며 그 우월성과 생활력의 원천이 있다.

인민봉사는 그것이 가지고있는 본질로 하여 중요한 특성을 가지게 된다.

사회주의사회에서 인민봉사의 특성은 무엇보다먼저 그것이 봉사의 직접적 담당자와 봉사를 받는 사람들사이의 목적과 리해관계의 공통성과 동지적인 관계에 기초하고있다는데 있다.

봉사의 직접적담당자와 봉사받는 사람들사이에 목적과 리해관계의 공통성이 있는가 없는가 그로부터 출발하여 맺어지는 봉사의 담당자와 봉사받는 사람들사이의 관계가 어떠한가 하는것은 봉사의 특성을 밝히는데서 중요한 요인으로 된다.

봉사라는것은 사람들의 생활상 편의를 도모하는것인데 그것은 누가 누구를 위하여 도모하는 편의이며 봉사인가 하는 관계로 되게 된다.

그러한 관계는 다름아닌 목적과 리해관계의 공통성에 기초하여 이루어지는 관계인가 그렇지 못한 관계인가 하는 사람들사이의 사회적관계로 되게 된다.

그러므로 봉사 받는 사람과 봉사하는 사람들사이의 관계가 어떠한가 하는것을 밝혀야 그 봉사의 특성이 뚜렷하게 된다.

사회에서 차지하는 사람들의 지위에서 극심한 차별과 불평등이 존재하는 자본주의사회에서와는 달리 사회주의사회에서는 모든 근로자들이 국가주권과 생산수단의 공동의 주인으로서 평등한 사회적지위를 차지하고있으며 여기에서는 그 어떤 차별이나 불평등이 있을수 없다.

모든 근로자들은 다같이 주인으로서의 평등한 사회적지위를 차지하고있으며 누구나 다 주인으로서의 권리를 행사하고 주인으로서의 책임과 역할을 다하고있다.

사회주의사회에서 봉사 받는 사람이나 봉사하는 사람들의 경우에도 역시 마찬가지이다.

그들은 다같이 국가주권과 생산수단의 공동의 주인으로서 평등한 사회적지위를 차지하고 평등한 권리를 행사하는 사회주의적 근로자들이다.

사회주의사회에서 모든 근로자들은 서로 도와주고 이끌어주는 혁명적의리와 사회정치적 생명체로 결합되여있다.

사회주의사회에서는 서로 협력하는 인간관계로 결합된 자주적인 사회정치적 생명체를 이루고있는것만큼 봉사 받는 사람이나 봉사하는 사람이나 할것없이 그들은 다같이 사회의 참다운 주인들이다.

다만 차이가 있다면 사회적분공에서 차이가 있을뿐이다.

사회주의사회에서 봉사는 누가 누구에게 예속되여 있거나 사회적지위에서 높고 낮은 차별로 하여 있게 되는 그러한 《봉사》가 결코 아니며 말그대로 인민에 대한 헌신적 복무로 일관되여있는 봉사이다.

사회주의사회에서의 봉사의 특성은 또한 근로자들의 생활상 편의를 실제적으로 더 잘 도모하는 봉사이며 끊임없이 완성되는 봉사라는데 있다.

친애하는 지도자 김정일동지께서는 다음과 같이 지적하시였다.
《상업부문일군들은 승리에 대한 신심과 인민에 대한 헌신적인 복무정신을 가지고 생산에 대한 요구성을 높이며 더 많은 상품을 확보하기 위하여 적극 노력하여야 하겠습니다.》

봉사가 실질적으로 인민을 위한 봉사로 되는가 봉사가 끊임없이 개선되고 완성되는 봉사인가 그렇지 못한 봉사인가 하는것은 봉사가 어떠한 봉사인가 어떠한 특성을 가진 봉사인가를 가르는 중요한 징표로 된다.

봉사가 참으로 인민을 위한 봉사로 되자면 그것이 인민들의 생활에서 불편이 없도록 온갖 편의를 실제적으로 보장하는 봉사로 되여야 하며 인민들의 생활수준이 높아지는데 맞게 끊임없이 개선완성되여나가는 봉사로 되여야 하는것이다.

사회주의사회에서의 인민봉사는 인민들의 물질문화생활을 높이는것을 목적과 사명으로 하고있으며 그것을 실현하는데 실제적으로 리용되는 봉사이다.

사회주의사회에서는 로동계급의 당과 국가가 인민들의 물질문화생활에 대하여 전적으로 책임을 지며 그것을 현실로 되게 하기 위하여 깊은 관심을 돌리고 필요한 모든 시책을 실시하게 된다.

로동계급의 당과 국가는 근로자들의 개인적부담이나 능력으로써는 실현하기 어려운 여러가지 봉사수요를 사회적으로 충족시켜주기 위하여 국가와 사회의 막대한 부담으로 봉사를 조직하고 적극적인 봉사활동을 통하여 근로자들의 생활상 불편을 덜어주고 보다 유족하고 문명한 생활을 할수있도록 하기 위하여 모든것을 다하게 된다.

당과 국가에 의하여 조직된 봉사는 근로자들의 봉사에 대한 각이한 수요를 국가적으로, 사회적으로 조직화하고 실현시켜나가는 봉사로서 그것은 사회적로동을 절약하면서도 사회주의적 생활양식의 요구에 맞게 생활을 문화적으로 알뜰하게 꾸려나갈수 있게 한다.

특히 사회주의사회에서 봉사는 국가와 사회의 추가적인 혜택이 근로자들에게 빠짐없이 제때에 가닿도록 함으로써 공산주의적 시책을 더 잘 실현하게 한다.

봉사가 실제적인 봉사적수요를 더 잘 충족시키는 수단으로 되자면 봉사의 조건이 갖추어지고 봉사료금이 낮아야 하는것이다.

사회주의사회에서는 여러가지 봉사들이 눅은 료금으로 제공되고있다.

이것은 인민봉사의 중요한 특성의 하나이다.

사회주의사회에서는 봉사조건이 잘 갖추어지게 된다.

인민들의 봉사적수요에 맞게 봉사 단위와 망이 늘어나고 그것이 가장 합리적으로 조직되고 배치되며 물질기술적으로 튼튼히 꾸려지게 된다.

인민들의 여러가지 봉사적수요에 맞게 봉사조건을 갖춘다는것은 쉬운일이 아니다.

사회주의사회에서는 인민들의 봉사적수요의 충족이 기본목적인것만큼 그것을 충족시키기 위해서는 국가적 부담이 아무리 크다고 하더라도 필요한 봉사조건을 마련하기 위하여 자금을 아끼지 않는다.

인민들의 봉사적수요는 고정불변한것이 아니라 끊임없이 높아진다.

인민봉사가 자기의 목적과 사명을 다하자면 인민들의 날로 늘어나는 봉사적수요를 더 잘 충족시킬수 있게 끊임없이 발전하고 완성되는 봉사로 되지 않으면 안된다.

사회주의사회에서 인민봉사는 날로 끊임없이 발전하고 완성되여나가는 봉사이다.

인민들의 높아지는 봉사적수요에 맞게 여러가지 형태의 봉사단위와 망이 끊임없이 늘어나며 물질기술적토대가 강화되고 봉사의 수준이 높아지며 봉사방법이 다양해지는것이 사회주의사회에서 봉사발전의 현실이다.

사회주의사회에서 생산된 상품을 근로자들에게 하나를 공급하여도 그것은 다 인민을 위한 사업, 그들의 생활상 편의를 도모하기 위한 봉사이지 결코 돈벌이를 위해 하는 일이 아니다.

상점과 식당을 문화위생적으로 꾸리거나 거리와 마을, 공원과 유원지 등을 알뜰하게 꾸리며 살림집을 보수정비하는 일이 다 마찬가지이다.

이러한 모든 사업들은 어느것이나 다 인민을 위한 사업, 그들에게 보다 유족하고 문명한 물질문화생활조건을 마련하여주기 위한 사업으로서 인민봉사에 속하게 된다.

인민봉사의 특성은 또한 그것이 근로자들의 생활상 불편을 없애고 편의를 도모하기 위한 인민적인 봉사, 사회주의적 생활양식에 맞는 봉사라는데 있다.

근로자들의 생활상 불편을 없애고 편의를 도모하는 봉사로 되는가 아니면 인위적으로 봉사적수요를 조성하면서 사치와 호화를 위한 《봉사》로 되는가 하는것은 봉사가 어떠한 봉사인가를 가르는 중요한 징표의 하나로 된다.

사회주의사회에서 인민을 위한 봉사는 근로자들의 물질문화생활을 향상시키는데 실제적으로 도움을 주는 봉사로 되여야 하는것이다.

그것은 어디까지나 생활상 불편을 없애고 필요한 편의를 도모하며 사회주의적 생활양식을 확립하며 사람들을 지덕체를 갖춘 공산주의적 인간으로 더 잘 키우는데 도움을 주는 봉사로 되여야 한다.

물론 사회주의사회에서 봉사업종이 늘어나고 발전하는것은 합법칙적이지만 그것이 무턱대고 일면적으로 팽창되여서는 안되는것이다.

봉사부문은 어디까지나 비생산부문이다.

비생산부문을 자꾸 늘이는 방법으로써는 인민들의 물질문화생활을 높일수 없다.

사회주의사회에서는 어디까지나 생산부문들을 발전시켜 물질적 부의 생산을 늘이는것이 기본이며 봉사를 비롯한 비생산부문은 생산부문이 발전하는데 따라 알맞춤하게 조직해야 하는것이다.

이렇게 하자면 봉사가 어디까지나 근로자들의 생활상 불편을 없애고 편의를 더 잘 도모하며 사회주의적 생활양식을 확립하는데 도움을 주는 그러한 건전한 봉사로 되여야 하는것이다.

오늘 우리 앞에 나서는 중요한 과업은 우리 당의 봉사혁명방침을 철저히 관철하여 인민봉사를 결정적으로 개선강화하는것이다.

우리들은 봉사혁명을 관철함으로써 인민봉사사업을 끊임없이 발전완성하시려는 위대한 수령님과 친애하는 지도자동지의 원대한 구상을 빛나는 현실로 되게 하여야 할것이다.",KIS,late_socialist_planning,1980s,7.529406457837013
인민경제의 전면적 기술개조는 현시기 우리나라 과학기술발전의 중요한 목표,임명호,1988,1,2123,"현시기 과학기술발전의 목표를 옳게 설정하는것은 사회주의국가가 과학기술발전에 대한 조직지도를 바로 해나가는데서 나서는 원칙적 문제의 하나이다. 매시기 과학기술발전의 목표를 옳게 설정해야 모든 과학기술력량을 그 목표수행에로 바로 조직동원하여 과학기술과 경제발전을 힘있게 다그쳐 근로대중의 자주성실천을 위한 물질기술적 토대를 튼튼히 마련할수 있다.

위대한 수령 김일성동지께서와 친애하는 지도자 김정일동지께서는 우리나라 경제발전의 합법칙적 요구와 과학기술발전의 구체적 실태를 과학적으로 분석하신데 기초하여 인민경제의 전면적 기술개조를 실현하는것을 현시기 우리나라 과학기술발전의 중요한 목표로 제시하시고 그를 실현하는데서 나서는 원칙적 문제들을 전면적으로 밝혀주시였다.

위대한 수령 김일성동지께서는 다음과 같이 교시하시였다.
《현시기 우리 나라에서 과학기술발전의 중요한 목표는 인민경제의 전면적기술개조를 실현하는것입니다.》(《사회주의의 완전한 승리를 위하여》, 17페지)

인민경제의 전면적 기술개조를 실현한다는것은 인민경제 모든 부문에서 낡고 뒤떨어진 설비와 생산공정을 보다 현대적인 새로운 기술로 개조하는것을 의미한다. 

인민경제의 생산기술적 토대는 구조적으로 보면 그의 물질적 기술적 기초를 이루는 기계설비들과 그것이 작용하는 생산공정으로 구성된다. 이로부터 인민경제의 기술개조는 결국 인민경제의 생산기술적토대를 이루는 기계설비와 생산공정을 보다 새로운 현대적인 기술로 개조하는것이라고 말할수 있다. 

기술은 인간의 창조적 지혜의 산물로서 그것은 언제나 고정불변한것이 아니라 사람의 창조적 능력이 높아짐에 따라 끊임없이 보다 새로운 현대적 기술로 개조완성되여나간다. 기술개조라는것은 바로 기술발전의 이러한 합법칙성에 따라 인민경제에서 널리 리용되고있는 기술을 보다 높은 수준의 새로운 기술로 개조하고 발전완성해나가는것이라고 말할수 있다. 이러한 기술개조는 기술의 물질적 측면들의 변화발전에서 구체적으로 표현된다. 

일반적으로 인민경제에서 널리 리용되고있는 기술에 대하여 말할 때 그것은 사람이 체현하고 있는 기술공학적 지식이 물질에 객관화된 기계수단과 그 적용수법들을 통털어 이르는것이다. 이로부터 기술의 변화발전을 반영하는 기술개조는 결국 기계기술수단자체를 새로운 현대적인것으로 개조하는 동시에 보다 발전된 현대적 기계수단을 생산공정에 도입하고 기계수단적용수법으로서의 생산방법을 보다 능률적인것으로 개선해나가는것과 같은 기술적 변화의 모든 측면을 내용적으로 포괄하게 된다. 

인민경제의 전면적 기술개조에서 중요한것은 우선 낡고 뒤떨어진 기계수단들을 보다 능률적이면서도 새롭고 현대적인것으로 개조하는것이다.

기계수단은 기술의 중요측면을 이루는 동시에 인민경제의 물질기술적 기초를 이룬다. 

인민경제의 물질기술적 기초를 이루는 기계수단은 과학기술에 의하여 끊임없이 현대적인것으로 발전하게 된다. 오늘 과학기술이 고도로 발전함에 따라 기계수단은 정밀화, 대형화, 고속도화, 자동화되는 방향으로 발전되여가고있으며 그 위력이 비할바없이 커지고있다. 기계설비를 정밀화, 대형화, 고속도화, 자동화하게 되면 기계제품의 정밀도와 정결도를 보장하여 기계제품의 질과 성능을 높이게 할뿐아니라 원료,연료, 동력의 절약적 리용을 보장함으로써 생산을 장성시키고 그의 경제적 효과를 비할바없이 높이게 한다. 

특히 기계설비의 현대화방향에 따라 인민경제 모든 부문에서 낡고 뒤떨어진 현존기계설비들을 기술적으로 개조하게 되면 막대한 기본투자를 절약하면서도 추가적인 생산장성의 거대한 예비를 얻어낼수 있다.

이와 같이 기계설비의 현대화방향에 따라 기계수단자체를 현대적으로 개조하는것은 전면적 기술개조의 중요한 요구의 하나이며 높은 생산장성을 위한 확고한 담보로 된다. 

인민경제의 전면적 기술개조에서 또한 중요한것은 새로운 현대적인 기계수단을 도입하여 생산공정의 기계화,자동화 수준을 높이는것이다.

인민경제의 기술개조는 기계수단자체의 개조에만 국한되는것이 아니라 보다 새로운 현대적인 기계수단을 도입하여 생산공정을 기계화, 자동화하
										는데 의하여서도 실현된다.

기계수단의 개조는 그 자체에 목적이 있는것이 아니라 그것을 생산공정에 도입하여 기계화, 자동화를 실현하고 생산에서 높은 경제적 효과를 달성하자는데 보다 큰 의의가 있다. 생산공정에 보다 새로운 현대적인 기계수단들이 도입되면 그에 따라 기계화, 자동화 수준이 높아지는 동시에 생산공정 자체가 보다 새롭게 개조된다. 이것은 인민경제의 기술장비수준을 직접 반영하는것으로서 인민경제의 생산기술적 토대를 강화하기 위한 근본조건을 이룬다. 오늘 과학기술의 새로운 성과에 기초하여 생산의 기계화로부터 종합적 기계화, 반자동화로부터 자동화와 종합적자동화, 그리고 로보트화, 전자계산기화하는데로 발전하는것은 현시기 기계화, 자동화 발전의 합법칙적 과정으로 된다. 

생산공정을 전면적으로 종합적 기계화, 자동화하게 되면 로동과정에서 사람이 수행하던 모든 육체적 기능이 기계기술에 의하여 수행됨으로써 막대한 산로동이 절약되고 사회적 로동생산성이 비할바 없이 높아지게 된다. 그리고 과학기술의 새로운 성과에 기초하여 생산공정의 로보트화, 전자계산기화를 실현하게 되면 생산공정의 추진과 그의 관리까지도 기계기술에 의하여 수행되게 함으로써 생산공정의 최량조건과 그의 신속성, 정확성을 확고히 보장할수 있게 한다. 이것은 제품의 질을 높이고 여러가지 로동대상의 절약적 리용을 보장하게 할뿐아니라 생산의 무인화를 실현하고 나아가서 온갖 로동의 차이를 없애기 위한 물질기술적 조건을 마련하는데서 거대한 의의를 가진다.

이와 같이 기계수단을 보다 새롭고 현대적인것으로 개조하여 생산공정에 도입하고 종합적 기계화, 자동화, 로보트화, 전자계산기화를 실현하는것은 인민경제의 전면적 기술개조의 중요한 요구의 하나이며 생산장성의 무한한 가능성을 열어 놓는 위력한 담보로 된다.

인민경제의 전면적 기술개조에서 다음으로 중요한것은 낡은 생산방법을 보다 새롭고 능률적인것으로 개조해나가는것이다. 생산방법은 생산과정에서 로동수단을 로동대상에 적용하기 위한 수법으로서 기술의 주요측면의 하나이며 생산공정을 개조하기 위한 필수적 조건이다. 현대적 생산에 있어서 생산공정은 곧 기술공정이며 그의 개선과 발전의 기초로 되는것은 기술적 개선이다. 따라서 생산공정은 현대적인 기계수단과 함께 보다 능률적인 새로운 생산방법이 도입됨에 따라 현대적인 생산기술공정으로 끊임없이 개조된다. 더우기 생산공정 자체가 생산과정의 순차적 단계와 방법의 체계를 이루기때문에 보다 능률적인 새로운 생산방법을 도입하는것은 생산공정을 개조하기 위한 필수적 요구로 된다.

생산방법은 생산에 리용되는 로동수단이 현대적으로 개조되고 로동대상이 변화되며 그리고 생산되는 제품의 특성에 따라 달라질수 있지만 중요하게는 사람들이 체득한 과학기술지식정도에 의하여 보다 능률적인것으로 개조완성된다.

생산방법은 그자체가 사람이 체득한 과학기술수준을 직접 반영하기때문에 그것은 같은 제품을 생산하는 경우에는 각이한 형식과 내용으로 적용될수 있으며 그에 의하여 각이한 생산결과를 가져 오게 할수 있다. 특히 생산방법은 그의 형식과 내용에 따라 생산과정에 기계수단의 생산성을 높이거나 원료, 연료, 동력을 절약적으로 리용하고 제품의 질을 높이며 수입원료 연료를 국내원료 연료로 대용하는것과 같은 긴절한 문제해결에서 매우 큰 효과를 나타낸다. 

인민경제의 전면적 기술개조의 이상과 같은 세가지 측면들은 서로 밀접히 련관되고 통일되여 있다. 여기에서 기본은 기계수단의 기술적 개조이다.

기계수단의 개조는 그자체에 목적이 있는것이 아니라 중요하게는 생산공정의 기계화, 자동화 수준을 높이기 위한데 있다. 다른 한편 생산공정의 기계화, 자동화 수준을 높이는것은 기계수단의 새로운 개조를 전재로 하며 그것은 생산방법을 개선하는데 결정적인 작용을 한다. 그리고 새로운 생산방법은 다시 기계수단의 개조와 생산의 기계화, 자동화 수준을 높이는데 적극 작용한다. 아무리 새롭고 현대적인 기계수단이 창조되고 그것이 생산에 도입되였다 하더라도 그에 맞는 생산방법이 안받침되지 않고서는 그자체도 자기 위력을 제대로 발휘하지 못한다. 그러므로 기계설비를 현대적으로 개조하는것과 함께 반드시 그에 맞는 생산방법이 안받침되여야만 기술개조의 과업이 원만히 수행될수 있다. 

인민경제의 전면적 기술개조는 이러한 세가지 측면에서의 기술적 내용을 유기적 통일속에서 실현해나가는 새로운 기술혁신의 과업이다. 

바로 이것으로 하여 인민경제의 전면적 기술개조는 인민경제 모든 부문을 보다 새로운 생산기술적 토대우에 올려세우고 우리 나라에 이미 마련된 방대한 생산잠재력을 원만히 발양시켜 생산의 빠른 장성과 높은 경제적 효과를 달성하게 하는 위력한 담보로 된다. 

이러한 인민경제의 전면적 기술개조는 현시기 우리 나라 과학기술발전의 중요한 목표로 된다. 

인민경제의 전면적 기술개조가 현시기 우리 나라 과학기술발전의 중요한 목표로 되는것은 첫째로, 그것이 과학기술발전의 목적과 사명을 훌륭히 실현해나갈수 있게 하는 기술혁신의 과업으로 되는것과 관련된다.

과학기술발전의 목표는 무엇보다먼저 과학기술의 목적과 사명에 의하여 규정된다. 사회주의사회에서 과학기술은 그자체발전에 목적이 있는것이 아니라 어디까지나 근로대중의 자주성실현을 위한 사회주의경제건설에 이바지하는것을 중요한 목적과 사명으로 한다. 이로부터 사회주의경제건설을 위한 전략적 과업수행에 결정적 작용을 하는 기술혁신의 과업이 해당시기 과학기술발전의 중요한 목표로 될수 있다. 

현시기 우리 나라에서 사회주의경제건설을 위한 가장 중요한 전략적 과업은 제3차7개년계획의 기본과업에 따라 인민경제의 주체화, 현대화, 과학화를 계속 힘있게 다그쳐 사회주의완전승리를 위한 물질기술적 토대를 더욱 튼튼히 마련하는것이다. 

인민경제의 전면적 기술개조는 사회주의경제건설의 이러한 전략적 과업을 수행하는데서 결정적 작용을 한다. 그것은 사회주의, 공산주의 물질기술적 토대축성을 위한 인민경제의 주체화, 현대화, 과학화가 결국은 모든 부문의 기계설비와 생산공정의 개조를 통하여 실현되게 된다는것과 관련된다.

인민경제의 전면적 기술개조는 인류가 이룩한 최신과학기술의 성과에 기초하여 우리 나라 실정에 맞는 보다 능률적이며 현대적인 기계설비와 생산기술공정을 적극 받아들이게 함으로써 자체의 원료, 연료, 동력 자원에 의거하여 나라의 경제적 자립성과 주체성을 더욱 강화할데 대한 주체화의 요구와 함께 고도로 현대화되고 과학화 된 경제를 건설할데 대한 현대화, 과학화의 요구를 훌륭히 실현해나갈수 있게 한다. 

인민경제의 전면적 기술개조는 또한 모든 부문을 가장 발전된 현대적 기술로 장비하고 생산력을 비할바없이 강화함으로써 사회주의완전승리를 위한 물질기술적 토대를 더욱 튼튼히 다져나갈수 있게 한다.

인민경제의 전면적 기술개조는 특히 모든 부문에서 이미 있는 기계설비와 생산공정들을 현대적기술로 개조함으로써 우리나라에 마련된 방대한 생산능력을 최대한으로 발양시켜 당면한 사회주의경제건설의 10대전망목표점령을 힘있게 다그치고 인민생활을 획기적으로 높이는 과업도 성과적으로 수행할수 있게 한다.

이와 같이 인민경제의 전면적 기술개조는 사회주의경제건설을 위한 전략적 과업과 당면한 과업수행에서 결정적 작용을 하는 기술혁신의 과업인것으로하여 그것은 현시기 우리 나라 과학기술 발전의 중요한 목표로 된다.

인민경제의 전면적 기술개조가 현시기 우리 나라 과학기술발전의 중요한 목표로 되는것은 둘째로, 인민경제의 전면적 기술개조가 우리 나라 기술발전의 새로운 단계의 요구와 가능성을 반영한 매우 높은 수준의 기술혁신의 과업이라는 사정과 관련된다.

과학기술발전의 목표는 과학기술의 목적, 사명에 의해서뿐아니라 해당 시기 도달하여야 할 기술발전수준에 의하여서도 규정된다. 

인민경제의 전면적 기술개조는 새로운 높은 발전단계에 들어선 우리 나라에서 당면하게 수행하여야 할 매우 높은 수준을 반영한 기술혁신의 과업이다. 

우리 나라에서는 위대한 수령님과 친애하는 지도자동지의 현명한 령도밑에 매우 짧은 기간안에 사회주의공업화의 전면적 기술혁명과업이 성과적으로 수행되고 3대기술혁명과업수행에서 커다란 전진이 이룩됨으로써 사회주의완전승리를 위한 력사적 과업수행이 일정에 오른 매우 높은 경제발전단계에 들어서게 되였다. 우리나라 경제발전의 이러한 현실은 기술을 새로운 높은 단계로 올려 세울것을 절박하게 요구하고있다.

다른 한편 우리 나라에는 기계제작공업을 핵심으로 하는 위력한 중공업기지에 의거하고 있는 사회주의물질기술적 토대가 튼튼히 마련되였으며 특히 전면적인 자동화에 필요한 각종 전자 요소와 기구들을 생산할수 있는 전자 및 자동화 기지도 튼튼히 마련되였다. 그리고 과학자, 기술자의 대부대가 마련되였다. 그리하여 우리는 새로운 높은 기술발전단계에서 제기되는 어렵고 복잡한 기술적과업을 능히 자체의 힘으로 담당수행할수 있는 귀중한 밑천을 가지게 되였다.

인민경제의 전면적 기술개조는 바로 이러한 새로운 높은 발전단계에 들어선 우리 나라 경제발전의 현실적 요구와 함께 그 가능성을 정확히 타산한데 기초한것으로서 지난 시기보다 높은 기술수준을 요구하는 새로운 기술혁신의 과업이다.

인민경제의 전면적 기술개조는 력사적으로 물려 받은 기술적 락후성을 종국적으로 없애고 인민경제적 범위에서 기계화를 실현하는것을 주되는 과업으로 하였던 지난 공업화시기의 기술개건의 과업과는 달리 공업화가 완성된 후 전면적인 자동화를 실현하는 단계에서 그 기술수준을 더욱 높이기 위한것을 주되는 과업으로 하는 기술혁신이다.

그러므로 인민경제의 전면적 기술개조는 최신과학기술발전 추세에 맞게 이미 있는 기계설비를 더욱 정밀화, 대형화, 고속도화, 자동화하는 방향에서 현대적으로 개조하는 동시에 생산공정의 종합적 기계화, 자동화, 로보트화, 전자계산기화를 실현하여 인민경제의 기술수준을 최상의 수준에 올려세우기 위한 과업이다.

인민경제의 전면적 기술개조는 또한 기술개조에서 전면성을 보장하는것으로 하여 부분적인 기술개조와 구별되는 높은 단계의 기술개조이다.

기술개조의 전면성은 그것이 인민경제의 모든 부문과 기업소, 모든 기계설비와 생산공정들을 포괄하고있을뿐아니라 인류가 이룩한 가장 발전된 모든 최신과학기술의 성과까지도 전면적으로 리용한다는데 중요한 특징이 있다. 이러한 기술개조의 전면성은 사회주의제도의 참다운 우월성에 의거함으로써만 가능한것이다.

그러므로 인민경제의 전면적 기술개조는 다방면적이고 종합적인 사회주의경제가 창설된 우리 나라에서 인민경제의 모든 부문과 기업소, 모든 기계설비와 생산공정들을 새로운 현대적 기술로 개조하여 이미 마련된 방대한 생산잠재력을 발양시키기 위한 거창한 과업인 동시에 인류가 이룩한 모든 최신과학기술의 성과를 전면적으로 도입리용한데 기초하여 인민경제의 기술장비수준을 고도로 발전된 현대적 수준에 올려 세우기 위한 보람찬 기술혁신의 과업이다.

바로 여기에 인민경제의 전면적 기술개조가 현시기 우리나라 과학기술발전의 중요한 목표로 되는 다른 근거의 하나가 있다. 

인민경제의 기술적 개조는 과학기술발전을 전제로 한다. 이로부터 과학기술을 인민경제의 전면적 기술개조에 복종시키고 그에 적극 이바지하도록 하는것은 오늘 과학기술발전의 중요한 과업으로 된다.

오늘 우리가 수행하게 되는 전면적 기술개조의 과업은 어디까지나 자체의 힘으로 우리 나라의 구체적 실정에 맞게 진행해야만 하는 매우 어려운 기술개조과업이다.

특히 우리 나라의 구체적 실정에 맞게 설비와 생산공정, 생산방법을 현대적 기술로 개조하자면 과학기술적으로 새롭게 해결해야 할 수많은 문제들이 제기된다. 그러므로 주체를 튼튼히 세워 과학기술을 빨리 발전시키는것은 전면적 기술개조를 실현하는데서 나서는 매우 중요한 과업의 하나이다.

이러한 과업을 수행하는데서 무엇보다 중요한것은 일군들이 과학기술에 대한 옳은 립장과 관점을 가지는것이다.

친애하는 지도자 김정일동지께서는 다음과 같이 지적하시였다.
《과학기술을 빨리 발전시키는가 못시키는가 하는것은 일군들의 사상관점이 어떠한가 하는데 많이 달려있습니다. 일군들이 과학기술에 대하여 옳은 관점을 가지지 못하면 과학기술을 발전시킬데 대한 당의 방침이 철저히 관철될수 없습니다.》

일군들이 과학기술에 대한 옳은 립장과 관점을 가지는것은 과학기술을 빨리 발전시키고 전면적 기술개조에서 나서는 과학기술적 문제들을 제때에 원만히 풀어나가기 위한 중요한 담보이다. 일군들이 과학기술에 대한 옳은 립장과 관점을 가져야 과학기술발전에 선차적 의의를 부여하고 거기에 모든 힘을 집중하여 전면적 기술개조에서 나서는 과학기술적 문제들을 성과적으로 풀고 그의 실현을 확고히 담보할수 있다.

특히 과학과 기술의 시대인 오늘에 수행하게 되는 전면적 기술개조는 고도로 발전된 과학기술을 전제로 하는것만큼 그의 안받침이 없이는 전혀 추진시킬수 없다. 

그러므로 일군들은 오늘 과학기술이 인민경제의 기술개조와 나라의 경제발전에 결정적 작용을 한다는것을 정확히 인식하고 그에 응당한 힘을 돌려야 된다. 

과학기술은 인간의 창조적 지혜의 산물이니만큼 그것은 진지한 과학연구의 결과에 의하여서만 발전하고 전면적 기술개조에 실질적으로 이바지할수 있다. 그러므로 무엇보다먼저 과학연구사업에 대한 똑똑한 인식을 가지는것이 중요하다.

과학연구사업은 정력적인 탐구와 끊임없는 사색을 요구하는 창조적 사업이며 그 성과여부가 하루이틀사이에 쉽게 이룩되는것이 아니라 오랜 기간 꾸준한 노력에 의해서만 성과가 담보될수 있다. 그러므로 일군들이 당면한 문제만 보고 전망적인 문제를 볼줄 모르는 근시안적인 태도를 가지고 과학기술발전에 응당한 힘을 넣지않는다면 나라의 과학기술을 발전시킬수 없으며 나아가서 당면한 전면적 기술개조에서 나서는 과학기술적 문제도 제대로 풀어나갈수 없게 된다.

따라서 일군들속에서 과학기술발전의 합법칙성과 그 특성을 옳게 리해하고 그에 대한 립장과 관점을 바로 세우도록 하는것이 중요하다. 또한 과학기술력량을 타산한데 기초하여 전면적 기술개조의 순차와 방법들을 과학적으로 규정하는것이 중요하다.

인민경제의 전면적 기술개조는 모든 부문, 모든 생산공정들에 걸쳐 전면적으로 실현되는 과업이지만 그렇다고 하여 과학기술력량과 조건을 고려함이 없이 주관적 욕망에 따라 전반적으로 한꺼번에 다 해제끼려고 하여서는 성과를 거둘수 없다. 특히 전면적 기술개조는 높은 과학기술력량을 여러곳에 분산시켜 가지고는 아무러한 성과도 거둘수 없다. 그러므로 매개 단위에 이미 마련한 과학기술력량과 조건을 정확히 타산하고 그에 맞게 기술개조의 순차와 방법을 옳게 규정해야 한다. 

전면적 기술개조의 순차를 규정하는데서 중요한것은 매개 대상이 전반적인 생산과정에서 차지하는 위치와 그의 기술경제적 효과성 특히 근로자들을 어렵고 힘든 로동에서 해방할데 대한 당의 정책적 요구를 옳게 고려하는것이다. 

그리고 설비를 현대화한다고 하여 과학기술력량과 조건도 고려함이 없이 덮어놓고 큰것만 바라거나 한꺼번에 모든것을 높은 기술로 개조하려고 할것이 아니라 큰것과 작은것, 복잡한것과 간단한것, 기술수준이 높은것과 낮은것을 병행시키는 방법으로 기술개조를 실현해나가는것이 중요하다. 

이렇게 함으로써만 제한된 과학기술력량을 가지고도 방대한 기술개조과업을 계획적으로 빨리 추진시켜 나갈수 있다. 

과학기술을 전면적 기술개조 실현에 적극 이바지하게 하는데서 다음으로 중요한것은 조직정치사업과 경제조직사업을 구체적으로 짜고드는것이다.

과학기술을 빨리 발전시켜 인민경제의 전면적 기술개조를 실현하는 사업은 결코 저절로 이루어 질수 없으며 구체적이고도 면밀한 조직사업이 안받침됨으로써만 응당한 성과를 거둘수 있다. 정치사업을 모든 사업에 확고히 앞세우고 과학자, 기술자들의 책임성과 창발성을 높이며 생산자들을 기술혁신운동에로 힘있게 불러일으켜 모두가 발명가, 창의고안명수, 기술혁신자가 되게 하여야 한다.

이와 함께 과학기술력량을 옳게 편성하고 중요대상들에 힘을 집중하며 물질기술적 조건들을 제때에 원만히 보장하기 위한 조직사업과 기술경제적 대책들을 바로세워야 한다.

특히 국가적으로는 기계공업과 극소형전자공업, 로보트공업을 빨리 발전시키는데서 나서는 여러가지 과학기술적 문제를 제때에 풀어나갈수 있도록 과학기술력량을 이에 집중하도록 하는것이 중요하다. 

이렇게 함으로써만 과학기술을 빨리 발전시켜 인민경제의 전면적 기술개조를 다그치고 완전히 승리한 사회주의사회에 맞는 물질기술적 토대를 튼튼히 마련해나갈수 있다.

실로 우리 당이 제시한 인민경제의 전면적 기술개조방침은 우리 나라 경제발전의 합법칙적 요구와 기술발전의 현실적 요구를 정확히 반영한것으로서 인민경제를 고도로 발전된 현대적 기술의 토대우에 올려세우고 나라의 과학기술과 경제발전을 힘있게 다그쳐나가기 위한 가장 옳은 길을 밟혀주는 정당한 방침이다. 바로 인민경제의 전면적 기술개조방침이 제시됨으로 하여 오늘 우리 인민은 과학기술발전의 목표를 옳게 설정하고 웅대하고 거창한 제3차7개년계획을 성과적으로 수행하기 위한 가장 옳은 길을 따라 힘차게 전진할수 있게 되였다.

모든 일군들과 근로자들은 현시기 우리 나라 과학기술발전의 중요한 목표가 인민경제의 전면적 기술개조를 실현하는데 있다는것을 똑똑히 알고 그것을 철저히 관철함으로써 생산과 기술 발전에서 새로운 앙양을 일으켜 제3차7개년계획수행에 적극 이바지하여야 할것이다.",KIS,late_socialist_planning,1980s,7.66105638236183
사회주의경제에 대한 지도와 관리에서 정치적지도와 경제기술적지도의 옳은 결합,어성훈,1990,1,1016,"정치적지도와 경제기술적지도를 옳게 결합하는것은 사회주의경제에 대한 지도와 관리에서 일관하게 견지하여야 할 가장 중요한 기본원칙의 하나이다.

위대한 수령 김일성동지께서는 다음과 같이 교시하시였다.
《사회주의경제를 과학적으로, 합리적으로 운영하기 위하여서는 경제에 대한 지도와 관리에서 정치적지도와 경제기술적지도를 옳게 결합하여야 합니다.》(《주체의 혁명적기치를 높이 들고 사회주의, 공산주의위업을 끝까지 완성하자》, 15페지)

자연을 개조하여 자주적인 생활의 물질적조건을 마련하기 위한 근로인민대중의 창조적활동을 조직지휘하는것이 경제관리이다.

로동계급의 당과 사회주의국가는 사회주의경제에 대한 지도관리에서 령도적기능과 조직집행자적기능을 수행한다.

바로 이 기능들이 경제지도관리에서 당의 정치적지도와 국가의 경제기술적지도로 구현된다.

당의 정치적지도와 국가의 경제기술적지도, 이 두 지도의 호상관계문제는 사회주의경제지도관리에서 가장 중요하게 나서는 원칙적인 문제로 되는것은 이 두 지도의 옳은 결합이 경제에 대한 지도와 관리에서 로동계급적원칙과 혁명적립장, 과학성과 효과성을 담보하는 근본문제로 되기때문이다.

위대한 수령 김일성동지께서는 사회주의경제관리의 본질에 맞는 정치적지도와 경제기술적지도의 내용과 그 옳은 결합의 원칙적요구를 과학적으로 밝히심으로써 사회주의경제의 본성적요구를 경제지도관리에서 철저히 구현하는 가장 정확한 길을 밝혀주시였다.

사회주의경제에 대한 지도와 관리에서 정치적지도와 경제기술적지도를 옳게 결합한다는것은 당의 정치적지도밑에 국가경제기관들이 경제를 과학기술적으로 관리운영함으로써 경제관리에서 당의 령도를 확고히 실현하고 대중의 창조적열의를 높이 발양시키며 과학성과 효과성을 보장한다는것을 의미한다.

사회주의사회에서는 근로인민대중이 경제의 주인이기때문에 자연을 개조하고 정복하기 위한 모든 경제활동은 전적으로 근로인민대중을 위한것이며 또 그들이 책임지고 수행하여야 할 자주적이며 창조적인 사업이다.

이로부터 근로자들의 창조적인 경제활동을 조직지휘하는 경제지도관리는 근로인민대중의 공동의 요구와 리익을 반영한 경제발전의 정확한 목표와 전략을 세우고 그 실현에 생산자대중이 자각적으로 참가하도록 하는 사업과 근로자들의 자주적이며 창조적인 생산활동을 경제발전의 합법칙성에 맞게 조직지도하고 필요한 물질적조건을 지어주는 사업을 포괄하며 이 두 측면의 내용이 통일되여있다.

경제발전의 옳은 목표를 제시하고 근로자들의 창조적열의를 불러일으키는 사업은 정치적지도를 통하여 실현된다.

사회주의경제지도관리에서 정치적지도는 로동계급의 당이 인민대중의 요구와 리해관계에 맞게 경제 정책과 전략을 바로 세우고 그것이 관철되도록 정치적방법으로 지도하는것을 말한다.

사회주의사회에서는 로동계급의 당이 인민대중의 근본리익을 대표하는 최고정치조직으로서 사회주의경제를 지도할 책임을 지니고 있다.

국가경제기관들의 활동에 대한 정책적지도를 옳게 보장하는것은 령도적정치조직으로서의 당의 사명과 임무이다.

당은 사회주의건설의 매 단계에서 수령의 사상과 의도를 구현하여 옳은 경제정책을 제시하고 그것을 관철하기 위한 투쟁 목표와 과업을 규정하며 그 집행을 정치적으로 령도하고 통일적으로 조직지도한다.

당은 우선 전반적경제발전의 목표와 방향을 제시할뿐아니라 부문별 경제 기관과 단위들에서 집행하여야 할 경제과업을 제시하며 그 수행방도를 밝혀준다.

또한 모든 사업에서 정치사업을 앞세워 대중의 혁명적열의와 창조적적극성을 불러일으켜 당경제정책관철에로 힘있게 조직동원한다.

따라서 근로인민대중에게 경제발전의 방향과 목표를 정확히 제시해주는 사업과 그 실현에로 대중을 힘있게 불러일으키는 정치사업이 정치적지도의 기본내용으로 된다.

이것은 결국 정치적지도가 본질에 있어서 경제에 대한 지도관리에서 당의 령도를 강화하며 생산과 관리의 주체를 튼튼히 꾸리고 그 역할을 높이는 사업이라는것을 말해준다.

사회주의국가는 당의 령도를 실현하는 가장 포괄적인 정치조직으로서 나라의 경제건설과 인민들의 경제생
										활을 직접 조직집행하는 경제조직자이며 관리자이다.

경제지도관리에서 근로자들의 창조적인 생산활동을 직접 조직지도하고 그에 필요한 조건을 보장해주는 사업은 국가경제기관들의 경제기술적지도를 통하여 실현된다.

경제기술적지도는 국가경제기관들이 사회주의사회에서 작용하는 객관적경제법칙과 정확한 경제적타산에 기초하여 경제를 과학기술적으로 관리운영하는 사업이다.

사회주의경제는 생산수단에 대한 사회주의적소유와 현대적기술에 기초하고있는 대규모집단경제이며 사회주의기본경제법칙, 인민경제의 계획적, 균형적 발전법칙을 비롯한 사회주의경제법칙의 요구에 맞게 경제발전이 고도로 계획화되고 조직화되는 경제이다.

특히 전자공학을 비롯한 현대과학기술의 빠른 발전에 기초하여 생산설비들과 기술공정들이 빠른 속도로 현대화되고 인민경제의 기술적기초에서 근본적인 갱신이 끊임없이 이루어지는것은 사회주의경제발전의 중요한 특성으로 된다.

이로부터 국가경제기관들은 객관적경제법칙과 정확한 경제적타산에 기초하여 생산경영활동의 전반적과정을 합리적으로 조직하고 필요한 물질기술적조건을 보장하며 과학기술적요구에 맞게 생산에 대한 기술적지도를 실현한다.

따라서 생산과 경영활동에서 과학성과 효과성을 보장하는 과학기술적지도와 경제조직사업이 경제기술적지도의 기본내용으로 된다.

정치적지도와 경제기술적지도의 모든 내용들은 결국 사회주의경제관리의 정치적, 과학기술적, 경영조직적 측면에서 나서는 기본요구들의 해결을 전면적으로 반영하고있다.

사회주의경제를 과학적으로, 합리적으로 관리운영하는데서 정치적지도와 경제기술적지도는 밀접히 련관되고 통일되여있다.

당의 정치적지도는 국가경제기관들에 경제관리에서 사회공동의 리익을 실현하기 위한 옳은 방향과 목표를 제시해준다면 국가경제기관들의 경제기술적지도는 당의 경제정책을 실제적인 생산성과로 실현한다.

또한 당의 정치적지도는 대중의 창조적열의를 높이 발양시키고 집단주의적원칙에서 조직화하여 경제기술적지도의 성과적실현을 확고히 담보한다면 경제기술적지도는 경제조직사업과 과학기술적지도를 통하여 앙양된 대중의 혁명적열의와 창발성을 거대한 물질적힘으로 전환시킨다.

이와 같이 사회주의경제에 대한 지도와 관리에서 정치적지도와 경제기술적지도는 뗄수 없는 통일속에 실현되며 이런 조건에서만 두 지도의 생활력이 원만히 발현될수 있다.

정치적지도와 경제기술적지도를 다같이 실현해나가는데서 두 지도를 어떤 원칙에서 결합시키겠는가 하는 문제가 사회주의경제관리의 근본문제의 하나로 나선다.

다시말하여 당의 정치적지도밑에 사람을 기본으로 하여 경제를 관리운영하는가 아니면 경제기술사업을 기본으로 하며 경제를 관리운영하는가 하는 문제가 사회주의경제관리의 가장 중요한 원칙적문제로 나선다.

위대한 수령 김일성동지께서는 생산자대중이 주인으로 되고있는 사회주의경제관리의 사명과 임무에 맞게 당의 정치적지도밑에 국가경제기관들의 경제기술적지도를 실현할데 대한 두 지도결합의 가장 옳바른 원칙을 밝혀주시였다.

이 원칙은 당의 정치적지도밑에 경제를 과학기술적으로 지도하며 정치사업을 확고히 앞세우는 기초우에서 경제조직사업을 강화하는것을 본질적내용으로 하고있다.

정치적지도를 우위로 하고 사람과의 사업을 기본으로 하면서 여기에 과학기술적지도와 경제조직사업을 밀접히 결합시켜나가는 원칙은 사회주의경제제도의 본질적특징과 우월성을 전면적으로 구현한 가장 과학적이며 혁명적인 원칙이다.

이 원칙은 근로인민대중의 요구와 리해관계를 가장 정확히 반영한 경제발전의 목표를 통일적으로 제시하고 생산자대중의 혁명적열의와 창조적적극성을 높이 발양시키는데 기초하여 생산조직사업, 경제기술사업을 과학적으로, 합리적으로 짜고들어 집단주의에 기초한 사회주의경제의 우월성을 높이 발양시킬수 있게 한다.

그리하여 사회주의경제발전에 작용하는 주체적, 사상적 요인들의 결정적역할과 과학기술적 및 물질적 조건들의 작용을 최대한 높임으로써 모든 경제사업을 전격적으로 밀고 나가 최단기간안에 경제건설에서 질적으로나 량적으로 최상의 성과를 거둘수 있게 한다.

이것은 당의 정치적지도밑에 경제기술적지도를 실현하는것이 사회주의경제의 본성적요구에 맞는 두 지도결합의 가장 옳바른 원칙이라는것을 말해준다.

정치적지도와 경제기술적지도의 옳은 결합은 사회주의경제를 과학적으로, 합리적으로 관리운영하는데서 나서는 근본문제들을 가장 훌륭히 해결할수 있는 사회주의경제관리의 기본원칙이다.

사회주의경제지도관리에서 정치적지도와 경제기술적지도의 옳은 결합은 우선 경제발전의 목표를 정확히 세우고 그 실현에로 대중을 힘있게 불러일으켜 사회주의경제의 본성적요구를 전면적으로 실현할수 있는 넓은 길을 열어준다.

사회주의경제지도관리에서 정치적지도와 경제기술적지도의 옳은 결합은 또한 객관적경제법칙과 사회주의물질기술적토대발전의 합법칙적요구에 맞게 생산과 경영활동에서 과학성과 효과성을 보장하는 가장 정확한 길을 밝혀주고있다.

정치적지도와 경제기술적지도를 옳게 결합시킬데 대한 사회주의경제관리의 기본원칙은 사회주의경제관리체계에 구현되며 그를 통하여 실현된다.

위대한 수령 김일성동지께서 사회주의경제관리의 기본원칙들을 전면적으로 구현한 대안의 사업체계를 비롯한 주체의 경제관리체계를 창조하심으로써 사회주의경제에 대한 지도와 관리에서 정치적지도와 경제기술적지도의 옳은 결합의 실현문제가 가장 빛나게 해결되였다.

대안의 사업체계는 위대한 주체사상과 혁명적군중로선을 구현한 사회주의, 공산주의 경제관리형태이다.

대안의 사업체계에서 정치적지도와 경제기술적지도의 옳은 결합은 당위원회의 집체적지도에 의하여 가장 높은 수준에서 전면적으로 실현된다.

당위원회의 집체적지도는 무엇보다도 경제관리에서 당의 정치적지도를 실현하는 기본형태로 된다.

그것은 당위원회의 집체적지도밑에 당경제정책관철에서 해당 경제단위앞에 나선 과업수행방향과 방도가 정확히 규정되고 대중의 혁명적열의를 발양시키는 정치사업이 진행되기때문이다.

당위원회의 집체적지도는 또한 집체적협의와 대중의 의사와 창발성을 조직동원하는 각종 형식과 방법을 통하여 경제법칙들의 요구와 현실적조건을 전면적으로 타산하고 옳은 과학기술적, 경제조직적대책을 세우며 경제기술적지도를 담당하는 부서와 일군들의 기능과 역할을 결정적으로 높일수 있게 한다.

참으로 대안의 사업체계는 당의 정치적지도밑에 생산자대중의 혁명적열의와 창조적적극성을 불러일으키며 그에 의거하여 경제기술적지도를 효과적으로 실현할수 있게 하는 가장 우월한 사회주의경제관리체계이다.

온 사회의 주체사상화가 추진되고 인민경제의 주체화, 현대화, 과학화를 힘있게 다그쳐나가는 오늘의 현실은 실천을 통하여 그 정당성과 생활력이 뚜렷이 확증된 대안의 사업체계를 비롯한 주체의 경제관리체계를 확고히 고수하고 그것을 철저히 관철해 나갈것을 요구하고있다.

이와 함께 현대적인 계산 및 조종 수단들을 비롯한 최신과학기술의 성과와 현실발전의 요구에 맞는 경영활동의 새로운 방법들을 적극 받아들여 관리운영의 과학화를 다그치고 경제적효과성을 높임으로서 주체의 경제관리체계의 우월성을 전면적으로 발양할것을 요구하고있다.

현실발전의 요구에 맞게 정치적지도와 경제기술적지도를 옳게 결합시키는 원칙을 철저히 관철함으로써만 사회주의경제제도의 본성과 사회주의, 공산주의 건설의 합법칙적요구에 맞게 경제를 과학적으로, 합리적으로 운영하고 주체의 경제관리체계의 우월성을 전면적으로 발양시킬수 있으며 제3차 7개년계획을 성과적으로 수행하여 사회주의완전승리를 앞당길수 있다.",KIS,late_socialist_planning,1990s,6.92461239604856
물질적 부의 생산에 대한 애국문화운동가들의 견해,한대훈,1988,4,2581,"친애하는 지도자 김정일동지께서는 다음과 같이 지적하시였다.
《우리 나라의 력사를 깊이 연구학습하여야 하겠습니다.
우리 나라의 력사를 깊이 학습하는것은 민족적 긍지와 자부심을 높이는데서 매우 중요한 문제로 나섭니다.》

애국문화운동가들의 경제사상에 대한 연구는 슬기로운 우리 인민의 민족문화유산을 옳게 계승발전시키고 우리 인민들속에서 민족적 긍지와 자부심을 높이는데서 중요한 문제의 하나로 제기된다.

애국문화운동가들이 활동한 20세기초는 제국주의침략세력에 의하여 우리 나라에서 자본주의발전의 정상적인 길이 심히 억제당하고있는 한편 일제의 강도적인 조선침략책동이 전례없이 강화되여 우리 나라가 일제의 독점적 식민지로 전락되여 가고 있던 민족수난의 시기이다.

이 엄중한 민족수난의 시기에 기울어지는 국권과 민족의 위기를 자각한 애국적 인민들의 반일투쟁에 고무된 애국적 지식인들은 반침략반봉건투쟁의 기본형식을 인민들에 대한 계몽으로 보고 애국문화운동에 적극 나섰다.

애국문화운동은 우리 나라 부르죠아민족운동의 한 조류로서 일제를 비롯한 제국주의침략세력을 배격하고 국권을 회복하며 낡은 봉건질서를 근대적인 자본주의질서로 교체할것을 지향하였다.

애국문화운동의 대표적인 사상가들로서는 주시경, 박은식, 신채호 등을 들수 있다.

애국문화운동가들은 애국적인 문화운동을 통하여 나라의 독립을 이룩하고 낡은 봉건제도를 근대적인 자본주의사회로 개혁할것을 요구하였다. 이 요구를 관철하기 위하여 애국문화운동가들은 여러 정치단체들과 학회들을 창설하였으며 언론출판기관들을 설립하고 문필활동을 활발하게 벌리였다.

애국문화운동가들은 출판물에 실린 여러가지 글들에서 외세의 배격과 국권회복, 나라의 부강발전을 실현할 구체적인 방도들을 제기하면서 그것을 리론적으로 분석전개함으로써 자기들의 견해와 사상을 표현하였다. 이 과정에 경제문화에 대한 일련의 견해들도 제기되였다.

이 론문에서는 물질적 부의 생산에 대한 애국문화운동가들의 견해에 대하여서만 고찰하려고 한다.

민족자본가들의 리해관계를 대변하고있던 애국문화운동가들은 제국주의침략자들에 의하여 나라와 민족이 식민지화의 위기에 처한 당시 조건에서 국권회복문제에 선차적 관심을 돌리면서 그 방도를 《교육과 산업의 진흥》을 통한 《실력양성》에서 찾았다. 이로부터 그들은 물질적 부의 생산문제에 커다란 주목을 돌리면서 그에 대한 가치있는 견해들을 제기하였다.

애국문화운동가들은 물질적 부의 생산문제에 대한 고찰에서 우선 그의 출발점으로 되는 물산(물질적 부)에 대한 리론적 해명에 착수하였다.

그들은 물산에 대한 개념을 규정하면서 《동서양 어떠한 나라든지 그 나라의 천조 및 인작의 물품을 통털어 그 나라의 물산이라 부른다.》(《조양보》제1권, 6호 《물산의 관계》)라고 하였다. 그러면서 그들은 《물산이라는것은 사람의 생활의 원소라 그 나라가 물산이 풍부하면 그 인민의 생활이 넉넉할것이요 생활이 넉넉하면 종족이 번성하는것은 또한 일정한 원리니 물산이 곧 사람의 생명관계이다.》(《서북학회월보》 제1권, 8호《물질개량론》)라고 하였다.

여기에서 보는바와 같이 애국문화운동가들은 물산을 인간생존의 필수불가결의 요소로 규정하고 있다. 이것은 물질적 부의 개념규정에서 선행한 사상가들에 비하여 새로운 전진이다.

실학사상가들은 물질적 부를 재화(또는 재물)라고 하면서 그것을 자급자족적인 자연경제의 관점에서가 아니라 주로 상품생산의 견지에서 고찰하였고 개화사상가들은 물산을 주로 그 구성의 측면에서 고찰하였다. 애국문화운동가들은 선행한 사상가들보다 한걸음 전진하여 물산을 《사람의 생활의 원소》로 보고 그것을 《사람의 생명관계》라고 함으로써 물산에 대한 개념을 사람들의 사회경제생활과의 관계속에서 정식화하려고 시도하였다.

그들의 이러한 견해는 경제학을 《...재화를 리용하여 의식주의 필요를 만족케 할 목적으로 활동하는것을 경제적 활동이라고 부르고 이 경제적 활동에 대한 리법을 론구하는 학문》(《서북학회월보》제1권, 12호)이라는 경제과학에 대한 새로운 리해에 기초하여 물질적 부를 사
										람들의 사회경제생활과의 호상관계속에서 리론적으로 정식화하려는 시도로부터 나온것이였다.

애국문화운동가들의 물산에 대한 견해에서 주목되는것의 하나는 물산의 구분에 대한 문제이다. 그들은 물산을 《천생천조한 물품》과《인작한 물품》으로 구분하면서 이 량자의 호상관계와 그 의의를 분석하였다. 《천생천조한 물품》과 《인작한 물품》으로 물산을 구분한것은 《천산의 물품》과 《인조의 물품》으로 물산을 구분한 개화사상가들의 견해를 계승한것이였다.

애국문화운동가들은 물산에 인간의 로동이 가해지지 않은 천연적으로 존재하는 물품과 인간들의 창조적인 활동에 의하여 제조된 물품을 포함시키고있다.

그러나 애국문화운동가들은 물질적 부를 창조하는 인간의 목적의식적 활동과 그 의의를 옳게 보지 못하였다.

친애하는 지도자 김정일동지께서는 다음과 같이 지적하시였다.
《생산이란 사람이 목적의식적인 활동을 통하여 물질적부를 창조하는 과정입니다. 사람들은 자연을 개조하기 위한 활동을 통하여 자신의 생존과 사회발전에 필요한 물질적부를 창조합니다. 사람을 떠나서는 그 어떤 생산과정도 이루어질수 없습니다. 사람은 생산의 직접적담당자이며 주인입니다.》

사람은 물질적 부를 창조하는 생산의 직접적 담당자이며 주인이다. 사람의 창조적 활동을 떠나서는 그 어떤 생산과정도 이루어질수 없으며 물질적 부도 창조될수 없다. 그리고 자연은 인간의 로동대상이다.

그러나 물질적 부의 생산에서 인간활동의 결정적 역할과 의의를 볼수 없었던 애국문화운동가들은 생산에서 자연 그 자체의 《조화적 작용》을 내세우고 인간활동의 역할을 과소평가하는 그릇된 견해에 떨어졌다. 그들의 견해에 의하면 농업, 목축업과 같은 생산부문에서는 《자연의 조화》와 《인간의 활동》의 결합에 의하여서만 생산물이 창조된다는것이다. 그들은 이처럼 생산물생산에서 인간의 활동과 동일한 위치에서 자연의 《조화적 작용》을 해석하였다. 그리하여 그들은 물질적 부의 생산에서 자연의 《조화적 작용》을 내세우고 강조하게 되였다.

우리가 알고있는것처럼 자연은 어디까지나 물질적 부를 창조하기 위한 인간활동의 대상이지 그 자체가 생산에 그 어떤 조화적 작용을 가하는 담당자는 아니다. 물질적 부의 생산에서 인간활동을 과소평가하고 자연의 《조화적 작용》을 내세운 애국문화운동가들의 견해는 당시 생산력발전수준이 낮은 형편에서 자연을 정복하기 위한 인간의 창조적 활동이 그리 크지 못하였던 사정을 반영한것이였다.

그렇다고 하여 애국문화운동가들이 물질적 부의 생산에서 자연의 힘과 작용에 절대적 의의를 부여한것처럼 보아서는 안된다. 그들은 물질적 부의 생산에서 자연의 작용에 중요한 의의를 부여하면서도 인간의 활동을 결코 간과하지는 않았다. 문제는 그들이 물질적 부의 생산에서 인간활동의 결정적 의의를 보지 못하고 그것을 자연의 작용과 동일한 위치에서 해석하였다는데 그 제한성이 있는것이다.

애국문화운동가들은 물질적 부의 생산에서 인간의 활동이 자연의 《조화적 작용》과 함께 중요한 작용을 한다고 하면서 자연지리적 조건이 불리하며 《천생천조한 물품》이 적거나 거의 없다고 하더라도 인간의 생산적인 활동이 강화되면 물산의 풍부화를 달성할수 있다는 견해를 제기하였다. 때문에 그들은 부의 증대를 가져오는 민족산업의 건설은 인간들의 생산적인 활동에 의하여 달성될수 있다고 주장하였다.

나라의 부강발전을 부의 증대에서 찾은 애국문화운동가들은 물질적 부를 증대하는 방도문제해명에 커다란 관심을 돌렸다.

우선 그들은 물질적 부를 증대하는 가장 중요한 원천은 생산력의 발전에 있다고 보았다. 그들은 생산력의 발전에 의하여서만 부의 증대를 실현할수 있다고 하면서 물산의 풍부화를 이룩하려면 《물품제조방법의 급속개량》(《서북학회월보》제1권, 8호 《물질개량론》)을 실시하여야 한다고 주장하였다. 그러면서 그들은 물품제조방법의 급속한 개량을 실현하려면 로동도구를 개선발전시키는데 의거하여야 한다고 하였다. 그들은 《인작하는 물품》의 풍부화정도는 《...하늘이 준 재주와 로력에 기초하여 그렇게 된것이 아니라 기계와 지식의 차이》(《조양보》제1권, 6호《물산의 관계》)에 의존된다고 하였다. 다시말하면 물품의 풍부화는 사람들의 타고난 천성적인 재능에 의하여서가 아니라 기계의 발전정도에 의존된다는것이다 그러면서 그들은 기구와 기계의 발전은 어디까지나 인간들의 활동의 결과이라는것을 강조하였다.

인간의 활동에 의하여 달성되는 로동도구, 기계의 발전에 기초한 생산력의 발전에서 물질적 부의 증대의 중요원천을 찾은 애국문화운동가들은 생산력의 발전을 이룩할 목적으로 발전된 기계기술의 광범한 도입을 극력 주장하게 되였다. 그들의 견해에 의하면 《공업가, 기업가는 직업적 기술적으로 풍력과 수력을 리용하여 전기와 증기를 일으켜 각종 세력적 기계와 로동력기계를 무수하게 발명》(《서우》, 제8호)하여야 한다는것이다. 이것은 전기와 증기력을 동력으로 하는 기계제생산에로의 이행을 주장하는 견해인것이다.

애국문화운동가들은 선진적이며 능률적인 기계를 창조하여 도입할것을 력설하면서 동시에 발전된 기계설비의 장비가 방대한 자금을 필요로 한다는것을 인식하고 《합자회사의 협력설립》을 제기함으로써 기계도입을 실현할수 있는 구체적 방도까지 해명하였다.

나아가서 그들은 기계도입 및 그 적용의 경제적 유리성과 우월성을 론증하려고 하였다. 그들의 견해에 의하면 발전된 기계로서는 한 사람이 열사람분의 일을 수행하며 열흘에 할 일을 하루에 할수 있다는것이다. ※ 이것은 그들이 기계제생산의 우월성을 사회적 로동의 절약과 로동생산성의 제고의 견지에서 해석하고있음을 보여주고 있다.

※《황성신문》 광무 2년, 12월 16일 론설

새로운 선진기계기술의 도입 및 그 적용이 로동생산성을 제고시키고 이것을 물질적 부를 증대시키는 조건으로 리해한것은 정당한것이였다.

그러나 애국문화운동가들은 기계의 도입과 적용이 자본주의 조건에서 로동자들에게 미치는 영향에 대하여서는 보지 못하였다.

친애하는 지도자 김정일동지께서는 다음과 같이 지적하시였다.
《자본주의사회에서 기술과 생산력의 발전은 로동계급에 대한 착취를 더욱 강화할수 있는 조건으로밖에 되지 않습니다. 자본주의사회에서는 생산에 새로운 기계기술이 도입되면 될수록 그만큼 로동자들이 일자리에서 쫓겨나게 되며 실업자가 늘어나게 됩니다. 자본주의사회에서 새 기술의 도입은 로동자들의 로동을 더욱더 고된것으로 만듭니다.》

일반적으로 기계의 도입과 적용은 로동생산능률을 높이고 많은 로동을 절약한다. 그러나 더 많은 리윤추구를 목적으로 하고있는 자본주의사회에서 기계의 도입과 적용은 로동자들의 어렵고 힘든 로동을 대신해주는것이 아니라 로동자들에 대한 착취를 더욱 강화하는 조건으로 된다. 자본주의사회에서는 생산에 새로운 기계기술이 도입되면 될수록 그만큼 로동자들이 일자리에서 쫓겨나게 되며 그들의 로동은 더욱더 고된것으로 된다.

그러나 애국문화운동가들은 이것을 알지 못하였다. 그들은 다만 부의 증대에 의하여 나라의 《실력양성》과 자본주의적 민족산업을 건설하려는 부르죠아적 립장에서 기계의 도입과 적용을 분석한데로부터 기계적용이 사회관계와 로동자들에게 미치는 영향을 보지 못하였으며 또 볼수도 없었다. 이처럼 애국문화운동가들은 기계의 도입과 적용을 부의 증대라는 일면적인 견지에서밖에 고찰할수가 없었다.

다음으로 애국문화운동가들은 물질적 부를 증대시킬 방도로서 비생산자를 축감시킬것을 주장하였다.

그들은 《놀고먹는 인민이 적은 나라는 천생물이 비록 적다하여도 인작물이 반대로 많은것은 다른 나라의 천생물을 사다가 그 재주와 로력으로 인작물의 수량을 증가하여 다른 나라에 판매하기때문에 자기 나라 가운데 물산이 적어도 다른 나라의 물산이 자기가 본래 가지고있는것과 같지만 놀고먹는 인민이 많은 나라는 자기 지방의 물산이 비록 많아도 그 재간과 지식이 부족하여 자기의 천조물로 다른 나라의 인조물을 사들이게 된다.... 그 원인은 나라가운데 놀고먹는 인민이 있는가 없는가에 있다. 이에 따라 관찰하건대 국가의 부강이 인민의 부지런함과 게으름에 달려있고 물산의 풍부함과 적음에 달려있지 않는것이다.》(《조양보》제1권, 6호 《물산의 관계》)라고 하였다.

여기에서 명백히 볼수 있는것처럼 애국문화운동가들은 자연부원이 많지 않은 나라라하더라도 놀고먹는 사람이 없이 모두 일한다면 물질적 부를 얼마든지 증대시킬수 있다는 결론을 내리고 있다. 이처럼 그들은 물질적 부는 천연적 형태로 존재하는 물산 그 자체에만 의존되는것이 아니라 사람들의 부지런한 정도여부에 의존된다는것을 제기하였다.

물론 이 견해로부터는 생산적 로동에 참가하는 정도에 따라 부의 증대의 크기가 규정된다는 결론을 아직 내릴수는 없다. 그러나 《국가의 부장을 실현하기 위하여 인민들이 직업을 모두 가져야 한다.》(《황성신문》광무 3년, 7월6일, 론설)는 그들의 견해와 《...로동자가 많으면 그 나라가 부강하고 로동자가 적으면 그 나라가 쇠약하고 패하게 된다.》(《대한매일신문》1909년)는 그들의 견해를 종합한다면 모든 사람들이 로동을 하여야만 나라의 부강을 실현할수 있다는 견해를 도출할수 있다. 물론 이렇게 도출된 견해에서도 그 로동이 생산적 로동이라는 결론은 아직 나오지 않는다. 그러나 생산부문들에 대한 애국문화운동가들이 견해와 결부시켜 고찰한다면 일반적으로 기업적 생산활동령역에 종사하는 로동을 물질적 부의 원천으로 보고 있다는것을 지적할수 있다.

물론 애국문화운동가들에게 있어서 생산적 로동에 대한 개념이 과학적으로 형성되여있지 않았으며 따라서 생산적 로동을 가치의 증식, 잉여가치의 생산과 결부시키지 못한 제한성을 가지고있었다. 그러나 로동을 생산부문과 관련시켜 고찰하였다는점은 부의 원천을 정확히 해명할수 있는 기초를 마련한것으로서 그들의 견해의 합리적인 요소를 이루는것이다.

다음으로 애국문화운동가들은 부의 증대의 원천을 물질적 생산부문의 확대에서 찾고있다. 그들은 《식산흥업》을 부의 증대원천으로 보면서 물질적 부의 생산부문을 확정하였다. 《황성신문》에 발표된 《식산문제》라는 론문에 의하면 물질적 부를 증대시키는 생산부문들은 농업, 공업, 수산업, 광업 등이라는것이다. 그들은 1) 농업법의 개량과 황무지의 개간 등에 의한 농산물수확의 증대, 2) 공업법의 장려에 의한 제조품생산의 증대, 3) 어업발달에 의한 수산물생산의 증대 4) 광산채굴의 발전에 의한 광물생산의 증대 등을 물질적 부를 증대시키는 원천으로 보았다. ※

※ 《황성신문》광무 10년, 4권 30일

《식산문제》

여기에서 볼수 있는것처럼 애국문화운동가들은 생산부문을 농업이나 또는 다른 어느 한 부문만으로 보지 않고 모든 물질생산부문일반으로 보았다. 이렇게 함으로써 그들은 중농주의적 립장을 극복하고 생산부문일반이 물질적 부를 증대시키는 원천으로 된다는 견해를 제기하였다.

애국문화운동가들은 《식산흥업》을 물질적부증대의 결정적 원천으로 보았다. 이로부터 그들은 《식산흥업》의 구호를 전면에 내세우고 기업활동의 장려를 강조하였으며 이를 위하여 실업의 발전을 적극 주장하였다. 이리하여 그들은 결국 실업의 발전에서 물질적부증대의 기본원천을 찾게 되였다.

우에서 든 물질적 부의 원천들은 모두가 생산 그 자체에 귀결되는 문제들이였으며 국민부의 증대란 주로 물적 형태의 증대를 의미하는것이였다.

그러나 물질적 부의 범주에 대한 애국문화운동가들의 견해는 여기에만 그친것이 아니였다. 그들은 화페적 부에까지 주의를 돌렸다. 그들은 화페적 부도 물질적 부의 요소라고 리해하였다. 특히 그들에게 있어서 문제시된것은 외화였다.

애국문화운동가들은 《물산이나 제품을 많이 다른 나라에 수출하여 금전이 많이 수입되여야 국부를》(《황성신문》광무 10년, 4월 30일 《식산문제》) 증대시킬수 있다는 견해를 제기하였다. 이 견해는 수출을 증대하여 외화의 획득을 증대시킴으로써 물질적 부의 증대를 달성하려는 립장의 표현이다.

그러나 애국문화운동가들의 이 견해는 결코 대외무역에서 물질적 부의 증대가 이루어진다는것을 의미하는것은 아니다. 다만 그것은 국내에서 창조된 물질적 부와 교환된 외국화페 그 자체가 국내에 들어옴으로써 물질적 부를 조성하는 원천으로 된다는것을 의미할뿐이다. 이것은 《식산흥업은 물산제품이 다량적으로 다른 나라에 수출하는 원동력으로서 국부증진하는 근원》(《황성신문》광무 10년, 4월 30일 《식산문제》)이라고 한데서 명백하게 나타나고있다. 그들은 대외무역도 《식산흥업》에 절대적으로 의존하며 오직 생산이 물질적 부를 증대시키는 근원 즉 가장 기본적인 원천이라는것을 명백히 하였으며 따라서 무역 그 자체를 물질적 부를 증대시키는 원천으로 보지 않았다. 바로 여기에 물질적 부와 그 증대문제에 대한 애국문화운동가들의 견해의 합리적인 요소가 있는것이다. 뿐만아니라 재부를 화페자본만으로 보거나 그와 반대로 현물소재적인 상품자본만으로만도 보지 않고 량자의 총체로 본것도 역시 그들의 견해에서 찾아볼수 있는 합리적인 측면이다.

실업발전을 물질적 부를 증대시키는 기본원천으로 분석한 애국문화운동가들은 물질적 부의 증대와 실업발전이 부강국가건설의 필수적 조건이라는 결론을 내리였다. 그들은 부강국가건설은 실력양성에 토대하며 또 그에 귀결된다고 하면서 《실력양성은 3업(공업, 농업, 상업을 포괄하는 실업을 의미함-인용자)의 발달에 기인한다.》(《서우》제 8호 《실업의 필요》)라고 지적하였다. 이리하여 애국문화운동가들은 나라의 부강발전의 기초로 되는 실업의 발전과 그리고 그와 관련되여있는 일련의 문제들에 대한 리론적 분석을 전개하게 되였다.

애국문화운동가들의 실업에 대한 견해에서 무엇보다도 주목되는것은 실업에 대한 개념규정이다. 실업과 그 발전에 대한 그들의 견해를 종합하면 다음과 같은데 귀결된다. 즉 그들의 견해에 의하면 실업이란 자본을 선대하여 일정한 경영을 진행함으로서 리익(리윤)이 생겨나는 경제부문들의 총체라는것이다. 따라서 그들은 실업에 포함되는 경제부문들을 공업, 농업, 상업 그리고 은행업 등으로 리해하였다. 이리하여 그들은 실업을 생산적 기업뿐아니라 상업, 은행업 등 비생산적 기업까지 포함되는 기업일반에 귀결시켰다. 이것은 자본주의경제관계의 표면현상을 그대로 반영한 부르죠아적 견해인것이다. 그들은 실업을 자본을 선대하는 기업활동과 리윤을 결합시켜 설명함으로써 자본주의적 기업의 본질적 내용을 정확하게 보지 못하고 리윤획득을 목적으로 하는 부르죠아적 요구의 견지에서만 고찰하였다.

애국문화운동가들은 실업의 장려와 그 발전의 필요성 그리고 그것을 실현하는데서 제기되는 실천적 대책들을 제기하고 리론적으로 증명하려고 시도하였다.

그들은 우선 실업의 발전에서 농업, 공업, 상업 즉 3업에 깊은 관심을 돌리면서 그것들의 호상관계를 규정하려고 노력하였다. 그들은 농업, 공업 및 상업의 호상관계를 재생산의 통일적 견지에서 고찰하였다. 그들은 《농공상 3자는 상보상의 하여 발달》(《서우》제7호, 《한국공업》) 한다고 하면서 공업, 농업, 등 생산부문에서 물품을 생산공급하지 않으면 상업이란 있을수 없으며 반대로 상업이 아니면 공업, 농업에서 생산된 물품이 실현될수 없으며 뿐만아니라 공업, 농업 그 자체에 필요한 물품을 공급할수 없게 되고 따라서 재생산이 불가능하다는 견해에 도달하였다. 그들은 정당하게도 《상업이 아니면 농업이 출산한 물건과 공업이 제조한 물건을 리용하기 어려우며 그리고 농업과 공업에 필요한 물품의 부족을 보충하기가 역시 어렵다. 그렇기때문에 3업이 밀접한 관계가 있어야지 어느 하나라도 빠지면 안된다.》(《서우》제8호, 《실업의 필요》라고 하였다. 애국문화운동가들이 이와 같이 공업, 농업, 상업의 호상관계와 그 역할을 재생산의 계기에서 분석고찰한것은 합리적인 측면이다.

애국문화운동가들은 공업발전에 커다란 관심을 돌리였다.

그들은 경제의 여러 부문가운데서 공업의 지위와 역할 문제를 고찰하면서 공업을 농업이 생산한 원료를 가공하는 제2차적 생산부문으로 리해하였다. 그들은 《공업이라는것은 물품을 스스로 출산하는 힘을 없으나 농업이 생산한 원료에 제조하는 기술을 가하여 온갖 물품을 만들어내여 사회의 수요에 제공하는것이다.》(《서우》제8호, 《실업의 필요》)라고 하였다.

이 견해는 채취공업의 발전에 토대한 가공공업이 그리 발전하지 못하였던 당시 우리 나라의 공업발전상태를 반영한것이였다.

애국문화운동가들은 공업을 농업원료를 가공하는 제2차적 부문으로 간주하면서 공업에 원료의 상당한 부분을 공급하는 농업도 중요시하였다. 그들은 비록 농업을 중요시하면서 공업문제를 고찰하였지만 결코 중농주의적 립장에 떨어지지는 않았다. 그것은 그들이 농업만을 생산부문으로 보지 않았고 공업도 역시 중요한 생산부문으로 고찰하였다는것으로써 설명된다. 그들은 《공업이라는것은 ...품용을 정제하여 리익의 원천을 증대시키며 기구를 창조하여 문명을 발달》(《서북학회월보》 제1권, 9호 《식산흥업의 생활방침》)케 한다고 하였다. 여기에서 명백히 볼수 있는것처럼 그들은 공업이 로동도구를 제작하며 그 도구에 기초하여 경제가 발전된다고 보았다. 로동도구의 생산부문으로서의 공업의 중요성을 강조한것은 우리 나라에서 사회경제적 진보를 달성하려고 한 그들의 지향의 직접적 반영인것이다.

애국문화운동가들은 공업에 깊은 관심을 돌리면서 그의 중요성과 역할을 해명하려고 하였다. 그들은 《생활정도의 전진과 물질문명의 복지는 오로지 공업발달에 의하여 촉진되는것이 적지 않다. 때문에 우리 나라의 공업을 개발하는것은 곧 국가의 부력을 증진하고 국민의 지식과 기술을 개발하여 생활상 전진을 기도함에 있어서 크게 힘있는것이다.》(《서우》제7호, 《대한공업》)라고 하였다. 여기에서 그들은 공업발전의 필요성을 《국가의 부력증진》 즉 물질적 부의 증대와 결부하여 분석하였다.

애국문화운동가들은 또한 생산물에 대한 장성하는 사회적 수요를 공업에 의하여 해결하여야 한다는 견해도 제기하였다. 그들은 사회의 발전에 따르는 인구의 증식은 필연적으로 생산물에 대한 사회적 수요의 장성을 동반하지 않을수 없다고 하면서 생산물에 대한 장성하는 수요를 자연적 제한을 받는 농업만으로는 해결할수 없고 농업과 함께 특히는 공업생산의 발전에 의하여 해결할수 있다고 하였다. 그들의 견해에 의하면 농업, 림업 등의 생산은 제한되여있으며 공업만이 생산물의 생산을 제한없이 증대시킬수 있고 그 때문에 공업은 한 나라경제의 열쇠로 된다는것이다. ※

※ 《조양보》제1권, 6호 《상공업의 총론》

애국문화운동가들은 공업문제와 함께 농업문제에 대하여서도 많은 관심을 돌리고 그에 대하여 분석해명하고있다.

그들은 농업을 실업의 한 부문으로 보면서 《농업이란것은 사람에게 제일 중요한 의식을 주며 또 세계 만물을 만들어내는 효용이 있어 그의 범위와 넓이 역시 큰 까닭에 농업을 천하의 대본이라 부른다.》 라고 하였다. 농업생산을 중요시한 그들의 견해는 생산에서 농업이 우위를 차지하고있던 우리 나라의 당시 경제형편을 반영한것이였다. 그러나 이 경우에 있어서도 다른 나라의 중농주의자들처럼 농업생산만을 일면적으로 고찰하지 않고 전반적인 생산의 발전속에서 그것도 공업과의 관계속에서 분석하였다.

이상에서 제기된 실업의 부문으로서의 공업 및 농업 생산에 대한 애국문화운동가들의 견해는 어디까지나 물질적 부의 증대문제와 련결되여 있는것으로서 부르죠아적 요구를 직접적으로 반영하고있었다.

애국문화운동가들은 물질적 부의 증대를 실현하는데서 실업발전의 의의와 역할을 밝혔을뿐아니라 우리 나라에서 실업발전의 조건과 가능성에 대하여서도 또한 분석하였다.

그들은 자원이 풍부하지 못함에도 불구하고 산업을 발전시키고있는 다른 나라들의 경험들을 분석하면서 우리 나라에서 실업발전의 조건과 가능성을 해명하였다. 그들의 견해에 의하면 우리 나라에는 자연부원이 풍부하며 정교한 기술로 이름을 떨친 인민들이 있다는데로부터 실업발전의 유리한 조건과 충분한 가능성이 있다는것이다. 그들은 이런 형편에서 인민들의 기업심을 배양하여 결합시킨다면 능히 실업발전을 촉진시킬수 있다고 주장하였다. 물론 여기에서 그들이 말하는 인민들이란 자본가를 념두에 두고있는것이다.

끝으로 애국문화운동가들은 실업을 자본주의적 경영에 기초하여 발전시켜야 한다는 견해를 제기하였다. 

그들은 자본의 합자에 의한 주식회사의 광범한 설립을 주장하였으며 자본가, 로동자, 기술자의 협력을 설교하였다. 그들은 《...공상회사를 각각 조직하여 자본가, 로동자, 기술자가 합력경영》하는 기업들을 창설하여야 한다고 제기하였다. 이렇게 함으로써 그들은 자본주의적 경영에 토대하는 실업의 발전을 주장하였다.

그들은 자본주의적 내적 구조의 모순, 자본주의적 경영에 내재하는 계급적 모순, 로동계급과 자본가계급사이의 리해관계의 대립을 보려고 하지 않았으며 또 볼수도 없었다. 반대로 그들은 로동자와 자본가사이의 결합으로 실업의 발전을 추진시키려고 하였다. 바로 이러한 견해속에는 우리 나라에서 자본주의발전의 미숙성이 반영되여있는 동시에 실업발전에 의하여 물질적 부의 증대를 실현함으로써 자기들의 리익을 얻으려는 부르죠아적 요구가 관통되고있는것이다.

부르죠아적 리해관계의 대변자인 애국문화운동가들은 우에서 볼수 있는것처럼 물질적 부의 생산에 대한 견해에서 봉건주의에 대한 자본주의의 우월성을 강조하였고 자본주의적 관계의 발전을 적극 지지옹호하였다. 그러나 그들의 계급적 성격으로 하여 자본주의적 관계를 절대화하고 리상화함으로써 그의 본질과 력사적 역할을 옳게 해명할수 없었다. 리론면에서의 이러한 제한성과 함께 실천면에서도 본질적인 약점을 가지고 있었다. 나라의 정치적 독립이 초미의 문제로 된 환경에서 《자강분발》, 《실력양성》 등을 위한 계몽에 절대적 의의를 부여함으로써 애국문화운동가들의 견해에서는 근본적인 약점을 극복할수가 없었다. 사실상 나라의 독립과 국가주권과 같은 정치적 담보가 없는 조건에서 《실력양성》을 위한 물질적 부의 증대나 계몽은 실현될수 없는것이다. 그리하여 애국문화운동가들의 경제적 견해는 실천에 옮겨지지 못하였으며 앞으로 더 개화되지도 못하였다.",KIS,late_socialist_planning,1980s,7.856319571406588
자연부원과 그 합리적 리용,정영룡,1988,3,0,NA,KIS,late_socialist_planning,1980s,0
"지방경제를 종합적으로 발전시키는것은 사회주의, 공산주의건설의 합법칙적요구",리수일,1990,3,1229,"지방경제를 종합적으로 발전시키는것은 사회주의, 공산주의건설에서 나서는 중요한 문제의 하나이다.

지방경제를 종합적으로 발전시킨다는것은 매개 지방들에서 지방살림살이를 자체로 꾸려나가는데 필요한 경제를 건설하고 발전시켜나간다는것을 말한다.

지방경제는 지방주민들의 생활상수요와 지방적의의를 가지는 건설에 필요한 물질적수요를 충족시키기 위하여 지방의 원료원천과 로력원천에 의거하여 지방경제관리기관들에 의하여 움직이는 경제이다.

지방경제의 종합적성격은 주민들의 물질적수요와 지방의 생산자원의 특성에 적응하게 부문구조가 갖추어지고 생산과 소비가 실현되는데서 나타난다.

지방경제는 일정한 지역을 단위로 하여 종합적으로 발전하며 우리 나라에서 그러한 단위는 군이다.

군을 단위로 하여 지방경제를 종합적으로 발전시키는것은 지난 시기 주로 농업생산에 치우쳐있던 지방경제의 일면성과 락후성을 없애고 나라의 모든 지방들에서 주민들의 물질적수요를 보다 원만히 보장할수 있는 지방공업과 농업, 건설, 류통, 수송, 봉사 등 여러 부문들을 건설하고 발전시키는 사업이다.

대규모중앙공업을 발전시키면서 지방경제를 종합적으로 발전시키는것은 사회주의, 공산주의건설의 합법칙적요구이다.

친애하는 지도자 김정일동지께서는 다음과 같이 지적하시였다.
《지방경제를 종합적으로 발전시키는것은 우리 당의 방침이며 사회주의건설의 합법칙적요구입니다.》

지방경제를 종합적으로 발전시키는것이 사회주의, 공산주의건설의 합법칙적요구로 되는것은 무엇보다먼저 그것이 나라의 경제발전을 다그치고 인민들의 늘어나는 물질적수요를 더욱 원만히 충족시킬수 있게 하기때문이다.

친애하는 지도자 김정일동지께서는 다음과 같이 지적하시였다.
《지방경제를 발전시켜야 나라의 모든 잠재력을 최대한으로 동원리용하여 사회주의경제건설을 힘있게 다그칠수 있으며 인민들의 늘어나는 물질적수요를 더욱 원만히 충족시킬수 있다.》

경제를 높은 속도로 발전시키고 날로 늘어나는 인민들의 물질적수요를 원만히 보장하는것은 사회주의, 공산주의건설의 중요한 요구이다.

경제를 빨리 발전시켜 사회주의, 공산주의의 물질기술적토대를 튼튼히 쌓고 인민들에게 풍요한 물질생활을 보장해주어야 근로인민대중의 자주성을 완전히 실현할수 있다.

경제건설과 인민생활향상에서 결정적역할을 하는것은 대규모중앙공업이다.

대규모중앙공업은 분업과 협업을 합리적으로 조직하고 새 기술을 도입하여 로동생산능률을 높이는데서 커다란 우월성을 가지고있으나 그것만으로는 경제건설과 인민생활향상에서 나서는 모든 문제를 제때에 원만히 풀어나갈수 없다.

지방경제를 종합적으로 발전시키는것은 우선 사회주의경제건설을 더욱 힘있게 다그칠수 있게 한다.

생산의 급속한 발전을 위하여서는 나라의 모든 지역, 모든 부문들에서 생산잠재력을 최대한으로 동원리용하며 부문사이, 지역사이, 중앙과 지방사이의 균형적발전을 보장하여야 한다.

지방경제의 종합적발전은 무엇보다도 지방에 있는 온갖 생산적예비와 가능성을 남김없이 동원리용하도록 한다.

사회주의적생산의 확대는 축적과 내부예비를 원천으로 하여 실현된다.

축적을 통한 생산확대는 국민소득을 원천으로 하는 추가적지출로써 실현된다면 내부예비를 통한 생산확대는 국가적인 추가적투자없이 실현된다.

그러므로 생산발전의 끊임없는 높은 속도를 실현하려면 축적을 늘이고 합리적으로 리용하는것과 함께 나라의 모든 예비를 최대한으로 동원리용하여야 한다.

지방에는 해당 지역의 자연경제적특성에 따르는 여러가지 물적, 인적예비가 많다.

지방경제의 발전은 지방에 있는 유휴로력과 유휴자재, 원료자원을 남김없이 동원리용함으로써 로동력과 로동대상, 로동수단에 대한 국가의 추가적지출이 거의 없이 소비품생산을 빨리 늘일수 있게 한다.

지방공업을 발전시키고 지방경제의 종합적발전을 이룩하는것은 공업과 농업, 생산과 소비를 접근시키게 한다.

이것은 공업생산물과 농업생산물의 실현과정을 촉진시키고 생산물의 교환, 분배와 관련한 로동지출을 절약할수 있게 하며 따라서 사회적로동생산능률을 높이고 생산
										의 빠른 발전을 보장할수 있게 한다.

또한 지방공업의 발전에 의한 소비품생산의 장성은 경공업발전을 위한 국가투자를 적게 하고 중공업에 더 많은 투자를 할수 있게 한다.

이것은 지방경제의 발전이 중공업의 우선적장성과 사회주의확대재생산의 높은 속도를 견지할수 있게 하는 유리한 조건을 지어준다는것을 말하여준다.

지방경제의 종합적발전은 또한 사회주의적확대재생산의 균형을 적극적으로 실현할수 있게 한다.

경제발전의 높은 속도는 합리적인 균형을 전제로 한다.

지방경제의 종합적발전은 사회주의적확대재생산의 요구에 맞게 축적과 소비사이의 균형을 합리적으로 보장하는데 적극 이바지한다.

축적을 우선적으로 장성시키면서 소비를 동시에 따라세우는것은 확대재생산의 높은 속도를 이룩하기 위한 중요한 요구이다.

지방경제의 종합적발전은 지방의 살림살이를 자체로 꾸려나가도록 함으로써 국가의 부담을 크게 덜어주고 더 많은 자금을 축적에 돌릴수 있게 한다.

중소규모의 지방공업을 비롯한 지방경제는 적은 자금을 지출하면서도 투자의 효과성을 높이고 소비품의 생산과 류통을 촉진시켜 인민들의 소비적수요를 더욱 원만히 충족시킴으로써 장성하는 축적에 소비를 적극적으로 따라세울수 있게 한다.

지방경제의 종합적발전은 또한 군을 단위로 하여 지방살림살이에 필요한 여러가지 생산부문들을 기본적으로 갖추고 발전하게 함으로써 부문사이, 지역사이, 중앙과 지방사이의 조화로운 균형적발전을 더 잘 보장하여준다.

이밖에도 지방경제의 종합적발전은 로동력의 수요와 공급사이의 균형, 생산과 운수사이의 균형, 상품류통과 화페류통사이의 균형을 보다 확고히 보장하는데 이바지함으로써 확대재생산의 높은 발전속도를 이룩할수 있게 한다.

지방경제의 종합적발전은 다음으로 인민들의 늘어나는 물질적수요를 더욱 원만히 충족시킬수 있게 한다.

인민들의 날로 늘어나는 물질적수요를 원만히 충족시키자면 생산물이 량적으로 많고 질이 높아야 할뿐아니라 그 가지수가 많아야 한다.

소비품에 대한 인민들의 수요의 기본적인것은 대규모중앙경공업공장들의 생산에 의하여 해결되나 그것만으로는 모든 지방인민들의 다양한 수요를 량적으로나 품종상으로 완전히 해결하지는 못한다.

이러한 제한성은 나라의 모든 지역에서 지방경제를 종합적으로 발전시킴으로써만 보다 원만히 해결할수 있게 한다.

지방경제의 종합적발전은 수많은 경공업공장들을 나라의 도처에 꾸려놓게 함으로써 소비품생산기지를 확대하여 주민들의 수요를 량적으로나 품종상으로 더욱 원만히 충족시킬수 있게 한다.

중소규모의 지방공업은 수요가 비교적 적은 제품을 생산하는데 편리할뿐아니라 소비지에 접근되여있고 기술이 비교적 단순하다.

그러므로 지방공업에서는 주민들의 수요구조의 변동에 따라 생산조직을 기동적으로 개편할수 있게 함으로써 지방인민들의 수요를 제때에 보다 원만히 충족시켜줄수 있게 한다.

지방경제의 종합적발전은 또한 농업을 급속히 발전시켜 인민들의 먹는 문제를 보다 원만히 해결할수 있게 한다.

지방경제의 종합적발전은 농촌경리를 기업적방법으로 지도하며 중앙공업과 지방공업의 지원밑에 농업을 다각적으로 빨리 발전시켜 여러가지 농업생산물을 증대시킴으로써 식료품에 대한 주민들의 다양한 수요를 보다 원만히 충족시킬수 있게 한다.

지방경제의 종합적발전은 또한 모든 지방들에서 자체의 공급기지를 튼튼히 꾸리고 상업과 편의봉사사업을 개선하여 주민들의 물질문화봉사적수요를 제때에 더 잘 충족시켜줄수 있게 한다.

이 모든것은 지방경제를 종합적으로 발전시키는것이 경제발전을 다그치고 인민들의 늘어나는 물질적수요를 보다 원만히 충족시킬데 대한 사회주의, 공산주의건설의 합법칙적요구를 성과적으로 실현할수 있게 한다는것을 보여준다.

지방경제를 종합적으로 발전시키는것이 사회주의, 공산주의건설의 합법칙적요구로 되는것은 다음으로 그것이 도시와 농촌의 차이, 지역들사이의 차이를 빨리 없애고 나라의 모든 지역 주민들의 생활을 고르롭게 향상시킬수 있게 하기때문이다.

친애하는 지도자 김정일동지께서는 다음과 같이 지적하시였다.
《지방경제를 종합적으로 발전시켜야 지방인민들의 여러가지 물질문화적수요를 더 잘 충족시키고 나라의 전반적지역을 고르롭게 발전시킬수 있으며 도시와 농촌의 차이도 빨리 줄일수 있습니다.》

공산주의사회는 모든 지역이 다같이 발전하고 모든 지방주민들이 다같이 잘사는 사회이다.

따라서 도시와 농촌의 차이, 지역들사이의 차이를 없애고 나라의 모든 지역 인민들의 물질생활을 고르롭게 향상시키는것은 사회주의, 공산주의건설의 합법칙적요구이며 로동계급의 당과 국가앞에 나서는 중요한 과업이다.

지방경제를 종합적으로 발전시키는것은 무엇보다도 사상, 기술, 문화의 모든 면에서 농촌을 도시의 수준으로 끌어올려 도시와 농촌의 차이를 빨리 없앨수 있게 한다.

도시에 비한 농촌의 락후성을 퇴치하고 도시와 농촌간의 차이를 빨리 없애는데서 중요한것은 공업의 지도적역할을 끊임없이 높이는 기초우에서 농촌경리의 물질기술적토대를 강화하고 농업을 공업화하는것이다.

지방경제의 종합적발전은 군을 단위로 하여 중소규모의 공장들을 많이 건설함으로써 공업을 농업에 더욱더 접근시킨다.

이것은 공업의 발전된 기술과 선진적인 기업관리방법을 농촌에 더 잘 보급하게 함으로써 농업을 공업의 수준에 끌어올리는데서 중요한 작용을 한다.

도시에 비한 농촌의 락후성을 퇴치하고 도시와 농촌간의 차이를 없애는데서 중요한것은 또한 농민들의 사상, 기술, 문화수준을 높이는것이다.

지방경제의 종합적발전은 분산된 농촌에도 공업을 비롯한 사회적분업의 기본분야를 종합적으로 배치하게 함으로써 농촌지역에도 로동계급대렬이 점차 늘어나게 한다.

이것은 농민들로 하여금 로동계급과의 접촉을 밀접히 하여 그들의 선진사상과 문화, 현대적인 과학기술지식을 보다 효과적으로 배울수 있게 한다.

도시와 농촌의 차이를 줄이는 과정, 농촌이 도시를 닮아가는 과정에 농촌의 각이한 지대들사이의 차이도 줄어들게 된다.

농촌지대들사이의 차이는 주로 농업생산조건과 관련된다.

농업의 기본생산수단은 토지이며 부침땅의 면적과 지력, 위치조건은 지대에 따라 차이가 있다.

각이한 생산조건에서 투하되는 농민들의 로동은 그 효과성이 같을수 없으며 이로부터 같은 량의 로동을 지출하여도 생산결과는 서로 차이를 가져온다.

농업이 협동적소유에 기초하고있는 조건에서 농업생산물은 협동농장을 단위로 하여 점유되며 따라서 지력을 비롯한 자연경제적조건과 생산물실현조건의 차이로 하여 소득에서의 차이가 있게 되는것은 불가피하다.

지방경제의 종합적발전은 군을 단위로 하여 필요한 경제부문들을 창설하고 해당 지방의 특성에 맞게 모든 예비와 가능성을 남김없이 동원하여 자체로 살아나갈수 있는 경제토대를 튼튼히 꾸릴수 있게 함으로써 모든 지역의 고르로운 발전을 보장한다.

지방경제의 종합적발전은 산을 낀 지방들에서는 산을 잘 리용하여 지방공업과 축산업을 발전시키고 부침땅을 합리적으로 리용하며 바다를 낀 곳에서는 바다를 효과적으로 리용하여 지방경제를 발전시킴으로써 지대들사이, 협동농장들사이 소득에서의 차이를 줄여나가게 한다.

군을 단위로 하는 지방경제의 발전은 주민들이 살고있는 나라의 모든 지역에 생산력의 합리적배치를 실현하고 교통조건을 비롯한 여러가지 생활조건들에서 지대들사이의 차이도 성과적으로 없앨수 있게 한다.

이 모든것은 지방경제를 종합적으로 발전시키는것이 도시와 농촌의 차이, 지역들사이의 차이를 없애고 나라의 모든 지방을 다같이 발전시켜 인민들의 생활을 고르롭게 높일데 대한 사회주의, 공산주의건설의 합법칙적요구를 보다 원만히 실현할수 있게 한다는것을 보여준다.

지방경제를 종합적으로 발전시켜 모든 지방들이 살림살이를 자체로 꾸려나갈수 있게 만들면 일단 유사시에도 큰 은을 낼수 있다.

지방경제를 종합적으로 발전시키는것이 사회주의, 공산주의건설에서 가지는 의의와 생활력은 오늘 우리 나라 지방경제의 발전에서 뚜렷이 확증되고있다.

위대한 수령 김일성동지와 친애하는 지도자 김정일동지의 현명한 령도밑에 우리 나라에는 군을 단위로 하여 종합적으로 발전하는 지방경제의 튼튼한 토대가 마련되였다.

모든 군들에서는 자체의 튼튼한 경제토대에 의거하여 군내 주민들의 일상생활에 필요한 식료품과 필수품에 대한 수요를 보다 원만히 충족시키고있다.

지방경제의 토대가 튼튼히 마련됨으로써 사회주의, 공산주의의 물질기술적토대가 더욱 튼튼히 다져지고 산간지대에 이르기까지 모든 지역의 경제와 주민들의 생활은 날로 고르롭게 향상되고있으며 사회주의농촌문제를 종국적으로 해결할수 있는 휘황한 전망이 펼쳐지고있다.

모든 일군들과 근로자들은 지방경제를 종합적으로 발전시킬데 대한 주체의 경제리론의 정당성과 그 위대한 생활력을 깊이 연구체득하고 그것을 철저히 구현해나감으로써 사회주의, 공산주의건설을 더욱 힘있게 다그쳐나가야 할것이다.",KIS,late_socialist_planning,1990s,7.114769448366463
"기업관리의 과학화, 합리화와 생산의 끊임없는 장성",리영민,1989,4,1683,"현시기 우리 당은 사회주의경제제도의 본성과 대안의 사업체계의 요구에 맞게 기업관리를 과학화, 합리화하여 이미 마련된 생산토대를 최대한 효과적으로 리용함으로써 생산과 건설을 힘있게 다그치도록 하는데 큰 힘을 넣고있다.

위대한 수령 김일성동지께서는 다음과 같이 교시하시였다.
《사회주의건설의 현실적요구에 맞게 경제지도와 기업관리를 과학화, 합리화하여야 하겠습니다.》(《김일성저작선집》9권, 485페지)

기업관리를 과학화, 합리화한다는것은 객관적 경제법칙과 사회주의경제관리원칙에 맞게 경제조직사업을 잘하며 최신과학기술에 토대한 관리방법들과 현대적인 기술수단들을 널리 받아들여 생산조직과 지휘를 과학적리치에 맞게 진행한다는것이다.

다시말하여 확대된 분업과 현대 과학기술에 토대하여 끊임없이 발전하는 사회주의국영기업소의 특성에 맞게 사회주의사회에서 작용하는 객관적 경제법칙과 사회주의경제관리원칙의 요구를 충족시킬수 있도록 계획작성, 생산조직, 생산지휘, 계획수행 평가를 진행하며 여러가지 경제적공간들을 가장 합리적으로 리용하여 경영활동을 능률적으로 보다 더 효과있게 조직진행한다는것이다.

그리고 경제조종학을 비롯한 과학기술발전의 최신성과들과 전자계산기와 같은 현대적기술수단들을 널리 받아들여 기업관리에서 나서는 타산과 분석을 신속정확하게 진행하며 생산과정에서 제기되는 정황들을 제때에 판단하고 필요한 대책을 기동적으로 세워나감으로써 생산과 경영활동을 과학적리치와 기술공학적 요구에 맞게 조직하고 진행한다는것이다.

기업관리를 과학화, 합리화하는것은 사회주의건설의 합법칙적요구이며 생산의 높은 장성을 이룩하기 위한 중요한 방도이다.

기업관리의 과학화, 합리화는 무엇보다도 생산자원을 절약적으로 리용하여 최소한의 지출로 최대한의 생산적효과를 이룩할수 있게 한다.

생산과정은 자재, 설비, 로력자원의 소비과정이며 따라서 생산이 정상적으로 이루어지자면 생산자원이 충분히 마련되여야 한다.

그렇다고 하여 지출된것만큼 생산된다거나 지출규모의 장성이 생산장성과 언제나 같은 수준에서 이루어진다는것을 의미하는것은 아니다.

생산과정에는 기술공학적 원인을 비롯한 여러가지 사정으로 하여 로력, 설비 등 생산자원이 합리적으로 리용되지 못하거나 지출된 연료, 원료, 자제의 일부가 페설물, 부산물 형태로 떨어져 나가게 된다.

이것이 어느 정도인가 하는것을 특징짓는 지표가 바로 생산의 경제적효과성이며 그것은 주로 생산관리수준과 과학기술의 발전정도에 크게 달려있다.

생산자원의 지출을 최소로 하면서 최대한의 생산을 보장하는것은 현대적 생산의 필수적요구이며 이것은 사회주의경제의 조직화 및 관리운영수준이 높아질수록 보다 더 절실한 문제로 나선다.

그것은 생산의 빠른 발전과 함께 자원에 대한 수요가 급격히 늘어나는 반면에 자원량은 어느정도 제한되여있는 사정과 관련된다.

물론 최신 과학기술의 성과에 토대하여 현대적이고 능률적인 기계설비들이 창안제작되여 생산확대에서 산로동에 비한 과거로동의 몫이 비상히 늘어나고 대용원료, 대용자재들과 함께 새로운 원료, 연료, 자재들이 개발리용됨으로써 자원의 제한성을 극복할수 있는 유리한 조건이 마련되고있지만 그러한 경우에도 지출의 절약문제는 결코 약화되지 않는다.

기업관리의 과학화, 합리화는 세부적인 타산과 분석에 기초하여 기술공학적 원리에 맞게 생산공정조직을 최량화함으로써 이미 마련된 고정재산의 리용률을 결정적으로 높이고 생산에 대한 그 지출을 극력 줄일수 있게 한다.

그리하여 생산토대리용의 효과성을 높이고 고정재산 단위당생산량을 크게 증대시킬수 있게 한다.

또한 가장 최량적인 조건에서 원료와 자재, 연료와 동력을 요긴하게 쓸수있도록 생산조직과 지휘를 짜고듦으로써 지출의 효과를 높이고 물자의 절약적 리용을 보장할수 있게 한다.

이와 함께 로동조직을 빈틈없이 짜고들어 생산물단위당 산로동의 지출을 끊임없이 줄임으로써 로력자수를 늘이지 않고도 생산의 높은 장성을 보장할수 있게 한다.

결국 기업관리의 과학화 합리화는 생산자원의 절약적인 리용에 의하여 지출의 장성
										보다 생산의 장성을 체계적으로 앞세워 나감으로써 제한된 자원을 가지고 생산을 빨리 늘여나갈수 있게 한다.

기업관리의 과학화, 합리화는 또한 생산장성의 예비를 모조리 찾아내고 그것을 최대한 효과적으로 리용하여 생산발전을 힘있게 다그칠수 있게 한다.

인민경제 보든 부문에서 온갖 예비를 남김없이 탐구동원하는것은 사회주의경제건설을 다그쳐나가기 위하여 일관하게 틀어쥐고나가야 할 중요한 문제이며 생산을 빨리 늘일수 있는 기본방도의 하나이다.

내부예비는 인민경제 모든 부문 어느 단위에나 있는 생산장성의 가능성이며 경제의 규모가 커지고 생산이 빨리 발전할수록 끊임없이 잠재하는 항구적인 예비이다.

물론 사회주의건설이 심화되고 과학과 기술의 빠른 발전에 토대하여 생산의 경제적효과성이 훨씬 높아진 지금에 와서 내부예비는 많은 노력을 기울여야만 동원할수 있다.

이미 리용중에 있는 생산요소들의 효과성과 생산성을 높여 동원할수 있는 예비의 경우에는 더욱 그러하다.

이것은 사회경제현상에 대한 정량적분석과 세부적인 타산에 기초하여 기업관리를 과학적으로 진행하여야 적극 동원리용할수 있다.

기업관리의 과학화 합리화는 온갖 조건과 가능성을 다 리용하여 모든 기계설비들과 장비들을 다 움직이게 하고 그 능력을 보다 완전히 리용하게 할뿐아니라 그것을 더 높여준다.

이것은 공장, 기업소들에서 생산의 특성과 기술기능수준에 맞게 로력을 적재적소에 배치하고 설비들에 대한 기술관리를 근본적으로 개선하는 방법으로 실현되며 또한 설비능력을 과학적으로 타산하고 그의 배치를 합리적으로 개선하여 생산단위들사이 기종사이의 능력과 균형을 잘 맞추고 보다 조화로운 생산기술적 련계를 보장함으로써 이루어진다.

이와 함께 생산과 경영활동의 결과를 과학적으로 타산하고 분석하는 과정에 불비한 설비와 약한 고리, 뒤떨어진 방법을 찾아내고 그것을 보충완비하거나 앞선 방법을 받아들임으로써 추가적투자없이 혹은 보다 적은 투자로 생산능력을 보강하는 사업을 실현할수 있게 한다.

기업관리의 과학화, 합리화는 원료, 자재, 연료, 동력의 분배와 관리에서도 막대한 예비를 찾아 그것을 생산확대에 효과적으로 쓸수 있게 한다.

원료, 자재의 보유정형과 소비정형을 세부적 단면에서 따져보고 엄격하고 과학적인 계량계측제도에 의하여 꼭 필요한만큼 제때에 정확히 조절공급하여 원료, 자재의 물리화학적 특성에 맞게 보관하고 수송하는 정연한 질서를 세우는 등 원료, 자재의 분배와 관리사업만 짜고들어도 많은 예비를 찾아낼수 있다.

원료, 자재를 기술공학적 원리와 리치에 맞게 시기별 품종별, 재질별, 용도별, 규격별, 형태별로 잘 가려 생산에 인입하여도 부산물의 비중을 낮추고 페설물을 극력 줄일수 있으며 기술공정상 손실과 랑비를 가장 적게 할수 있다.

기업관리의 과학화, 합리화는 로력관리에서도 많은 예비를 탐구동원할수 있게 한다.

기능공로력을 고착시키고 기본생산과 보조생산사이 직접부문과 간접부문사이, 생산부문과 관리부문사이의 로력을 균형적으로 조절배치하며 앞선 기술수법들과 전자계산기를 비롯한 현대적인 기술수단들이 광범히 리용되는 현실적 조건에 맞게 기술봉사로력을 체계적으로 보충하는 등 로동행정사업의 개선에 의하여서도 많은 로력예비를 찾아내고 동원할수 있다.

이렇게 함으로써 한사람당 생산량을 높이고 로력자원의 절약적인 리용을 보장하여 생산을 확대하는데 더 많은 로력을 돌릴수 있게 된다.

기업관리의 과학화, 합리화는 다음으로 자극공간들을 효과적으로 적용하여 생산을 적극 다그칠수 있게 한다.

생산을 힘있게 다그치자면 사회주의사회의 공산주의적 성격과 과도적특성에 맞게 로동에 대한 자극공간들을 효과적으로 리용하여 근로자들의 생산열의와 창발성을 끊임없이 높여나가야 한다.

사회주의하에서 자극공간의 효과적인 리용은 기업관리의 과학화, 합리화를 전제로 한다.

생산에서 혁신을 일으키고 사회주의건설에 기여한 기업소집단과 개별적 일군들에게 정치적평가를 위주로 하면서 물질적평가를 하자면 응당 그 기업소집단과 개별적 일군이 계획기간에 대비기간 혹은 다른 대상들보다 상대적으로 생산을 얼마나 늘이고 지출을 얼마만큼 절약하였으며 결과에 국가에 얼마만한 리익을 주었는가 하는 자료를 과학적으로 근거지어야 한다.

이것은 기업관리를 과학화, 합리화하여 계획작성, 생산조직과 지휘, 계획수행과정과 결과에 대한 계산과 평가를 모두 엄밀한 과학적타산과 분석에 기초하여 옳게 진행될 때 원만히 풀수 있다.

독립채산제기업소에서 중요한 물질적 자극공간으로 리용되는 우대제상금이 그 실례로 될수있다.

우대제상금은 독립채산제기업소들에서 일을 잘하여 초과리윤을 냈을 때 근로자들의 창의창발성을 보다 힘있게 불러일으키기 위하여 적용하는 물질적 자극공간의 한 형태이다.

독립채산제기업소가 상금기금을 세우고 쓰자면 그달 생산계획과 원가계획, 리윤계획과 국가예산납부계획을 수행하고 초과리윤을 조성해야 하며 이것을 합리적으로 분배하자면 생산계획, 원가계획 또는 절약과제, 로동생산능률계획과 주요설비의 리용률계획, 주요원료, 자재, 동력의 소비기준같은것을 구체적으로 타산하여야 한다.

세밀하고도 과학적인 타산과 분석에 기초하여 얻어진 자료들에 의거할 때만이 직장, 작업반, 개별적 일군들에 대한 평가를 바로 할수있으며 그에 따라 사회주의분배법칙의 요구를 철저히 구현할수있고 작업공간을 옳게 적용할수 있다.

그런데 생산과정과 그 결과에 대한 타산과 분석은 복잡한 계산업무량을 요구한다.

생산의 전문화, 협동화가 날로 심화발전되고 생산부문, 생산단위들사이의 련계가 매우 복잡해졌으며 기업소들의 규모가 련합된 단위로 확대되고있는 오늘 그에 필요한 계산업무량은 실로 방대하다.

이것을 신속정확히 처리하여 요구되는 자료들을 제때에 얻어내자면 계산방법을 혁신하여야 하며 계산기술수단도 현대화하여야 한다.

기업관리의 과학화, 합리화는 보다 완성된 계산수법들과 전자계산기를 비롯한 현대적인 계산기술수단들을 리용하여 생산계획을 세우는 시초계산공정부터 경영활동결과의 평가에 이르는 모든 경제계산과정을 과학적으로 제정한 기준과 엄밀한 계량계측에 의하여 세부적으로 진행하고 그에 맞게 생산을 추진시켜 나갈수 있게된다.

따라서 기업관리를 과학화, 합리화하면 개별적 일군들의 로동일평가는 물론 작업반, 직장, 기간, 기업소의 사업을 질, 량적으로 정확히 평가할수 있으며 결국 과학적인 근거를 가지고 자극공간들을 옳게 적용함으로써 근로자들의 생산열의를 높이고 그들을 생산적앙양을 이룩하는데도 적극 조직동원 할수있다.

이 모든것은 기업관리를 과학화, 합리화하는것이 이미 마련된 토대를 효과적으로 리용하여 생산을 힘있게 다그칠수 있는 유력한 방도로 된다는것을 뚜렷이 보여준다.

기업관리를 과학화, 합리화하는데서 중요한 문제는 무엇보다도 계량계측제도를 바로 세우는것이다.

계량계측제도를 바로 세우는것은 현대적 생산을 과학적으로 조직진행하며 그 결과를 옳게 평가하기 위한 전제이며 전자계산기를 비롯한 현대적인 기술수단들과 앞선 관리수법들을 효과적으로 적용하기 위한 필수적 요구이다.

계량계측제도를 바로 세움으로써만 생산자들의 계획수행률과 로동의 질적 상태, 절약과제수행정도를 정확히 평가할수 있으며 련합기업소와 생산단위들의 관리운영사업을 과학적 리치에 맞게 조직운영할수 있다.

계량계측체도를 세우기 위한 중요한 담보는 정밀도가 높고 동작의 신뢰성을 보장할수 있는 현대적인 측정계기들과 도량형기들을 대대적으로 생산보장하는것이다.

현대적 생산은 정밀화, 고속도화로 특징지어지며 고성능화와 극소형화를 추세로 하고있다.

특히 생산공정의 종합적기계화, 자동화, 로보트화, 전자계산기화를 기본으로 하여 전개되고있는 현대적 생산은 고도로 발전된 계량계측수단들에 의거함으로써만 생산조직과 지휘를 기동적으로 옳게 실현할수 있다.

정밀도가 높고 쓰기에 편리한 현대적인 계량계측수단들을 적극 개발하는 한편 그것을 대대적으로 생산보장할 때 기업관리가 엄밀한 계량계측에 의하여 과학적으로 진행될수 있다.

계량계측제도를 바로 세우는 사업은 그 수단들에 대한 관리와 점검사업을 책임적으로 진행하여야 원만히 수행될수 있다.

그러자면 모든 계량계측수단들을 정확히 등록하고 일정한 주기에 따라 국가원기와 표준계기에 맞추어 정상적으로 점검하는 제도를 세우는것이 필요하다.

또한 계량계측수단들을 알뜰히 관리하고 그 리용에서 엄격한 책임제를 적용하여야 하며 계량계측수단들을 임의대로 고치거나 망탕 다루는 일이 없도록 장악통제하여야 한다.

계량계측체계를 바로 세우는것은 계량계측단위를 정하는 사업과도 크게 관계된다.

복잡하게 세분확대되는 생산과정과 그 결과에 대한 타산에서는 여러가지 계량계측단위가 필요하다.

기업관리의 과학화, 합리화에서는 특히 생산물과 건설물의 량과 질을 함께 평가할수있는 복합단위들이 널리 리용된다.

기관, 기업소들에서는 자기 단위의 실정과 생산기술적특성에 맞게 측정단위를 바로 선택하고 그것이 비록 계산상 복잡성을 가져오거나 품이 많이 든다고 하여도 정확히 리용하는 질서를 세워야 한다.

그래야 계량계측에서 복합단위의 리용범위를 확대하고 그에 기초하여 생산과정과 경영활동을 옳게 분석평가하는 제도를 세울수 있다.

기업관리를 과학화, 합리화하는데서 중요한 문제는 또한 과학적인 관리수법들과 현대적인 기술수단들을 널리 받아들이는것이다.

기업관리의 과학화, 합리화는 구체적이고도 세부적인 타산과 분석에 기초하여 실현되며 이것은 과학적인 관리수법들과 현대적인 계산기술수단들의 적용을 전제로 한다.

사회적생산과정을 통하여 맺어지는 다양하고 복잡한 경제적현상과 과정을 객관적인 경제자료들에 의하여 구체적으로 분석하고 생산과 경영활동에 필요한 대책을 기동적으로 세워나가자면 여러가지 과학적인 타산 수법들과 방법들을 널리 적용하여야 한다.

실례로 생산의 효과성을 높이고 건설대상의 완공기일을 최소로 할수 있게 작업장에 자재를 분배하는 문제나 빈차운행을 가장 적게 하는 수송방안을 찾는 문제와 같은것은 선행계획법과 같은 계산방법을 적용하여야 정확히 풀수 있다.

기업관리에서 흔히 맞다들게 되는 최량규모의 선택이나 부분품의 조구성에서 최량방안의 선택과 같은것은 비선형계획법, 동적계획법과 같은 수리계획법을 적용하여야 원만히 해결될수 있다.

물론 실천에서 이러한 계산방법들을 적용하기 위하여서는 방대한 계산업무량을 처리해야 한다.

이것은 경제수학적방법을 기업관리에 적용하는데서 전자계산기를 비롯한 현대적기술수단들을 광범히 리용하여야 한다는것을 말해주는것이다.

오늘 계산속도가 비상히 빠르고 처리능력이 매우 큰 보다 완성된 새로운 전자계산기들의 출현은 경제적타산과 분석에서 여러가지 수법들을 널리 적용할수 있는 실제적인 가능성을 열어놓고 있다.

이러한 조건과 가능성을 잘 리용하여 과학적인 타산수법들과 전자계산기를 비롯한 현대적기술수단을 효과적으로 리용한다면 타산과 분석을 신속하고도 정확히 하며 가장 합리적인 관리방안들을 찾아내여 실천에 널리 적용할수 있으며 기업관리업무의 적지않은 부문을 자동화 할수있다.

기업관리에 과학적인 타산수법들을 적용하기 위하여서는 타산에 앞서 대상을 세부적으로 파악하여야 한다.

대상의 본질과 특성, 다른 대상과의 련관관계와 그 변화발전의 합법칙성에 대한 리론적해명을 앞세워야 옳은 방법론을 세워 대상에 대한 타산을 바로 할수있으며 그에 작용하는 요인들의 영향정도를 세부적단면에서 분석평가할수 있다.

기업관리에서 과학적인 타산수법들은 반드시 여러 경제계산형태들의 고유한 방법 및 수법들과의 유기적인 련관속에서 적용하여야 한다.

실례로 가장 발전된 경제계산형태인 계획계산에서는 발란스법, 기준화법, 분석법, 대비법, 계수법 등 여러가지가 적용되여왔는데 여기에 인민경제련계모형과 같은것을 적용하는 경우에는 이러한 방법, 수법들과의 유기적인 련관속에서 진행하여야 한다.

그래야 타산과 분석의 과학성을 보장할수 있고 매개 계산방법과 수법들을 보다 개선완성할수있으며 세부계획화도 철저히 구현하여 나갈수 있다.

수리계획법을 비롯한 보다 완성된 수학적방법에 의거하여 물자의 완전지출곁수 같은것을 타산하는 경우에도 사정은 마찬가지이다.

기업관리에 과학적인 타산수법들을 적용하는것은 전자계산기를 비롯한 현대적기술수단들의 리용과 밀접히 결합되여있다.

과학적인 타산수법들을 전면적으로 받아들이는것은 경제계산의 원리적문제들을 해결하는것이며 전자계산기를 비롯한 현대적기술수단들을 널리 적용하는것은 계산을 현대화할수있는 기술적토대를 튼튼히 마련하는것이다.

복잡한 경제실천에서는 보다 완성된 타산방법도 전자계산기에 의하여 방대한 계산업무량을 처리할수있게 되여야 옳게 적용될수있으며 다른 한편 전자계산기를 비롯한 현대적기술수단들이 충분한 은을 내자면 경제적현상과 과정의 이러저러한 측면을 세부적으로 정확히 밝혀낼수있는 타산방법과 그에 맞는 계산업무량이 마련되여야 하는것이다.

이렇게 될때 타산방법과 수법들을 보다 완성하고 그 기술적토대를 마련하는 과업들이 함께 해결될수 있으며 기업관리의 과학화, 합리화를 원만히 실현하여나갈수 있다.

모든 일군들은 기업관리의 과학화, 합리화가 생산과 건설을 다그치는 위력한 방도의 하나로 된다는것을 옳게 인식하고 그 실현을 위한 투쟁에 떨쳐나섬으로써 생산을 빨리 늘이고 인민경제의 과학화를 실현하는데 적극 이바지하여야 할것이다.",KIS,late_socialist_planning,1980s,7.428927194802272
지방공업발전의 원칙,리경섭,1990,4,1154,"지방공업을 발전시키는것은 경공업을 보다 높은 단계에 올려세우기 위하여 나서는 중요한 과업의 하나이다.

친애하는 지도자 김정일동지께서는 고전적로작 《경공업혁명을 철저히 수행할데 대하여》에서 경공업혁명에서 지방공업이 차지하는 중요한 위치를 헤아리시고 그것을 발전시키는데서 일관하게 견지하고있는 원칙과 그것을 현시기 철저히 관철하기 위하여 나서는 과업과 방도에 대하여 전면적으로 밝혀주시였다.

지방공업발전의 원칙과 그 관철에서 나서는 과업을 바로 세우고 성과적으로 수행하는데 지방공업을 보다 빨리 발전시켜 경공업혁명을 철저히 수행하기 위한 중요한 고리의 하나가 있다.

지방공업을 발전시키는데서 우리 당이 일관하게 견지하고있는 원칙은 무엇보다먼저 지방의 원료원천을 최대한으로 동원리용하는것이다.

친애하는 지도자 김정일동지께서는 다음과 같이 지적하시였다.
《지방공업을 발전시키는데서 중요한것은 지방의 원료원천을 효과적으로 동원리용하는것입니다. 지방공업은 지방의 원료원천에 의거하여 발전시키는것이 원칙입니다.》

지방공업을 발전시키는데서 지방의 원료원천을 어떻게 리용하는가 하는것은 매우 중요한 원칙적문제의 하나이다.

그것은 지방공업이 지방의 원료원천에 의거하여 발전하는가 못하는가 하는데 따라 지방공업발전의 성과여부가 크게 좌우되기때문이다.

우리 나라에서 전군중적운동으로 건설되고 조직운영되는 지방공업은 중앙공업과는 달리 매개지방주민들의 소비품에 대한 수요를 충족시키는데 복무한다.

그리고 지방공업은 지방의 예비와 가능성을 동원리용하기 위하여 매개 지방에 널리 조직된 중소규모의 지방공업이다.

매개 지방들에 널리 조직되고 지방주민들의 소비품에 대한 수요의 충족을 자기의 사명으로 하고있는 지방공업은 중앙공업과는 달리 국가투자로 기계설비를 비롯한 생산적고정재산을 마련한것이 아니라 지방자체에서 지방의 예비를 동원하는 방법으로 풀어나갔다.

처음에는 수공업적인 기술을 리용하였으며 점차 그것을 현대적기술로 교체하도록 하였다.

지방공업은 원료자재도 국가에서 대주는것이 아니라 지방에 있는 원료원천을 동원하는것을 기본으로 하고있다.

지방의 원료원천에 의거하는것은 지방공업의 중요한 특성의 하나이다.

매개 지방들에는 지방공업에서 동원리용할수 있는 원료원천이 많다.

원료원천을 동원하는것은 지방의 예비와 가능성을 리용하는 가장 중요한 내용의 하나이다.

지방공업은 지방의 원료원천에 의거하고 그것을 널리 동원하고 리용한다는 바로 여기에 지방공업의 특성이 있으며 그 유리성이 있다.

처음부터 지방공업의 원료자재를 국가에서 대주는 방법으로 한다면 구태여 지방공업을 널리 조직할 필요가 없는것이다.

지방공업을 널리 조직하는것은 설비와 원료, 자재를 비롯하여 많은 문제들을 지방의 예비와 가능성을 동원리용하여 풀어나가려는데 그 중요한 목적이 있다.

이것은 지방의 원료원천을 효과적으로 동원리용하는것이 지방공업을 발전시키는데서 틀어쥐고나가야 할 중요한 원칙의 하나라는것을 말하여준다.

우리 당은 지방의 원료원천에 의거하고 그것을 동원리용하는것을 지방공업발전의 가장 중요한 원칙으로 내세우고 그것을 철저히 관철하도록 하는데 깊은 관심을 돌렸다.

지방공업을 발전시키는데서 지방의 원료원천을 동원리용할데 대한 원칙을 관철하여야 지방의 예비와 가능성을 동원하는 지방공업의 특성을 살릴수 있으며 지방공업공장들에서 생산을 정상화하고 소비품생산을 늘이는 문제도 그리고 소비품에 대한 수요를 지방자체에서 충족시키는 문제도 성과적으로 실현할수 있다.

지방공업을 발전시키는데서 중요한것은 또한 지방산업공장들의 생산기술적토대를 튼튼히 꾸리는것이다.

친애하는 지도자 김정일동지께서는 다음과 같이 지적하시였다.
《지방공업을 발전시키는데서 중요한것은 지방산업공장들의 생산기술적토대를 튼튼히 꾸리는것입니다. 일정한 발전단계에서 생산에 선진기술을 끊임없이 받아들여 현대화를 실현하는것은 지방공업을 발전시키는데서 우리 당이 견지하고있는 원칙의 하나입니다.》

지방산업공장들의 생산기술적토대를 튼튼히 꾸려 지방공업
										의 현대화를 실현하는것은 지방공업발전에서 틀어쥐고나가야 할 중요한 원칙의 하나이다.

우리 나라에서 지방공업은 가장 빠른 기간에 소비품생산을 대대적으로 늘여 그에 대한 인민들의 수요를 충족시키기 위하여 지방들에 널리 조직되였다.

그런것만큼 지방공업을 발전시키는 첫단계에서는 수공업적기술까지를 포함한 지방의 예비와 가능성을 다 동원리용하여 인민생활에 필요한 소비품들을 대대적으로 늘이는것이 중요한 문제로 나서게 되였다.

건설의 시작부터 현대적인 기술을 받아들이려 하였다면 그처럼 짧은 기간에 수천여개의 지방산업공장들을 대대적으로 건설할수 없었으며 소비품생산을 획기적으로 늘일수 없었다.

수공업적기술까지도 다 동원리용하였기때문에 매우 짧은 기간에 전국도처에 지방산업공장들을 대대적으로 건설할수 있었으며 소비품생산도 확대할수 있었다.

그러나 이것은 지방공업이 반드시 수공업적기술에 머물러있어야 한다는것을 의미하는것은 아니다.

지방공업에서 리용하던 수공업적기술은 지방공업발전의 일정한 단계에 와서는 반드시 현대적기술에 의하여 교체되지 않으면 안된다.

과학기술은 끊임없이 발전하는데 지방공업에서 계속 수공업적기술에 매달리게 되면 지방공업을 계속 발전시켜나가지 못하게 된다.

필요한 소비품이 적었던 조건에서 근로자들은 수공업적기술에 의하여 생산한 소비품을 리용하였지만 소비품생산이 늘어나고 생활이 높아진 조건에서는 수공업적기술에 기초하여 만들어낸 소비품에 만족하지 않게 되며 보다 높은 수요를 제기하게 된다.

이것은 지방공업의 현대화를 실현하는것이 미룰수 없는 사활적문제로 나서게 된다는것을 말하여 준다.

지방공업의 현대화는 지방공업에 현대기술을 받아들이는 과정을 통하여 실현되며 구체적으로 지방산업공장들의 생산기술적토대를 튼튼히 꾸리는것을 통하여 해결되게 된다.

지방공업을 발전시키는데서 중요한것은 또한 지방공업이 자기의 사명과 특성에 맞게 발전하며 지방의 실정을 잘 살려 그에 맞게 발전하도록 하는것이다.

친애하는 지도자 김정일동지께서는 다음과 같이 지적하시였다.
《지방공업을 발전시키는데서 중요한것은 자기의 사명과 특성, 지방의 실정을 잘 살리는것입니다.》

지방공업은 자체의 뚜렷한 사명을 가지고있다.

지방공업은 어디까지나 지방주민들의 소비품에 대한 수요를 자체로 충족시키는것을 기본사명으로 하고있다.

지방공업의 사명은 그것이 아무리 뚜렷하다고 하더라도 그것은 저절로 실현되지 않는다.

지방공업이 자기의 사명을 다하도록 하는데서 기본으로 되는것은 그것이 자기의 사명을 보다 원만히 수행할수 있게 건설되고 조직운영되도록 하는것이다.

지방공업발전의 기본단위는 군이며 지방공업의 사명은 그 발전의 기본단위로 되는 군안의 주민들의 소비품에 대한 수요를 충족시키는것으로 된다.

따라서 지방공업, 구체적으로는 지방산업공장들이 자체의 생산으로 군안의 소비품에 대한 주민들의 수요를 충족시킬수 있게 규모도 정하고 수요도 정확히 타산하며 원료와 자재의 보장가능성을 옳게 따져보아야 하며 필요한 생산, 기술적토대와 원료기지도 꾸려나가야 한다.

이렇게 되여야 지방공업이 자기의 사명을 다할수 있으며 군안의 주민들의 소비품에 대한 수요를 원만히 충족시키고 그들의 생활을 높일수 있다.

지방공업은 그 자체의 특성을 가지고있다.

지방공업은 국가투자에 의하여 건설되는것이 아니라 지방의 예비와 가능성을 동원하는 방법으로 건설되며 발전하게 된다.

지방공업은 국가에서 대주는 원료가 아니라 지방의 원료원천에 의거하여 발전하게 된다.

지방공업은 생산에서 국가적수요가 아니라 소비품에 대한 지방주민들의 수요를 기본으로 한다.

이것은 지방공업의 중요한 특성이다.

지방공업은 발전의 기본단위도 군이며 수요도 소비품에 대한 지방자체의 수요이며 지방의 예비와 가능성을 동원하는데 기초하여 발전하는 지방에 접근되고 지방자체의 책임성과 창발성에 따라 발전하는 중소규모의 지방공업이다.

이로부터 지방공업은 그것이 건설되고 운영되는 해당한 지방과 밀접히 련결되여있으며 여기서 중요한것은 지방의 실정에 맞게 지방공업을 발전시키는것이다.

지방공업은 어느 한두개의 지방이 아니라 전국의 모든 지방들에 건설되고 지방자체에 의하여 운영된다.

전국의 모든 지방들은 처하여있는 구체적실정이 다르다.

지방마다 원료원천의 분포와 매장량이 다르며 수요도 하나같지 않다.

지방공업은 말자체로 전국의 모든 지방들에 널려있는 공업이며 지방자체의 힘에 의거하여 발전하는 공업이기때문에 지방의 실정에 맞게 발전되여야 한다.

그렇게 하여야 지방공업을 발전시키는데서 매개 지방의 실정을 잘 살릴수 있으며 지방의 실정을 잘 살려야 지방공업을 빨리 발전시키고 소비품생산도 늘일수 있고 지방주민들의 생활도 더욱 향상시킬수 있다.

이처럼 지방공업을 자체의 사명과 특성, 지방의 실정에 맞게 발전시켜 나가는것은 지방공업발전의 중요한 원칙으로 된다.

지방공업을 발전시키는데서 중요한것은 또한 중앙공장들이 지방산업공장들을 잘 도와주는것이다.

친애하는 지도자 김정일동지께서는 다음과 같이 지적하시였다.
《지방공업을 발전시키는데서 중요한것은 중앙공장들이 지방산업공장들을 잘 도와주는것입니다.》

지방산업공장들을 중앙공장들이 도와주는것은 지방공업을 발전시키는데서 우리 당이 견지하고있는 중요한 원칙이다.

대규모공장들이 중소규모공장들을 기술적으로나 여러면에서 도와주는것은 사회주의사회의 사회관계를 그대로 반영하고있는것이다.

중앙공업공장들은 현대적기술로 장비되여있으며 강력한 기술집단이 있고 관리운영수준도 높으며 커다란 잠재력을 가지고있다.

이러한 조건에서 중소규모의 지방공업공장들을 실질적으로 지원할수 있으며 지원을 강화하게 되면 중소규모의 지방산업공장들은 보다 빨리 발전할수 있다.

현시기 지방공업을 발전시키기 위하여 나서는 문제는 지방공업발전의 중요한 원칙들을 계속 틀어쥐고 그것을 철저히 관철하는것이다.

지방의 원료원천을 동원리용하기 위한 중요방도의 하나는 자체의 원료기지들을 더 많이 조성하고 지방공업원료생산을 늘이는것이다.

군들에서는 재배원료기지를 200정보이상, 식료공장들에서는 50정보이상 조성하기 위한 투쟁을 힘있게 벌리며 비배관리를 잘하여 여러가지 지방원료를 더 많이 생산하도록 하여야 한다.

이와 함께 군중들을 동원하는 사업을 짜고들어 산과일, 산열매, 산나물들을 제철에 걷어들여야 한다.

또한 수매사업을 잘하여 농산물과 특산물, 농장원들의 부업산물과 여러가지 낡은 자재를 효과적으로 동원리용하는것이 중요하다.

지방산업공장들의 불비한 생산공정을 완비하며 뒤떨어진 설비와 생산공정을 새 기술에 토대하여 개조하고 현대화하는것은 현시기 지방공업의 현대화에서 풀어야 할 중요한 과업의 하나이다.

지방공업의 현대화를 실현하자면 지방공업에 복무하는 수리기지와 기계설비생산기지를 튼튼히 꾸려야 한다.

모든 군들에서 지방공업의 특성과 자기 군의 실정에 맞게 지방산업공장들을 잘 꾸리고 생산을 늘이는것은 지방공업의 사명과 특성으로부터 제기되는 기본요구의 하나이다.

군들에서 자체의 실정에 맞게 생산을 조직하여 소비품수요를 충족시키며 도들에서 몇개의 공장에서 생산을 전문화하여 생산을 늘이면 일부 소비품의 도적수요도 충족시킬수 있다.

지방공업의 주인은 도와 군이며 지방공업은 군을 기본단위로 하여 발전한다.

지방공업의 주인인 도와 군의 책임성과 창발성을 높이 발양시키는것은 지방공업의 특성을 살리고 그것을 지방의 실정에 맞게 발전시키기 위한 중요한 방도의 하나이다.

지방공업에 대한 중앙의 통일적지도를 강화하면서 동시에 도와 군의 책임성, 창발성을 높이 발양시키는것이 중요한 문제로 나선다.

중앙공업공장들이 지방공업공장들을 도와주는것은 지방공업발전의 원칙이며 이 원칙을 관철하는것은 현시기 중요한 과업의 하나로 나선다.

지방공업공장들은 모두 일정한 발전단계에 들어섰으며 생산공정의 현대화를 비롯하여 풀어야 할 문제들이 그 어느때보다도 많이 제기되고있다.

이런 조건에서 중앙공업공장들이 필요한 설비와 부속품들도 만들어주고 기술적으로 도와주며 지방자체에서 풀수 없는 원료와 자재도 풀어주고 부산물같은것을 대준다면 지방공업공장들에서 제기되는 어려운 문제들을 비교적 쉽게 풀수 있으며 결국 생산을 높은 수준에서 정상화하여 소비품생산을 적극 늘일수 있다.",KIS,late_socialist_planning,1990s,7.051855622955894
일본독점자본의 팽창과 자본수출을 통한 해외경제침략,윤필석,1987,2,1761,"위대한 수령 김일성동지께서는 다음과 같이 교시하시였다．
《지금 일부 제3세계나라사람들이 일본에 대하여 환상을 가지고 무엇을 좀 얻어볼가 하여 일본을 찾아다니고있습니다．그렇기때문에 일본에서 군국주의가 완전히 재생되기전에 그 위험성에 대하여 세계인민들에게 잘 알려주어야 합니다． 이렇게 하는것은 아시아와 세계평화를 위해서도 매우 중요한 의의를 가집니다.》

지금 일본반동들은 다른 나라 특히 식민지예속국가들과 발전도상나라들에 대한 경제침략을 강화하고있다． 이것은 군사적침략의 길을 닦고 전쟁을 유발할수 있는 가능성을 증대시키고 있다． 일본군국주의재생의 위험성은 날이 갈수록 더 커지고 있다．

사태가 이러함에도 불구하고 일부 사람들은 일본군국주의의 재생을 외면하거나 그것을 과소평가하고있으며 지어 일본에 대하여 환상을 가지고 있다．

일본군국주의재생과 그 침략책동의 커가는 위험성을 과학적으로 중시하는것은 현실의 절박한 요구로 된다．

이러한 요구에 비추어 주체적립장에서 일본군국주의재생의 물질적지반으로 되는 독점자본의 부활과 팽창 그리고 그 해외경제침략의 가장 중요한 내용을 이루는 자본수출의 형태와 특성을 밀접한 련관속에서 분석하는것은 중요한 의의를 가진다．

독점자본의 부활문제를 해명하는것은 일본군국주의의 재생을 정확히 분석하는데서 출발적인 전제로 된다．

제2차세계대전시기 일본제국주의와 함께 붕괴된 일본독점자본의 지배체제는 전후 미제의 비호밑에 그 부활과정이 의도적으로 촉진되여 왔다．

일본을 강점한 미제는 국제협정을 란폭하게 무시하고 일본군국주의를 되살려 손아래동맹자로 만들고 아시아전략과 세계제패야망실현에 써먹으려고 획책하였다,

전후 첫시기 미제가 지난날 일본군국주의를 안받침하고있던 독점재벌들을 해체하는척하면서 실지로는 저들의 목적에 맞게 리용하기 위하여 야심적으로 실시한 술책이 바로 《재벌해체》였다．

《재벌해체》소동과 그에 이어 실시된 《독점금지법》의 개정완화책동은 본질에 있어서 미제가 요구하는 방향으로 일본독점자본을 재편성하기 위한 기만극에 불과하였다．

그 재편성의 주요내용은

첫째로, 새롭게 형성된 금융독점자본집단안의 결합방식이 달라진것이다．

《해체》이전에 독점재벌들은 수직적인 지배기구에 의하여 결합되여 있었다． 그러나 새로 형성된 금융독점자본집단은 형식상 독립한 기업소들사이의 수평적인 결합관계로 존재하게 되였다．

둘째로, 은행을 중심으로 하는 금융기관의 역할이 많이 달라진것이다．

은행이 주로 독점재벌계렬밖의것들을 대상으로 하던데로부터 계렬집단의 기업들에 대한 자금공급기관으로 역할하면서 융자계렬의 기업집단을 공고하게 결합시키는 주되는 요소로 되게 되였다．

셋째로, 법적으로 사적카르텔은 금지되였으나 국가권력의 개입을 통하여 다른 이러저러한 형태로 존재하게 된것이다．

《재벌해체》는 결과적으로 《미쯔비시》, 《미쯔이》, 《스미또모》와 《후지은행》, 《다이이찌은행》, 《상와은행》등이 중심으로 된 공고한 대금융집단의 형성을 가져왔다． 이 거래기업집단들은 점차 일본경제의 중추를 이루는 이른바 《6대금융집단》으로 자라날수 있게 되였다．

미제에 의한 일본독점자본의 재편성과 부활을 촉진시키는데서 《재벌해체》와 함께 중요한 작용을 한것은 대일《원조》였다．

미제의 대일《원조》는 1946년부터 1951년까지의 기간에 총액 21억 1,800만US$ 제공되였다． 그것은 미국독점자본이 일본경제에 깊숙히 침투하는 길을 열어놓고 일본반동정부와 일본독점자본의 부활을 물질적으로, 재정적으로 지원하는 촉매적기능을 수행하였다．

일본독점자본의 급격한 치부와 부활의 결정적 계기로 된것은 미제가 도발한 조선침략전쟁에 직접 가담한것이다． 이 문제를 명백히 하는것은 일본군국주의의 재생경위와 우리 인민에게 저지른 일본반동의 용서할수 없는 죄악과 관련되여있음으로 하여 특별한 의의를 가진다．

친애하는 지도자 김정일동지께서는 다음과 같이 지적하시였다．
《미제국주의자들이 도발한 조선침략전쟁은 일본독점자본의 부활과 일본군국주의재생에서 중요한 전환점으로 되였습니다．》

조선
										침략전쟁이 일본독점자본의 부활에서 전환점으로 된것은 무엇보다도 미제의 《특수》주문에 따르는 무기 및 군수품의 생산과 수리, 그것들과 군사인원들의 수송 등을 맡아함으로써 막대한 횡제를 하였다는 사정과 관련된다．

일본독점자본은 거액의 군수주문을 리행하는 과정에 1952년에 벌써 패망이전 최고공업생산수준을 거의 모든 부문에서 훨씬 릉가하였다．

일본독점자본은 조선침략전쟁에 가담함으로써 벌어들인 리윤의 많은 부분을 고정자본갱신에 투자하였다． 그 규모는 1950~1954년기간에 무려 102억US$에 달하였다． 이것은 태평양전쟁을 전후로 하여 오래동안 지연되여온 경제의 구조적개편과 기술장비수준의 개선을 가져올수 있게 한 단서로 되였다．

일본독점자본의 부활에서 조선침략전쟁에의 가담이 전환적계기로 된것은 특히 력사적으로 일본군국주의와 그 침략정책의 조정자로 되여온 거대재벌, 군수재벌의 지위를 다시금 강화하였다는 사정과 관련된다． 

《재벌해체》, 대일《원조》를 거쳐 은근히 재편성, 육성되여온 거대재벌, 군수재벌들은 조선침략 전쟁에 공공연히 가담함으로써 급격히 그 세력을 넓히고 경제의 지배적인 력량으로 등장하게 되였다． 이리하여 조선침략전쟁은 일본독점자본의 부활에서만이 아니라 동시에 그것을 물질적바탕으로 하는 일본군국주의의 재생에서도 전환의 계기로 되였던것이다．

실지로 일본독점자본의 부활은 미제와 한짝이 되여 우리 조선인민에게 헤아릴수 없는 피의 희생을 들씌운 대가로 이루어졌었다．

조선침략전쟁이후 일본독점자본은 가속도적으로 팽창되였으며 일본경제의 구조적위기는 더욱 심각화되게 되였다． 이것은 일본에서의 이른바 《고도경제성장》(1955~1973년)과 관련되여있다．

일본의 《고도경제성장》에서 기본으로 된것은 설비투자주도형의 급격한 자본축적과 중화학공업의 출현이였다． 이 과정에 동반된 《경제성장》은 인민들의 물질문화생활을 개선하고 다른 나라들과의 우호선린관계를 발전시키는데 이바지한것이 아니라 정반대로 로동계급을 비롯한 근로대중에 대한 착취와 광범한 각계층 인민들에 대한 수탈을 미증유로 강화하고 특히 해외경제적 팽창과 략탈을 강화하게 하였다．

《고도경제성장》을 가능케 한 요인은 미국으로부터 끌어들인 기술, 금융기관으로부터의 거액의 자금융자에 기초한 설비갱신, 경영의 《합리화》에다 대량적인 저임금로동력에 대한 가혹한 착취, 농촌과 중소기업들의 무자비한 수탈을 결합시킨것이다．

재생산측면에서 《고도성장》은 생산수단생활을 위한 생산수단생산의 일면적인 확장과 생산수단생산부류안에서의 내부순환의 증대로 일정한 기간 계속될수 있었으나 그것이 한계에 이르렀을 때 마침내 첨예한 모순을 드러내지 않을수 없었다． 따라서 《성장》과정은 설비투자가 설비투자를 낳은 고도의 자본축적과정이였으며 잠재적인 경제위기를 루적시키고 심화시키는 과정으로 되였다．

《고도성장》과 독점자본팽창의 귀결은 대금융자본의 지배체제가 확립된것이다． 대금융자본의 지배체제확립은 자연생장적으로가 아니라 자본과 생산의 집중을 촉진하며 국제경쟁력을 강화할것을 노린 국가독점자본주의적조치들에 의하여 보장되였다．

《고도성장》이 절정에 이르렀던 1970년경에 거대기업(자본금 10억¥이상)은 전체 범인기업들의 0．l35%밖에 안되였지만 자본총액의 52．2%, 판매액의 35．2%, 영업리익의 45．2%, 고용자총수의 19．6%를 틀어쥐게 되였다．

독점기업이 거대규모로 형성되고 커다란 지배력을 가진 부문은 제조업과 석유화학, 철강, 전기 기계, 자동차를 비롯한 수송기계생산 등 기간공업부문들이였다．

대금융자본의 지배체제확립에서는 이미 조선침략전쟁에 가담함으로써 부활과정의 선두에 선 6대금융자본집단이 역시 그 중심으로 되였다．

1970년현재 거대독점회사 650개가운데서 6대금융집단에 속하는 기업은 전체 회사수의 57%, 자본액의 65．8%, 판매액의 71．2%, 고용자수의 63．3%를 차지하였다． 그들의 경제지배력은 자기 계렬의 자본금이나 판매액의 단순한 량적합계의 범위를 훨씬 릉가하는 광범위하고도 종합적인것이였다． 그들은 특히 구재벌계에서 나타난바와 같이 기업집단내의 금융적핵으로 되고있는 은행은 융자를 통해서 자본소유관계를 밀접히 하고 결속과 결합을 공고히 함으로써 금융집단으로서의 성격과 콘체른체제를 강화하였다．

이밖에도 역원파견을 통한 인적결합이나 로골적인 기업합병, 관련회사인 새끼회사, 손자회사들에 대한 투융자, 독점기업호상간의 공동투자, 외국기업과의 합영 등의 형태로 지배령역을 안팎으로 넓혀나갔다．

거대한 규모로 팽창된 대금융자본세력들은 사장회와 같은 기구를 조직하여 경영관리의 문제들을 공동으로 토의하고 대책을 세울뿐아니라 정부정책에까지 적극 작용함으로써 그것을 자기들의 지배체제를 보완하는 도구로 삼게 되였다．

일본독점자본은 《고도경제성장》과정에서 다시 자기 지배권을 확립하였다． 일본군국주의의 재생재무장은 현실로 되고 그의 해외팽창정책은 로골화되게 되였다．

독점자본이 국내에서 팽창되고 자본이 《과잉》되게 되면 해외침략에로 나가게 된다． 

위대한 수령 김일성동지께서는 다음과 같이 교시하시였다．
《독점자본이 국내에서 팽창하게 되면 해외침략의 길로 나간다는것은 제국주의의 움직일수 없는 법칙입니다．》(《김일성저작집》 25권, 323페지)

독점자본의 해외경제침략에서 중요한 역할을 하는것은 자본수출이다．

일반적으로 독점자본주의시기에는 자본수출이 상품수출에 비하여 전형적인것으로, 주되는 경제침략방식으로 된다．

일본독점자본에게 있어서는 이러한 일반적리유에다가 그에 처한 내외의 조건이 결부되여 자본수출, 해외투자가 지난 력사적시기에 비해서는 물론 오늘날 다른 그 어느 나라 독점자본에 비해서도 특별한 의의를 가지게 되였다．

먼저 일본의 국내형편을 보면 《고도성장》을 거쳐 독점자본이 급속히 팽창되여 자본의 《과잉》이 전례없는 큰 규모로 늘어나고 생산과 소비간의 모순과 구조적인 경제위기가 극도로 첨예화되였다, 독점자본이 팽창될수록 국내의 경제위기의 타개책으로서 방대한 《과잉》자본의 처리문제가 사활적으로 긴박하게 된다．

다른편으로 일본독점자본의 주되는 침투대상으로 삼고 있는 뒤떨어진 나라들, 발전도상나라들에서는 구체적실정에서 차이가 있지만 한결같이 자본과 기술을 절실히 요구하게 되였다． 민족적독립을 이룩하고 경제의 자주적발전을 당면한 과제로 내세운 많은 나라들에서 무엇보다도 자금부족, 기술부족을 가장 큰 애로와 난관으로 안게 되였다．

남조선괴뢰의 경우에도 미제의 식민지군사기지화정책의 요구에 따라 군비확장과 군사경제적잠재력의 조성, 외국독점자본세력과의 매판자본세력의 매국적인 결탁을 강화할것을 목적으로 외국자본을 더 많이 끌어들이는데 피눈이 되고 있었다．

이러한 내외의 조건으로부터 교활무쌍한 일본독점자본은 자본수출에 특별한 중요성을 부여하고 그것을 가장 효과적이며 능률적인 경제침략의 방식으로 리용하게 되였던것이다．

현시기 일본독점자본수출의 주요형태를 그 담당자를 기준으로 하여 ① 정부간 《경제협력》과 《원조》 ② 종합상사를 중심으로 하는 다국적기업의 침투 ③ 중소기업의 광범한 진출 등으로 나누어 볼수 있다．

정부간 《경제협력》과 《원조》는 《공동개발》이니 《지원》이니 《제휴》니 하는 위선적인 간판을 내걸고 실시하는 국가자본수출의 한 형태이다． 그것들은 국가명의와 부담으로 해외경제침략의 길을 열고 그것은 뒤받침하는 기능을 놀고있다． 더 자세히 말하여 사자본가들에게 첫째로, 해외에서 사회적 및 생산적하부구조를 창설함으로써 자본투하에 유리한 환경을 마련하여 주며 둘째로, 값눅은 원자재의 수입과 상품판매시장을 보장해주며 셋째로, 국가비용을 가지고 해외대상건설에 참가함으로써 자기의 자본을 한푼도 들이지 않으면서 막대한 고률리윤을 짜낼수 있게 하고 있다．

일본반동들의 《경제협력》과《원조》에 따르는 국가자본의 해외침략은 이른바 《배상》을 미끼와 발판으로 하여 촉진된점에서 그 주되는 특징이 있다．

원래 《배상》이란 전쟁과 침략책동에 대하여 반성하고 그것이 저지른 피해와 후과를 책임지며 물질적으로 보상해야 하는 사명을 지니고 있다． 그러므로 배상은 《경제협력》이나 《원조》와 하등의 인연이 없으며 따라서 《경제협력》이나 《원조》로 대신할수 없다． 배상을 해외경제침략에서 《협력》 과 《원조》의 도구로 리용한것은 일본반동들의 류다른 교활성, 파렴치성을 말해주는것으로 된다．

일본독점자본의 해외경제침략에서 특이한 형태의 하나는 종합상사이다．

해외에 침투한 종합상사는 일본의 대표적인 다국적기업이라고 할수 있다． 그것들은 이름그대로의 단순한 《상업》회사가 아니라 현지생산참여, 자본, 금융, 류통령역에 힘을 뻗치고있는 거대한 종합경영체로서 국제적으로는 다국적기업화의 선도자, 조직자로 되고있다．

종합상사가 다국적기업으로서 역할을 할수 있는 유리한 조건은 첫째로, 그가 들어가있는 세계 여러 나라들에 방대한 정보수집망을 펼쳐놓고 있다는 사정 둘째로, 거액의 재산과 금융력을 가지고 있다는 사정 등을 들수 있다．

종합상사에 의한 다국적기업의 침투방식은 먼저 《현지법인》 형태의 판매거점을 세우고 그것을 기지로 하여 각방면으로 세력을 넓히고 있는것이다. 그것들은 100% 완전투자 또는 현지자본이나 다른 나라 자본과 공동투자한 합영의 형식으로 설립, 운영되고 있다．

종합상사는 보통 자기는 낮은 비률로 투자하면서 현지에 진출한 일본독점기업이나 현지기업, 제3국의 기업과 합영하고 있다． 1980년현재 손꼽히는 9개종합상사의 출자비률을 보더라도 10~49%까지의 합영회사가 전체 합영회사의 46．5%를 차지하고있다． 이것은 종합상사의 해외침투가 적은 자본을 가지고 투자위험을 피하면서 자기의 략탈적정체를 가리우고 많은 리윤을 짜내는 경영방식으로 되고 있다는것을 보여준다．

종합회사소속의 현지합영회사들의 투자분야는 제1차제품(농업, 어업, 림업, 각종 광물, 연료 및 기타의 생산)을 비롯하여 거의 모든 부문을 포괄하고있다． 1차제품생산에서는 자원략탈을 위한 현지개발이, 그리고 제조업분야에서는 로동집약산업, 공해산업과 같은 국내에서 인건비가 높거나 배척을 받는 부문들에 대한 투자가 큰 비중을 차지하고 있다． 각종 써비스업, 상업, 금융업, 보험업과 같은 비생산분야에 대한 투자가 빨리 늘어나고 있다．

해외에 침투한 종합상사는 국내본사를 본거지로 해서 여러 나라에 널려있는 위장국적인 지역본사와 현지기업, 제3국기업들을 하나로 련결시켜 자기의 경영전략에 따라 통일적으로 지휘, 조절하고 있다． 여기에 다국적기업으로서의 그의 체제와 체질이 집중적으로 나타나고 있다．

최근시기 종합상사들의 동향에서 주목되는것은 미국독점체들과의 제휴를 강화하면서 국제독점의 성격을 더욱 심화시켜나가고 있는것이다． 제휴에서는 군사적목적을 가진 제품들의 생산과 조달, 그 분야에서의 첨단기술의 개발과 리용이 주요한 자지를 차지하고 있다．

일본독점자본의 해외침략에서 중소기업에 널리 의거하고 있는것도 그의 특징적인 현상의 하나이다．

일본중소기업의 해외에로의 침투는 본질에 있어서 대독점기업들에 종속되여있는 부분품생산업자, 하청기업형태의 다른 나라에 대한 침략이다． 따라서 그것은 독점자본이 자국내에서의 기업내분업과 경영조직을 중소기업형태를 통하여 국제적으로 확대하고 하청계렬화한것으로 된다．

원래 일본경제에서 중소기업은 수적으로 압도적인 다수를 차지하며 그의 생산량은 적지 않다． 그것들가운데는 독자적인 경영을 하는것도 있으나 대부분은 대독점기업의 계층적인 하청기업을 이루고 있다． 이러한 경영구조는 독점기업들에게 응당 저들이 담당해야 하는 많은 비용지출을 절약하면서도 고률의 추가적리윤을 짜낼수 있게 한다．

다른한편 중소기업들은 그 취약성으로 하여 대기업에 의거하고 예속된 상태에서 《안전》 하게 존속될수 있다．

일본의 독점대기업과 중소기업들사이의 관계는 발전된 자본주의나라들에서 일반적으로 대기업과 함께 중소기업들이 병존하는 그러한 수평관계에 비하여 보다 강한 수직적인 종속관계로 결합되고 일체화되여있다．

일본중소기업의 광범한 해외침투는 바로 독점자본이 이러한 계층구조를 해외경제침략에 그대로 옮겨놓은것으로 된다． 이것은 경제침략, 해외투자에서 상대적으로 적은 자본을 가지고도 기동성과 민활성, 현지적응력과 국제경쟁력을 가질수 있게 하는 중요한 요인으로 되고 있다． 그리하여 그것은 자본축적이 미약한 나라나 지역들에 여러 분야에 걸쳐 손쉽게 침투할수 있는 아주 유리한 방식으로 되고있다．

다른 나라에 침투한 일본의 중소기업들은 대독점기업들의 국제적인 하청기업으로서만이 아니라 다국적기업의 새끼회사로서 2중적인 기능을 놀고 있다．

이처럼 종합상사를 중심으로 하는 다국적기업의 침투, 중소기업의 광범한 진출은 그것대로 일본독점자본의 해외경제침략, 자본수출의 심한 기생성과 교활성, 악랄성을 보여주는것으로 된다．

일본독점자본의 해외경제적침략, 자본수출의 추이와 경향에 관통되고 있는 특성은 무엇인가．

그 특성은 무엇보다도 그것이 철두철미 미제의 세계전략, 대아시아전략의 요구에 따라 미제와의 공모결탁과 종속적동맹관계의 테두리속에서 진행되고 있다는것이다． 이것은 정치군사적배경의 측면에서의 특성이라고 할수 있다．

그 특성의 다른 하나는 그것이 독점의 지배가 고도에 달한 일본경제의 취약성, 구조적모순과 위기로부터 그것을 《타개》, 《모면》하려는 발악적책동과 결부되여 있다는데 있다． 이러한 책동은 일본독점자본의 해외침략과 략탈의 야망을 더 강하게 부추기며 《경제대국》에 맞는 《군사대국》의 야심을 품고 경제의 군사화와 군비확장을 다그치도록 추동하고있다． 이것은 경제적동인의 측면에서의 특성이라고 말할수 있다．

팽창될대로 팽창된 일본독점자본은 점차 다른 나라들을 군사적으로 침략하기 위한 발판을 마련하고 있으며 그 길을 닦고있다． 그 필연적귀결은 령토적강점이며 전쟁인것이다． 일본반동들이 미제와 남조선괴뢰들과의 결탁을 더욱더 긴밀히 하면서 3각군사동맹의 조작을 마지막고비에서 다그치고 있으며 각방면으로 군사력강화에 열을 올리고 있는것은 바로 여기에 근원을 두고있는것이다．

그러므로 일본독점자본이 비대해지는데 대하여 경각성을 높이며 일본반동들의 해외침략책동을 반대하여 견결히 투쟁하는것은 우리 인민과 아시아인민, 전세계인민들의 절박한 과업으로 된다．

만일 일본반동들이 지난날의 쓰라린 교훈을 망각하고 오만하게 계속 해외침략의 길로 나간다면 우리 인민과 세계 진보적인민들의 투쟁에 의해서 또다시 수치스러운 참패를 당하고야 말것이다．

일본반동들의 강화되고있는 군국화책동과 해외침략책동은 저지되여야 하며 일본경제는 마땅히 건전한 발전의 길로 나가야 한다．

일본경제가 군국주의재생과 해외침략에 리용되지 않고 참으로 건전하게 발전하려면 일본이 첫째로, 반동적인 대미추종정책에서 벗어나 자주적이며 진보적인 길로 나아가야 하며 둘째로, 다른 나라들, 발전도상나라들을 착취하고 수탈할것이 아니라 자주성의 존중, 평등과 호혜의 원칙에서 그들과 경제기술적인 협조관계를 발전시키는데로 나가야 한다．

이렇게 하는것만이 일본경제의 취약성과 구조적모순을 극복하며 일본인민들의 물질문화생활을 높이는데 이바지할수 있는 유일하게 옳바른 방도로 될것이다．",KIS,late_socialist_planning,1980s,7.474204806496124
경제발전과 새로운 에네르기원천의 개발리용,리충길,1987,1,1751,"생산과 에네르기, 경제발전과 에네르기자원문제 등은 서로 뗄수 없이 련관되여있다. 생산, 경제를 발전시키자면 필수적으로 에네르기문제를 원만히 풀어나가지 않으면 안된다．

오늘 우리앞에는 당 제6차대회가 내놓은 사회주의경제건설의 10대전망목표를 실현하여야 할 무겁고도 방대한 과업이 나서고 있다． 이것은 현시기 사회주의경제건설에서 나서는 가장 중요한 전투적과업이다．

사회주의경제건설의 이 중요한 과업을 수행하는데서 나서는 가장 절박한 문제의 하나는 현존에네르기자원을 최대한으로 개발리용하면서 동시에 새로운 에네르기자원을 적극 개발하고 리용하는것이다．

위대한 수령 김일성동지께서는 다음과 같이 교시하시였다．
《세포공학, 유전자공학, 초고압물리학, 극저온물리학을 발전시키며 원자에네르기, 태양에네르기를 비롯한 새로운 에네르기를 개발하며 레이자와 플라즈마를 깊이 연구하여 인민경제에 널리 리용하도록 하는데 힘을 넣어야 하겠습니다．》 (《김일성저작선집》 8권,354페지)

과학과 기술이 놀라운 속도로 빨리 발전하고 있는 우리 시대에 경제를 빨리 발전시키는가 못시키는가 하는 문제는 주요하게 최신기술에 기초한 현대적기계설비들을 만들어내는것과 함께 지금 있는 에네르기자원을 남김없이 동원리용하는 문제와 새로운 에네르기자원을 개발하는 문제를 어떻게 푸는가 하는데 크게 달려있다．

일반적으로 에네르기는 생산에서 없어서는 안되는 중요한 동력이다． 생산은 로동력, 로동수단, 로동대상의 세요소의 결합으로 이루어지며 그 과정은 로동력을 가진 사람이 로동수단을 움직여 로동대상을 가공하고 완제품을 생산하는 과정이다． 사람이 로동수단을 움직여 로동대상에 작용하자면 그것을 움직이는 동력, 에네르기가 있어야 한다． 에네르기를 떠나서 로동수단의 리용에 대하여 생각할수 없으며 따라서 그것을 어떻게 보장하는가 하는것은 생산에서 매우 중요한 자리를 차지한다．

생산에서 에네르기문제, 경제발전에서 에네르기자원문제가 가장 절박한것으로 나서는것은 에네르기의 중요성과 관련된다．

에네르기의 보장을 떠나서 생산과정을 추진시켜나갈수 없다는 견지에서 볼 때 생산문제, 로동수단의 리용문제는 곧 에네르기의 리용문제로 된다．

생산발전의 력사적과정, 로동수단의 발전과정을 놓고 보아도 로동수단과 에네르기, 경제발전과 에네르기자원문제는 긴밀하게 유착되여있다는것을 알수 있다．

자본주의나라들에서 산업혁명시기에 진행한 기계제생산에로의 이행은 새로운 기계설비의 제작과 리용과정인 동시에 에네르기자원의 개발과 그 리용과정이였다．

에네르기는 이처럼 생산을 위하여 필수적인것이였으며 따라서 에네르기와 그 자원, 그리고 그 개발문제는 생산을 위하여 중요한 과업으로 제기되지 않을수 없는것이다．

생산에서 에네르기문제가 중요하게 나서는것은 또한 어떠한 에네르기를 어떻게 리용하는가 하는데 따라 기계설비의 개선발전과 완성, 기술발전과 생산력발전, 로동생산능률과 경제적효과성의 제고, 나라의 경제적자립성의 강화 등 주요한 문제들의 해결여부가 크게 좌우되게 된다는것과 관련되여 있다．

생산이 발전하고 생산력발전수준에서 변화가 일어나자면 보다 새로운 기계설비들이 창안제작되고 그것이 널리 리용되여야 한다． 생산력의 발전정도는 무엇을 생산하는가 하는데 의하여서가 아니라 무엇을 가지고 어떻게 생산하는가 하는데 의하여 결정된다．

그러므로 생산, 생산력발전에서 가장 중요한것은 로동수단 다시말하여 기계설비들을 끊임없이 개선하고 새로운것을 끊임없이 창안제작하여 그것을 생산에 널리 리용하는것이다．

새로운 기계설비들이 끊임없이 창안제작되고 그것이 생산에 널리 도입되여 적극적으로 리용되여야 기계설비들을 다루는 생산자들의 기술기능수준이 높아지고 로동과 생산의 기술장비도가 높아 질수 있으며 생산량이 늘어나고 그 품종이 확대되여 생산물의 질이 높아지게 된다．

기계설비의 개선발전과 완성은 낡은 기계설비에 비한 새로운 기계설비의 생산능력의 제고, 기계설비의 현대화, 대형화, 고속도화 그리고 그 정밀도와 정결도의 보장, 종합적기계화와 자동화를 비롯하여 여러가지 측면으로 나타나게 
										된다．

기계설비의 이러한 개선발전과 완성은 그자체의 설계와 구조에서 변화를 기본으로 하며 또한 그것이 어떠한 에네르기에 의하여 작용하는가 하는데 전적으로 달려있다．

그러므로 에네르기는 단순히 기계설비의 동력으로 리용되는데 그치는것이 아니라 기계설비의 창안제작에 의한 그 개선발전과 완성과 직접적으로 관련되여있는 중요한 문제이다．

새로운 현대적이며 능률적인 기계설비가 창안제작되는것과 함께 새로운 에네르기가 개발되여 리용되여야 기계설비의 개선발전과 완성 그리고 생산과 생산력 발전, 기술발전에서 변혁과 전환이 일어날수 있다．

새로운 기계설비와 새로운 에네르기가 개발되여 리용되게 되면 생산과 기술 발전의 변혁에 기초하여 생산에서 로동생산능률이 획기적으로 높아 지게 되며 생산의 집약화． 경제적효과성을 비롯하여 경제적지표에서 커다란 전진이 일어나게 된다．

에네르기문제, 새로운 에네르기의 개발리용문제는 과학기술발전에 의존되면서 생산과 생산력발전, 기술발전에 넓은 길을 열어주고 있다．

에네르기문제는 생산력이 발전하면 할수록 더욱더 중요한 문제로 나서게 된다．

오늘 우리 나라에서는 가까운 년간에 생산력발전에서 획기적인 전환이 일어나게 되며 에네르기문제는 더욱 절박한것으로 나서게 된다．

사회주의, 공산주의 경제건설의 전략적로선인 인민경제의 주체화, 현대화, 과학화를 힘있게 다그치는것은 우리앞에 나서고있는 중요한 과업이다．

에네르기문제의 해결은 사회주의경제건설의 전략적과업에서 중요한 자리를 차지하고있다．

인민경제의 주체화, 현대화, 과학화는 새로운 보다 높은 단계에서 자립적민족경제를 더욱 튼튼히 다지며 사회주의, 공산주의의 물질기술적토대를 축성하기 위한 유일하게 옳바른 방도이다.

당 제6차대회가 내놓은 사회주의경제건설의 10대전망목표는 우리 나라에서 완전히 승리한 사회주의사회를 건설하는데서 획기적전환으로 되는 매우 웅대한 경제건설과업이다.

인민경제의 주체화, 현대화, 과학화를 실현하며 사회주의경제건설의 10대전망목표를 성과적으로 점령하기 위해서는 높은 발전단계에 이른 사회주의경제의 요구와 그의 늘어나는 에네르기수요에 맞게 새로운 에네르기원천을 적극 개발리용함으로써 그 생산을 획기적으로 늘여야 한다．

새로운 에네르기원천의 개발리용은 인민경제의 주체화, 현대화, 과학화를 실현하며 경제발전의 끊임없는 높은 속도를 보장하는 문제와 밀접히 련관되여있다．

새로운 에네르기의 개발리용은 우선 인민경제의 주체화, 현대화, 과학화와 직접적인 련관을 가지고 있다．

인민경제의 주체화는 원료, 연료, 동력문제를 자기 자원에 의거하여 풀어나가며 경제의 부문구조를 계속 완비해 나갈것을 요구한다．

자기 자원에 의거하여 원료, 연료, 동력문제를 해결하는 문제는 중요하게 자립적인 에네르기생산기지를 튼튼히 꾸리기 위한것과 관련되여 있다．

자체의 현존에네르기자원을 최대한 동원리용하는것과 함께 새로운 에네르기원천을 남김없이 찾아내여 에네르기생산기지를 튼튼히 꾸려야 날로 늘어나는 인민경제의 에네르기수요를 충족시킬수 있으며 경제발전의 확고한 담보를 마련할수 있다．

인민경제의 부문구조를 완비하는 사업도 에네르기의 원만한 보장이 없이는 제대로 진행될수 없다． 인민경제의 부문구조를 완비하는 사업은 주체적인 새로운 공업부문들과 생산공정들을 세우는 사업이므로 새로운 에네르기원천의 개발에 기초하여 에네르기생산을 더욱 늘여야 그에 필요한 에네르기를 원만히 보장할수 있다． 인민경제의 현대화도 새로운 에네르기원천의 개발리용을 필수적으로 요구한다．

인민경제의 현대화는 생산의 종합적기계화, 자동화를 목표로 하고 있다． 원래 기계적로동수단들의 체계는 대량적인 에네르기보장에 기초하여 이루어지며 그들의 발전은 더 많은 에네르기의 소비를 전제로 한다．

새로운 에네르기원천을 적극 개발하여 에네르기생산을 획기적으로 늘여야 인민경제 모든 부문에서 뒤떨어진 기술을 선진기술로 개조하여 그 기술장비수준을 높이는데 요구되는 에네르기수요를 원만히 충족시킬수 있다．

인민경제의 과학화도 에네르기의 충분한 보장을 필요로 한다． 특히 인민경제과학화의 과업에는 새로운 에네르기의 개발을 중요한 문제로 제기하고 있다．

과학연구사업을 더욱 강화하고 경영활동을 과학화, 합리화하는 사업들은 그에 필요한 물질기술적수단들과 함께 전력을 비롯한 에네르기가 제대로 보장되여야 적극 추진될수 있다．

이처럼 새로운 에네르기원천의 개발리용은 사회주의, 공산주의 경제건설의 전략적로선인 인민경제의 주체화, 현대화, 과학화를 힘있게 다그치기 위하여 나서는 중요한 문제이다．

새로운 에네르기원천의 개발리용은 다음으로 사회주의경제발전의 끊임없는 높은 속도를 확고히 보장하기 위한 필수적요구이다． 사회주의경제의 본질적우월성과 특성은 계획성에 기초하여 높은 속도를 이룩하는데 있다． 경제발전의 높은 속도는 균형에 의하여 담보되며 이러한 균형에서 중요한것은 가공공업과 채취공업사이의 균형이며 생산과 에네르기 사이의 균형이다．

경제속도가 빠르면 빠를수록 같은 기간에 창조되는 물질적부는 더 많아지며 소비되는 에네르기도 그만큼 많아진다．

사회주의경제의 높은 발전속도에 따르는 에네르기수요의 빠른 장성은 새로운 에네르기원천의 개발에 의한 에네르기생산의 증대를 필수적인것으로 되게 한다． 

새로운 에네르기개발리용문제가 현시기 더욱 더 중요한 문제로 나서는것은 지금 리용하고 있는 에네르기자원들이 점차 줄어들고 있는 사정과도 관련된다．

오늘 사람들의 경제활동에서 기본적인 에네르기원천은 석탄, 원유, 천연가스 등 화석연료자원이다． 그런데 이와 같은 화석연료자원은 세계적으로 그 매장량이 한정되여있으며 에네르기원천으로뿐아니라 공업의 중요한 원료로도 많이 쓰이고 있다．

경제발전이 촉진되는데 따라 그 자원이 줄어드는 속도는 더욱더 빨라지고 있다．

또한 화석연료자원은 우월성과 함께 일정한 제한성도 가지고 있다． 화석연료자원은 일반적으로 부피가 크고 무게가 많으며 열효률이 상대적으로 적다． 특히 그 리용과정에는 사람들의 건강과 생활환경에 지장을 주는 여러가지 유해물질들을 발생시킨다．

이와 같은 현실은 새로운 깨끗하고 효과적인 에네르기원천을 개발하여 근로인민대중의 자주적이며 창조적인 생활을 더욱 원만히 보장할것을 요구한다．

이상에서 본바와 같이 새로운 에네르기원천을 적극 개발 리용하여야 사회주의, 공산주의 경제건설을 계속 힘있게 다그쳐나갈수 있다．

우리 나라에서 현시기 에네르기문제를 경제발전의 요구에 맞게 풀어나가기 위해서는 전력공업과 채취공업 그 가운데서도 특히 석탄공업을 다른 부문에 확고히 앞세워야 한다．

전력공업부문에서는 지금 있는 발전소들에서 전력생산을 늘이면서 수력자원이 풍부한 지대들에 새로운 발전소들을 많이 건설하며 합리적인 송배전체계를 세우고 전력의 도중손실을 없애는것이 무엇보다 중요하게 제기된다．

석탄공업부문에서는 이미 있는 큰 탄광들을 개건확장하며 생산전망이 크고 개발조건이 좋은 지대들에 새로운 탄광들을 많이 개발함으로써 인민경제의 늘어나는 석탄수요를 원만히 보장하여야 한다．

새로운 에네르기원천의 개발리용은 사회주의, 공산주의 경제건설에서 견지하여야 할 원칙적 요구에 맞게 벌려나가야 한다．

무엇보다도 인민경제주체화의 요구에 맞게 자력갱생의 원칙에서 실현해나가야 한다．

새로운 에네르기원천의 개발리용사업을 자체의 자원에 의거하여 자기의 힘과 기술로써 주체적으로 실현하여야 사회주의자립적민족경제건설로선을 철저히 구현할수 있으며 사회주의, 공산주의의 물질기술적토대를 튼튼히 쌓을수 있다．

다음으로 이 사업을 이미 이룩된 생산력발전수준과 과학기술성과에 기초하여 전망성있게 벌려 나가야 한다．

자연을 정복하기 위한 투쟁은 욕망만 가지고는 안되며 일정한 생산력발전수준과 과학기술의 발전에 토대하여야 실현될수 있다．

새로운 에네르기원천을 개발리용하는 사업도 오늘의 기술발전수준에 맞게 현실적가능성을 옳게 타산한데 기초하여 진행해나가야 빨리 다그칠수 있으며 그 경제적효과성을 최대한 보장할수 있고 전반적경제발전을 촉진시킬수 있다．

이와 함께 이 사업을 전망적으로 실현해나가는것이 중요하다．

새로운 에네르기원천을 개발하는것은 당면하게 제기되는 에네르기문제를 푸는데만 있는것이 아니라 중요하게는 그 목적이 전망적인 경제건설의 에네르기적기초를 튼튼히 쌓기 위한데 있다． 따라서 이 사업을 전망성있게 높은 목표와 계획을 가지고 장기적인 사업으로 진행해나가야 한다．

다음으로 새로운 에네르기원천의 개발리용에서는 근로인민대중의 자주적이며 창조적인 생활과 환경을 침해하는 일이 없도록 철저한 대책을 세우는 기초우에서 실현하여야 한다．

사회주의, 공산주의 경제건설의 근본목적이 인민들에게 더욱 유족하고 문명한 생활조건을 보장하려는데 있는것만큼 이 사업도 역시 근로인민대중의 자주적이며 창조적인 생활을 더욱 원만히 보장하는 원칙에서 추진시켜나가야 한다．

이와 같은 원칙적문제들을 철저히 구현하여야 새로운 에네르기원천의 개발리용을 사회주의, 공산주의 경제건설의 성격과 본성적요구에 맞게 성과적으로 실현해나갈수 있다．

새로운 에네르기원천을 적극 개발리용하기 위한 사업에서 선차적으로 힘을 넣어야 할 분야는 원자에네르기와 태양에네르기의 개발이다．

원자에네르기를 적극 개발 리용하는것은 현시기 에네르기생산을 획기적으로 높일수 있는 가장 중요한 방도의 하나이다．

위대한 수령 김일성동지께서는 다음과 같이 교시하시였다．
《원자력발전소를 비롯하여 여러가지 새로운 동력자원에 의거하는 발전소들을 많이 건설하여 전력생산을 획기적으로 늘여야 하겠습니다．》 (《김일성저작선집》 8권,358페지)

원자에네르기는 세계적으로 볼 때 그 자원량이 많고 대단히 밀도가 높으며 그 개발리용에서 나서는 과학기술적문제들이 상당한 정도로 해결되였고 또한 경제적효과성이 높게 리용할수 있다．

원자에네르기를 개발리용하는데서 중요한것은 자체의 자원에 기초하여 전력생산을 성과적으로 보장하는것이다． 또한 원자에네르기의 개발에 대한 연구사업을 더욱 강화하여 그 리용의 범위를 계속 늘이며 경제성을 높여나가야 한다．

태양에네르기도 적극 개발리용하여야 한다．

태양에네르기는 그 자원량이 많고 영구적이며 어데서나 쉽게 얻어 리용할수 있을뿐아니라 과학기술적문제들이 해결되는데 따라 더욱 값눅게 개발리용할수 있고 대규모적인 공업용에네르기수요에도 대처할수 있는 매우 전망이 큰 에네르기원천이다．

우리 나라는 년중 해비치는 시간이 많고 매일 평균 많은 열량을 태양으로부터 받으므로 태양에네르기리용의 유리한 조건을 가지고 있다．

태양에네르기리용에서는 우선 태양열을 직접 리용하여 태양열난방과 랭방을 공업화하며 태양열온수기를 널리 받아들이고 태양로를 실용화하기 위한 연구사업을 전망성있게 진행하여야 한다．

태양에네르기의 리용에서는 다음으로 전력을 생산하기 위한 대책들을 세우는것이 중요하다． 태양열발전과 태양빛발전을 큰 규모에서 경제적으로 실현하기 위한 과학기술적문제들을 푸는데 힘을 넣어 빠른 기간내에 완성하여야 한다．

새로운 에네르기원천을 적극 개발리용하기 위하여서는 다음으로 지열, 풍력, 에네르기생물질자원 등 기타 에네르기자원들도 널리 개발리용하여야 한다．

무엇보다도 우리 나라에 풍부한 지열자원을 적극 리용하기 위한 대책들을 세우는것이 필요하다．

우리 나라에는 온천들이 여러 지방들에 널리 분포되여 있다． 이러한 유리한 조건을 잘 리용하여 지열자원을 효과적으로 쓰기 위해서는 과학기술적 문제들을 더욱 원만히 해결하여 전력을 생산하기 위한 방도를 찾아내는것이 중요하다．

지열탐사를 적극 벌려 중간 또는 높은 온도의 김과 열수를 찾아냄으로써 지열발전소를 운영하기 위한 대책을 세워야 한다．

전력생산에 낮은 온도의 온천물을 리용하기 위한 기술적문제들을 푸는데도 힘을 넣어야 한다． 특히 당면하여 열수를 화력발전소에 리용함으로써 연료를 절약하여 더 많은 전력을 생산하기 위한 방도를 세우는것이 필요하다．

새로운 에네르기원천을 적극 개발리용하기 위해서는 또한 풍력과 에네르기생물질자원 등 에네르기자원들도 널리 개발리용하여야 한다．

날로 늘어나는 인민경제에네르기수요를 원만히 충족시키며 에네르기생산의 효과성을 높이기 위해서는 대규모에네르기원천들과 함께 가능한 모든 에네르기개발원천들을 전면적으로 탐구동원하여 리용하여야 한다．

풍력, 에네르기생물질자원 등 기타 에네르기자원들은 일정한 제한성들을 가지고있지만 영원한 대자연에네르기자원이거나 순환적인 에네르기자원이므로 과학기술이 발전함에 따라 그것을 더욱 값눅게 그리고 영구히 리용할수 있는 우월성을 가지고 있다． 또한 전반적으로 빨리 늘어나는 에네르기수요에 맞게 보충적에네르기원천으로서 리용가치가 크며 제한된 지역이나 대상들의 수요를 보다 유리하게 충족시킬수 있는 우점을 가지고 있다．

이러한 기타 에네르기자원들을 개발리용하기 위한 과학연구사업에 힘을 넣어 그 실현을 다그쳐야 한다． 

과학기술을 발전시키는것은 새로운 에네르기원천개발리용사업을 성과적으로 진행해나가기 위한 중요한 담보이다．

현시대는 과학과 기술의 시대이며 과학기술발전을 떠나서는 한걸음도 전진할수 없다．

고도로 과학화된 사회주의, 공산주의 경제를 끊임없이 높은 속도로 발전시키기 위해서는 과학연구사업에 큰 힘을 넣어 인민경제 여러 부문에서 제기되는 과학기술적문제들을 제때에 원만히 풀어 나가야 하며 특히 새로운 에네르기개발리용을 비롯한 전망적문제들을 성과적으로 해결하여야 한다． 

새로운 에네르기원천을 개발하는 사업은 자연과의 어려운 투쟁을 동반하며 따라서 이것은 현대적인 기술수단들과 함께 높은 과학기술수준을 요구한다．

과학자, 기술자들은 새로운 에네르기개발리용 사업이 가지는 의의와 중요성을 깊이 인식하고 인민경제과학화에서 제시된 과업을 철저히 관철하기 위한 투쟁을 힘있게 벌려야 한다．

또한 새로운 에네르기개발리용을 위한 과학연구사업에 깊은 관심을 돌리며 거기에서 나서는 물질기술적문제들을 해결하기 위한 보장대책을 잘 세워주어야 한다．

새로운 에네르기원천의 개발리용을 위한 과학연구사업에 큰 힘을 넣는것과 함께 거기에서 이미 이룩된 과학연구성과들을 제때에 실천에 도입함으로써 이 사업을 적극 다그쳐야 한다．

우리는 새로운 에네르기원천을 적극 개발리용하는 사업이 가지는 중요성을 잘 알고 이 사업을 힘있게 벌려나감으로써 사회주의, 공산주의 경제건설을 더욱 다그쳐 나가야 할것이다．",KIS,late_socialist_planning,1980s,7.468513271496337
가내편의봉사의 본질적특성,전숙영,1990,4,954,"오늘 우리 앞에는 친애하는 지도자 김정일동지께서 발표하신 력사적문헌 《경공업혁명을 철저히 수행할데 대하여》를 높이 받들고 경공업발전에서 결정적전환을 일으켜야 할 전투적과업이 나서고있다.

경공업혁명을 성과적으로 수행하는데서 가내편의봉사사업은 매우 중요한 역할을 하고있다.

친애하는 지도자 김정일동지께서는 다음과 같이 지적하시였다.
《유휴로력으로 가내작업반과 부업반을 조직운영하고 가내편의봉사원들의 역할을 높이는것은 8월3일인민소비품생산을 늘이기 위한 중요한 과업의 하나입니다.》

가내편의봉사는 주민지구의 유휴로력과 여러가지 설비, 자재들을 최대한으로 동원하여 인민생활에 절실한 생활필수품들을 생산할뿐아니라 주민들에 대한 편의봉사를 제공하여주는 가내반, 부업반, 가내편의봉사망들을 포괄한다.

사회주의사회에서 가내편의봉사가 있게 되는것은 무엇보다먼저 끊임없이 늘어나는 근로자들의 소비봉사적수요를 국가의 생산 봉사시설만으로 다는 충족시키지 못하는 사회주의사회의 과도적특성과 관련된다.

사회주의사회에서는 근로인민대중의 자주적이며 창조적인 생활이 높아짐에 따라 인민들의 물질문화, 위생 생활에서 제기되는 소비봉사적수요는 끊임없이 높아진다.

그런데 공산주의적분배를 실시할수 있을 정도로 생산력이 발전하지 못한 사회주의사회에서는 빨리 늘어나는 인민들의 생활상 수요를 국가적소유의 생산 봉사시설만으로서는 완전히 충족시킬수 없다.

이런 조건에서 날로 늘어나는 인민들의 물질문화적수요를 원만히 충족시키기 위하여 선진적봉사망과 함께 보충적인 가능성도 최대한으로 리용해야 한다.

선진적방법만 가지고 인민들의 다양한 물질문화적수요를 원만히 충족시킬수 없는 조건에서 뒤떨어진 방법도 옳게 배합하여 리용하는것은 인민생활의 끊임없는 향상을 최고원칙으로 하고있는 우리 당과 국가의 인민적시책으로부터 흘러나오는 요구이다.

사회주의사회에서 가내편의봉사가 있게 되는것은 다음으로 일상생활에서 제기되는 근로자들의 소비봉사적수요의 특성과도 관련된다.

사회주의사회에서 소비봉사적수요는 자주적이며 창조적인 생활을 보다 원만히 누리려는 생활상요구로부터 제기되는 수요이다.

인민대중의 소비봉사적수요는 모든 사회성원들에 의하여 다같이 제기되는 량적으로 방대한 수요이며 수요의 질적구성도 일반봉사와 고급봉사를 포괄하는 각이한 수요이며 주민들이 살고있는 모든 지역에서 제기되는 포괄적수요이며 생활과 밀착되여 일상적으로 제기되는 절실한 수요이며 끊임없이 변동하는 복잡한 수요이다.

가내편의봉사를 광범히 조직하는것은 국가시설만으로서는 충족시킬수 없는 세부적수요와 지역적수요, 일상적수요와 계절적수요, 일반적수요와 특수하게 제기되는 개별적수요 등을 보다 원만히 충족시킬수 있게 한다.

이러한 가내편의봉사는 기본봉사를 보충하는 생산봉사로서 그것을 적극 벌리는것은 소비적수요의 특성에 맞게 근로자들의 생활상편의를 최대한으로 보장함으로써 인민생활을 보다 문명하고 윤택하게 한다.

사회주의사회에서 가내편의봉사는 본질에 있어서 가두인민반의 유휴로력과 설비, 자재를 동원하여 사회적으로 생산과 봉사를 진행하는 방법으로 근로자들의 물질문화생활과 생활상편의를 보장하여주는 보충적인 생산봉사형태이다.

가내편의봉사의 본질적내용의 하나는 국가의 추가적인 투자가 없이 내부예비를 동원하는 방법으로 인민소비품생산과 편의봉사를 진행하는 생산봉사활동이라는데 있다.

가내편의봉사에서는 국가의 추가적인 투자없이 내부예비를 동원하여 생산과 봉사를 진행하며 인민소비품생산과 편의봉사에 필요한 설비, 자재, 로력 등을 국가의 투자가 아니라 생산자와 봉사자 자신이 자체로 해결한다.

로력자원은 집에서 놀고있는 부양가족들과 기타 유휴로력자들이고 원료자원은 생산과정에서 나오는 부산물과 페설물, 지방원료와 유휴자재들이며 설비 또한 국가적보장이 아니라 내부예비를 동원하여 자체로 해결한것이다.

가내편의봉사의 본질적내용의 다른 하나는 생산과 봉사활동이 사회적으로 진행되는 사회적경리라는데 있다.

가내편의봉사는 소비품생산과 편의봉사적기능을 수행하는 가내반과 부업반, 가내편의
										봉사원들의 생산봉사활동전반을 포괄하는 개념이다.

그러므로 가내편의봉사는 개별적으로 진행하는 가내편의봉사원들의 활동인 경우에도 사회주의적협동경리의 특이한 형태로서 다만 집에서 놀고있는 근로자들이 자기의 재능과 설비, 자재로서 생산과 봉사를 개별적으로 진행하는 생산봉사활동으로 된다는데 그 특성이 있을뿐이다.

가내편의봉사의 본질적내용의 다른 하나는 그것이 국가 및 협동단체의 생산과 봉사를 보조하여주는 보충적인 생산봉사형태라는데 있다.

사회주의사회에서 근로자들의 물질문화생활에 필요한 여러가지 인민소비품의 생산과 편의봉사활동은 국영경리와 협동경리에 의하여 진행된다.

그러나 과도적사회인 사회주의사회에서는 국가 및 협동단체의 생산과 편의봉사시설만으로는 근로자들의 소비봉사적수요를 다는 충족시키지 못한다.

가내편의봉사는 국가시설만으로서는 유일적으로 해결할수 없는 소비봉사적수요를 보조해주는 보충적인 생산봉사활동이다.

이로부터 가내편의봉사에서의 생산물과 편의봉사업종들은 국가계획밖에서 이루어지는 생산 및 봉사로 된다.

이와 같이 가내편의봉사는 유휴로력과 재능, 유휴설비와 자재를 동원하여 국가시설만으로는 충분히 해결할수 없는 근로자들의 소비봉사적수요를 충족시켜주는 보충적이며 보조적인 생산 및 편의봉사이다.

사회주의사회에서 가내편의봉사는 철저히 인민적성격을 띤다.

사회주의사회에서 가내편의봉사의 인민적성격은 가내편의봉사활동의 목적과 사명에서 표현된다.

사회주의사회에서 가내편의봉사활동은 전적으로 인민들의 생활상편의를 도모하며 보다 유족하고 문명한 생활을 위하여 기관, 기업소에 소속되지 않은 유휴로력자들의 재능과 창발성을 동원하여 생산과 봉사를 진행한다.

또한 사회주의사회에서 가내편의봉사는 전적으로 인민들의 리익을 보장하며 그들의 자주적이며 창조적인 생활을 물질적으로 충족시켜준다.

사회주의사회에서 가내편의봉사는 또한 사회주의적성격을 띤다.

사회주의사회에서 가내편의봉사의 사회주의적성격은 그의 사회계급적내용에서 표현된다.

사회주의사회에서 가내반, 부업반, 가내편의봉사는 자본주의사회에서의 개인업과는 근본적으로 다르다.

자본주의사회에서의 개인업은 생산수단에 대한 사적소유에 기초하여 지배되는 자본주의경제관계에 그 기초를 두고있지만 사회주의사회에서의 가내반, 부업반, 가내편의봉사는 사회주의적소유관계에 그 경제적기초를 두고있으며 그의 생산과 봉사의 목적도 남을 착취하고 돈벌이를 하자는데 있는것이 아니라 인민을 위하여 절실히 필요한 소비품의 생산과 봉사를 기본으로 하고있다.

가내반, 부업반, 가내편의봉사는 국영 및 협동경리에서 조직적으로 일하는 생산 및 봉사자들과는 달리 집에서 놀고있는 유휴로력자들이 소규모의 경리에 망라되여 국영 및 협동단체 경리의 생산 및 봉사를 보충해주는 방법으로 운영되는 사회주의근로자들의 보조적인 경리이다.

이러한 성격으로부터 출발하여 사회주의사회에서 가내편의봉사는 일련의 특성을 가진다.

가내편의봉사는 무엇보다도 그 범위가 제한되여있다는데 있다.

가내편의봉사의 업종과 품종은 무제한한것이 아니라 국가공급이 덜 미치는 분야의 부차적인 업종과 품종에 국한된다.

가내편의봉사는 본질에 있어서 국영 및 협동단체 생산 및 봉사만으로 다는 충족시킬수 없는 근로자들의 소비봉사적수요를 보다 원만히 충족시켜주는 보충적이며 보조적인 생산봉사이다.

이로부터 국영 및 협동 경리에서 다량적으로 생산되는 품종과 봉사업종은 될수록 제한하고 거기에서 생산되지 않거나 혹은 로동자들의 소비봉사적수요를 다 충족시키지 못하는 생산품종과 봉사업종만을 위주로 품종과 업종을 규정하며 품종과 업종의 범위를 무제한하게 자유화하는것이 아니라 수요와 공급의 호상관계에 의하여 일정한 범위로 국한시킨다.

가내편의봉사의 특성은 또한 생산물의 실현과 봉사가 시장을 통하여 무정부적으로 진행되는것이 아니라 지역별로 조직된 직매점을 통하여 조직적성격을 가지고 실현되며 생산물의 가격과 봉사료금도 맹목적으로 오르내리는것이 아니라 국가의 유일가격에 의하여 제약을 받으면서 구매자와 판매자사이의 합의가격으로 실현된다는데 있다.

이것은 가내생산봉사의 사회주의적성격으로부터 흘러나온것이다.

가내편의봉사의 특성은 또한 그것이 앞으로 공산주의사회에서 없어지게 될 운명을 지닌 과도적경제범주라는데 있다.

과도적사회인 사회주의사회에서 생산력발전의 미숙성과 근로자들의 소비봉사적수요의 특성으로부터 있게 되는 가내편의봉사는 사회발전에 따라 끊임없이 장성발전하는것이 아니라 앞으로 수요에 의한 분배를 실현하는 공산주의사회에서는 점차 없어지게 될 생산봉사활동이다.

가내편의봉사는 사회주의 국영경리의 보조적인 생산봉사형태로서 그것은 국영경리발전의 영향을 받는다.

국영경리에서의 생산물의 생산과 봉사가 근로자들의 소비봉사적수요를 원만히 충족시킨다면 가내편의봉사와 같은 보조적생산봉사를 필요로 하지 않는다.

이것은 앞으로 수요에 의한 분배를 실현하는 공산주의에로 사회가 발전함에 따라 가내반, 부업반, 가내편의봉사와 같은 보조적생산봉사시설이 점차 없어지게 된다는것을 의미한다.

가내편의봉사의 특성은 또한 그것이 사회주의사회에서 뒤떨어진 형식이며 낡은 생산봉사형태라는데 있다

사회주의사회에서 가내반과 부업반,가내편의봉사가 자본주의사회에서의 다른 인민적성격의 생산봉사이기는 하지만 그것이 선진적인 사회주의적생산봉사형태와 아무런 차이도 없다는것을 의미하지 않는다.

가내반, 부업반, 가내편의봉사는 국영생산봉사형태에 비하면 뒤떨어진 형식이며 낡은 봉사방법이다.

그것은 사회주의사회에서 가내반, 부업반, 가내편의봉사의 생산과 봉사가 개별적으로 진행된다는 사정과 관련된다.

가내반, 부업반, 가내편의봉사는 또한 국가의 유일가격의 제한을 받으면서도 수요와 공급에 의하여 가격이 자연발생적으로 형성되며 그 과정에서 가치법칙이 맹목적으로 작용한다는 점에서 선진적인 국영봉사형태에 비하여 뒤떨어진 형태이다.

이와 같이 가내반과 부업반, 가내편의 봉사는 낡은 사회의 유물로서 뒤떨어진 생산봉사형태로 남아있게 된다.

그러나 가내반, 부업반, 가내편의 봉사는 지난날의 소상품경리나 개인업과는 근본적으로 구별되는 과도적경제범주이며 사회주의사회의 과도적특성이 극복되고 생산력이 높이 발전함에 따라 점차 없어지게 될 운명을 지닌 생산봉사활동이다.

자력갱생, 간고분투의 혁명정신을 가지고 최대한으로 증산하고 절약하기 위한 군중적운동이 힘있게 벌어지고있는 오늘 가내편의봉사사업에 큰힘을 넣는것은 인민소비품생산에서 새로운 전환을 일으켜 당의 경공업혁명방침을 철저히 수행하기 위한 중요한 담보의 하나이다.

모든 일군들은 친애하는 지도자 김정일동지의 력사적인 문헌을 높이 받들고 가내편의봉사사업을 힘있게 벌림으로써 우리 당의 경공업혁명방침관철에서 새로운 혁명적전환을 일으켜야 할것이다.",KIS,late_socialist_planning,1990s,6.86171134048073
사회주의경제관리에서 정치도덕적 자극과 물질적 자극의 옳은 결합,서승환,1989,1,1566,"경제에 대한 지도와 관리를 어떻게 하는가 하는것은 사회주의경제건설의 성과를 좌우하는 매우 중요한 문제이다.

사회주의경제는 자체의 본성적요구를 가지고 있으며 자체의 고유한 합법칙성에 따라 발전한다.

사회주의경제의 목적지향성있는 발전은 옳은 경제지도관리에 의하여 담보된다.

사회주의경제관리를 옳게 풀어나가는데서 선차적으로 나서는 중요한 문제는 관리원칙이다.

위대한 수령 김일성동지께서는 고전적 로작 《주체의 혁명적기치를 높이 들고 사회주의, 공산주의 위업을 끝까지 완성하자》에서 사회주의경제관리의 기본원칙을 포괄적으로 체계화하심으로써 사회주의경제의 지도관리원칙에 대한 전면적인 과학적해명을 주시였다.

사회주의경제에 대한 지도관리의 기본원칙은 정치적지도와 경제기술적 지도, 국가의 통일적지도와 매개 단위의 창발성, 민주주의와 유일적지휘, 정치도덕적자극과 물질적자극의 옳은 결합이다.

정치도덕적자극과 물질적자극을 옳게 결합하는것은 사회주의경제관리에서 견지하여야 할 기본원칙의 하나이다.

위대한 수령 김일성동지께서는 다음과 같이 교시하시였다.
《사회주의경제에 대한 지도와 관리에서 정치도덕적 자극과 물질적 자극을 옳게 결합하여야 합니다.》(《주체의 혁명적기치를 높이 들고 사회주의, 공산주의 위업을 끝까지 완성하자》,16페지)

사회주의경제건설의 직접적 담당자는 근로인민대중이며 그들의 열의와 창발성은 경제발전을 추동하는 기본요인인것만큼 사회주의경제관리의 가장 중요한 사업의 하나로 되는것은 근로자들의 창조적열의를 발양시키는것이다.

사회주의경제관리에서의 정치도덕적자극과 물질적자극은 근로자들의 열의와 창발성을 발양시키기 위한것이며 그 옳바른 해결은 두 자극의 결합관계문제로 된다.

정치도덕적자극과 물질적자극을 옳게 결합한다는것은 정치도덕적자극을 위주로 하면서 여기에 물질적자극을 결합한다는것을 의미한다.

이것은 본질상 두 자극의 결합이 어떤 호상관계의것으로 되여야 하는가 하는 문제이다.

정치도덕적자극과 물질적자극은 공통성과 차이성을 가지고있으며 이것으로 하여 그것들의 결합관계에서는 일정한 합법칙성이 존재한다.

정치도덕적자극과 물질적자극은 사회주의근로자들의 창조적활동을 추동하는 수단들이다.

근로자들의 창조적활동을 원만히 추동하자면 두 자극이 다 리용되여야 한다.

물론 정치도덕적자극과 물질적자극은 근로자들의 창조적열의를 추동하는 계기와 방법에서 차이가 있다.

그러나 이것들은 어디까지나 근로자들의 창조적열의를 추동하기 위한것이며 따라서 정치도덕적자극과 물질적자극은 그것들이 달성하려는 목적에서 공통성을 가지게 된다.

이런 공통성은 두 자극의 결합의 전제로 된다.

두 자극은 목적의 공통성으로 하여 결합될수 있는것이며 또 반드시 결합되여야만 자기의 목적을 원만히 달성할수 있는것이다.

정치도덕적자극과 물질적자극은 공통성과 함께 차이성도 가진다.

정치도덕적자극과 물질적자극은 요구가 다른 측면의 리해관계를 실현시키는것으로 하여 기능과 역할에서 차이를 가지게 된다.

근로자들은 자기들의 리해관계에서 측면이 다른 요구를 가지고있는것만큼 그들의 창조적열의를 추동하는 계기도 다른것이다.

정치도덕적자극은 정치적생명을 유지하고 빛내이는데 리해관계를 가지는 요구를 실현시켜준다면 물질적자극은 육체적 생명을 유지하는데 리해관계를 가지는 요구를 실현시켜 주게 된다.

이것은 정치도덕적자극과 물질적자극이 근로자들의 창조적열의를 추동하는 계기가 같지 않다는것을 의미하며 따라서 정치도덕적자극과 물질적자극은 그 기능과 역할에서 차이를 가지게 되는것이다.

두 자극사이에 있게 되는 차이는 정치도덕적자극과 물질적자극의 결합관계를 규정한다.

다시 말하여 두 자극의 결합은 어떤 호상관계의것으로 되여야 하는가 하는 결합관계를 규정한다.

그러므로 정치도덕적자극과 물질적자극의 결합관계는 근로자들의 창조적활동을 추동하는데서 자극공간들이 노는 기능과 역할에 대한 과학적분석에 기초하여서만 옳바로 설정되게 된다.

정치도덕적자극을 위주로 하면서 물질적자극을 결합할데 대
										한 두 자극의 결합관계는 그것들사이에 있게 되는 자극수단으로서의 기능과 역할에서의 차이에 대한 과학적분석에 기초한것으로서 가장 옳바른 결합관계로 된다.

정치도덕적자극과 물질적자극을 어떤 원칙에서 결합하는가 하는것은 사회주의경제에 대한 지도와 관리에서 근본문제로 나선다.

정치도덕적자극과 물질적자극이 어떻게 결합되는가 하는데 따라 경제관리의 성격이 다르게 된다.

이에 따라 경제관리운영방법이 사회주의사회의 본성에 맞는것으로 될수도 있고 맞지 않게 될수도 있기때문이다.

여기에서 원칙적문제로 되는것은 두 자극가운데서 어느것을 위주로 하는가 하는것이다.

사회주의사회의 본성에 맞는 근로자들의 창조적열의의 추동형태는 정치도덕적자극이다.

그러므로 두 자극을 옳게 결합시키는데서 나서는 기본 요구는 정치도덕적자극을 위주로 하면서 물질적자극을 결합하는것이다.

정치도덕적자극을 위주로 하면서 물질적자극을 배합하는것은 사회주의경제관리의 기본원칙으로 된다.

정치도덕적자극을 위주로 하면서 물질적자극을 결합하는것이 사회주의경제관리의 기본원칙으로 되는것은 무엇보다도 근로인민대중의 자주적요구를 실현하는데서 정치도덕적자극이 노는 역할과 관련된다.

사람은 사회적존재이며 개별적 사람들은 사회적집단의 한 성원이다.

사람은 사회적집단과의 관계속에서 자기 존재를 유지하며 발전시켜 나간다.

사회적관계, 사회적집단을 떠나서 자연과 사회의 주인으로서의 사람의 존재에 대하여 생각할수 없다.

온갖 예속과 구속에서 벗어나 자연과 사회, 자기자신의 완전한 주인이 되여 자주적이며 창조적인 생활을 누리려는 사람의 요구는 사회관계, 사회적집단속에서만 실현되게 된다.

정치적자유와 권리, 물질문화적부의 참다운 향유, 자연과 사회를 개조하는 창조적능력의 발전 등 사람의 자주적지향과 요구는 일정한 사회적관계속에서 실현된다.

그러므로 사회적존재인 사람의 자주적요구를 실현하는데 있어서 가장 귀중한것은 사회적리해관계이다.

사람은 사회적요구와 리해관계를 실현하는 과정을 통해서만 자주성을 실현하고 창조적인 생활을 누릴수 있다.

사회적존재인 사람에게 있어서 사회적리해관계가 그들의 자주적요구를 실현하는데서 가장 귀중한 리해관계로 된다고 하여 그것을 저절로 가지게 되는것은 아니다.

근로자들이 사회와 경제의 주인이라는 높은 자극을 가지지 않고서는 사회적리해관계를 귀중한것으로 여길수 없으므로 그 실현을 위하여 투쟁할수 없다.

근로자들이 사회적리해관계를 귀중히 여기고 그 실현을 위하여 적극 투쟁하도록 하기 위해서는 사회의 주인이라는 자각, 자주적인 사상의식을 가지도록 하여야 한다.

근로자들이 주인다운 자각, 자주적인 사상의식을 가질 때 사회적요구의 실현에 절실히 리해관계를 가지며 사회와 집단, 조국과 인민을 위한 공동의 위업을 위하여 몸바쳐 일하게 된다.

사회주의사회에서 근로자들의 주인다운 자각, 자주적인 사상의식은 그들에 대한 사상교양사업과 정치도덕적자극을 강화하는것을 통하여 높아지게 된다.

정치도덕적자극은 근로자들이 사회정치적생명체의 한 성원이라는 주인다운 자각을 가지고 사회와 집단을 위하여, 자신의 행복을 위하여 높은 혁명적열의를 발휘하도록 추동하는 수단이다.

그러므로 사회주의사회에서 정치도덕적자극을 강화하고 그것을 물질적자극에 앞세울 때 근로자들이 주인다운 자각을 가지고 사회적요구를 전면에 내세우게 되며 그를 실현하기 위하여 적극 투쟁하게 된다.

이것은 사회주의사회에서 정치도덕적자극을 위주로 하는것이 생산활동, 경제활동에서 근로자들로 하여금 주인으로서의 역할을 보다 원만히 할수 있게 하는 기본담보로 된다는것을 말하여준다.

정치도덕적자극을 위주로 하면서 물질적자극을 결합하는것이 사회주의경제관리의 기본원칙으로 되는것은 또한 사회주의사회의 본성적요구와 관련된다.

친애하는 지도자 김정일동지께서는 다음과 같이 지적하시였다.
《사회주의제도의 본질적 우월성은 모든것의 주인으로 된 인민대중이 굳게 단결하여 나라와 인민을 위하여, 사회와 집단을 위하여 자각적으로 일한다는데 있습니다.》

사회주의제도는 근로인민대중이 모든것의 주인으로 되고있으며 사회의 모든것이 근로인민대중을 위하여 복무하는 가장 우월한 사회제도이다.

사회주의제도하에서 근로인민대중은 국가와 사회의 주인으로서 자기의 요구와 리해관계에 맞게 경제를 발전시키고 물질적부를 창조한다.

그리고 창조된 물질적부는 유족하고 건전한 물질생활을 누리려는 인민대중의 요구에 맞게 분배되고 실현된다.

사회주의하에서 근로자들의 자주적이며 창조적인 물질생활은 생산의 끊임없는 장성에 의하여 담보된다.

이로부터 사회주의하에서 근로자들은 자연을 개조하여 물질적부를 더 많이 창조하는데 절실한 리해관계를 가지고 그를 실현하기 위한 공동위업에 자각적으로 참가하게 된다.

생산의 직접적담당자이며 경제의 주인인 근로인민대중자신이 경제발전에 절실한 리해관계를 가지고 나라와 인민을 위하여, 사회와 집단을 위하여 자각적으로 일하는것은 사회주의제도의 본질적우월성이다.

자본주의 경제에 비할바 없는 사회주의경제의 끊임없는 높은 발전은 바로 이 우월성의 발현이다.

어느 사회에서나 경제는 일정한 추동력의 작용밑에서 발전하며 매개 사회의 기본추동력은 그 사회경제제도의 본성을 집중적으로 반영한다.

매개 사회의 경제제도의 본성이 누가 경제의 주인으로 되여있는가에 의하여 규정되듯이 경제발전의 기본추동력도 해당 경제제도에서 누가 주인의 지위를 차지하는가 하는것과 뗄수 없이 련관되여있다.

자본주의경제에서 생산발전을 추동하는 가장 주되는 요인은 자본가들의 리윤추구와 그를 위한 경쟁이다.

리윤추구는 개인주의에 기초하는 자본주의적사회관계, 경제관계의 필연적 현상으로서 자본가들의 본성적요구이며 생존방식이다.

자본가들은 리윤에 대하여 끝없는 탐욕을 가지며 자본주의생산의 유일한 목적과 기준은 리윤이다.

자본가들은 오직 리윤이 나는 조건에서만 생산을 진행하며 더 많은 리윤을 긁어모으기 위하여 약육강식의 경쟁을 벌린다.

사회주의사회에서 경제발전의 기본추동력인 근로자들의 혁명적열의는 근로인민대중이 사회의 주인으로 됨으로써 형성되는 높은 자주의식의 발현이다.

근로인민대중이 국가와 사회의 주인으로 된 사회주의사회에서는 근로자들의 경제발전에 대한 새로운 태도, 주인다운 자각이 발생하게 된다.

사회주의사회에서 근로자들은 경제발전이 사회와 집단, 자기자신을 위한 사업이라는것을 자각하고 그에 절실한 리해관계를 가지게 된다.

이와 함께 근로자들은 경제의 주인으로서의 경제발전에 대하여 전적으로 책임지는 립장에 서게 되고 주인으로서의 역할을 다하여야 하겠다는 각오를 가지게 된다.

이로부터 사회주의사회에서 근로인민대중은 경제활동에서 높은 혁명적열의를 발휘함으로써 경제의 주인으로서의 책임과 역할을 다하여 경제를 끊임없이 높은 속도로 발전시켜 나간다.

사회주의경제발전의 기본추동력으로서의 혁명적열의는 이와 같이 근로인민대중이 사회와 경제의 주인이 됨으로써 비로소 발생하며 그들의 창조력의 원천으로 된다.

사회주의사회에서 정치도덕적자극을 위주로 하여야 사회주의제도의 본성적요구에 맞게 경제발전의 기본추동력을 높이 발양시킬수 있고 경제의 빠른 장성을 이룩할수 있다.

정치도덕적자극을 위주로 하면서 물질적자극을 결합하는것이 사회주의경제관리의 기본원칙으로 되는것은 또한 사회주의, 공산주의 건설의 근본목적과 관련된다.

사회주의, 공산주의 건설은 근로인민대중의 자주적이며 창조적인 생활을 실현하기 위한 투쟁이다.

사람들의 자주성을 완전히 실현해나가는 사회주의, 공산주의 건설에서 보다 중요한 자리를 차지하는것은 사람들을 참다운 공산주의적 인간으로 개조하는것이다.

인간개조사업은 사람들을 정신적으로, 육체적으로 보다 힘있는 존재로 키워 력사의 주체를 강화하기 위한 창조적사업이다.

사회발전과정은 본질상 인간의 발전과정이며 사회발전수준은 결국 인간의 발전수준에 의하여 규정되게 된다.

인간의 활동이 물질적조건과 사회적조건에 의하여 제약되지만 물질적부를 창조하는것도 사람이고 사회적관계를 개선하는것도 사람인것만큼 인간개조사업은 사회를 발전시키는데서 선차적 힘을 넣어야 할 가장 중요한 사업으로 된다.

그러므로 사람들을 힘있는 존재로 키우는 사업을 우선적으로 하지 않고서는 자연을 개조하고 경제를 발전시켜 공산주의의 물질적요새를 점령하기 위한 사업도 성과적으로 진행할수 없는것이다.

정치도덕적자극은 근로자들이 사회의 주인이라는 자각을 가지고 주인답게 일하도록 하는 자극공간이다.

정치도덕적자극을 강화하면 집단주의 정신, 자주적인 사상의식을 가질수 있게 되며 자신의 리익만을 생각하는 개인리기주의를 극복할수 있게 된다.

물론 사회주의사회에서 물질적자극은 로동을 척도로 하여 이루어지며 개인적인 물질적 리해관계가 집단적리해관계를 위주로 결합되여 실현되는것만큼 낡은 사상을 반대하는 물질적통제수단으로 되며 근로자들속에서 집단주의를 조장시키는데 일정한 정도로 작용하게 된다.

그러나 그것은 어디까지나 근로자들의 개인적리해관계에 기초하고있는것으로서 정치도덕적자극을 위주로 하여 그와 결합되지 않는다면 오히려 리기주의와 같은 낡은 사상을 조장시킬수 있게 된다.

그러므로 정치도덕적자극을 위주로 하는것이 사회주의, 공산주의 건설의 근본목적을 성과적으로 실현할수 있게 하는 가장 옳바른 경제관리원칙으로 되는것이다.

사회주의사회에서 근로자들의 경제활동은 정치도덕적자극만이 아니라 물질적자극에 의해서도 추동된다.

근로자들의 경제활동이 두 자극에 의하여 추동되는것만큼 근로자들의 혁명적열의와 창조적적극성을 높이 발양시켜 사회주의경제건설을 힘있게 다그쳐나가자면 정치도덕적자극과 함께 물질적자극도 옳게 결합하여야 한다.

사회주의사회의 과도적성격은 근로자들의 창조적열의를 추동하는 공간으로서의 물질적평가의 필연성을 조건지을뿐아니라 그 지위와 역할도 규정한다.

근로인민대중의 자주성을 실현하는데서 사회주의사회는 자본주의사회와는 질적으로 구별되지만 자주성이 완전히 실현되는 공산주의사회에 비하여서는 사람들의 사상의식과 물질적조건의 준비에서 상대적으로 뒤떨어져있고 또 이와 관련하여 로동의 본질적차이도 극복하지 못하고 있는 조건에서 과도적성격을 띠지 않을수 없는것이다.

이러한 과도적성격으로 하여 사회주의사회에서 근로자들은 물질적관심을 가지게 되며 그 실현에 리해관계를 가지게 되는것이다.

사회주의사회에서 근로자들의 경제활동은 국가와 사회의 주인으로서의 자각과 함께 자기 로동의 결과에 대한 물질적관심에 기초하여 진행된다.

그러므로 근로자들로 하여금 생산활동, 경제활동에서 혁명적열의와 창조적적극성을 높이도록 하기 위하여서는 정치도덕적자극과 함께 물질적 리해관계를 자극하지 않으면 안된다.

사회주의사회에서 정치도덕적자극이 기본이라고 하여 그 일면만 내세우면서 물질적자극을 무시하게 되면 근로자들이 가지는 개인적, 물질적 리해관계를 자극할수 없고 생산활동에서 그들의 역할을 원만히 높일수 없다.

사회주의사회에서 정치도덕적자극이 근로자들의 창조적열의를 발양시키는데서 비할바없이 우월하지만 그렇다고 하여 그것이 물질적자극이 노는 역할을 대신할수는 없는것이다.

근로자들이 가지는 물질적 관심성, 개인적, 물질적 리해관계는 물질적공간을 통하여 자극될수 있다.

따라서 사회주의사회에서 근로자들의 경제활동을 원만히 추동하도록 하기 위하여서는 정치도덕적자극을 위주로 하면서 물질적자극을 결합시켜 나가야 한다.

근로자들에 대한 물질적자극이 정치도덕적자극보다 우위를 차지해서는 안되지만 그것이 근로자들의 개인적, 물질적 리해관계를 자극하지 못하게 되여서도 안된다.

물질적자극은 생산에서 근로자들이 창조적열의를 발휘하도록 정확히 실현되여야 하며 이렇게 될 때 생산의 빠른 장성, 경제발전의 높은 속도를 이룩할수 있다.

이 모든것은 사회주의사회에서 있게 되는 정치도덕적자극과 물질적자극의 결합관계가 정치도덕적자극을 위주로 하는 관계로 되여야 하며 이것이 근로자들의 자주성을 더 잘 실현하고 자주적이며 창조적인 생활을 보다 원만히 보장할수 있게 하는데서 언제나 튼튼히 틀어쥐고 나가야 할 원칙으로 된다는것을 말하여준다.

정치도덕적자극을 위주로 하면서 물질적자극을 결합할데 대한 원칙은 사회주의제도의 본성과 과도적특성에 맞게 경제관리운영을 합리화할수 있게 하며 근로자들의 혁명적열의와 창조적적극성을 최대한으로 발양할수 있게 한다.

그러므로 경제관리운영이 사회주의경제건설을 힘있게 다그칠수 있는 혁명적이며 과학적인것으로 되자면 정치도덕적자극을 위주로 하면서 물질적자극을 결합하는것을 경제에 대한 지도관리의 기본원칙으로 삼아야 한다.

정치도덕적자극을 위주로 하면서 물질적자극을 결합하는것을 사회주의경제관리의 기본원칙으로 튼튼히 틀어쥐고 일관하게 관철시켜나가는 여기에 오늘 우리 앞에 나서고있는 복잡하고 방대한 사회주의경제건설을 성과적으로 다그쳐나갈수 있는 중요한 담보의 하나가 있다.

정치도덕적자극과 물질적자극을 옳게 결합시킬데 대한 경제지도관리의 원칙을 일관하게 견지함으로써만 경제관리에서 주체사상의 요구를 관철하여 온갖 좌우경적편향을 극복하고 근로인민대중의 창조적열의를 최대한으로 발양시킴으로써 사회주의경제건설을 힘있게 다그쳐나갈수 있다.",KIS,late_socialist_planning,1980s,7.356918242356021
현시기 사회주의경제건설의 성과적 수행과 군중동원,김 철,1989,1,1756,"위대한 수령 김일성동지께서 공화국창건 40돐기념 경축보고대회에서 하신 력사적연설에서 제시된 전투적과업을 관철하기 위하여 전국영웅대회의 호소를 따라 전체 당원들과 근로자들이 새로운 200일전투를 힘있게 벌리면서 인민경제 모든 부문에서 또다시 새로운 기적과 혁신을 일으키고 있다.

영생불멸의 주체사상을 전면적으로 구현하여 사회주의, 공산주의 건설의 총로선과 자연개조, 인간개조, 사회개조의 3대분야과업을 정식화하고 있는 력사적 문헌은 우리 인민들에게 사회주의, 공산주의에 대한 확고한 승리의 신심을 안겨주며 전당, 전국, 전민을 방대한 사회주의경제건설과업수행에로 힘있게 불러일으키고있다.

《모두다 영웅적으로 살며 투쟁하자!》라는 우리 당의 구호는 근로자들의 심장에 투쟁의 불씨를 심어주며 그들을 로동당시대를 빛내일 보람찬 위훈창조에로 힘있게 떠밀어 주고있다.

오늘 우리 당과 인민앞에는 사회주의경제건설을 힘있게 다그치며 제3차 7개년계획을 앞당겨 수행하여야 할 전투적과업이 나서고있다.

이것은 그 어느때보다도 광범한 군중이 동원되고 그들이 무궁무진한 힘과 지혜를 남김없이 발휘할것을 요구한다.

위대한 수령 김일성동지께서는 다음과 같이 교시하시였다.
《근로인민대중은 무궁무진한 힘과 지혜를 가지고있으며 풍부한 실천경험을 가지고있습니다. 인민대중의 창조적능력을 적극 발동하면 못해낼 일이 없습니다.》(《김일성저작선집》9권, 40페지)

인민대중의 무궁무진한 힘을 믿고 그들을 불러일으키는것은 현시기 사회주의경제건설과업을 성과적으로 수행하기 위한 기본담보로 된다.

사회주의경제건설에서 광범한 군중을 조직동원하며 그들의 힘과 지혜를 남김없이 발휘시키는것은 위대한 수령님께서 내놓으신 일관한 방침이며 우리 당의 드팀없는 확고한 의도이다.

사회주의경제건설에서 지난 시기 이루어진 모든 승리와 성과는 당과 수령의 현명한 령도밑에 광범한 군중이 한사람같이 떨쳐나섬으로써 이룩된것이였다.

경제건설의 실천은 광범한 군중을 동원하는 방법이야말로 가장 적극적이고 혁명적인 방법이며 이 방법을 견지해나갈때 사회주의경제건설도 더욱 다그칠수 있으며 사회주의제도의 비할바없는 우월성을 높이 발양시킬수 있다.

광범한 군중을 조직동원하는것은 언제나 가장 중요한 문제로 나서지만 현시기 사회주의경제건설과업을 성과적으로 수행하기 위하여 절박한 요구로 제기된다.

오늘 우리 당과 인민이 벌리고 있는 제3차 7개년계획을 수행하기 위한 사회주의경제건설은 지난날의 그것과는 달리 그 수준에 있어서 매우 높은 단계의 경제건설이며 그 규모에 있어서도 방대한것으로 특징지을수 있는 어렵고 복잡한 경제건설이다.

제3차 7개년계획은 인민생활을 높이며 나라의 경제적위력을 강화하는데서 획기적전환을 가져오게 될 사회주의건설의 웅대한 설계도이다.

제3차 7개년계획이 성과적으로 수행되면 중요제품생산에서 거대한 량적장성이 이루어지게 될뿐아니라 인민생활을 높이며 자립적민족경제의 생활력을 발양시키는데서 새로운 질적비약이 일어나게 된다.

또한 당중앙위원회 제6기 제14차전원회의결정을 관철하여 공작기계공업과 전자, 자동화 공업을 높은 단계에로 발전시키기 위한 투쟁이 제3차 7개년계획기간에 힘있게 벌어지게 되며 그에 따라 인민경제의 주체화, 현대화, 과학화 실현에서는 커다란 전진이 일어나게 된다.

이것은 현시기 사회주의경제건설이 매우 높은 단계에 들어서고 있다는것을 말하여 준다.

제3차 7개년계획을 실현하기 위한 투쟁은 경제건설전망목표를 수행하기 위한 웅대한 전망계획이며 그것을 실현하기 위하여 현시기 벌리고있는 경제건설은 규모에 있어서나 과업에서나 속도에 있어서 전례가 없는것이다.

특히 경제건설의 규모는 비할바없이 큰것으로 특징지을수 있다.

사회주의경제건설에서 광범한 군중을 조직동원하는것이 절실한 문제로 나서는것은 무엇보다도 오늘 우리 인민이 벌리고있는 기본건설의 규모가 크고 그것을 짧은 기간에 끝내야 하는것과 중요하게 관련되여있다.

현시기 경제건설에서는 당과 수령의 원대한 구상에 따라 실로 수많은 대규모 기본건설이 힘있
										게 벌어지고있다.

순천비날론련합기업소와 사리원카리비료련합기업소의 건설만 놓고 보아도 그것은 대단히 방대한 규모의 건설이다.

대규모의 기본건설은 이것만이 아니다.

기간공업부문들에서 짧은 기간에 생산능력을 획기적으로 높이기 위하여 발전소건설, 금속공장건설, 기계공장건설이 수많이 벌어지고있다.

또한 철도를 중량화, 현대화하기 위한 건설, 나라의 면모를 일신시키며 수송문제를 푸는데서 중요한 자리를 차지하는 고속도도로건설, 제13차세계청년학생축전대상건설이 짧은 기간에 완공되여야 한다.

인민경제 여러부문들에서 벌리고있는 방대한 중요대상건설은 거의 모두가 다 규모가 크고 현대적이며 빠른 기간안에 어김없이 끝내야 할 건설 대상들이다.

이러한 건설대상은 또한 그것을 직접 담당한 공장, 기업소들의 힘만으로 건설되는 대상이 아니다.

중요대상건설은 전국의 수많은 공장, 기업소들과 련결되여있으며 련관되여있는 공장, 기업소들에서 대상설비와 자재를 대주고 지원하여야 할수 있는 대상들이다.

그러므로 수많은 중요대상건설은 광범한 군중을 동원하고 그들의 무궁무진한 힘과 지혜를 남김없이 발휘할것을 요구한다.

우리의 설비와 자재, 우리의 기술과 힘으로 건설하여야 하는 중요대상건설은 결코 쉽게, 순탄하게 이루어질수 없다.

설계도 시공도 우리의 기술로 우리 식으로 하며 현대적인 대상설비와 수백수천 수만을 헤아리는 자재도 제것으로 해야 하는 조건에서 부닥치는 난관이 한두가지가 아니며 자체로 풀어야 할 일이 수없이 나서게 된다.

짧은 기간에 방대한 규모의 건설을 하자니 건설력량도 커야 하며 기술문제를 풀자고 해도 한두부문의 과학자나 기술자 몇사람이 아니라 련관된 여러 부문의 과학자, 기술자들의 집단이 있어야 하며 과학자, 기술자들과 생산자들의 창조적협조가 있어야 한다.

바로 여기에 광범한 군중을 조직동원하고 그들의 무궁무진한 힘과 지혜를 남김없이 발양시켜야 할 절박성이 있는것이다.

현시기 사회주의경제건설의 과업이 광범한 군중을 조직동원할것을 절실히 요구하게 되는것은 또한 광범한 군중을 조직동원하여야 인민경제 모든 부문에서 생산을 높은 수준에서 정상화하고 주어진 생산능력을 다 발휘시켜 생산을 늘일수 있기때문이다.

현시기 사회주의경제건설에서 나서는 중요한 과업은 중요대상건설을 힘있게 다그쳐 빨리 완공하는것과 함께 인민경제 모든 부문들에서 생산을 높은 수준에서 정상화하고 생산능력을 효과적으로 리용하여 생산을 대대적으로 늘이는것이다.

제3차 7개년계획말에 도달하여야 할 중요제품생산량은 보통정도의 수준이 아니라 세계선진수준이며 따라서 그러한 높은 수준의 중요제품생산량을 기어이 돌파하자면 생산을 반드시 높은 수준에서 정상화하여 생산이 일별, 주별, 순별, 월별로 정상적으로 조화롭게 진행되지 않으면 안된다.

그리고 이미 있는 공장, 기업소들에서 생산을 높은 수준에서 정상화하고 설비마다에 만부하를 걸뿐아니라 제3차 7개년계획기간에 기본건설을 통하여 조업개시를 하게 되는 수많은 공장, 기업소들에서 될수록 조업개시를 앞당기고 운영을 조직하며 생산을 높은 수준에서 정상화하여 그것이 은을 내도록 해야 하는것이다.

현시기 생산을 높은 수준에서 정상화하는가 못하는가 하는 문제는 제3차 7개년계획의 어려운 생산과제를 성과적으로 수행하는가 못하는가를 좌우하는 중요한 고리의 하나이다.

생산을 높은 수준에서 정상화하기 위하여 나서는 가장 중요한 문제가 바로 이 사업에 광범한 군중을 동원하며 군중의 힘과 지혜를 남김없이 발휘시키는것이다.

생산정상화에는 물론 여러가지 요인들이 작용하지만 생산의 주인이며 직접적 담당자인 군중, 생산자대중을 조직동원하고 그들의 힘과 지혜를 발휘시키는 주체적 요인보다 더 중요한 요인은 없다.

생산의 주인인 생산자대중의 주인으로서의 자각, 책임과 역할을 결정적으로 높이고 그들의 풍부한 생산의 실천적경험과 지혜에 의거하여야 생산정상화에 작용하는 여러가지 요인들을 보다 원만히 풀어나갈수 있다.

광범한 군중을 조직동원하여야 서로 밀접히 련관되여있는 공장과 기업소들사이, 생산과 수송사이의 생산소비적 련계를 더욱 강화하고 집단적혁신을 일으킬수 있다.

이것은 광범한 군중을 조직동원하고 그들의 힘과 지혜를 발휘시키는 문제가 현시기 사회주의경제건설의 과업, 생산을 높은 수준에서 정상화하기 위한 과업을 수행하기 위하여 나서는 절박한 과업이라는것을 말해준다.

현시기 사회주의경제건설의 과업을 수행하기 위하여 광범한 군중을 조직동원하고 그들의 무궁무진한 힘과 지혜를 남김없이 발휘시키는것이 절박한 요구로 나서는것은 또한 나라의 과학기술을 세계적수준으로 추켜세우며 생산에서 기술혁명과 기술혁신을 힘있게 벌리며 공장기계공업과 자동화공업을 비롯한 새로운 분야를 개척하는 과업이 그 어느때보다도 중요하게 나서는것과 련결되여 있다.

오늘의 시대는 과학의 시대이며 과학과 기술의 빠른 발전은 세계적추세로 되고있다.

과학과 기술을 비약적으로 발전시키지 않고서는 나라의 경제를 새로운 높은 단계에 올려세울수 없으며 사람들을 힘든 로동에서 완전히 해방할수 없다.

과학기술의 견지에서 볼때 제3차 7개년계획은 과학기술발전의 웅대한 전망계획이라고 말할수 있다.

그것은 바로 제3차 7개년계획이 과학기술을 보다 빨리 발전시킬것을 예견한 전망계획이며 방대한 전망계획과제를 과학과 기술을 빨리 발전시키는 방법으로 수행할것을 예견한 전망계획이기때문이다.

위대한 수령 김일성동지께서는 다음과 같이 교시하시였다.
《당이 내세운 사회주의경제건설의 웅대한 목표를 실현하려면 과학기술부터 발전시켜야 하며 우리 나라가 세계선진국가들의 대렬에 들어서려면 먼저 우리의 과학기술을 세계 선진수준으로 올려 세워야 합니다.》(《주체의 혁명적기치를 높이 들고 사회주의, 공산주의 위업을 끝까지 완성하자》, 14페지)

제3차 7개년계획을 수행하기 위하여 현시기 사회주의경제건설에서 나서는 중요한 과업의 하나는 나라의 과학기술을 보다 빨리 발전시켜 세계선진수준에 들어서게 하는것이다.

우리 나라에서는 제3차 7개년계획을 수행하는 기간에 인민경제의 주체화, 현대화, 과학화를 성과적으로 실현하는 원칙에서 과학연구사업이 적극 추진되게 되며 특히 전자공학, 생물학, 열공학을 발전시키는데 힘을 넣어 생산의 자동화, 로보트화, 전자계산기화를 실현하고 농업과 수산업을 현대생물학의 성과에 토대하여 발전시키며 연료자원을 효과적으로 리용하여 열동력문제를 풀어나가는 사업이 힘있게 벌어지게 된다.

이 과업을 성과적으로 수행하자면 과학기술에 대한 옳바른 관점이 서야 하며 과학기술발전의 토대를 튼튼히 쌓고 과학연구기관과 생산기업소들사이의 협조, 과학자, 기술자들과 생산자들의 창조적협조를 강화하지 않으면 안된다.

제3차 7개년계획기간에 날로 높아지는 인민들의 요구에 맞게 식의주문제를 원만히 풀고 로동조건을 개선해나가는 원칙에서 기술혁명이 힘있게 다그쳐지게 된다.

력사적인 당중앙위원회 제6기 제14차전원회의 결정에 따라 공장기계공업과 전자, 자동화 공업을 보다 빨리 발전시키기 위한 투쟁이 벌어지게 된다.

이 모든것은 현시기 사회주의경제건설에서 나서는 중요한 과학기술발전, 기술혁명의 과업이다.

광범한 군중을 조직동원하고 그들의 무궁무진한 힘과 지혜를 남김없이 발휘시키는것은 현시기 과학기술발전과 기술혁명수행에서 중요한 자리를 차지한다.

과학과 기술을 발전시키는 사업도 그렇고 기술혁명과 기술혁신을 하는 사업도 제한된 과학자, 기술자들의 힘만으로써는 이루어질수 없다.

오직 과학자, 기술자들과 함께 광범한 군중이 동원되여야 과학과 기술을 빨리 발전시키고 생산에 널리 받아들일수 있으며 나라의 과학기술을 세계선진수준에로 끌어올릴수 있다.

과학기술발전과 기술혁명, 기술혁신에 절실한 리해관계를 가지는것도 광범한 군중, 생산자대중이 어떤 기술을 어떻게 발전시키며 과학기술을 발전시키는데서 풀어야 할 고리가 무엇이며 그것을 어떻게 풀어야 하는가 하는것을 잘아는것도 생산자대중이다.

대중보다 더 지혜로운 존재는 없다.

바로 여기에 과학기술발전, 기술혁명과 기술혁신에서 군중동원과 그들의 힘과 지혜의 적극적인 발휘가 가지는 중요한 근거가 있다.

현시기 사회주의경제건설에서 나서는 과업을 성과적으로 수행하자면 그 어느때보다도 광범한 군중을 적극 조직동원하여야 하며 경제건설에서 나서는 모든 문제들을 군중의 힘과 지혜에 의거하여 풀어나가지 않으면 안된다.

현시기 사회주의경제건설과업수행에로 광범한 군중을 조직동원하며 그들의 힘과 지혜를 발휘시키는데서 중요한것은 무엇보다도 모든 일군들이 위대한 수령님과 우리 당에 대한 충성심을 가지고 혁명적 수령관을 세우면서 군중관을 확고히 세우는것이다.

혁명적군중관은 인민대중을 혁명과 건설의 주인으로 보며 군중의 힘을 믿고 그에 의거하여 혁명과 건설을 해나가는 관점과 립장이다.

일군들이 인민대중을 혁명과 건설의 주인으로 보는 확고한 관점과 립장을 가져야 그들을 위하여 복무하려는 관점과 립장을 가질수 있으며 군중이 무궁무진한 힘과 지혜를 가지고 있다는 옳은 관점과 립장을 가져야 그들의 힘을 믿고 그에 의거하여 혁명과 건설에서 나서는 모든 문제를 성과적으로 풀어나갈수 있다.

그러므로 현시기 사회주의경제건설의 방대한 과업을 수행하는데로 광범한 군중을 조직동원하는데서 선차적인것은 모든 일군들이 혁명적군중관을 확고히 세우는것이다.

현시기 사회주의경제건설과업수행에로 광범한 군중을 조직동원하며 군중의 힘과 지혜를 발휘시키는데서 중요한것은 또한 광범한 군중이 혁명과 건설에 대한 당과 수령의 의도와 요구, 우리 당의 구호의 요구를 옳게 파악하고 그것을 철저히 구현하는것이다.

사회주의경제건설과정은 광범한 군중이 경제건설을 다그쳐 당과 수령이 경제건설에서 펼치는 원대한 구상과 의도를 파악하고 그것을 실현하기 위한 과정이다.

우리 당의 구호는 당과 수령의 의도와 요구를 집약적으로, 집중적으로 반영한것으로서 반드시 구현해야 할 행동의 지침이다.

《생산도 학습도 생활도 항일유격대식으로!》, 《사상도 기술도 문화도 주체의 요구대로!》, 《모두다 영웅적으로 살며 투쟁하자!》, 《하나는 전체를 위하여, 전체는 하나를 위하여》를 비롯한 우리 당의 구호는 혁명과 건설에서 나서는 가장 원칙적이고 중요한 문제들을 어떠한 방향에서 어떻게 풀어나가야 하는가를 밝혀주는 행동지침이다.

《모두다 영웅적으로 살며 투쟁하자!》라는 우리 당의 구호에는 당과 수령의 크나큰 신임과 배려에 의하여 영생하는 정치적생명을 받아안은 우리 일군들과 당원들과 근로자들이 자기의 정치적생명을 영원히 빛내이며 그들을 혁명과 건설에서 모두 영웅으로 내세워주시려는 깊은 뜻이 집약적으로 함축되여있다.

현시기 사회주의경제건설에서 인민대중이 혁명과 건설의 참된 주인으로서의 자각과 책임, 역할을 보다 원만히 해나가자면 《모두다 영웅적으로 살며 투쟁하자!》라는 우리 당 구호의 참뜻을 심장에 받아안아야 하며 그것을 경제건설의 실천투쟁을 통하여 꽃피워나가야 하는것이다.

현시기 사회주의경제건설과업수행에로 광범한 군중을 조직동원하는데서 중요한것은 우리 당의 발기로 나오고 벌어지게 되는 여러가지 형태의 대중운동을 힘있게 벌리는것이다.

사회주의사회에서 비로소 국가주권과 생산수단의 주인, 생산의 주인, 관리의 주인으로 된 인민대중은 여러가지 형태로 생산과 관리에 참가하게 되며 이 과정을 통하여 주인으로서의 책임과 역할을 하게 된다.

우리 당이 내놓은 대중운동에는 광범한 군중을 혁명과 건설의 주인으로 내세우고 주인으로서의 역할을 보다 원만히 해나갈수 있는 우리 식의 우월한 여러가지 대중운동형태가 있다.

《3대혁명붉은기쟁취운동》, 《숨은 영웅들의 모범을 따라 배우는 운동》, 《26호선반을 따라배우는 충성의 모범기대창조운동》, 《2월 17일 과학자, 기술자 돌격대운동》을 비롯한 여러가지 형태의 대중운동은 이미 실천을 통하여 커다란 우월성과 생활력을 발휘하였다.

실천은 여러가지 형태의 대중운동을 힘있게 벌려나갈 때 생산에서의 집단적혁신과 인간개조사업을 다같이 다그치는것으로부터 설비와 자재를 애호관리하고 절약적으로 리용하는데 이르기까지 생산과 관리에서 나서는 문제들을 원만히 풀어나갈수 있다.

현시기 사회주의경제건설과업수행에로 광범한 군중을 조직동원하고 무궁무진한 힘과 지혜를 발휘시키는데서 중요한것은 또한 사회주의 경제관리의 기본원칙대로 경제의 지도와 관리에서 당의 정치적지도와 경제기술적 지도, 국가의 통일적지도와 매개 단위의 창발성, 민주주의와 유일적 지휘, 정치도덕적자극과 물질적자극을 옳게 결합시키는것이다.

사회주의경제관리의 4대기본원칙들은 자기의 고유한 측면을 가지면서 서로 밀접히 련관되여있으며 통일적으로 실현된다.

경제관리의 첫째원칙이 사회주의경제에 대한 지도와 관리가 그 내용에서 어떤것으로 되여야 하며 그것이 어떻게 결합되여야 하는가를 규제하는 원칙이라면 둘째원칙은 관리조직과 단위들의 호상관계와 그 실현의 합법칙성을 규제한다.

그리고 셋째원칙은 경제에 대한 지도와 관리에서 인민대중의 요구와 리해관계, 의사를 어떻게 반영하며 실현하는가를 규제한다.

넷째원칙은 대중동원의 두가지 방법과 결합문제를 규제해주고있다.

경제에 대한 지도와 관리의 이 네가지 원칙을 관철할 때 대중동원의 전제와 기본 조건, 대중동원의 관리방식, 대중의 관리 참가의 형식과 방법, 대중동원방법이 가장 정확히 해결되게 되며 관리의 다른 중요내용과 함께 대중동원 문제가 다같이 실현되게 된다.

현시기 사회주의경제건설에서 나서는 어렵고 방대한 과업을 성과적으로 수행하는데서 광범한 군중을 조직동원하고 그들의 무궁무진한 힘과 지혜에 의거하는것보다 더 위력한 방법은 없다.

우리는 광범한 군중을 조직동원하고 그들의 무궁무진한 힘과 지혜를 높이 발휘시킬데 대한 우리 당의 일관한 방침을 철저히 관철함으로써 제3차 7개년계획수행에서 일대 전환을 일으키며 공화국창건40돐기념 경축보고대회의 력사적연설과 당중앙위원회 제6기 제14전원회의에서 제시된 전투적과업을 성과적으로 수행해야 할것이다.",KIS,late_socialist_planning,1980s,7.471363088187097
사회주의사회에서 편의봉사료와 그 수입을 늘이기 위한 방도,최준택,1988,1,2876,"사회주의사회에서 편의봉사료수입은 국가재정예산수입의 중요원천의 하나이다.

위대한 수령 김일성동지께서는 다음과 같이 교시하시였다.
《국가재정예산수입원천을 늘이기 위하여 다음으로 편의시설을 통한 봉사료수입을 늘여야 하겠습니다.》(《김일성저작집》23권, 140페지)

사회주의사회에서 편의봉사는 물질문화생활, 소비생활령역에서 인민들의 생활상 편의를 보장해주는 사회적 분업의 한 형태이다. 다시말하여 그것은 국가와 사회의 주인으로 된 근로자들의 생활상 편의를 보장해주며 그들의 자주적이며 창조적인 생활을 더욱 문명하고 윤택하게 해주는 전문화된 사회적 분업체계의 한 부문이다.

그런데 사회주의사회에서 편의봉사부문의 봉사활동은 국민소득의 창조되지 않는 비생산활동이다. 편의봉사활동에 지출되는 로동은 비생산적 로동이며 따라서 봉사활동 그자체로서는 봉사적 수요를 충족시키는 원천인 국민소득을 창조할수 없다. 이로부터 비생산봉사부문의 자금수요를 어떤 방법으로 해결할것인가 하는 문제가 제기된다.

로동계급의 국가가 비생산봉사부문의 자금수요를 해결하는 방법에는 봉사료지불을 통한 개인소득의 재 분배형태가 있을수 있고 국가부담에 의한 형태도 있을수 있다.

일반적으로 봉사료는 생산과 구별되는 봉사의 특성을 반영하여 제정된 넓은 의미에서의 가격과 같은것이다.

봉사는 상품과 같이 물건의 형태로 존재하는것이 아니라 생산과 인민생활에 복무하는 활동의 형태로 나타나며 따라서 사용가치를 현실적으로 창조하지 않는다. 봉사는 생산물 일반과는 달리 생산과정과 소비과정이 따로 분리되여있는것이 아니라 봉사를 위한 생산과 소비가 동시에 이루어지며 따라서 류통과정이 존재하지 않는다. 봉사의 이러한 특성으로 하여 그에 지출되는 사회적 필요로동의 화페적 표현은 생산물의 가격과는 달리 료금의 형태를 취하게 된다.

사회주의사회에서 편의봉사료는 본질에 있어서 생산편의봉사부문과 전사회의 공동수요를 충족시키기 위한 개인소득의 재분배형태이다.

위대한 수령 김일성동지께서는 다음과 같이 교시하시였다.
《다 아는바와 같이 봉사료는 전 사회의 공동수요를 충족시키기 위하여 개인소득의 일부를 재분배하여 국가예산에 끌어들이는 형태입니다.》(《김일성저작집》23권, 140페지)

사회주의사회에서 편의봉사료는 인민들의 생활상 편의를 보장하기 위하여 제공된 봉사에 대한 료금으로서 그것은 국민소득이 창조되지 않는 비생산편의봉사부문의 자금수요를 보장하며 전사회의 공동수요를 충족시키기 위한 개인소득의 재분배형태이다.

개인소득의 일부를 재분배하는 형태로 된다는것은 편의봉사료의 경제적 본질을 그 원천의 견지에서 밝힌것이라면 비생산편의봉사부문의 자금수요보장과 전사회의 공동수요를 충족시키는데 리용된다는것은 그 사명의 견지에서 편의봉사료의 사회적 기능을 밝힌것이다.

사회주의사회에서 편의봉사료의 본질적 특징은 무엇보다도 그의 인민적 성격에 있다.

자본주의사회에서의 봉사료는 자본가들의 기생적이며 방탕한 생활을 보장하고 소비생활단계에서 근로자들을 추가적으로 착취함으로써 자본가들의 돈벌이와 리윤획득을 위한 수단으로 리용된다, 자본가들은 봉사원가에 봉사리윤을 마구 붙이는 방법으로 봉사료금을 정함으로써 이 부문 근로자들의 잉여로동을 착취하고 독립적 봉사리윤을 획득하며 간접소비세를 마구 람발하여 봉사료금에 첨가함으로써 광범한 대중을 조세의 실질적 부담자로 전락시키고 소비생활단계에서 근로자들을 추가적으로 착취한다.

이와는 달리 사회주의사회에서 편의봉사료는 근로자들자신을 위한것으로서 우리 당이 제시한 봉사혁명방침을 관철하여 근로자들의 보다 문명하고 윤택한 생활을 보장하며 그들의 자주적이며 창조적인 생활을 더욱 원만히 보장하는 수단으로 복무한다. 바로 여기에 사회주의사회에서 편의봉사료의 인민적 성격이 있다.

사회주의사회에서 편의봉사료의 본질적 특징은 또한 그것이 개인소득의 재분배형태라는데 있다.

봉사료가 개인소득의 재분배형태라는것은 국민소득분배의 결과에 형성된 시초소득의 한 형태인 개인소득을 근로자들의 생활상 편의를 보장하기 위하여 다시 분배한 형태라는것을 
										말한다.

편의봉사료는 봉사를 받은 대가로 무는 료금이지만 개인소득의 실현이 아니라 재분배이다. 만일 상점에서 상품을 샀다면 개인소득의 일부가 화페형태로 지불되는 대신 그만한 크기의 상품가치가 개인소득에 첨가된다. 따라서 이 경우에는 화페형태로 지불되는 개인소득의 일부와 구입되는 상품사이에 등가관계가 형성되고 등가교환이 이루어진다. 이것은 개인소득의 실현인것이지 재분배는 아니다.

그러나 봉사료인 경우에는 사정이 다르다. 사회주의사회에서 편의봉사는 사회적 분업체계의 한 고리로서 이 부문에서 지출되는 사회적 로동은 가치도, 국민소득도 창조하지 않는다. 따라서 봉사를 받고 료금을 지불하는것은 등가관계가 아니며 등가교환도 아니다. 봉사는 받았으나 가치상으로는 개인소득에 첨가되지 않으며 봉사료는 지불되였으나 가치상으로는 보상되지 않는다. 제공받은 봉사는 생활상 편의를 보장하였지만 개인소득에는 영향을 주지 않으며 지불된 봉사료는 봉사의 대가로 소비된 소득이지만 개인소득의 실현도 아니고 보상도 이루어지지 않는다는데 봉사료의 특징이 있다. 이것은 사회주의사회에서 편의봉사료의 지불이 개인소득의 실현이 아니라 재분배형태라는것을 말한다.

사회주의사회에서 편의봉사료는 개인소득의 재 분배형태이지만 세금을 비롯한 다른 재분배형태들과는 원칙적으로 다르다. 편의봉사료는 개인소득을 원천으로 하는 봉사에 대한 료금으로서 생활상 편의를 보장받은 대가로 이루어지는 재분배이며 인민들의 복리를 증진시킨 결과에 이루어지는 재분배이다. 편의봉사료는 근로자들의 물질문화적인 생활상 편의를 보장하며 보다 문명하고 윤택한 생활보장을 위한 원천이다.

이러한 인민적 성격으로 하여 사회주의사회에서 편의봉사료는 인민생활을 향상시키며 국가예산수입을 늘이는데서 중요한 의의를 가진다.

사회주의사회에서 편의봉사료는 이처럼 인민적 성격을 가지지만 과도적 경제범주인것만큼 사회의 과도적 성격이 극복되고 공산주의적 성격이 강화됨에 따라 점차 국가예산을 통한 개인소득재분배형태로서의 의의가 약화된다. 개인소득재분배형태로서의 의의가 점차 약화되고 국가부담에 의한 공산주의적 성격이 강화되는 과정은 과도적 경제범주로서의 편의봉사료변화발전의 합법칙적 과정이며 이 합법칙적 과정은 편의봉사분야에서 인민적 성격이 확대강화되는 필연적 과정을 반영한다.

사회주의사회에서 편의봉사료의 본질적 특징은 또한 그것이 비생산적 편의봉사부문의 자금수요를 보장하기 위한 원천이라는데 있다.

위대한 수령 김일성동지께서는 다음과 같이 교시하시였다.
《봉사료지불을 통한 국민소득의 재분배에 의하여 비생산부문일군들의 소득이 이루어지며 개인적부담으로써는 도저히 보장할수 없는 국가적수요가 사회적규모에서 충족되게 되는것입니다.》(《김일성저작집》23권, 141페지)

사회주의사회에서 편의봉사료는 비생산편의봉사부문의 자금수요를 보장하기 위한 경제적 공간이며 봉사적 수요의 보장을 근본사명으로 하는 경제범주이다. 이 범주는 봉사적 수요의 충당을 위하여 개인소득의 재분배를 통한 그 원천의 형성과 분배리용의 합법칙성을 반영한다.

편의봉사료에 의하여 비생산봉사부분의 자금수요를 충당하는것은 생산분야에서 원가를 보상하는 원리 그대로 편의봉사기관에서 경영비를 보상하는 형태로 실현된다.

편의봉사료는 무엇보다도 그 수입을 원천으로하여 로동보수를 지불함으로써 비생산편의봉사일군들의 개인소득을 형성한다.

봉사료지불을 통한 비생산편의봉사일군들의 개인소득의 형성은 그들의 물질문화생활을 향상시키는 물질적 담보이다.

이것은 비생산편의봉사일군들의 개인소득이 국민소득분배의 결과에 형성된 물질적 생산분야일군들의 개인소득과 국가예산을 통한 국민소득재분배의 결과 형성된 비생산일군들의 개인소득을 봉사료공간을 통하여 재분배함으로써 그것을 편의봉사일군들의 개인소득으로 전환시킨 형태라는것을 말한다.

편의봉사료는 또한 그 수입을 원천으로 하여 소모된 봉사수단을 보상함으로써 재봉사의 조건을 마련한다. 편의봉사과정에서는 로동수단인 고정재산의 마멸이 이루어지며 로동대상인 자재가 소모된다. 봉사활동과정에서 소비되는 이러한 봉사수단은 봉사료수입을 원천으로 하여 보상된다. 봉사료수입을 원천으로 하는 이러한 소모된 봉사수단의 보상을 통하여 재봉사에 필요한 물질적 조건이 마련되며 정상적 봉사활동이 보장된다.

사회주의사회에서 편의봉사료가 소모된 봉사수단을 보상하는 원천으로서 재봉사에 필요한 물질적 조건을 마련한다고 할 때 그것은 생산분야에서 소모된 생산수단을 보상하는것과는 다르다. 생산분야에서는 생산물의 가격을 통하여 소모된 생산수단이 모두 보상되지만 편의봉사부문에서의 봉사료금은 생산물의 가격이 아니라 봉사활동자체에 대한 료금으로서 지출된 자재비를 일반적으로 포함하지 않는다.

편의봉사료금에 자재비를 포함시키지 않는것은 무엇보다도 료금제정실천을 합리화하기 위한 요구와 관련된다. 자재비는 편의봉사 업종과 대상에 따라 그 소비가 다양하며 종류와 규격, 재질이 끊임없이 변동한다. 그러므로 자재비를 포함한 봉사료금을 정하는것은 료금제정을 곤난하게 하며 그 적용에서도 난관을 조성한다. 이로부터 료금제정과 그 적용을 합리화하기 위해서는 자재비를 제외하고 료금을 정하는 방법론에 의거하지 않으면 안된다.

편의봉사료금이 자재비를 포함시키지 않는것은 또한 수요자의 요구대로 봉사를 진행하며 봉사활동을 개선하기 위한 요구와 관련된다. 자재비를 료금에 포함시키는 경우에는 수요자의 요구대로 봉사를 더 잘한다고 하더라도 각이한 경우에 맞는 료금을 대상의 특성에 맞게 따로 정할수는 없다. 따라서 수요자의 요구대로 봉사를 더 잘하려고하여도 료금이 문제로 되여 봉사를 더 잘하지못하는 경우가 있게 된다. 그러나 자재비를 료금에 포함시키지 않는 경우에도 수요자의 요구대로 봉사를 더 잘한다고 하더라도 료금이 문제로 되는것과 같은 현상은 없게 된다. 

이 경우에는 인민들의 수요대로 제공되는 봉사에 각이하게 소비되는 자재값이 료금과는 별도로 계산되는 조건에서 봉사료금에 영향을 주지 않는다. 이것은 편의봉사활동에서 봉사성을 높이며 수요자의 요구대로 봉사를 더 잘하여 늘어나는 인민들의 봉사적 수요를 보다 원만히 충족시킬수 있게 한다.

편의봉사료금제정에서 자재비를 제외하는것은 또한 봉사료금이 자재값의 변동에 따라 수시로 변하는것을 막고 봉사료금의 상대적 안정성을 보장할수 있게 한다.

편의봉사료금에 자재값을 포함시키면 자재값이 변동하는데 따라 료금을 고쳐야 하는 문제가 제기된다. 그러므로 편의봉사용 자재값을 료금에 포함시키지 않고 따로 받도록 하는것은 봉사료금을 자재값의 변동에 따라 수시로 고쳐 정하는 현상을 없애고 료금적용에서 안정성을 보장할수 있게 한다.

편의봉사료금에 자재값을 포함시키지 않는것은 또한 편의봉사기관의 사업을 료금수입에 기초하여 정확히 평가할수 있게 한다. 편의봉사료금에 자재값을 포함시키면 자재값이 높은 업종의 봉사에 의하여 봉사기관의 사업을 정확히 평가할수 없게 되며 자재값이 높은 업종의 봉사에 치중하는 경향을 나타낼수 있다. 그러므로 편의봉사료금제정에서 자재값을 제외하여야만 료금수입이 편의봉사기관들의 봉사활동의 성과를 정확히 반영할수 있으며 근로자들에 대한 봉사에서 유리한 업종의 봉사에만 치중하려는것과 같은 편향을 극복할수 있다.

편의봉사료금제정에서 자재값을 포함시키지 않는다는것은 그 어떤 경우에도 자재값을 봉사료금에서 제외한다는것을 의미하지 않는다. 편의봉사활동에 지출되는 자재가 봉사대상별로 명백히 갈라지지 않거나 갈라진다 하더라도 봉사대상에 따라 차이가 없는 경우에는 료금구성에서 자재비를 제외할 필요가 없다. 례를 들면 사진료금에서는 인화지의 값을 제외할 필요가 없다.

이와 관련하여 편의봉사료금은 자재값이 포함되는 료금과 포함되지 않는 료금으로 구분하여 적용하여야 하며 따라서 계획화와 계산실천에서는 대상의 특성에 맞게 료금을 바로 적용하지 않으면 안된다.

이와 같이 사회주의사회에서 편의봉사료는 봉사일군들의 개인소득을 형성하며 소비된 봉사수단을 보상함으로써 개인적 부담으로서는 도저히 보장할수 없는 편의봉사부문의 비생산적 자금수요를 사회적 규모에서 종속시키는 원천이다.

사회주의사회에서 편의봉사료의 본질적 특징은 또한 그것이 전 사회의 공동수요를 충족시키는 원천이라는데 있다.

사회주의사회에서 편의봉사료가 전사회의 공동수요를 충족시키는 원천이라는것은 그것이 국가의 수중에 중앙집권적으로 동원되여 전사회의 공동수요를 위하여 분배리용되는 예산수입원천이라는것을 말한다.

편의봉사료가 전사회의 공동수요를 종속시키는 원천으로 되는것은 그것이 독립채산제편의봉사기관의 순수입을 이루는 사정과 관련된다. 독립채산제편의봉사기관의 봉사료수입에서 경영비를 보상한 나머지는 순수입을 이룬다.

편의봉사기관의 순수입은 생산기업소들의 사회소득과 대비되는 개념이지만 새로 창조된 가치가 아니며개인소득을 원천으로 그것을 재분배하여 형성된것이므로 그 원천의 경제적 본성에서 사회소득과 다르다.그러므로 이것을 사회소득과 구별하여 순수입이라고 부른다.

편의봉사기관의 순수입은 순소득은 아니지만 봉사일군들의 사회를 위한 로동에 의하여 조성된것이다. 편의봉사일군들의 로동은 생산적 로동은 아니지만 사회를 위하여 유용한 로동이며 로동력의 재생산을 통하여 가치를 창조하는데 간접적으로 이바지하는 로동이다. 따라서 편의봉사일군들의 로동은 국민소득을 직접 창조하지는 않지만 자기를 위한 로동과 사회를 위한 로동으로 구분되여 그 가운데서 사회를 위한 로동의 결과가 순수입으로 나타난다.

이러한 순수입은 그 본성에 있어서 사회를 위한것이므로 국가의 수중에 집중시켜 사회적인 리용을 보장하지 않으면 안된다.

우에서 본바와 같이 사회주의사회에서 편의봉사료는 국민소득이 창조되지 않는 편의봉사부문의 비생산적 자금수요를 사회적 규모에서 충족시키며 전사회의 공동수요를 충족시키기 위한 개인소득의 재분배형태로 된다.

사회주의사회에서 편의봉사료수입을 늘이는것은 국가의 재정예산수입을 늘이는 중요한 방도이다.

편의봉사료를 원천으로 하는 국가재정예산수입에서 가장 중요한것은 봉사료수입금이다.

봉사료수입금은 편의봉사료금에 들어있는 순수입의 한부분인 중앙집중적 순수입, 다시말하여 거래수입금에 해당한것으로서 생산과 구별되는 봉사의 특성을 반영하여 봉사료수입금이라고 부른다. 봉사료수입금은 봉사료금수입을 통하여 조성된 순수입의 일부를 국가예산에 끌어들이는 형태이다.

봉사에 체현된 사회적 필요로동의 화페적 표현인 봉사료금에는 근로자들이 사회를 위하여 조성한 순수입이 들어있다. 사회를 위한 부분으로서의 순수입은 그 본성의 요구대로 국가의 수중에 동원하여야 하는데 그 기본형태가 바로 봉사료수입금이다.

봉사료수입금의 특징은 그것이 편의봉사분야에서 조성된 순수입부분이며 순수입일반이 아니라 국가의 수중에 동원되는 중앙집중적 순수입부분으로서 봉사료금의 구성요소를 이루는 순수입이라는데 있다. 

따라서 봉사료수입금은 편의봉사기관들에서 조성된 순수입을 전국가적 수요충족을 위하여 동원할 때 생기는 국가와 기업소와의 호상관계를 반영한다.

사회주의사회에서 봉사료수입금을 옳게 부과하기 위해서는 거기에서 지켜야 할 일반적 원칙을 바로 규정하여야 한다.

봉사료수입금부과의 원칙은 첫째로, 인민생활향상에 복무하는 개인적 소비에 대한 봉사에만 그것을 부과하는것이다. 

사회주의사회에서 봉사활동은 물질적 부의 생산에 관계되는 봉사활동과 인민생활에 관계되는 봉사활동으로 구분된다. 물질적 부의 생산에 관계되는 봉사활동이 생산과정을 보충하고 련결하며 완성하는데 돌려지는 봉사활동이라면 인민생활에 관계되는 봉사활동은 물질문화적 복리향상을 위한 소비생활에 돌려지는 봉사활동이다.

봉사료금의 구성요소로서의 봉사료수입금은 생산에 관계되는 봉사활동에는 부과하지 않고 인민생활에 관계되는 봉사활동에만 부과한다. 봉사료수입금을 인민생활에 관계되는 봉사활동에만 부과하는것은 생산수단에는 거래수입금을 부과하지 않고 소비재에만 거래수입금을 부과하는 원리를 구현한것이다.

이와 관련하여 생산에 관계되는 봉사료금은 원가와 리윤을 구성요소로 하는것만큼 봉사에 지출되는 사회적 필요로동을 완전히 반영하지 않지만 인민생활에 관계되는 봉사료금은 원가와 리윤, 봉사료수입금을 구성요소로 하는것만큼 봉사에 지출된 사회적 필요로동을 완전히 반영한다.

봉사료수입금부과의 이 원칙은 편의봉사분야에서 조성되는 순수입을 국가의 수중에 동원하는 과정을 합리화하며 비록 봉사활동이 가치를 가지지 않는것만큼 등가성은 실현하지 않는다 하더라도 등가교환의 형식에 맞게 봉사제공과 료금지불과정을 합리화할수 있게 한다.

봉사료수입금부과의 원칙은 둘째로, 일상생활에 반드시 필요한 편의봉사료금은 눅게 정하고 고급한 봉사에 속하는 편의봉사료금은 그보다 높이 정하는것이다.

위대한 수령 김일성동지께서는 상품에 따라서뿐만 아니라 후생시설의 료금을 상품의 소매가격제정원칙과 같은 원칙으로 정해야 한다는것을 밝히심으로써 봉사료금제정에서 견지하여야 할 지도적 지침을 마련하여주시였다.

후생시설의 료금을 비롯하여 개인적 소비에 복무하는 봉사에 대한 료금제정에서는 사회적 필요로동에 기초하되 사회적 필요로동과 료금을 능동적으로 배리시키면서 대중적 성격을 띠며 인민들의 일상생활에 반드시 필요한 봉사료금과 어린이들의 봉사료금은 눅게 정하고 고급한 봉사에 속하는 봉사료금은 높게 정한다.

사회적 필요로동으로부터 료금을 능동적으로 배리시켜 대중적 성격을 띠는 봉사료금을 눅게 정하는것은 료금제정에서 사회주의기본경제법칙의 요구를 실현하기 위한 사회주의국가의 경제조직자적 활동의 결과로서 그것은 봉사에 지출된 사회적 필요로동가운데서 사회를 위한 로동지출의 일부만을 회수하며 인민들에게 보다 많은 리익이 차례지게 할것을 요구한다. 이것은 근로인민대중을 위하여 복무하는 사회주의제도의 본성에 맞게 로동계급의 당과 국가가 근로자들의 생활에 대하여 책임지는 원칙을 봉사료금제정분야에 구현한 혁명적 립장의 표현이다.

사회적 필요로동으로부터 료금을 능동적으로 배리시켜 고급에 속하는 봉사료금을 높게 정하는것은 과도적 사회인 사회주의사회에서 아직 인민생활수준이 모든 근로자들이 요구하는대로 봉사를 제공할수 있는 단계에 이르지 못한 사정과 관련된다.

이 원칙은 봉사에 지출된 사회적 필요로동보다 더 많은것을 실현하며 근로자들의 소득을 재분배할것을 요구한다.

고급에 속하는 봉사료금을 높이 정하는것은 봉사에 대한 주민들의 수요에 영향을 줌으로써 반드시 필요한 수요자들이 어느때든지 봉사를 받을수 있는 조건을 지어주며 주민들의 봉사적 수요를 건전한 방향으로 발전시키고 각이한 주민계층들의 화페수입을 옳게 재분배하여 모든 근로자들의 생활상 편의를 고르롭게 보장할수 있게 한다.

대중적 성격을 띠는 봉사의 료금을 눅게 정하고 고급에 속하는 봉사료금을 높이 정하는 이 원칙은 오직 봉사료수입금에 의한 신축성있는 료금조절에 의해서만 실현될수 있다. 봉사원가는 객관적으로 주어진것이며 리윤은 독립채산제와 관련되여있는것만큼 일상생활에 절실히 필요한 봉사료금은 낮게 정하고 고급에 속하는 봉사료금은 높게 정하는 료금조절사업은 신축성있는 료금조절공간인 봉사료수입금의 폭을 낮게 혹은 높게 정함으로써만 실현할수 있다.

봉사료수입금부과의 원칙은 셋째로, 련관성이 있는 봉사료금들사이의 호상 균형을 옳게 유지하도록 그 폭을 정하는것이다.

가공편의에서는 공업적 방법에 의한 피복생산을 보충하는 개인주문에 의한 피복가공이 있다.

이 피복가공에서는 가공비가 공업적 방법에 의한 생산비보다 더 들게 되며 공업적 방법에 의한 기성복의 생산공급은 개인적 주문에 의한 피복가공에 비하여 사회적으로 유리하다. 그러므로 개인적 주문에 의한 봉사료금은 공업적 방법에 의한것보다 그만큼 높이 료금을 정하는 원칙에서 봉사료수입금의 폭을 정하여야 한다.

그러나 근로자들의 개인적 부담을 덜어주는 봉사료금은 자체로 만드는것보다 유리하게 설정하는 원칙에서 봉사료수입금의 폭을 정하여야 한다. 주식물과 부식물의 주문가공을 널리 조직하는것은 녀성들을 가정일의 부담에서 해방하기 위하여 적극 발전시켜야 할 가공편의이며 따라서 그의 가공료금은 집에서 만드는것보다 유리하게 그 폭을 상대적으로 낮게 설정하는것이 합리적이다. 또한 수리편의료금은 낡은것을 수리하여 쓰는것이 새것을 사서 쓰는것보다 더 유리하도록 봉사료수입금의 폭을 상대적으로 낮게 설정하여야 한다.

이렇게 하여야 나라살림살이를 알뜰히 꾸리는 립장에서 낡은 제품도 적극 수리재생하여 쓰도록 자극할수 있다.

봉사료수입금에 의한 국가예산수입을 늘이기 위해서는 무엇보다 편의봉사부문에서 봉사혁명을 일으킬데 대한 당의 방침을 관철하여야 한다.

우리 당이 제시한 봉사혁명방침의 이 요구를 구현하는것은 근로자들의 생활편의를 원만히 보장하면서 봉사료수입금에 의한 국가예산수입도 늘일수있게 하는 담보로 된다.

일반적으로 봉사료수입금은 편의봉사료금에 고정된 크기로 고착된다. 따라서 봉사시설을 확대하여 봉사능력을 높이고 봉사량을 늘이는것은 봉사료수입금에 의한 국가예산수입을 늘이는 중요한 방도이다. 다른 조건이 같을 때 편의시설에 의한 봉사량의 장성과 봉사료수입금은 정비례적관계에 있다. 봉사량이 늘어나면 날수록 비례적으로 봉사료수입금총액이 장성한다. 이로부터 봉사료수입금을 장성시키기 위해서는 편의시설에 의한 봉사량을 늘여야 한다는 결론이 나온다.

봉사의 질을 높이는것은 또한 봉사료수입금에 의한 국가예산수입을 늘이는 중요한 방도이다. 봉사의 량과 업종구성이 같을 때 봉사료수입금의 장성은 봉사의 질적 구성에 의존한다.

제공되는 봉사의 질적 구성에서 봉사료수입금의 폭이 높은 봉사가 빨리 장성하면 할수록 봉사료수입금의 장성률은 높아지며 질이 낮은 봉사가 많이 제공되면 될수록 봉사료수입금의 장성률은 떨어진다. 결국 보다 높은 질의 봉사를 진행하는 원칙에서 제공되는 봉사의 질적 구성을 개선하는것은 폭이 높은 봉사료수입금단가의 량적 축적을 이룩하는것을 통하여 봉사료수입금총액을 장성시킨다. 이로부터 봉사료수입금에 의한 국가예산수입을 늘이기 위해서는 봉사의 질을 결정적으로 높여야 한다.

봉사업종을 끊임없이 확대하여 세부에 이르기까지 인민들에 대한 봉사를 다양하게 하는것은 봉사료수입금에 의한 국가예산수입을 높이는 중요한 방도이다. 일반적으로 봉사의 량과 질적 구성이 같을 때 봉사료수입금의 장성은 봉사업종구성변동의 영향을 받는다. 봉사료수입금의 폭은 봉사업종에 따라 각이한것만큼 봉사가 실현되는 과정에 업종지표들이 변동하면 봉사량의 장성과 봉사료수입금장성사이에 편차가 생긴다. 편의봉사업종구성에서 봉사료수입금의 폭이 보다 큰 업종의 봉사가 보다 빨리 장성하면 할수록봉사료수입금의 장성률은 높아지며 반대의 경우에는 낮아진다.

그러나 이것은 업종의 구조적 요인의 개선이 모든 경우에 봉사료수입금을 늘이는 방도로는 되지 않는다. 그것은 봉사료수입금을 늘이기 위하여 업종지표별 봉사계획을 무시하고 봉사료수입금의 폭이 높은 업종의 봉사에 일방적으로 치중하는 현상이 허용되여서는 안되기때문이다. 이로부터 봉사료수입금은 반드시 업종지표별 봉사계획을 어김없이 수행하는 기초우에서 늘여야 한다는 결론이 나온다. 제공되는 봉사의 업종구성개선을 통하여 봉사료수입금에 의한 예산수입을 장성시키는 효과적 방도는 업종확대이다. 봉사량의 장성이 봉사료수입금의 량적 축적을 통하여 봉사료수입금을 늘인다면 업종확대는 조성분야를 넓히는것을 통하여 그 총액을 장성시킨다. 이로부터 업종구성의 개선을 통하여 봉사료수입총액을 장성시키기 위해서는 인민생활에 절실히 필요한 새로운 업종들을 대대적으로 개발하고 확대하여야 한다.

봉사료수입금에 의한 국가예산수입을 늘이기 위해서는 다음으로 로동생산능률을 높이고 봉사비를 낮추어 순수입을 많이 창조하고 창조한 그것만큼 봉사료수입금의 폭을 늘여야 한다.

사회주의사회에서 로동생산능률이 높아지고 절약제도가 강화되여 편의봉사비가 낮아지는데 따라 리윤이 늘어나는것은 합법칙적이다. 편의봉사비의 저하에 따르는 이러한 리윤의 장성은 기업관리운영수준이 높아져 국가에 주는 리익의 규모가 커진다는것을 의미하지만 그것이 일정한 기간 계속되는 과정에 봉사비의 저하와 리윤의 장성이 일정한 한계를 넘어서면 도리여 독립채산제를 강화하는데 긍정적 영향을 주지 못한다. 그것은 독립채산의 편의봉사기관들로 하여금 애써 노력하지 않고서도 리윤이 조성되는데 만족하여 경영활동을 개선하기 위한 노력을 약화시키게 되기때문이다.

편의봉사기관으로부터의 예산수입은 리윤에 의해서만 장성하는것은 아니며 따라서 리윤규모의 장성이 독립채산제를 강화하는데 긍정적 영향을 주지 못하게 되는 조건에서는 지체함이 없이 규모를 줄이는 리윤조절의 대책이 필요하게 된다. 이것은 봉사료수입금의 폭을 늘이는 방도에 의해서만 실현될수 있다. 봉사료수입금의 폭을 늘이는 이러한 리윤조절의 대책은 편의봉사부문에서 독립채산제를 강화하는데 긍정적 영향을 주며 조성된 순수입을 국가예산에 효과적으로 동원할수 있게 하는 합리적 방도이다. 이 경우 봉사료수입금의 폭을 늘이는 리윤조절은 봉사활동에 미치는 당면한 영향만이 아니라 전망적인 영향까지도 타산한것이며 정상적으로 미치는 영향이 아니라 일정한 기간 주기의 영향을 타산한것이다.

봉사료수입금의 폭을 늘이는것은 두가지 경제적전제밑에서만 실현할수 있다. 그것은 첫째로, 봉사비를 낮춘 결과에 조성된 순수입을 원천으로 그 범위에서만 늘이는것이다. 봉사료수입금의 원천은 순수입이지만 조성된 순수입이 모두 봉사료수입금의 폭을 늘이는 원천으로는 되지 않는다.

봉사량이나 업종을 늘인 결과에 형성된 순수입은 봉사료수입금총액을 장성시킬수는 있으나 그 폭을 늘이는 원천으로는 되지 않는다. 그것은 봉사량이나 업종구성의 변동이 봉사료수입금단가의 량적 축적을 가져올뿐 편의봉사료금구성에서 순수입의 폭에는 영향을 미칠수 없기때문이다.

그러나 봉사비를 낮추면 단위봉사당 순수입의 량적 축적은 이루어지지 않지만 편의봉사료금구성에서 순수입의 폭은 늘어난다. 봉사료금구성에서 늘어나는 이러한 순수입은 봉사료수입금의 폭을 늘일수 있는 유일하게 공고한 경제적 원천이다.

이로부터 봉사료수입금의 폭을 늘이는 경제적 한계는 봉사비를 낮춘 결과에 형성된 순수입의 크기에 국한되여야 한다는 결론이 나온다. 이것은 편의봉사분야에서 조성된 순수입과 그 동원 및 료금구성요소사이의 호상련관의 필연적 귀결이다.

봉사료수입금의 폭을 늘이는 경제적 전제는 둘째로, 편의봉사료금수준을 끊임없이 낮추는 조건에서 그 폭을 늘이는것이다.

편의봉사료금수준을 끊임없이 낮추는것은 우리 당의 인민적 료금정책의 요구이며 사회주의사회에서 편의봉사료금변화의 합법칙성이다.

일반적으로 봉사료수입금의 폭을 늘이면 료금수준은 높아지지만 봉사비를 낮추어 순수입을 많이 조성한 조건에서는 그것이 료금을 높이는 조건으로 되지 않는다. 봉사비를 낮춘 결과에 조성된 순수입만큼 같은 크기로 봉사료수입금의 폭을 늘이면 료금내부구조의 변동은 일으키지만 료금수준에는 영향을 주지 않는다. 봉사료수입금의 폭을 늘이는 이러한 료금내부구조의 변동은 리윤폭을 늘이면서 봉사료수입금의 폭도 늘임으로써 독립채산제를 강화하면서 조성된 수입을 국가의 수중에 정확히 동원할수 있게 하는 합리적 방도로도 된다.

그러나 료금을 낮추는것이 합법칙성으로 되여 있는 사회주의사회에서 봉사료수입금의 폭을 늘이는것은 반드시 료금을 낮추는 기초우에서 실시하는것이 필연적이다.

료금을 낮추고 봉사료수입금의 폭을 늘이는 두가지 문제를 다같이 풀어 나가기 위한 유일한 방도는 봉사비저하액의 일정한 몫을 료금을 낮추는 원천으로 리용하고 나머지 부분을 봉사료수입금의 폭을 늘이는 원천으로 리용하는것이다.

편의봉사비저하액을 료금을 낮추고 봉사료수입금의 폭을 늘이는 두가지 원천으로 리용하는것은 편의봉사료금수준을 끊임없이 낮출데 대한 우리 당의 인민적 료금정책을 관철하면서 봉사료수입금에 의한 국가예산수입을 높일수 있게 하는 합리적 방도이다.

편의봉사비저하액을 료금을 낮추고 봉사료수입금의 폭을 늘이는 두가지 원천으로 리용하는 비률적 호상관계는 매시기 제기되는 당의 정책적 요구에 맞게 규정된다. 문제는 여기에서 있을수 있는 편향을 극복하는데 있다. 만일 국가예산수입을 늘이는것만을 일방적으로 내세우면서 봉사비저하액의 많은 부분을 편의봉사료수입금의 폭을 늘이는 원천으로만 리용한다면 봉사료금을 낮출데 대한 우리 당의 인민적 료금정책을 원만히 관철할수 없게 되며 반대로 편의봉사료금을 낮추는것을 일방적으로 내세우면서 그의 많은 부분을 편의봉사료금을 낮추는 원천으로만 리용한다면 국가예산수입을 제대로 보장하지 못하는 결과를 가져올수 있다. 이로부터 편의봉사비를 낮춘 결과에 조성된 순수입은 봉사료금을 낮추면서 국가예산수입도 늘일데 대한 요구에 맞게 합리적으로 분배리용되여야 한다.

편의봉사료를 원천으로 하는 국가예산수입에서 둘째로, 중요한것은 독립채산제편의봉사기관들에서의 국가기업리익금이다. 

독립채산제편의봉사기관들에서 국가기업리익금은 조성된 순수입의 한 부분인 봉사리윤을 재분배하여 국가예산에 동원하는 형태이다.

편의봉사기관들에서 납부되는 국가기업리익금은 크게 봉사적 요인과 봉사비요인의 영향을 받아 변동한다. 봉사적 요인이란 편의봉사시설을 확대하여 봉사량을 늘이며 봉사업종을 개선하고 봉사의 질을 높이는데 따르는 봉사리윤의 장성이며 봉사비요인이란 봉사비를 낮춘 결과에 생기는 리윤액의 장성이다.

봉사비수준이 같을 때 국가기업리익금은 봉사적 요인의 영향을 받아 변동하지만 봉사의 량과 질, 업종구성이 같을 때 국가기업리익금은 봉사비요인의 영향을 받아 변동한다.

봉사적 요인이 단위봉사당 리윤액의 량적 축적을 통하여 리윤총액을 늘이는 방법으로 국가기업리익금을 늘인다면 봉사의 요인은 그와는 달리 단위봉사당 리윤폭을 늘이는 방법으로 국가기업리익금을 늘인다.

이로부터 편의봉사부문에서 국가기업리익금수입을 늘이기 위해서는 우리 당이 제시한 봉사혁명방침에 맞게 편의봉사시설을 확대하여 근로자들의 봉사량과 업종을 결정적으로 늘이고 봉사의 질을 높이며 편의봉사부문에서 로동생산능률을 높이고 절약제도를 강화하여 봉사비를 결정적으로 낮추어야 한다.

현시기 봉사혁명을 힘있게 벌려 인민들의 생활상 편의를 백방으로 보장하면서 국가재정예산수입을 늘이는것은 사회주의건설에 필요한 방대한 자금수요를 성과적으로 보장함으로써 제3차 7개년계획을 성과적으로 수행하는데서 중요한 의의를 가진다.",KIS,late_socialist_planning,1980s,7.964503363551548
협동적소유의 전인민적소유에로의 전환은 계급적차이소멸과 집단주의에 기초한 사회주의사회발전의 합법칙적요구,리철복,1990,2,1554,"협동적소유를 전인민적소유로 전환시켜 전민소유제의 유일적지배를 확립하는것은 사회주의의 완전한 승리를 이룩하는데서 기본문제의 하나이다.

협동적소유를 전인민적소유로 전환시키는것이 사회주의완전승리를 위한 기본문제의 하나로 되는것은 우선 그것이 사회주의사회에서 계급적차이를 없애는 문제와 직접적으로 련관되여있으며 또한 그것이 집단주의에 기초한 사회주의사회발전의 요구를 구현하고있기때문이다.

협동적소유를 전인민적소유로 전환하면 계급적차이를 규정하는 경제적기초는 없어지며 따라서 계급의 단일화가 이루어진다.

소유전환이 이루어지면 또한 사회생활의 모든 분야에서 집단주의적생활원칙이 전면적으로 관철된다.

소유전환이 사회주의의 완전한 승리를 이룩하는데서 기본문제의 하나로 되는것은 무엇보다먼저 그것이 계급페절의 력사적과업을 종국적으로 해결하기 위한 중대한 사회개조사업이기때문이다.

로동계급이 정권을 잡은 후에도 여러 계급이 존재하는것은 생산수단에 대한 여러가지 소유형태가 있는것과 관련되여있으며 사회주의제도가 수립된 다음에도 로동계급과 농민의 두 계급이 있는것은 생산수단이 전인민적소유와 협동적소유의 형태로 분화되여있기때문이다.

이것은 계급의 존재와 소유관계의 분화가 뗄수 없이 련관되여있으며 따라서 여러가지 소유형태를 그대로 남겨두고서는 계급페절의 과업을 수행할수 없다는것을 의미한다.

위대한 수령 김일성동지께서는 다음과 같이 교시하시였다.
《생산수단에 대한 소유관계는 계급을 규정하는 기본요인입니다. 사회주의사회에 로동계급과 농민의 두 계급이 존재하는것도 사회주의적소유의 두 형태인 전인민적소유와 협동적소유가 있기때문입니다. 협동적소유를 전인민적소유로 전환시켜 생산수단에 대한 전인민적소유의 유일적지배를 확립하여야 농민의 로동계급화가 실현되며 따라서 로동계급과 농민의 계급적 차이가 없어지게 됩니다.》(《김일성저작선집》9권, 477페지)

협동적소유를 전인민적소유로 전환시켜 단일한 전민소유제의 유일적지배를 확립하는것이 로동계급과 농민의 계급적차이를 청산하기 위한 필수적요구로, 근본조건으로 되는것은 한마디로 말하여 소유관계가 계급을 규정하는 기본요인으로 되기때문이다.

소유관계는 우선 계급의 발생을 조건짓는 기본요인이다.

일반적으로 계급이라고 할때 그것은 생산수단에 대한 소유관계에 의하여 사회경제생활에서의 지위와 역할, 리해관계를 달리하는 사회적집단을 의미한다.

계급은 여러가지 사회경제적요인에 의하여 갈라지는것이지만 거기에서 규정적인것은 생산수단에 대한 소유관계이다.

계급은 생산수단에 대한 사적소유가 발생하고 소유의 분화가 일어나면서 생겨났으며 소유관계가 분화되여있는 모든 사회들에는 반드시 소유형태에 맞는 계급들이 있게 된다.

생산수단에 대한 소유관계가 분화되여있지 않는 사회에서 사람들은 계급으로 갈라지지 않는다.

소유의 분화가 계급의 발생을 조건짓는 기본요인으로 되는것은 사람들의 사회경제생활에서 생산수단이 노는 중요한 역할과 관련된다.

생산수단은 사람들의 기본생존수단이다.

그것은 사람들의 생산활동을 위한 물질적수단으로서 생산의 필수적인 요소로 된다.

그러므로 생산수단이 없이는 사람들은 생산활동을 벌릴수 없으며 식의주생활을 보장해나갈수 없다.

사회가 발전하고 사람들의 자연정복능력이 커감에 따라 생산수단의 의의와 역할은 더욱더 커진다.

이처럼 생산수단이 사람들의 기본생존수단인것만큼 그에 대한 소유관계가 어떠한가에 따라 사회적생산체계와 로동조직에서의 사람들의 지위와 역할, 생산물의 분배방식과 분배몫에서의 차이가 생겨나며 사람들사이에 착취하고 착취받는 관계가 빚어지게 된다.

그리하여 사람들은 생산수단에 대한 소유관계에 의하여 피착취계급과 착취계급으로, 피지배계급과 지배계급으로 갈라지게 되였다.

이것은 생산수단에 대한 소유관계가 인류사회발전에서 계급의 출현을 조건지은 기본요인으로 되였다는것을 의미한다.

생산수단에 대한 소유관계는 또한 사회주의사회에서 로동계급과 농민의 계급적차이를 규정하는 기본요인으로 된다.

계급은 일정한 력사적발전단계의 필연
										적산물인것만큼 영원히 있게 되는것은 아니다.

사회주의혁명은 계급페절을 위한 로동계급의 혁명투쟁에서 중요한 전환점으로 된다.

사회주의혁명에 의하여 착취계급은 계급으로서 청산됨으로써 온갖 사회적불행의 화근인 계급적대립이 제거된다.

그러나 사회주의제도가 수립된 다음에도 로동계급과 농민은 남아있게 된다.

따라서 사회주의사회에서 계급을 없애는 문제는 결국 농촌문제를 해결하여 로동계급과 농민 사이의 계급적차이를 없애는 문제이며 이 문제가 해결되여야 계급페절의 력사적과업이 종국적으로 실현되고 무계급사회가 건설되게 된다.

사회주의사회에 로동계급과 농민 사이의 계급적차이가 남아있는것으로 하여 사회생활에서 여러가지 차이와 비로동계급적인 사회관계가 부분적으로 존재하게 된다.

그러므로 사회주의의 완전한 승리를 이룩하려면 이 계급적차이를 없애야 하며 그러자면 반드시 협동적소유를 전인민적소유로 전환시켜야 한다.

사회주의사회에 전인민적, 국가적 소유와 함께 사회화수준이 낮은 협동적소유가 있게 되는것은 도시에 비한 농촌의 사상, 기술, 문화적락후성과 관련되여있다.

도시에 비한 농촌에 락후성은 농업이 공업보다 물질기술적토대가 약하며 농촌주민들의 문화수준이 도시주민들보다 낮으며 농민들의 사상의식수준이 로동계급보다 뒤떨어져있는데서 표현된다.

사상, 기술, 문화 령역에서 도시에 비한 농촌의 이러한 락후성으로 하여 전인민적소유가 지배하는 공업과는 달리 농업에서는 협동적소유가 지배적인 형태로 된다.

로동계급과 농민의 계급적차이가 전인민적소유와 협동적소유의 차이에 기초하고있는것만큼 계급페절의 력사적과업을 실현하자면 소유형태에서의 차이를 반드시 없애야 한다.

소유관계가 단일화되고 사회에 전민소유제가 유일적으로 지배하게 되면 완전히 승리한 사회주의사회, 무계급사회실현의 사회계급적기초가 마련되게 된다.

소유전환이 사회주의의 완전한 승리를 이룩하는데서 기본문제의 하나로 되는것은 다음으로 그것이 집단주의에 기초하고있는 사회주의사회발전의 합법칙적요구로 되기때문이다

위대한 수령 김일성동지께서는 다음과 같이 교시하시였다.
《사회주의는 집단주의에 기초한 사회이며 협동적소유와 전인민적소유는 다같이 우리 사회의 경제적기초를 이루는 사회주의적소유입니다. 집단주의는 소유관계를 비롯한 모든 사회관계가 전사회적인 공동의 리익과 요구에 맞게 끊임없이 발전할것을 요구합니다.》(《김일성저작선집》9권, 477페지)

사회주의는 집단주의에 기초하는 사회이다.

모든 착취계급사회가 개인주의, 리기주의에 기초하였다면 사회주의는 집단주의에 기초하는 새로운 사회이다.

사회주의가 집단주의에 기초하는 여기에 그 우월성과 위력의 원천이 있다.

집단주의는 언제 어디서나 집단주의적생명관에 기초하여 집단의 발전과 번영을 첫 자리에 놓고 투쟁하는 로동계급의 사상과 도덕이며 생활방식, 활동방식이다.

당과 수령에 대한 충실성, 혁명성과 조직성, 규률성과 함께 집단주의는 로동계급의 고유한 가장 기본적인 특성의 하나이다.

로동계급은 개인의 리익보다 집단의 리익을 더 귀중히 여기며 그것을 실현하기 위하여 몸바쳐 투쟁한다.

집단주의는 사회주의, 공산주의사회의 본질에 그 근원을 두고있다.

로동계급의 공산주의건설위업은 본질에 있어서 전체 인민대중의 자주성을 완전히 실현하기 위한 투쟁이며 전체 인민대중의 단합된 힘에 의거하여서만 성취될수 있는 거창한 사업이다.

이로부터 로동계급은 자본의 철쇄를 끊어버리기 위한 투쟁에서나 새 사회건설을 위한 투쟁에서나 단결과 련대성을 가장 위력한 투쟁의 무기로 삼는다.

사회주의가 집단주의에 기초한 사회라는것은 이 사회가 집단주의를 원칙으로 하여 유지되고 발전하는 사회라는것을 의미한다.

다시말하여 그것은 집단주의적원칙이 사람들의 사고와 행동 방식, 사회의 조직과 운영을 규정한다는것이다.

사회주의는 로동계급의 사회, 로동계급의 사상과 지향이 실현된 사회인것만큼 사회주의사회에서는 모든 사회생활분야가 집단주의를 더 잘 구현하는 방향으로 끊임없이 발전하는것이 합법칙적이다.

공산주의는 《하나는 전체를 위하여, 전체는 하나를 위하여!》라는 공산주의적, 집단주의적 생활원칙이 전면적으로 실현되는 인류의 리상사회이다.

이러한 공산주의사회를 성과적으로 건설하자면 집단주의가 전사회적범위에서 완전히 지배하게 하여야 한다.

집단주의는 사회주의, 공산주의건설이 진척되는데 따라 소유관계를 비롯한 모든 사회관계가 더욱더 전사회적인 공동의 리익과 요구에 맞게 끊임없이 발전할것을 요구한다.

소유전환이 집단주의에 기초한 사회주의사회발전의 합법칙적요구로 되는것은 집단주의가 소유의 전환을 필수적으로 요구하며 또 소유의 전환에 기초해서만 집단주의가 보다 원만히 실현될수 있기때문이다

집단주의는 무엇보다도 협동적소유를 전인민적소유로 전환시킬것을 요구한다.

그것은 생산수단에 대한 소유관계가 모든 사회관계의 기초이며 생산수단에 대한 소유의 사회화수준이 집단주의를 구현하는데 중요한 작용을 미치는 사정과 관련된다.

협동적소유와 전인민적소유는 다같이 사회주의사회의 경제적기초를 이루는 두 소유형태이다.

생산수단에 대한 사회주의적소유는 사회주의사회에서 집단주의가 사람들의 활동방식, 생활원칙으로 되게 하는 사회경제적기초이다.

사회주의는 력사상 처음으로 모든 근로자들이 생산수단을 공동으로 소유하고 리용하는 주인으로 되게 한다.

그리하여 모든 근로자들의 리해관계와 활동을 유기적으로 결합시키고 사회에 집단주의가 지배하게 한다.

모든 사상과 도덕은 어느때나 사람들의 일정한 물질적리해관계, 생산수단의 소유관계와 밀접히 련관되여있다.

착취계급사회에서 생산수단에 대한 사적소유는 사람들의 요구와 리해관계를 분렬시키며 사회관계를 적대적인것으로 되게 한다.

하나의 사상, 하나의 생활방식이 전사회적규모에서 지배하게 하는것은 오직 공산주의자들만이 제기할수 있으며 생산수단이 사회적소유로 되여있는 사회주의사회에서만 가능한것으로 된다.

착취계급이 없어지고 인민대중이 정권과 생산수단의 주인으로 된 사회주의제도에 와서 비로소 집단주의는 온 사회의 지배적인 사상으로, 생활방식으로 된다.

생산수단에 대한 사회주의적소유가 모든 사회성원들의 리해관계를 하나로 결합시킨다는것은 집단주의를 구현하는데서 소유의 두 형태가 같은 지위에 있다는것을 의미하지 않는다.

집단주의가 전사회적인 범위에서 발양되는가 아니면 그것이 개별적인 생산 또는 생활 단위에서 구현되는가 하는것은 소유의 사회화정도가 어떠한가에 따라 좌우된다.

전인민적소유와 협동적소유는 어느것이나 공동소유이며 다같이 국가와 사회의 경제적기초를 이루고있다는 점에서는 구별되지 않는다.

따라서 그와 련결되여있는 로동계급과 농민의 리해관계는 근본적으로 일치한다.

그러나 로동계급은 사회주의적소유의 보다 높은 형태인 전인민적소유를 대표하며 농민과의 관계에서 령도계급이다.

따라서 전인민적소유와 함께 협동적소유도 령도계급인 로동계급의 계급적요구를 실현하는데서 사명을 같이하게 된다.

이러한 사명감의 공통성으로 하여 두 소유는 전사회적공동의 리익과 요구를 체현하게 된다.

그러나 협동적소유는 그 사회화수준이 낮고 농민들의 사상의식수준이 아직 높지 못한데로부터 집단주의를 구현하는데서 일정한 제한성을 나타내지 않을수 없다.

협동적소유에서는 생산수단이 협동경리를 단위로 하여 사회화되며 협동농민들의 생산단위, 생활단위가 비교적 작은 규모에서 이루어진다.

협동농민들은 소유단위로 갈라져있는 경리들에서 생산활동을 벌리며 살림살이를 하고있다.

협동적소유에서는 생산된 생산물도 기본상 협동경리안에서 처리되여 공동경리의 발전과 협동농민들의 개인소득을 늘이는데 리용된다.

전인민적소유에 비하여 사회화수준이 낮은 협동적소유의 특성으로 하여 협동농민은 로동계급과 함께 사회주의, 공산주의건설을 위하여 투쟁하는 사회주의적근로자이면서도 협동경리로부터 얻는 현물 및 현금 수입에 관심하지 않을수 없게 된다.

협동농민들은 개인부업경리를 가지고있고 농민시장이 있는 현실적조건에서 그와 련계를 가지고있다.

농민은 로동계급에 비하여 사상의식수준과 문화기술수준이 낮으며 혁명성과 조직성이 미약하다.

농업의 물질기술적토대도 공업의 그것에 비하여 낮은 수준에 있다.

물론 농업협동화는 농민들의 사상의식개변과 농업생산력의 발전에 넓은 길을 열어놓는다.

그러나 농민은 오랜기간 소소유자로 살아온것만큼 사회주의제도가 수립된 다음에도 그들의 머리속에는 개인주의, 리기주의사상이 비교적 오래동안 남아있게 된다.

소유의 사회화수준이 낮고 농민들의 사상의식수준이 높지 못하면 그것은 집단주의가 전사회적범위에서 구현하게 하는데 장애로 되지 않을수 없다.

집단주의는 전인민적소유제에 기초해서만 더욱 원만히 실현될수 있다.

협동적소유가 전인민적소유로 넘어가면 모든 근로자들이 생산수단의 평등한 주인으로서 다같이 전인민적소유의 경리들에 망라되여 일하며 생활하게 된다.

전인민적소유의 유일적인 지배는 전사회적인 공동의 리익과 모든 근로자들의 리익이 직접적으로 일치하게 한다.

그리하여 농민들속에 남아있는 낡은 사상잔재를 없애는데 보다 유리한 조건을 마련하게 된다.

협동적소유의 전인민적소유에로의 전환이 이루어지면 농민이 로동계급화되고 온 사회가 로동계급화된다.

온 사회가 로동계급화되면 지난날의 농민을 포함하여 사회의 모든 성원들이 집단주의정신을 전면적으로 발양하게 된다.

소유전환이 이루어져 모든 근로자들이 전인민적소유의 단일한 국영경리에 망라되여 일하게 될때 협동농민이 로동계급화되여 집단주의원칙을 계급적본성으로 지니게 될 때 공산주의적, 집단주의적 생활원칙은 사회생활의 모든 분야에서 전면적으로 구현되게 된다.

집단주의는 사회주의사회발전의 요구에 맞게 농업생산력을 발전시키는데서도 거대한 우월성을 가진다.

집단주의는 사람들로 하여금 집단의 발전과 번영을 위하여 무한한 헌신성과 대중적영웅주의를 발휘할수 있게 한다.

사회주의농촌경리제도는 그것이 집단주의에 기초하는것만큼 마땅히 사회주의사회발전의 요구에 맞게 집단주의를 더 잘 구현하여나갈때 농업생산력을 발리 발전시킬수 있다.

소규모적으로 분산된 개인농민경리는 자체의 제한성으로 하여 농업생산력을 빠른 속도로 발전시킬수 없다.

이 모든것은 협동적소유를 전인민적소유로 넘겨 전인민적소유의 집단경리, 국영경리를 창설하는것이 계급적차이소멸과 집단주의에 기초한 사회주의사회발전의 합법칙적요구로 된다는것을 의미한다.

위대한 수령 김일성동지께서와 친애하는 지도자 김정일동지께서 밝히신 협동적소유를 전인민적소유에로 전환시킬데 대한 사상은 사회주의, 공산주의사회관계의 기초인 집단주의원칙을 더욱 원만히 구현하기 위한 견지에서, 전반적인 사회주의경제관리발전의 합법칙성의 견지에서 소유의 전환문제를 보다 폭넓고 깊이있게 해명한 독창적인 사상이다.

협동적소유의 전인민적소유에로의 전환의 합법칙성을 전면적으로 밝힌 주체의 경제사상은 사회주의정치경제학의 중요문제에 대한 새로운 과학적해답으로 된다.

소유관계문제는 그 어떤 경제기술적, 행정실무적문제일수 없으며 혁명과 건설의 전반사업과 관련되는 문제 특히 혁명의 주체적력량을 꾸리는 사업과 직접적으로 관련되는 문제이다.

따라서 소유전환문제도 혁명의 주체를 강화하는 사업과 떼여놓고 생각할수 없다.

협동적소유를 전인민적소유로 전환시키는 사업은 그 담당자를 중심으로 보면 협동농민을 전인민적소유의 주인으로, 로동계급으로 만드는 인간개조, 사회개조 사업이다.

완전히 승리한 사회주의사회건설에서 우선 중요한것은 혁명의 주체적력량을 튼튼히 꾸리는것이다.

그래야 사회주의완전승리를 위한 물질적요새도 성과적으로 점령할수 있으며 적대계급의 준동과 낡은 사상의 부식작용을 막고 사회주의사회의 성과적건설과 그 건전한 발전을 보장할수 있다.

사회주의사회에서 농민대중은 로동계급과 함께 혁명의 주력군이다.

그러나 사회주의, 공산주의건설을 떠밀고나가는데서 그들이 차지하는 지위와 역할에서는 차이가 있다.

로동계급은 령도계급이며 농민은 그의 령도를 받는다.

농민은 로동계급의 령도와 지원밑에서만 자신을 로동계급화하고 농업을 공업화하기 위한 력사적과업을 옳게 수행해나갈수 있다.

이것은 로동계급과 농민은 다같이 사회주의사회에서 혁명의 주력군을 이루지만 주력군으로서의 사명과 역할을 다하는데서는 차이가 있다는것을 의미한다.

로동계급과 농민의 계급적차이를 없애거나 로동계급처럼 농민도 집단주의를 계급적본성으로 지니게 하기 위한 사업들은 다 혁명의 주력군을 튼튼히 꾸려 주체적혁명력량을 더 잘 마련하는 사업이다.

여기에 바로 소유전환이 단순한 경제기술적인 사업이 아니라 혁명의 주력군인 농민을 전인민적소유의 담당자로, 로동계급으로 만드는 중요한 사회개조사업으로 되는 리유가 있는것이다.

소유관계문제를 단순히 생산력의 발전과만 관련시키지 않고 농민의 사회경제적처지, 주체적혁명력량을 꾸리는 사업과 밀접히 련관된 원칙적인 문제로 고찰할 때 그것의 전환문제도 사회주의사회발전의 합법칙적요구와 로동계급의 력사적사명에 맞게 해결할수 있다.

참으로 주체사상에 의한 협동적소유의 전인민적소유에로의 전환의 합법칙성에 대한 새로운 해명은 로동계급의 혁명적원칙을 고수할수 있게 하는 지도적지침이며 사회주의정치경제학의 리론발전에 기여한 커다란 공헌으로 된다.",KIS,late_socialist_planning,1990s,7.349230824613334
현대자본주의하에서 생산의 자동화가 로동계급에게 주는 영향,리행호,1987,3,1243,"로동계급에 대한 전례없는 착취와 수탈은 현대자본주의를 특징짓는 기본징표의 하나이다． 제국주의독점자본은 국가의 적극적인 협력밑에 로동계급에 대한 착취와 수탈을 미증유의 규모와 악랄한 방법으로 감행하고 있다．

친애하는 지도자 김정일동지께서는 다음과 같이 지적하시였다.
《오늘 제국주의자들은 근로자들에 대한 착취를 더욱 교활하고 음흉한 수법으로 하고있습니다.》

오늘 자본주의나라들에서는 로동자들에 대한 착취와 수탈이 생산의 자동화에 의한 자본주의적《합리화》를 통하여 실시되고 있다．

자본주의적《합리화》란 독점자본가들이 조작해 낸 로동자들을 가혹하게 착취하기 위한 방법들의 체계이다． 독점자본주의하에서는 자본의 유기적구성이 급속히 높아지고 평균리윤률이 떨어지는 경향이 강화된다． 따라서 독점자본은 자기 지배력을 확대하기 위하여 더 많은 독점적고률리윤을 획득하지 않으면 안된다．

독점자본가들은 가변자본을 절약하고 줄이는것과 함께 로동자들을 회유하고 그들의 반항을 억누르면서 산로동으로부터 최대한의 잉여가치를 착취하려고 한다． 이를 위하여 《합리화》책동이 대대적으로 벌어진다．

자본주의적《합리화》를 위한 위력한 수단은 생산의 기계화, 자동화이다．

생산의 자동화는 작업기로부터 기계체계 그리고 자동기계체계에 이르는 기계의 발전을 전제로 하고 있다． 자동기계의 련쇄체계, 전자계산기조종체계 및 전자계산기, 로보트, 수치조종공작기계체계 등은 지난날의 기계화와 구별하여 자동화라고 불리우고 있다．

자동화는 제2차세계대전후 체계적으로 발전되여 왔다． 자본주의적자동화의 발전수준은 나라마다 각이하며 또 산업부문, 기업, 생산공정 등에서도 같지 않다． 자동화는 주로 대독점들이 지배하는 기간산업부문들의 중요 공장, 신설공장, 핵심공정들에서 실시되고 있다．

원래 자동화는 로동을 헐하게 하고 로동시간을 줄이며 로동환경을 개선할수 있는 등 일련의 가능성을 가지고 있다． 그러나 자본주의적자동화는 이러한 가능성을 완전히 배제해버리고 오히려 로동자들에게 더 큰 육체적부담을 주고 그들의 처지를 더 어렵게 하고 있다．

오늘 독점자본가들은 생산의 자동화를 로동자들에 대한 착취와 수탈을 강화하는 효과적인 수단으로 삼고 있다．

친애하는 지도자 김정일동지께서는 다음과 같이 지적하시였다．
《자본주의사회에서 기술과 생산력의 발전은 로동계급에 대한 착취를 더욱 강화할수 있는 조건으로 밖에 되지 않습니다．》

생산의 자동화는 로동강도를 높이고 더 많은 잉여가치를 생산할수 있는 커다란 가능성을 주고 있다．

자동화체계의 대대적인 도입은 첫째로, 지난날의 숙련, 반숙련로동을 불필요한것으로 만들고 로동자들을 대폭 줄이거나 완전히 내쫓게 한다．

독점자본이 자동화를 도입하는 주되는 목적은 로동자들을 줄여 《인건비》를 절약하자는것이다． 경제위기가 더욱 심화되고 과잉자본이 늘어나고 있는 오늘의 조건에서 로동자수를 줄이는것은 독점자본이 독점적고률리윤을 연기 위한 기본방법으로 된다． 왜냐하면 로동자수를 줄여 임금지불총액을 작게 하는 기초우에서 로동생산능률을 높여 지금보다도 더 많이 생산하는것이 독점적고률리윤을 얻을수 있는 가장 확고한 담보로 되기때문이다．

따라서 자동화의 도입과 관련하여 기업의 대다수가 그 첫째가는 목적을 로동자수를 줄이는데 두는것이다.

자동화의 발전에 따라 기계가 인간을 대신하는 형태로 현장로동자를 일터에서 내쫓거나 로동배치를 바꾸는 일이 끊임없이 벌어지고 있다．

자동화가 도입된 결과 경험에 의거하는 숙련 및 반숙련로동이 불필요해지는 대신 자동기계의 정상적인 운전을 감시하거나 기계의 간단한 보수를 하는 감시, 보수로동이 생산과정에서 주되는것으로 된다． 생산현장에서는 로동자가 진행하던 부분품의 가공, 공구나 부분품의 상하차, 조립, 도장, 운반 등 로동이 자동화에 의하여 없어지고 감시, 보수로동이 기본으로 된다．

또한 사무직장에서는 손으로 입금, 지불전표를 만들고 장부에 기입하고 장부의 분류나 집계를 하던 사무로동이 텔레비죤화면을 향하여 수자나 문장을 때리는 로동으로 변하고있다．

자동공정에
										 필요한 로동자의 숙련정도는 관리로동자, 기사, 기술자들의 숙련로동을 제외하면 대체로 낮아진다． 관리로동자, 기사, 기술자들의 로동도 전자계산기의 발전에 따라 기능분화가 가일층 촉진된다． 이리하여 정신로동과 육체로동사이의 차이가 심해지며 일반로동자의 숙련정도가 떨어지고 그들의 숙련에서의 차이가 점점 좁아진다．

숙련 및 반숙련로동이 필요없는것으로 됨에 따라 독점자본가들은 기계공 등 숙련로동자를 조립작업에 강제적으로 배치하거나 기능급수가 더 낮은 부문에 돌리며 나아가서 해당 기업과 관련이 없는 다른 기업이나 하청기업들에 내보낸다． 그뿐아니라 많은 숙련 및 반숙련로동자들이 해고 당하여 실업자대렬에 들어서지 않으면 안된다．

특히 산업로보트의 도입에 의하여 실업자대렬은 더욱더 늘어나고있다． 1968년부터 1980년사이의 로동자수의 변화를 보면 기계가공 3만 3,700 명, 도장 1만 9,000명, 주조 1만 1,000명 기타 5만 6,200명 합계 약 12만명이나 줄었으며 기본생산단위에 배치된 로동자들은 1980년에 1968년에 비하여 60%나 줄어들었다．

자동화에 따르는 숙련로동의 구축은 새로운 기술에 적응하지 못하는 중고년기술로동자나 단순작업, 보조작업을 담당하던 녀성로동자를 직장에서 배척하는 경향을 강화한다． 례를 들어 일본의 전기공업의 조립공정에서 일하던 녀성로동자들이 생산의 자동화에 의하여 많이 내쫓기였다． 전기부문의 주요 13개 기업의 녀성로동자수는 1970년에 13만 4,000명으로부터 1980년에는 5만 2,000명으로 거의 절반씩이나 줄어들었다．

자동화체계의 도입은 둘째로, 로동강도를 극도에 이르게 하고 로동시간을 연장시키는 등 로동조건을 악화시킨다．

친애하는 지도자 김정일동지께서는 다음과 같이 지적하시였다．
《자본주의사회에서 새 기술의 도입은 로동자들의 로동을 더욱더 고된것으로 만듭니다． 독점자본가들은 로동자들을 성능이 높은 기계에 얽매이게 함으로써 그들의 로동강도를 더욱 높입니다．》

로동자들은 생산의 자동화에 의하여 전례없는 로동강도를 강요당한다． 자동화의 도입에 의하여 해당 작업공정의 로동자정원이 극도로 줄기때문에 로동자들의 일감이 더욱 많아지고 작업범위가 늘어난다．

자동화된 작업장에서는 지난 시기까지 1~2대의 기계를 다루던 로동자가 더 많은 기계를 맡게 되고 또 앞뒤공정과 기계고장의 수리와 보수까지 혼자 담당하게 된다． 결과 로동자한사람당 작업량과 작업범위가 급속히 늘어난다． 자동화에 의하여 작업준비시간이 줄어들고 공작기계의 가동시간은 대폭 늘어나기때문에 작업속도는 현저히 높아진다．

또한 자동화의 도입에 의하여 비정상적인 근무가 계속되고 로보트조차 대신할수 없는 아주 험악한 로동이나 숱한 로보트를 감시하거나 보전하는것과 같은 극단한 단순로동을 강요당하게 된다． 결과 눈이나 손끝, 목, 허리, 발 등 신경계통에 무거운 부담이 가해지고 정신적피로와 긴장감이 더 강화된다．

사무부문에서 자동화의 도입은 일반사무원들을 늘어나게 만드는 방향에서 계층분화를 촉진하고 그들의 대부분 특히 사무 및 판매로동자의 로동조건을 생산로동자와 비슷하게 만들거나 그보다 더 한심한 형편에 이르게 한다．

그리하여 자동화에 의하여 로동자들은 1초를 다투는 최고의 강도를 가진 로동을 쉬임없이 강요당하게 되며 인간으로서의 정신 및 육체마저 자동화기구에 적응될것이 강요된다．

그뿐아니라 자동화의 도입은 자동화가 아직 도입되지 않는 공정과 부문의 로동자들의 로동조건도 더욱더 악화시킨다． 독점자본가들은 자동화가 아직 도입되지 않는 부문이나 기업, 공정들에서도 이미 도입된 부문이나 기업, 공정에서 적용되고 있는 로동강도를 강요하며 따라서 거기서 일하는 로동자들의 로동조건을 더욱더 어렵게 만든다．

자동화의 도입은 로동강도를 강화할뿐아니라 로동시간도 연장시킨다．

로동자들은 생산의 자동화에 의하여 류례없이 긴 로동시간을 강요당하고 있다．

자본주의하에서 로동시간은 필요로동시간과 잉여로동시간으로 이루어진다． 로동시간이 길면 길수록 잉여로동시간은 더 많아진다． 독점자본가들이 관심을 가지는 잉여가치는 잉여로동시간이 길수록 더욱 많아진다． 따라서 독점자본가들은 잉여로동시간을 더욱 늘이려고 혈안이 되여 날뛴다． 생산의 자동화를 통하여 독점자본가들이 노리는 중요한 목적의 하나도 잉여로동시간을 더 늘이려는것이다．

독점자본가들은 자동화를 위한 독점들사이의 치렬한 경쟁에서 이기고 설비를 도덕적으로 마멸시키지 않기 위하여 로동시간을 연장시키는 방법으로 자동화기구의 만가동을 보장하려 한다． 그리하여 독점자본가들은 3교대로동, 야간로동, 연장작업 등을 정상적인것으로 만들고 로동자들에게 강요한다． 지금 자동화가 도입된 일본의 공장들에서 로동자들이 한달에 100시간이상 연장작업을 강요당하는것은 보통현상으로 되고있다． 여기에다 독점자본가들은 현장토착제를 도입하고 휴식시간을 줄이며 로동시간중에 일체 유휴시간을 없애는 등 방법으로도 로동시간을 연장하고 있다．

자동화가 빚어내는 높은 로동강도와 장시간로동으로 인하여 로동자들의 육체적, 정신적부담과 피곤이 심해지고 있으며 로동자들은 여러가지 로동재해와 전염병에 신음하고 있다．

이와 같은 생산의 자동화에 기초한 착취와 수탈은 높은 잉여가치률과 리윤률에서 집약적으로 나타나고 있다.

자본주의하에서 가장 기본적인 착취형태는 임금이다. 로동자들이 받는 임금이 어느 수준에 있는가 하는것은 그들에 대한 착취와 수탈 정도를 집중적으로 보여준다.

자본주의하에서 로동자들에 대한 착취는 본질에 있어서 잉여가치의 무상점유이며 새로 창조된 가치가운데서 임금으로 지불된 부분을 공제한 나머지 부분을 차지하는것이다. 그러므로 임금으로 지불되는 부분이 보다 적을수록 잉여가치부분은 더 커지게 된다. 독점자본가들이 생산의 자동화를 통하여 숙련로동을 없애며 로동강도를 높이고 로동시간을 연장하는것도 결국 새로 창조된 가치가운데서 임금으로 지출되는 부분을 보다 적게 하려는 목적을 노린것이다.

숙련정도가 변화되면 임금수준도 현저히 달라진다. 자본주의적임금은 로동력가치의 화페적표현이다. 로동력의 가치는 생산에서 요구되는 로동자들의 숙련 및 기능정도와 관련되여 있다. 로동력의 가치는 생산활동에서 숙련 및 기능이 많이 요구될수록 높으며 반대로 생산활동에서 숙련 및 기능이 적게 요구될수록 낮아진다.

생산의 자동화와 함께 많은 로동자들의 숙련과 기능은 단순하여 진다. 복잡로동은 더욱더 단순로동으로 바뀌여지며 그에 따라 생산활동에서 특수한 기교나 숙련이 가지는 의의는 적어진다. 이리하여 생산의 자동화는 로동력의 가치를 떨구는 방향으로 작용하게 된다. 이것은 숙련로동자가 해고되며 다른 기업에 채용될 때 보통 그가 이미 가지고 있던 기능에 해당한 일자리와 지불을 받지 못하고 그보다 못한 일자리와 지불을 받게 되는데서 뚜렷이 나타난다.

로동력의 가치는 로동강도 및 로동시간과도 밀접히 련관되여 있으며 그 영향을 크게 받는다.

원래 임금은 로동력의 가치에 의하여 규정되는 로동력의 가격이라는데 그 본질이 있다. 그러나 현실적으로는 임금은 《로동의 가격》처럼 나타난다. 따라서 임금은 로동자들이 투하하는 로동시간, 로동강도와 밀접히 련결된다.

로동자들은 로동강도가 높아지고 로동시간이 길어지면 로동력을 더 많이 지출하게 되며 더 많은 생활자료를 요구하게 된다. 따라서 로동력의 가치는 로동강도가 높아지고 로동시간이 늘어나는것만큼 높아지게 된다. 로동강도가 높아지고 로동시간이 늘어날수록 로동력이 정상적으로 재생산되려면 실질임금지불이 그만큼 늘어나거나 로동일이 짧아져야 한다.

그러나 독점자본가들은 생산의 자동화가 로동강도를 류례없이 높이고 로동시간을 늘쿠지만 그에 따르는 임금은 높여주지 않는다. 그리하여 로동력가치와 임금사이의 간격은 더욱더 커지며 로동력가치가운데서 더 많은 부지불로동이 독점자본가들의 주머니에 들어가 독점적고률리윤을 늘이는 원천으로 된다.

이와 같은 원인으로 하여 오늘 자본주의나라들에서 로동자들의 임금은 매우 낮은 수준에 있다. 명목임금, 실질임금 등 임금의 절대액이 낮을뿐아니라 잉여가치에 대한 임금의 크기인 상대적임금도 계속 낮아지고 있다. 자본축적에 따르는 상대적잉여가치생산의 증대는 로동력의 가치 및 상대적임금을 떨구고 있다. 자본주의나라들의 상대적임금은 1979년에 1974년에 비하여 일본은 19%, 미국은 9%, 영국은 4%, 서부도이췰란드은 5% 떨어졌다.

이상에서 본바와 같이 오늘 자본주의나라들에서 실시되고 있는 생산의 자동화는 로동계급의 로동과 생활에 엄중한 후과를 미치고 있으며 그들의 로동 및 생활형편을 더욱 더 어렵게 만들고 있다.",KIS,late_socialist_planning,1980s,7.126087273299125
"자본주의세계에서 로동력의 국제적이동과 《부익부, 빈익빈》의 심화",태순철,1990,4,1499,"자본주의세계에서 로동력의 국제적이동과 그를 둘러싼 나라들사이의 관계는 현대국제경제관계의 중요한 령역의 하나이다.

자본주의사회에서 로동력의 국제적이동은 사회의 생산력발전과 유기적으로 련관되여있으며 자본의 운동에 따라 나라들사이에 자연발생적으로 이루어지는 로동력의 재분배, 재배치를 기본내용으로 하고있다.

로동력의 국제적이동은 생산수단을 가지지 못함으로 하여 유일한 생존수단인 로동력을 팔지 않으면 안되는 로동자, 그것도 자기 나라에서가 아니라 다른 나라에로 일자리를 찾아가지 않으면 안되는 사람들이 있게 되는것과 관련하여 생긴다.

그러므로 로동력의 국제적이동에는 한 나라로부터 다른 나라에로 이주해가는 이민 일반이 아니라 오직 자기 로동력을 팔기 위한 목적에서 다른 나라로 떠나가는 이민들이 속한다.

이민현상은 전자본주의사회에서도 있었다.

원시사회, 노예사회, 봉건사회들에서도 살길을 찾아 다른 나라에로 떠나가는 현상들이 있었다.

이 시기 이민현상은 생산력발전수준이 낮은데로부터 생긴 불가피한 과잉인구와 관련되였다면 자본주의단계에서의 이민은 반대로 생산력발전이 생산수단을 잃은 로동자들을 낳으며 그들로 하여금 직업을 찾아 떠나가게 하는 새로운 이민현상을 낳는다.

자본주의발전은 이전에 자립적으로 생산활동을 벌리던 직접적인 생산자였던 소생산자들을 비롯한 광범한 대중들이 자본가들에게 토지와 수공업적인 생산수단을 빼앗기고 오직 로동력만을 가지게 한다.

자본의 착취로 하여 불가피하게 생활수단을 잃어버리고 일자리를 얻지 못하여 더는 살래야 살수 없는 최악의 생활고에 처한 사람들이 불가피하게 산설고 물설은 이국땅으로 떠나가게 되는것이다.

이민을 산생시키는 근원인 실업과 빈궁은 자본가에 의한 로동계급의 착취, 발전된 자본주의나라에 의한 뒤떨어진 나라들에 대한 국제적범위에서의 오랜 기간에 걸친 착취와 략탈의 필연적결과이다.

전세계적범위에서 로동력의 이동은 통신, 운수 수단들이 발전됨에 따라 더욱 폭넓게 진행되였다.

통보, 련락 수단의 발전은 세계적범위에서 로동력에 대한 수요와 생활수준에 대하여 더욱 민감하게 느낄수 있게 하였으며 교통운수수단의 발전은 각이한 지역들에로의 보다 많은 사람들의 이동이 용이하게 진행되게 하였다.

자본의 끝없는 탐욕과 체신, 운수 수단의 발전은 상품뿐아니라 상품화된 로동력의 이동도 더욱 확대시켰다.

이리하여 국제적범위에서 로동력의 시장이 형성되고 자본의 수공급의 변동에 따라 로동력의 이동이 이루어지는 새로운 자본주의적국제경제관계가 발생하게 되였다.

력사적으로 볼 때 로동력의 대량적인 국제적이동은 자본주의길에 먼저 들어선 나라들을 중심으로 하여 이루어졌다.

자본주의하에서 로동력의 국제적이동의 첫 력사적인 현상은 19세기초에 아일랜드로부터 영국에로 토지를 잃은 농촌주민들의 이동이였다.

영국은 수많은 아일랜드인들을 농경지로부터 추방한 대가로 모방직공업을 발전시킬수 있는 광활한 양방목지와 값눅은 로동력을 해결할수 있게 되였다.

영국에서의 자본주의공업의 발전은 이러한 이민들의 로동에 대한 무제한한 착취와 략탈에 의하여 이루어졌다.

1841년부터 1901년까지 아일랜드에서 떠나간 사람들은 아일랜드 전체 주민의 절반이상에 달하였으며 19세기 80년동안에 도이췰란드로부터 미국, 영국, 네데를란드, 라틴아메리카나라들로 이주해 간 사람들은 500만명이상에 이르렀으며 19세기 후반기에는 다른 대륙으로부터 미국에로 간 이주자들의 수가 급격히 늘어났다.

자본주의발전과 더불어 자연발생적으로 이루어지는 로동력의 국제적이동에서는 오늘에 와서 그 이동의 지역적방향, 구성 등에서 일련의 특성을 가지고있다.

지난 시기에는 주로 도이췰란드, 프랑스, 영국을 비롯한 서유럽자본주의나라들로부터 미국, 카나다 지역에로 즉 북의 지역에서 로동력이 이동하였다면 오늘에는 남에서 북에로, 발전도상나라들로부터 발전된 자본주의나라, 남아프리카와 중근동석유생산지역을 비롯한 다국적기업들이 침투한 주요공업생산지역들에로 이동하는 지역별방향에서의 새로운 현상이 나타나고있다.
										

이동하는 로동력의 구성에서도 지난 시기에는 주로 실업자, 리농민, 극빈자들이 이민의 기본을 이루었다면 오늘에 와서는 이민중에서 정신로동에 종사하는 인테리들의 비중이 점차 높아지고있으며 성인뿐아니라 소년, 녀성로동자들까지 포괄하고있다.

발전된 자본주의나라들은 발전도상나라들에서 이동하여 온 로동력에 대한 착취와 략탈을 강화하고있으며 이것은 불평등한 무역관계, 금융통화관계, 자본이동관계와 함께 세계적범위에서 《부익부, 빈익빈》현상을 심화시키고있는 주되는 요인의 하나로 되고있다.

친애하는 지도자 김정일동지께서는 다음과 같이 지적하시였다.
《자본주의적착취로 말미암아 지난 시기에는 매개 자본주의나라 범위에서 의 현상이 지배하였다면 이제와서는 세계가 부유한 자본주의나라들과 가난한 발전도상나라들로 갈라져 세계적범위에서 의 현상이 심화되고있습니다.》(《반제투쟁의 기치를 더욱 높이 들고 사회주의 공산주의길로 힘차게 나아가자》, ６페지)

발전된 자본주의나라들이 발전도상나라들에서 이주한 로동력에 대한 고용과 착취는 무엇보다도 발전된 자본주의나라들에 보다 많은 리윤을 가져다주고있다.

고용로동에 대한 착취는 자본주의의 생존의 원천이며 치부의 수단이다.

보다 값눅으면서도 무제한하게 착취할수 있는 로동력은 자본가에게 있어서 가장 리상적인 착취대상으로 된다.

바로 이러한 착취대상은 발전도상나라로부터 발전된 나라들에로 이주한 외국로동자들이다.

자본가들은 발전도상나라들에서 온 외국로동자들을 고용함으로써 본국의 로동자들을 고용하여서는 얻을수 없는 거액의 폭리를 얻는다.

발전된 나라들의 독점자본가들은 민족들사이의 로임수준에서의 차이, 특히 발전도상나라들의 로임의 낮은 수준을 리용하여 본국의 로동자들의 로임보다 비할바 없이 낮은 수준에서 발전도상나라들의 로동자들을 고용한다.

자본가들은 외국로동자들에게 어렵고 힘들고 고된 부문에서 가장 천한 직업을 택하도록 하며 가장 긴 로동시간과 높은 로동강도를 강요한다.

이리하여 발전도상나라들에서 이동해 간 로동자들은 주로 신닦기, 오물처리, 거리청소, 그리고 건설, 탄광과 같은 어렵고 힘든 부문들에서 고역에 시달리고있다.

발전도상나라에서 온 로동력의 고용을 통하여 일련의 서유럽나라들, 특히 주민이 많지 않는 나라들에서는 국내에서는 쉽게 동원할수 없는 많은 수의 로동력을 짧은 기간에 동원하여 방대한 건설들을 수행할수 있었다.

스위스의 산간에 건설되는 수력발전소건설에 동원된 로력중에서 90%가 외국로동자였는데 그 대부분이 발전도상나라들에서 온 로동자들이였다.

자본가들은 또한 발전도상나라로부터 온 로동자들에 대한 사회보장, 주택조건보장에 필요한 지출까지 절약하여 보충적인 리윤을 얻고있다.

발전도상나라들에서 이주한 로동력에 대한 고용과 착취는 또한 발전된 나라 자본가들에게 경기변동의 모든 시기에 언제나 높은 고률리윤을 획득할수 있는 조건을 지어주고있다.

경기변동의 각이한 단계들에서 고용로동을 잘 리용하는것은 자본가들에게 있어서 특별히 중요하다.

호경기시기에는 생산능력을 만가동하고 기업을 확장하는것으로 하여 로동력에 대한 수요가 비상히 높아지는가하면 불경기나 공황기에는 생산의 감퇴, 불완전조업과 관련하여 로동자들을 해고시켜야 하는 불가피한 계기들에 부딪치게 된다.

경기변동에 따라 신축성있게 로동력을 쉽게 인입하거나 내보낼수 있는 대상은 외국로동자들이다.

자본가들은 호경기시기에는 범람하는 실업자들속에서 외국로동자, 발전도상나라들에서 온 로동자들을 헐값으로 고용하여 막대한 리윤을 얻는다.

이와 반대로 공황이나 생산이 침체되는 시기에는 실업의 첫 대상으로 외국로동자들을 선택한다.

그것은 발전도상나라들에서 온 로동자들을 해고시키는것이 본국로동자들에 비하여 상대적으로 헐하고 안전하기때문이다.

외국로동자들은 해고당하면서도 이에 대한 자기의 정당한 요구를 제기하고 투쟁할 권리조차 가지지 못하고있다.

또한 실업당한 대다수의 외국로동자들은 로동년한이 짧고 기술수준이 낮은것으로 하여 실업보조금이나 해고금을 받을수 없게 되여있다.

이러한 사정은 자본가들이 외국로동자들을 해고시키는 일을 쉽게 처리할수 있게 할뿐아니라 손실을 면할수 있게 한다.

한편 자본가들은 공황이나 불경기시기 발전도상나라들로부터 온 외국로동자들을 고용하고 가혹하게 착취함으로써 파산의 위험한 고비를 비교적 쉽게 이겨낸다.

자금이 부족하여 고정재산을 빨리 갱신할수 없는 자본가들에게 있어서 값눅은 외국로동력에 대한 무제한한 착취는 그들의 생명선으로 된다.

외국로동자들에 대한 착취를 통하여 자본가들은 방대한 투자가 요구되는 기술갱신을 하지 않고도 생산을 계속하여 리윤을 얻으면서 불경기를 타개해나가게 된다.

발전도상나라들에서 이주해온 로동자들은 발전된 자본주의나라에서 생산이 높아지는 시기에는 생산에 보충적으로 인입되는 《로동예비군》으로 생산이 감퇴되는 시기에는 해고의 대상으로, 불경기시기에는 가장 가혹한 착취대상으로 된다.

자본가들은 또한 자국내 로동자들이 생활상요구를 실현하기 위하여 파업과 시위투쟁을 벌리면서 압력을 가할 때에는 외국로동자들을 고용하여 생산을 계속해나가고있다.

이리하여 국내로동운동을 억누르면서 고용로동을 착취하여 거액의 리윤을 얻고있다.

이처럼 발전도상나라들의 이주로동자들은 발전된 자본주의나라들에 헤아릴수 없는 막대한 리윤을 가져다주는 치부와 증식의 대상으로서, 세계적범위에서 발전된 자본주의나라들에서의 《부익부》를 증대시키고있다.

다른 한편 발전도상나라로부터 발전된 자본주의 나라에로의 로동력의 이동은 발전도상나라들에서 《빈익빈》의 현상을 더욱 심화시키고있다.

발전도상나라들로부터 발전된 자본주의나라들에로의 로동력의 이동은 발전도상나라들에서 로력자원을 고갈시키고 로동력재생산에 커다란 손실을 주고있다.

생산의 결정적인 요소인 로동력은 어느 나라에서나 생산발전을 위한 가장 귀중한 재부이다.

발전도상나라들에서 다른 나라에로 떠나가는 로동력은 그 대부분이 20~40대의 년령기에 있는 청장년들이다.

발전도상나라들의 로동력의 발전된 나라에로의 이동은 젊은 청장년들을 비롯하여 해당 나라의 로동력구성에서 기본을 이루는 가장 적극적인 부분을 잃는것으로 된다,

로동력의 이동은 발전도상나라들의 로동력구성에서 비정상적인 변화를 가져오며 로동력의 재생산에서 불균형을 초래하고있다.

한편 이 현상은 로동력을 잃은 해당 발전도상나라들로 하여금 다른 나라 로동력을 리용하지 않으면 안되게 하는 현상을 빚어내고있다.

로동력을 수출함으로 하여 로동력이 부족한 지역, 로동력을 수입하는 지역으로 전환되게 되는 모순적인 현상은 외국로동력을 끌어들여 착취를 강화하는 현대신식민주의가 낳은 비극적산물의 하나이다.

발전된 자본주의나라들에로의 발전도상나라의 로동력의 이동은 또한 발전도상나라들의 경제발전을 억제하는 요인으로 되고있다.

발전도상나라들의 경제발전에서 응당 주인으로 되여야 할 로동자들이 해외에로 이동함으로써 발전도상나라들에서 공업, 농업을 비롯하여 국내에 전통적으로 존재하던 민족산업과 농업마저 더욱 령세화하고있다.

발전도상나라들에서 숙련공, 개인농들의 해외에로의 이동은 이 나라들에서의 제국주의자들의 예속화책동으로 인해 파산에 이른 민족산업과 농업을 더욱 몰락시키면서 다시 일떠서기 어렵게 만들고있다.

특히 발전도상나라들에서 발전된 나라들에로의 기술인재들의 이동은 발전도상나라들의 경제발전에 돌이킬수 없는 부정적결과를 빚어내고 있다.

현시기 발전도상나라들에서 발전된 나라에로 이동하는 로동력중에서 인테리비중이 점차 높아지고있다.

정신로동에 종사하는 발전도상나라들의 인테리들이 발전된 나라들에로 흘러가고있는 현상을 두고 《두뇌류출》이라고도 부르고있다.

미국을 비롯한 제국주의자들은 발전도상나라들의 재능있고 전망성있는 기술자, 전문가들이 자기 나라에도 쉽게 넘어오도록 《망명조건》의 완화, 《보조금》의 지불 등 여러가지 수단과 방법으로 매수하거나 유혹하여 자기 나라에로 끌어가기 위한 책동을 강화하고있다.

현재 발전된 자본주의나라들에는 발전도상나라로부터 이주해 간 50만명이상의 과학자, 기술자,전문가들이 독점자본을 위해 복무하고있다.

미국에서 일하는 기사들속에서 발전도상나라로부터 이주해 간 외국인의 비중은 10%를 넘고있으며 특히 의사들중에는 24%에 이르고있다.

제국주의자들은 지난날에는 값눅은 로동력과 원료자원을 무제한하게 강탈하여 갔다면 오늘에 와서는 나라의 가장 귀중한 재부인 민족의 《두뇌》까지 송두리채 빼앗아가고있다.

발전도상나라들의 재능있는 인테리들을 유인하여 끌어간 발전된 나라들은 그들이 연구한 과학기술성과들을 생산에 받아들여 과학기술적우위성을 보장하고 시장에서의 경쟁력과 지위를 더욱 강화하고있으며 해마다 15억US$이상의 순리익을 보고있다.

발전도상나라들로부터 발전된 자본주의나라에로의 기술자, 인테리들의 이동은 발전도상나라들에 보상할수 없는 손실을 주고있다.

발전도상나라의 기술인재들은 새 사회 건설의 길에 들어선 초시기 푼전을 아껴가면서 거대한 투자를 들여 애써 키워놓은 민족의 재부중에서도 가장 귀중한 재부이며 발전도상나라들에서의 새 사회 건설을 책임지고 떠메고 나가야 할 나라의 역군이다.

바로 이러한 인재들의 발전된 나라들에로의 류출은 발전도상나라들에서 그들을 키우는데 들인 투자를 헛되게 하며 그들을 통하여 실현하려고 하였던 공업화계획을 비롯한 민족경제부흥과 새 사회 건설 계획들을 제대로 수행할수 없게 하고있다.

다른 한편 발전도상나라들로부터의 발전된 나라에로의 인재류출, 《두뇌류출》은 발전된 나라에 대한 발전도상나라들의 경제기술적 예속성과 의존성을 더욱 심화시키고있다.

얼마 안되는 과학자, 기술자들마저 발전된 자본주의나라들에 뜯기운 발전도상나라들은 할수 없이 발전된 나라들의 《기술자》, 《전문가》들을 초빙하여 그들에 의거하여 기술적문제들을 풀려고 하고있다.

발전된 자본주의나라들에서 온 《기술자》, 《전문가》들은 높은 대우를 받으면서 발전도상나라들에 대한 침투와 략탈을 위한 합리적인 방도들을 현지에서 연구하고 실험하고있다.

결과 발전된 나라들에 의한 발전도상나라들의 과학기술적예속성과 의존성은 더욱 강화되고있으며 기술분야에서의 남북간의 격차는 더욱더 커지고있다.

이로 하여 발전도상나라들은 락후와 빈궁, 무지와 몽매에서 벗어나지 못하고있을뿐아니라 기술분야에서도 가장 뒤떨어진 후진국으로 남아있다.

발전된 자본주의나라들에 이주해 간 외국로동자들은 자기 조국에 보내는 송금조차 뜯기우고있다.

발전된 나라들에 간 발전도상나라 로동자들은 자기가 번 로임의 일부를 조국에 송금형태로 가족이나 친척들에게 보내고있다.

이 송금공간을 통하여 리득을 보는것은 발전된 자본주의나라들의 다국적은행들이고 손해를 보는것은 이주로동자들의 가족들과 발전도상나라들이다.

발전된 자본주의나라의 다국적은행들은 복잡한 여러가지 화페환자조작을 통하여 중간착취를 교활하게 감행하고있다.

이주로동자들이 자기 나라에 보내는 송금은 전환성화페로 은행에 입금되지만 로동자가족들이 본국에서 받는 화페는 전환성화페가 아니라 국내화페이다.

전환성화페에 비해 발전도상나라의 화페구매력이 낮다.

따라서 이러한 형태의 송금방법은 이민로동자들의 가족뿐아니라 발전도상나라들에도 적지 않은 경제적손실을 주게 된다.

다국적은행들은 이주로동자들이 보내는 송금령장과 송금행표를 유익한 《화페》로 리용하여 금융시장에 투입하기도 한다.

이리하여 송금은 이주로동자들의 가족들에게 가지도 못하고 공짜로 빼앗기게 된다.

이처럼 발전도상나라들은 수많은 값싼 로동력을 발전된 자본주의나라들에 뜯기우고 가혹한 착취와 략탈을 당함으로써 경제기술적으로, 재정적으로 더욱더 락후하고 빈궁해지고있다.

자본주의세계에서 로동력의 이동과 《부익부,빈익빈》의 심화는 현시기 국제경제관계분야에서 해결되여야 할 기본문제의 하나로 되고있다.

세계적범위에서 로동력의 국제적이동을 통한 제국주의자들의 발전도상나라들에 대한 가혹한 착취와 략탈을 막고 날로 심화되는 《부익부, 빈익빈》의 현상을 없애자면 낡은 국제경제질서를 허물어버리고 새로운 공정한 국제경제질서를 세워야 하며 제국주의자들의 착취와 략탈행위를 짓부셔버리고 인류공동의 요구와 지향에 맞는 자주적이고 평등한 새 세계를 건설하여야 한다.",KIS,late_socialist_planning,1990s,7.313220387090301
자립적 원료기지축성의 합법칙적 과정,백창수,1989,1,1325,"공업의 자립적 원료기지는 사회주의경제발전과 함께 끊임없이 확대되고 공고화되여나간다.

사회주의경제의 빠른 발전은 공업발전에 필요한 원료들을 종전보다 량적으로 비할바없이 방대하게 요구할뿐아니라 그의 질과 품종에서도 고도로 세분되고 확대되여나갈것을 요구하고있다.

자립적민족경제의 토대가 강화되고 생산력발전수준이 높은 단계에 오르면 원료의 생산, 소비량 급격히 늘어나게 되며 한편 과학기술의 역할이 비상히 증대되고 그 과정이 보다 복잡한 기술공정으로 되여있는 현대적 생산은 원료자원에 대한 수요에서도 보다 높은 질을 가진 원료, 새로운 특성을 가진 원료들을 더 많이 요구한다.

자립적민족경제의 발전과 함께 끊임없이 공고화 되는 자립적 원료기지는 여러가지 경제적요인의 영향을 받으면서도 축성되고 발전한다.

자립적 원료기지축성에 영향을 주는 요인들로서는 나라의 자연부원상태, 생산력발전수준과 과학기술발전수준, 공업생산구조, 사회경제제도 등이다.

자립적 원료기지는 이러한 요인들에 의하여 일정한 합법칙성을 가지고 발전하게 된다.

자립적 원료기지 발전의 합법칙적 과정은 원료의 생산능력이 조성되고 마련되여나가는 과정이 어떻게 변화발전되여나가는가 하는것을 보여준다.

자연원료기지를 위주로 하던데로부터 가공원료기지, 합성원료생산기지의 축성에로 확대발전하는것은 자립적 원료기지발전의 중요한 합법칙적 과정이다.

위대한 수령 김일성동지께서는 다음과 같이 교시하시였다.
《화학공업의 발전은 인민경제의 기술진보를 촉진시킬뿐아니라 국내의 자연부원을 여러모로 더 쓸모있게 리용하는데서 중요한 역할을 합니다. 그것은 우리 나라에 원래 없는 자원도 있는 자원으로 바꿔쓸수 있게 하며 생산과 건설에 천연재료보다도 훨씬 질좋은 여러가지 합성재료들을 공급하여줍니다.》(《김일성저작집》15권, 217~218페지)

오늘 최신과학기술의 성과에 기초하고있는 현대적공업은 자연원료기지 하나만으로는 늘어나는 수요를 원만히 보장할수 없으며 복잡한 여러 생산부문과 공정들의 기술적요구조건을 다 만족시킬수 없다.

그러므로 자연원료기지를 강화하는것과 함께 가공원료기지, 합성원료기지를 튼튼히 꾸림으로써만 높아가는 원료수요를 량적으로 꾸리고 질적으로 원만히 보장할수 있다.

자연원료, 시초원료생산을 위주로 하던데로부터 가공원료, 합성원료 생산기지가 강화되고 그것들이 서로 배합되여 나라의 원료기지를 강화하여나가는 방향으로 발전한다는것은 크게 두가지 내용을 담고있다.

그것은 우선 자연원료기지를 축성하는 단순한 단계로부터 가공원료, 합성원료 기지를 축성하고 확대 발전시키는 보다 복잡하고 발전된 단계로 발전한다는것이다.

자연원료기지 축성이 가공원료기지의 축성보다 단순한 단계로 되는것은 자연에 대한 사람의 지배적역할이 높지 못한데 있다.

생산력발전수준과 과학기술발전수준은 사람들이 자연을 개조하고 리용하는 정도를 반영한다.

일반적으로 자연원료기지축성에서는 사람들의 로동이 보다 단순한 형태로 들어가며 자연상태에서 채취한 원료를 얼마 가공하지 않고 리용한다.

그러나 오늘 현대적공업생산은 생산공정의 기계화, 자동화, 로보트화, 전자계산기화와 같은 보다 높은 수준에로 발전하고있다.

이와 같은 현실은 원료기지의 축성에서도 자연원료기지와 함께 가공원료기지, 합성원료기지를 축성하는데로 발전하면서 확대강화할것을 필수적으로 요구하게 된다.

자립적 원료기지가 자연원료기지의 축성으로부터 가공원료기지,합성원료기지의 축성에로 발전하는것은 이 세가지 원료기지 형태들이 종합적으로 리용되는 방향으로 나간다는것이다.

이것은 세가지 원료기지들이 원료문제해결에서 노는 위치 및 역할과 관련되는 자립적 원료기지축성의 합법칙적 과정이다.

일반적으로 나라의 생산력과 과학기술이 발전하지 못한 공업화의 초기에는 공업생산의 량적 규모가 작고 공업제품이 품종수가 다양하지 못한데로부터 자연원료,시초원료의 소비가 기본을 이룬다.

그러나 생산력과 과학기술이 발전함에 따라 보다 다양한 공업제품의 생산이 확대되면서 여러가지 시초원료와 함께 다양한 가공원료
										에 대한 수요가 비할바없이 증대된다.

특히 과학기술이 급속히 발전함에 따라 새로운 기술적특성을 가진 여러가지 가공원료에 대한 수요가 비할바없이 늘어나고 따라서 그를 위한 생산이 큰 비중을 차지한다.

그리고 화학공업이 발전하여 여러가지 대용원료를 생산할 가능성이 조성됨에 따라 합성원료생산의 비중도 점차 커지게 된다.

이로부터 자립적 원료기지는 초기에 주로 자연원료를 기본으로 하던데로부터 점차 가공원료, 합성원료 기지가 확대되면서 이것들이 서로 배합되여 다방면적이며 종합적인 원료기지를 조성하는데로 발전하는것이 합법칙적 과정으로 된다.

여기에서 중요한 문제의 하나는 새로운 가공원료, 합성원료 기지의 발전과 공업발전의 초시기에 기본부분을 차지하고있던 자연원료, 시초원료기지와의 호상관계를 정확히 리해하는것이다.

자립적 원료기지의 발전과정은 자연원료, 시초원료 생산기지를 축성하던데로부터 가공원료, 합성원료 기지를 축성하는 순차로 바뀌여 가면서 종전의 원료기지 대신에 새로 생겨난 원료기지가 확대발전되고 그것만이 존재하는 식으로 이루어지는것이 아니다.

공업생산이 발전하게 되면 오히려 자연원료, 시초원료 생산기지는 그 규모에 있어서 종전보다 더욱더 큰 규모로 확대되게 된다.

공업생산력이 발전하는데 따라 시초원료기지가 더욱 큰 규모로 확대될뿐아니라 그와 함께 가공원료기지 나아가서 합성원료기지도 다같이 확대 강화되게 된다.

다른 한편 가공원료생산기지, 합성원료생산기지들은 자연원료, 시초원료 생산기지에 의존하고있기때문에 그것들은 서로 유기적으로 배합될것을 필수적으로 요구한다.

이와 같이 자립적 원료기지가 자연원료, 시초원료기지 축성으로부터 가공원료기지, 합성원료기지를 축성하고 확대발전하는데로 나간다는것은 원료생산토대의 단순하고 낮은 단계로부터 복잡하고 발전된 단계로 발전한다는것이며 자연원료기지, 가공원료기지, 합성원료기지들이 종합적으로 리용되는 방향으로 발전한다는것이다.

자연원료기지의 축성으로부터 가공원료기지, 합성원료기지 축성에로 확대발전되는 과정은 나라의 풍부한 원료자원이 종합적으로 리용됨으로써 원료기지 축성에서 주체성이 더욱 강화되는 과정이며 과학기술이 발전하여 새로운 기술적 특성을 가지는 원료들이 나오고 대용원료자재가 광범히 도입리용되여 현대화, 과학화가 촉진되는 과정이다.

자립적 원료기지는 다음으로 원료의 생산량과 품종구성에서 수입원료에 비한 국내원료가 차지하는 비중이 높아지는 방향으로 발전한다.

위대한 수령 김일성동지께서는 다음과 같이 교시하시였다.
《나라의 자연부원을 조사하고 그것을 합리적으로 리용하기 위한 대책을 연구하는 동시에 국내자원에 의거한 자립적 공업체계를 세우는데 과학의 힘을 넣어야 하겠습니다.》(《김일성저작집》15권, 231페지)

원료에 대한 수요를 어느 정도 자체로 해결하는가 하는것은 민족경제의 자립성정도를 평가하는 중요한 징표로 된다.

일반적으로 공업건설의 토대가 약한 초시기에는 생산에 리용되는 원료가운데서 수입원료가 적지 않게 리용될수 있다.

그러나 자립적 민족경제의 토대가 튼튼해지고 인민경제의 주체화, 현대화, 과학화가 촉진됨에 따라서 국내원료가 차지하는 비중이 높아지는것이 합법칙적 현상으로 된다.

자립적 원료기지 축성에서 이러한 합법칙적과정이 나타나게 되는 근거는 자립적 원료기지의 목적과 사명, 과학기술의 발전과 중요하게 관련된다.

자립적 원료기지는 자립적 민족경제건설의 필수적 구성부분이며 철저히 자립적 민족경제발전에 복무한다.

이로부터 자립적 원료기지는 자기 나라의 자연부원을 토대로 하여 자기 나라에 꾸려지지 않을수 없다.

만일 다른 나라에 원료를 의거한다면 제힘으로 건설하고 발전하는 경제의 자립적토대를 닦을수 없으며 다른 나라에서 원료원천이 없어진다면 경제적 혼란이 조성될수 있으며 또한 다른나라에서 원료를 대주지 않는다면 그 나라에 빌붙게 되여 경제의 명줄을 남에게 쥐일수 있다.

이렇게 되면 경제의 자립성과 안전성이 보장되지 못하여 생산이 정상화될수 없으며 결국 자립적 민족경제를 건설할수 없는 결과를 초래하게 된다.

한편 과학기술의 끊임없는 발전은 자기 나라에 부족하거나 없던 원료를 찾아내거나 대용할수 있게 함으로써 수입원료를 국내원료로 바꿀수 있는 가능성을 더욱더 증대시킨다.

이리하여 원료의 생산량과 품종구성에서 수입원료에 비한 국내원료의 비중이 점차 높아지면서 자립적 원료기지가 확대강화되는것이 그 발전의 합법칙적 과정의 하나로 된다.

수입원료에 비한 국내원료생산의 비중이 높아진다고 하여 다른 나라와의 경제교류와 협조가 배제된다는것을 의미하는것은 아니다.

원료에 대한 수요를 보장하는데서는 자기 나라의 원료원천에 의거하면서도 유무상통의 원칙에서 경제적교류와 협조를 발전시켜나가는것을 전제로 한다.

매개 나라는 자연지리적 조건과 과학기술발전의 수준으로 하여 자기 나라에 필요한 모든 원료를 모조리 자체로 생산보장한다는것은 거의나 불가능하다.

그러므로 아직 생산하지 못하거나 모자라는 원료, 자재들을 생산하기 위한 대책을 세우는것과 함께 대외무역을 통하여 일정한 량의 원료, 자재를 해결할수 있다.

그러나 나라들사이의 경제협조가 강화된다고 하더라도 자립적 원료기지는 수입원료의 비중을 낮추고 국내원료의 비중을 높이는 방향으로 발전하기 마련이다.

그것은 수입원료에 비하여 국내원료의 생산과 공급이 결정적으로 유리하며 또 과학기술의 발전이 국내원료의 증대를 담보하여주기때문이다.

나라의 원료기지를 강화하기 위해서는 수입원료에 비하여 국내원료의 비중이 높아지지만 수입원료를 해결하기 위한 사업을 홀시하여서는 안된다.

나라들사이의 호상성의 원칙에서 교류와 협조를 실현하여 수입원료를 해결하는데서는 자기 나라에서 쓰고있는 여유있는 원료를 주고 없거나 모자라는 원료를 가져오는 원칙을 견지하는것이다.

우리 나라에 풍부하고 세계적으로 독점하고있는 원료를 수출하기 위한 수출원료기지를 꾸리는것은 자립적 원료기지를 더욱 확대강화하고 공고하게 만든다.

이것은 대외무역에 필요한 원료기지를 튼튼히 꾸려나가는것이 자립적 원료기지를 더욱 보충완비하는데 적극적인 영향을 미친다는것을 말하여준다.

다른 나라와 유무상통할수 있는 원료기지는 철저히 자립적 공업발전에 필요한 원료문제를 해결하는데 기본을 두면서 발전시켜야 한다.

자립적 원료기지는 다음으로 지역별 원료기지가 보다 확대되여 그 자립성이 강화되고 원료원천지와 소비지사이의 련계가 강화되는 방향으로 발전되여나간다.

위대한 수령 김일성동지께서는 다음과 같이 교시하시였다.
《원료생산기지를 꾸리는 사업은 원료에 따라 공정별, 지역별로도 하고 몇개 공장이 련합해서도 하며 군단위로도 하고 도단위로도 하여야 합니다.》(《김일성저작집》35권, 172페지)

지역별 원료기지가 강화되는 방향으로 발전하게 되는것은 기업소의 경영규모가 커지고 기업소들사이의 원료의 생산소비적 련계가 다양하고 복잡하게 맺어지는데 맞는 원료기지발전의 합법칙성이다.

공업생산의 발전은 원료에 대한 수요를 대량적으로 요구하며 보다 새로운 품종과 높은 질을 가진 원료, 자재를 요구하게 된다.

이것은 원료자원개발을 위한 과학기술을 발전시키는것과 함께 나라의 모든 지역에 분포되여있는 원료자원을 최대한 효과적으로 리용할것을 필수적으로 요구한다.

따라서 공업생산을 위한 원료자원개발사업이 보다 넓은 지역에로 확대발전하며 해당 지역을 단위로 원료기지가 강화되여나가게 된다.

한편 지역별로 되는 원료기지가 잘 꾸려져야 원료에 대한 생산소비적 련계가 더 밀접하여지게 된다.

그것은 해당 지역별로 되는 원료생산기지가 강화되면 지역안에서 요구되는 원료의 소비적 수요를 더욱 원만히 충족시킬수 있다는 사정과 관련된다.

이로부터 원료생산공급의 일정한 지역적 기지를 설정하고 그에 의거하여 공업발전에 필요한 원료를 생산공급하는 문제가 현실적으로도 제기된다.

지역별 원료기지가 튼튼해지면 국가의 통일적 지도밑에 해당 지역실정에 맞는 자체의 물질기술적 토대를 꾸릴수 있게 하여주며 지역자체에서 필요되는 원료수요를 보장해줄수 있는 가능성이 보다 강화된다.

지역별원료기지는 전국적 범위에서 지역사이의 차이가 극복되고 고르롭게 꾸려짐으로써 지방공업발전에 필요한 원료를 지방자체로 풀어나가도록 하는데서도 특별한 의의를 가진다.

그것은 지역별원료기지가 나라의 모든 지역들에서 지방공업발전에 필요되는 원료를 중앙적인 원료기지에만 의존하려는 현상을 극복하고 지방공업이 제발로 걸어나가게 하기때문이다.

지역적 원료기지는 경제발전의 새로운 현실적 요구에 맞게 원료문제를 풀어나갈수 있게 하는 합리적이 원료보장단위이다.

지역별 원료기지가 합리적인 원료보장단위로 되는것은 사회주의적 협동생산의 우월성에 기초하여 생산소비적 련계가 이루어지는데 맞게 인민경제 부문 및 지역들 사이에서도 원료문제를 해결하는것이 필수적으로 제기된다는것과 관련된다.

또한 지역적 범위에서 원료기지가 확대되여나가는것은 나라의 모든 원료자원을 보다 합리적으로, 적극적으로 리용할수 있게 한다는 사정과 관련된다.

그것은 자기 지역의 범위에서는 숨어있는 내부원료자원을 그 어느 단위에서보다 잘 알고 그것을 개발동원할 가능성을 찾아낼수 있기때문이다.

이와 같은것은 해당 지역의 원료기지가 자체로 필요한 원료를 해결해나가는데서 노는 중요한 우월성의 하나이다.

지역별 원료기지는 또한 원료자원의 리용에서 보다 효과적이다.

이것은 지역별 원료기지가 확대강화되여나가야 할 필요성을 특징지어주며 이로부터 지역별원료기지가 발전되여나가는것은 하나의 합법칙성으로 되는것이다.

이상에서 본바와 같이 자립적 원료기지는 자연원료기지로부터 가공자료기지, 합성원료기지, 국내원료생산비중이 높아지는 방향에로 발전하며 지역별원료기지가 보다 강화되는 방향으로 발전하는것이 합법칙적이라는것을 말하여 준다.

위대한 수령님과 친애하는 지도자 김정일동지께서 밝혀주신 자립적 원료기지확대강화에 대한 리론인 원료기지발전의 이러한 합법칙성을 가장 정확히 구현하고있으며 그것으로 하여 커다란 생활력을 나타내고있다.",KIS,late_socialist_planning,1980s,7.189922170745808
현대제국주의하에서 벌어지고있는 국가소유의 민영화책동과 그 반동적본질,권창일,1990,4,1186,"제국주의나라들에서 나라의 경제생활에 대한 국가적간섭은 현대제국주의의 정치경제생활에서의 모순이 심화되면서 여러가지 형식과 방법으로 진행된다.

1980년대에 들어서면서 제국주의나라들에서는 국가소유의 민영화책동이 광범하게 벌어지고있다.

제국주의나라들에서 자본주의적국가소유를 민영화하는것은 경제생활에 대한 제국주의국가의 간섭, 인민대중에 대한 대독점체들의 착취가 약화되였다는것을 의미하지 않으며 현대제국주의의 위기가 심화됨에 따라 이에 맞게 제국주의나라들의 정책과 경제에 대한 국가조절적방식에서의 일정한 변화가 일어났다는것을 말하여준다.

경제생활에 대한 제국주의국가의 간섭은 우선 국가소유를 형성하고 확대하는 형태로 실현된다.

그것은 주로 《국가기업》을 창설하는 방법과 《국유화》를 실현하는 방법으로 이루어진다.

국가독점자본주의에서 진행되는 국가소유는 한편으로는 부르죠아국가가 그 계급적성격으로부터 출발하여 근로자들을 수탈하여 얻은 국가예산자금의 일부를 가지고 국가, 군사적으로 비밀을 요하거나 거액의 투자가 요구되며 여러 독점체들이 그 리용에 공통적으로 리해관계를 가지는 대상들을 경영하며 다른 한편으로는 리윤을 짜내는데서나 생산시설이 낡아서 경영하기 곤난하게 된 독점체들의 기업을 비싼값으로 사들여 경영한다.

이러한 경우에 제국주의국가는 우선 자본가계급의 리익에 맞게 독점체의 대표자들, 그 사환군들로서 관리성원들을 구성하여 기업활동이 실지에 있어서 근로자들에 대한 최대한의 착취에 기초하여 대독점체들의 독점적고률리윤추구에 복무할수 있도록 한다.

그리하여 근로자들에게서 짜낸 잉여가치는 부르죠아국가기구를 통하여 사독점들의 손으로 넘어가게 된다.

이와 함께 대독점체들은 부르죠아국가의 적극적인 비호하에 시장조건이 유리한 대상들에 거액의 투자를 진행하여 방대한 리윤을 획득한다.

이것은 자본주의적국가소유가 자본주의적사적소유의 변종에 지나지 않으며 철두철미 대독점체들의 독점적고률리윤의 추구를 위하여 복무한다는것을 말하여준다.

그럼에도 불구하고 제국주의자들과 그 변호론자들은 자본주의적국가소유를 마치 개별적자본가들의 리익을 위하여 복무하는 생산수단에 대한 사적소유가 전체 인민의 리익을 위하여 복무하는 사회적소유인것처럼 떠들고있다.

생산수단에 대한 국가적소유의 성격은 그 국가의 계급적성격에 의하여 규정된다.

친애하는 지도자 김정일동지께서는 다음과 같이 지적하시였다.
《부르죠아국가는 자본가들의 리익을 옹호하고 인민대중을 억압하고 착취하기 위한 정치적도구인것만큼 자본주의사회에서 전체 인민의 리익을 위한 사회적소유란 있을수 없습니다.》

제국주의자들과 그 변호론자들이 자본주의적국가소유를 마치 전체 인민의 리익을 위한 사회적소유인것처럼 주장하는것은 날로 격화되여가는 현대제국주의의 모순과 자본주의적착취관계를 가리우고 인민대중을 기만하기 위한 궤변에 지나지 않는다.

자본주의적재생산과정의 위기가 날을 따라 더욱 심화되면서 생산, 분배, 교환, 소비 등 재생산의 여러 계기들에서 공황과 불경기와 같은 국면들이 지속적인 성격을 띠며 경제생활에서 파국적인 상태가 조성되고 특히 경제의 군사화로 인한 정치경제적위기가 격화되는 조건에서 제국주의나라들은 이러한 위기에서 벗어나기 위하여 여기에 맞게 경제에 대한 국가독점적조절의 형식과 방법을 적용한다.

이리하여 제국주의나라에서 경제에 대한 국가독점적간섭의 조절형식에서는 일련의 변화가 일어나게 되며 그러한 결과로 국가소유를 사자본에 팔아넘겨 민영화하는 책동이 광범히 벌어지게 된다.

1970년대말-1980년대초부터 미제를 비롯한 제국주의나라들에서는 생산과 운수, 체신, 신용분야에서 국가소유를 사독점체들에게 대대적으로 팔아넘기기 시작하였다.

미제는 1981년에 내놓은 이른바 《신경제정책》이라는데서 국가소유의 비중을 대폭 줄일데 대한 《방안》을 제기하였으며 이에 따라 1986~1987년 사이에 수많은 국영기업체들을 판매할데 대한 《계획》을 내놓고 그것을 사독점체들에게 넘겨주기 시작하였다.

국가소유의 민영화책동은 미국에서뿐아니라 영국과 일본,
										 서부도이췰란드를 비롯한 다른 자본주의나라들에서도 벌어지고있다.

제국주의나라들에서 벌어지고있는 국가소유의 민영화책동은 이 나라들에서 보수파 《정권》이 출현하면서 더욱 강화되고있다.

원래 국가소유문제는 치렬하게 벌어지는 부르죠아정치세력들간의 당파싸움에서 언제나 중요한 론의대상으로 되여왔다.

여기에서 소위 로동계급의 리익을 《옹호》한다고 떠벌이는 부르죠아개량주의자들은 정치적경쟁자들을 거꾸러뜨리기 위하여 기만적인 국유화강령을 내놓고 국가소유를 확대하고 국가의 경제적조절을 적극화할것을 주장하면서 이것을 권력을 쟁탈하고 부르죠아체제를 옹호하는데 리용하려하고있다.

한편 부르죠아 우익보수정치세력은 국가소유자체를 철저히 반대하면서 그것을 사적소유형태로 바꾸려하고있다.

그러므로 소여시기 자본주의적국가소유와 그것이 민영화되는 규모는 어느 파벌이 국가권력을 틀어쥐는가 하는것과도 중요하게 관련되여있다.

1980년을 전후하여 미국에서는 제２차세계대전이후 가장 보수적인 공화당의 레간-부쉬 행정부와 영국과 서독에서는 보수당정권인 태쳐와 콜정부가 출현하여 국가소유의 민영화 《정책》을 적극 실시하고있다.

제국주의나라들에서 벌어지고있는 민영화책동의 반동적본질은 무엇보다도 그것이 자본주의적사적소유제도를 유지하여 자본축적을 보다 강화하려는 독점자본가계급의 리해관계로부터 출발하고있다는데 있다.

자본주의적국유화와 국가투자에 의한 《국영기업》의 창설 등 국가소유의 확대는 경제생활에서 보다 많은 부문이 사적소유의 범위를 《압축》하는 결과를 가져온다.

국가소유를 민영화하지 않고 《국영기업체》들에 경영상 《독자성》이나 《자치권》을 주어 수익성본위로 운영하도록 하는 경우에는 그것이 사독점자본에 대한 경쟁대상을 확대하는것으로서 독점체들의 자본축적에 불리한 조건으로 된다.

다른 한편 민영화책동을 강화하는것은 최근년간 사독점들의 자본축적을 위하여 복무하던 국가소유의 기능이 종전보다 적은 의의밖에 가지지 않게 되였다는 사정과도 관련되여있다.

오늘에 와서는 독점자본이 거대하게 팽창되여 지난날 국가소유자본의 기본투자령역이였던 수익성이 적게 나고 자본투하용량이 큰《공공사업분야》에까지 사독점자본이 침투하여 그것을 운영하고있으며 따라서 그만큼 국가소유가 불필요하게 되였다는것을 말하여준다.

이로부터 사독점들은 자본축적에 유리한 조건을 마련하기 위하여 국가소유를 될수록 저들에게 넘겨 운영할것을 요구해나서고있다.

제국주의나라들에서 벌어지고있는 민영화책동의 반동적본질은 다음으로 그것을 통하여 국가예산에서 사회적지출몫을 줄이는 대신에 군사비지출을 더욱 늘이려 한다는데 있다.

제국주의자들은 국가예산의 《절약》과 그 부담을 던다는 미명하에 사회적지출을 대폭 줄이고있으며 그것을 구실로 국가소유를 사적소유로 전환시키고있다.

제국주의나라들에서 국가소유의 확대는 국가예산에 대한 큰 부담으로 된다.

그것은 국영기업체들의 생산과 재정활동규모가 직접 국가예산에 의존하며 국가재정의 중요한 구성부분을 이루게 되는것과 관련된다.

그러나 제국주의자들이 국가예산에서 사회적지출을 줄이는 목적은 단순히 예산적자를 감소시키려는것보다도 사회적지출을 줄이는 대신 군사비의 장성을 보장하려는데 있다.

제국주의나라들에서 계속되는 심각한 경제위기로 인한 방대한 예산적자와 국가채무로 하여 군사비를 대대적으로 늘이기 어렵게 된 형편에서 미제를 비롯한 제국주의자들은 국가예산에서 사회적지출몫을 감소하는 방법으로 군사비를 늘이려고 책동하고있다.

그것은 호전적인 부쉬행정부에 의한 대대적인 군비증강책동이 벌어지고있는 미국에서 전형적으로 나타나고있다.

미제는 국영기업체들에 대한 《보조금》, 사회보장관계비, 일반행정비 등 련방정부의 《사회적지출》을 대폭적으로 삭감하는 대신에 군사비를 급격하게 늘여나가고있다.

제국주의나라들에서는 1980년대에 국가소유를 부문적으로 해체하거나 국가투자몫의 감소와 같은 사회적지출의 방대한 축소가 있었음에도 불구하고 군사비의 끊임없는 증대책동으로 국가예산적자는 감소된것이 아니라 더욱 증가되였다.

1988-1989회계년도에 미제의 예산적자는 무려 1,520억US$에 달하였으며 1981-1985년사이에만 하여도 일본의 국가예산적자는 300억US$, 영국은 175억US$, 프랑스는 95억US$, 서부도이췰란드는 65억US$, 이딸리아는 610억US$에 달하였다.

이것은 국가예산에서의 사회적지출의 절약, 국가소유의 민영화책동이 결코 예산적자를 줄이는데 목적을 두지 않았다는것을 말하여준다.

제국주의나라들에서는 국가예산에서 사회적지출의 《절약》몫을 더욱더 군사비에 돌림으로써 1980년대에 들어와 이 나라들의 군사비는 대폭 늘어났다.

미국반동정부는 《힘의 우위》를 제창하면서 군사비를 급격히 늘여 이미 1989회계년도에는 약 3,000억 US$를 지출하였으며 1990회계년도에는 3,016억US$를, 1991회계년도에는 3,069억US$의 군사비를 지출하기로 계획하고있다.

다른 자본주의나라들에서도 해마다 군사비를 10~20%씩 끌어올리고있다.

제국주의나라들에서 벌어지고있는 자본주의적국가소유의 민영화책동의 반동적본질은 또한 제국주의자들이 국가소유안에 조직된 강력한 로조활동을 압살하려는데 있다.

독점자본가계급에게 있어서 로동계급의 통일단결된 힘은 자본주의제도자체를 위협하는 커다란 력량이다.

국가소유에 고용된 로동계급은 운수, 에네르기, 공공사업 등 거의 모든 부문들에 망라되여있으며 그들의 파업은 사독점체들에게 큰 위협으로 되고 심대한 손실을 가져다준다.

더우기 제국주의나라들에서 국가소유에 고용된 로동계급의 파업투쟁이 법적으로 허용되지 않는 조건에서 그들의 파업은 정치적성격을 띠게 되며 이 투쟁은 민주주의를 옹호하고 제국주의침략정책을 반대하는 정치투쟁으로 번져가고있다.

오늘 미국을 비롯한 제국주의나라들에서는 국가소유에 고용된 로동자들의 파업건수가 더욱 늘어나고있다.

그리고 국영로조는 다른 로조들보다 조직성이 강하며 그들의 투쟁은 전체 로동계급의 투쟁을 적극 고무하여준다.

그러므로 국영로조는 독점자본가계급에게 있어서 위협적인 존재가 아닐수 없다.

이로부터 제국주의자들은 로동계급이 의식화, 조직화되는데 대하여 극악한 파쑈적폭압정책으로 탄압하는 한편 그들의 단결을 허물어 보려고 그 어떤 수단과 방법도 가리지 않고있다.

국가소유의 완전한, 혹은 부분적인 민영화는 강력한 국영로조를 해산해버리거나 약화시키는데서 제국주의자들이 리용하고있는 중요한 수단의 하나이다.

이와 같이 제국주의자들이 벌리고있는 국가소유의 민영화책동은 철두철미 대독점체들과 제국주의반동국가의 침략적이며 략탈적인 요구를 실현하기 위한데 그 목적이 있다.

그럼에도 불구하고 제국주의자들은 국가소유를 민영화하는 목적이 국영기업체들의 《효과성》제고에 있는듯이 떠벌이고있다.

그러나 국영기업체들을 민영화함으로써 《효과성》을 높인다고 하는 제국주의자들의 《주장》은 전혀 무근거한 궤변이다.

이에 대해서는 부르죠아출판물까지도 《소유의 교체는 효과성의 장성을 보장하지 않는다.》라고 시인하고있다.

만일 제국주의자들이 떠벌이는것처럼 국가소유의 민영화가 《효과성》제고를 목적으로 하고있다면 무엇보다도 《효과성》이 낮은 기업체들부터 우선 민영화되여야 할것이다.

그러나 제국주의나라들에서 오히려 경쟁력이 강하고 《효과성》이 높은 기업체들을 우선적으로 민영화하여 사독점들에게 넘기고있는것은 이른바 《효과성》제고가 거짓이라는것을 보여주고있다.

국가소유의 경영활동결과에서 수익성이 낮은 원인은 소유형식에 있는것이 아니라 사독점을 위하여 실시되는 부르죠아국가의 반동정책과 《통제》에 의한것이다.

그러므로 제국주의나라들에서 벌어지고있는 국가소유의 민영화가 경영활동의 《효과성》을 높이기 위한것이라고 하는것은 민영화책동의 반동적본질을 가리우고 대독점체들의 최대한의 리윤을 보장하기 위한 술책에 불과한것이다.

오늘 제국주의나라들에서 진행되고있는 국가소유의 민영화책동은 경제에 대한 제국주의국가의 간섭책동과 현대제국주의의 정치경제적기초로서의 국가독점자본주의의 약화를 결코 의미하지 않는다.

국가독점자본주의의 전반적위기가 심화되는 행정에서 국가의 경제적간섭기능은 자기의 형태를 변화시켰을뿐이지 총체적으로 감소되지 않았으며 여전히 제국주의의 특성으로 되고있다.

제국주의나라들에서 국가소유의 민영화는 매우 조심스럽게, 기본적으로는 부분적인 사유화의 형태로 진행되고있다.

다시말하여 국가로부터의 통제를 보존하는 조건에서 대규모국영회사들의 주권의 일부만이 판매되고있다.

례컨대 영국정부는 민영화된 《브리티쉬 텔레콤》회사의 전화봉사에 대하여 허가하는 대신 기업체에 이전 경영구조를 보존할것을 요구하고있으며 불합리한 국가의 가격정책을 계속 내리먹이고 필요하다면 이 회사의 활동에 간섭할 권한을 여전히 보존하려 하고있다.

오늘 국가소유의 민영화가 추진되고있지만 그러나 앞으로 그것이 대독점들의 리익과 의사에 배치될 때에는 다시금 국가소유로 전환될수도 있다.

또한 제국주의자들이 국가소유의 민영화책동을 광란적으로 벌린다고 하여 결코 그것이 곧 국가독점자본주의가 약화된것이라고 볼수 없다.

그것은 국가소유의 비중만이 국가독점자본주의의 강화의 중요한 징표로 되지 않았기때문이다.

국가독점자본주의경제적간섭의 내용은 복잡하고 다양하다.

여기에는 조세, 신용, 화페, 감가상각정도, 국가주문과 구매 등의 경제적공간의 리용과 경제전반에 대한 《통제》와 《조절》, 국가소유와《공사합영기업》의 창설, 가격, 료금 등에 의한 사독점에 대한 국가기업의 《봉사》등이 있다.

그러므로 제국주의나라들에서 국가소유가 일부 민영화된다고 하더라도 그것은 총체적으로 국가독점자본주의가 자본주의사회의 부패성과 기생성을 더 한층 강화하며 자본주의에 고유한 모순을 더욱 심화시킬뿐이다.",KIS,late_socialist_planning,1990s,7.079184394609668
기술적 진보에 기초한 사회주의적 생산발전에서 전기화실현의 중요원칙,원응태,1989,4,1387,"오늘 우리 나라의 경제는 현대적인 기계기술로 튼튼히 장비되고있으며 로동수단과 로동대상, 생산기술공정과 생산방법, 경영활동의 모든 분야에서 새로운 기술적 갱신을 이룩하고있다.

기술적진보에 의하여 힘있게 다그쳐지는 인민경제의 주체화, 현대화, 과학화의 적극적인 실현은 전력에 대한 수요를 비할바없이 높이고있다.

그것은 전력이 가장 우월하고 믿음직한 동력형태인 동시에 생산물가공의 직접적인 수단으로 되는 기술적요인이기때문이다.

생산에서 기능하는 모든 기계기술수단들과 조건적인 로동수단들은 전기동력을 떠나서는 생각할수 없으며 사람들의 생산활동과 생산과정은 언제나 전기동력의 리용수준과 결합되여있다.

생산발전에서의 전기화는 온 나라 전기화의 중요한 내용으로 되며 그것은 기술적진보의 모든 내용을 제약하는 독특한 기능과 역할로 하여 오늘도 의연히 기술혁명수행에 중요한 과업으로 나서고있다.

위대한 수령 김일성동지께서는 다음과 같이 교시하시였다.
《전력은 생산의 기본동력입니다. 전력생산을 늘여야 인민경제 모든 부문에서 생산을 정상화할수 있으며 새 전망기간의 높은 전력수요를 원만히 보장할수 있습니다.》(《김일성저작선집》9권, 48페지)

오늘 우리 나라 경제발전에서 전력수요의 급격한 장성은 생산의 기술장비도의 빠른 제고와 관련되여있다.

인민경제 모든 부문에서 생산의 기계화, 자동화의 적극적인 추진, 선진기술공정의 광범한 도입은 광범한 기계수단들의 적용을 동반하며 이것은 그만큼 전기동력에 대한 수요를 높인다.

산업혁명시기에 나온 기계로부터 오늘의 현대적인 기계에 이르기까지 모든 기계들이 전동기, 전도장치, 작업기로 구성되여있으며 기계의 성능이 좋을수록 동력에 대한 수요가 높아지는 특징을 보아도 기계수단과 동력수요 장성사이의 호상관계를 명백히 가늠할수 있다.

특히 최근시기 광범히 적용되는 네고리체계의 기계기술수단은 자체조종, 자체관리 기능도 전기동력에 의존하게 함으로써 전력에 대한 수요장성에 크게 작용한다.

이것은 결국 기계화와 자동화의 적극적인 추진, 생산의 기술장비도의 제고가 사람의 동력적기능을 기계적기능으로 전환시킴으로써 사람들을 힘든 로동에서 해방하는 동시에 전기동력에 대한 수요를 더욱더 높이게 한다는것을 보여준다.

생산과 로동의 기술적수준에서 전력장비도, 나라의 경제발전수준평가에서 인구한사람당 전력생산량이 중요한 기술경제적 지표로 따로 내세워지는것도 전기동력의 이러한 기능과 관련되여있다.

오늘 우리 나라 경제발전에서 전력수요의 급격한 장성은 생산규모의 대대적인 확대, 물질문화생활에서 전력리용규모의 빠른 증대와 관련되여있다.

사회총생산액을 1.8배로 장성시킬 과업을 내세운 인민경제발전 제3차 7개년계획은 현존생산능력의 기술적개조와 함께 새로운 생산능력의 대대적인 건설을 내세웠다.

전력소비용량이 큰 금속, 화학, 건재 부문의 현대적인 공장, 기업소 직장들이 수많이 건설되고 해마다 15만~20만세대의 살림집과 여러가지 문화시설들이 본격적으로 건설되는 현실은 동력용전기수요와 함께 난방 및 조명용전력수요도 급격히 장성시킨다.

이로부터 기술적진보에 기초한 경제발전의 전과정은 전기동력수요충족을 주되는 내용으로 하는 전기화의 실현을 가장 선차적이며 기본적인 과업의 하나로 내세우게 된다.

우리 나라 인민경제발전의 모든 단계, 모든 전략적 계획에는 기술적진보를 다그쳐 생산을 높이기 위한 전력생산목표, 발전소건설과업이 뚜렷이 명시되여있다.

이러한 점에서 볼 때 경제발전에서의 전기화는 생산의 기술적진보와 함께 부단히 제기되고 실현되여 나가야 할 과업으로 된다.

사회주의경제발전에서 기술적진보에 따르는 전기화는 전력의 생산과 생산적 리용, 동력기지건설과 그 리용을 위한 전력계통의 형성을 주되는 내용으로 한다.

전력은 수력, 화력, 원자력, 풍력, 태양열, 지열 등 여러가지 원천에 의거하여 다양하게 생산할수 있다.

전력생산의 원천이 다양하고 발전능력조성이 서로 다른 형태로 이루어질수 있는만큼 생산에서의 전기화실현은 일정한 전략전술적 원칙에 의거하지 않
										으면 안되게 된다.

여기에서 가장 중요한것은 전력생산의 안전성, 공고성을 확고히 담보할수 있는 원천에 튼튼히 의거하는것이다.

우리 나라에서는 수력발전소건설을 기본으로 하면서 석탄을 연료로 하는 화력발전소건설을 배합하며 기타 다른 원천에 의거하는 전력생산도 힘있게 추진하고있다.

이것은 우리 나라에서의 전력수요와 그 실현의 현실적조건과 가능성을 정확히 타산한 유일하게 옳은 발전소건설원칙이다.

아는바와 같이 우리 나라에는 풍부한 수력자원이 있고 수력에 의한 전력생산의 유리성이 있다.

우리 나라의 년평균강수량은 1,000~1,200미리로서 세계평균강수량에 비하여 160~180미리나 높다.

우리 나라에는 크고 작은 강들이 많은데 강바닥폭이 좁고 시내곬이 깊어 발전소건설에 유리하다.

그리고 지반이 견고한 산악으로 된 하천들도 많다.

또한 많은 관개저수지가 있고 관개물길을 리용한 전력생산의 가능성도 적지 않다.

그런데 우리 나라 수력자원의 대부분은 7~8월에 형성되며 그 이전 시기와 이후시기에는 물자원의 제한성을 받게 된다.

이것은 인민경제 모든 부문의 전력수요보장에서 일정한 영향을 주지 않을수 없게 된다.

이로부터 우리 나라에서는 석탄을 연료로 하여 전기를 생산하는 화력발전소들을 중요공업지대와 소비지들에 건설하여 전력생산의 안전성, 공고성을 확고히 보장하고있다.

이것은 결국 주체적인 동력체계의 창설이며 그에 의한 전기화의 적극적인 추진으로 된다.

사회주의적 생산발전에 따르는 전기화실현에서 마련된 조건을 타산하여 선후차를 가리고 시기별로 중심고리를 찾아 거기에 힘을 집중하는것은 중요한 원칙으로 된다.

전기화의 선후차를 가리고 중심고리에 힘을 집중하는 문제는 인민경제발전 단계별 전기화의 목표와 대상에 관한 문제로서 인민경제발전단계별 전기화정책의 수립과 관철에서 원칙적의의를 가지는 매우 중요한 문제이다.

전기화의 선후차규정은 우선 인민경제발전단계별로 동력건설대상들을 규정하고 그 건설의 선후차를 규정하며 또한 인민경제발전단계내에서 부문별, 용도별 전기화의 선후차를 정하며 그리고 부문안에서는 전기화대상별 선후차를 규정하는것을 포괄한다.

인민경제발전단계내에서 부문별, 용도별 전기화의 선후차는 해당시기 당과 국가가 제기하는 정치경제적 과업에 따라 결정되며 부문안에서의 대상별 선후차는 해당 대상이 차지하는 위치와 역할, 전기화의 효과성 등에 의하여 결정된다.

전기화실현에서 중심고리에 힘을 집중하는 문제는 로력과 설비와 자재, 자금을 분산시키지 않고 중요대상, 우선적으로 해야 할 대상에 그것을 집중적으로 투하하는데 귀결된다.

이것은 건설속도를 높일수 있게 하며 기본투자와 전기화의 효과성을 높일수 있게 한다.

나라의 물질기술적 토대의 준비정도, 개별적 부문과 구체적대상의 위치와 역할과 생산기술적 특성 및 전기화의 사회정치적 의의와 경제적효과성 등을 전면적으로 분석하고 경제발전의 단계별로 전기화의 부문별, 용도별 순차와 중심고리를 정하고 추진시키는것은 나라의 전기화를 실현하는데서 반드시 견지하여야 할 혁명적이며 과학적인 원칙이다.

다른 모든 문제에서와 마찬가지로 동력기지를 확대발전시키는 문제나 부문별 전기화의 폭을 넓히는 문제도 해당시기 전력공업의 발전정도, 전기기자재의 보장성 등 제반조건을 타산하여 단계별목표를 세우고 그 단계안에서 발전소건설대상의 선후차와 부문별 전기도압대상을 설정하여 순차적으로 추진시켜나가야 한다.

전기화의 인민경제발전단계별, 부문별 선후차는 일정한 경제계획단계에서의 전기화의 목표와 도달해야 할 수준을 밝혀주며 전기화의 개별적 부문의 대상별 선후차는 매개 계획년도에 전기화하여야 할 대상을 밝혀준다.

따라서 전기화의 선후차와 중심고리 문제는 전기화계획의 기본문제인 전력에 대한 인민경제적 균형과 그에 필요한 자원사이의 균형을 옳바로 설정할수 있게 하는 기초이며 전기화실현의 전망계획과 그것을 구체화하는 현행계획을 작성하기 위한 전제라고 말할수있다.

전기화의 선후차를 옳바로 정하고 중심고리에 힘을 집중하는것은 개별적 경제 부문들과 대상들이 경제발전, 기술발전에서 차지하는 위치와 노는 역할로부터 나서는 전기화실현의 합법칙적 요구이다.

인민경제 모든 부문 모든 생산단위는 다 나라의 살림살이를 위하여 필요하고 유용하다.

그러나 개별적 경제부문과 생산단위들이 경제발전에서 차지하는 위치와 노는 역할은 다르다.

사회적재생산의 여러 계기들중에서 규정적자리를 차지하는것은 생산이며 물질적생산부문에서 가장 중요한 부문은 공업 특히 중공업이다.

따라서 개별적 부문들과 대상들이 자기의 역할을 제대로 놀도록 하기 위하여서는 전기화에서 생산부문과 비생산부문, 중공업과 경공업 등 그가 차지하는 위치와 노는 역할의 구분이 없이 자원을 평균주의적으로 할당해서는 안된다.

전기화의 순차규정에서 중요한것은 경제의 주도적부문과 기본생산공정의 전기화를 우선적으로 다그치는것이다.

이것은 주도적부문과 기본생산공정이 경제건설과 전기화실현에서 노는 역할에 기초한것으로서 전기화가 경제건설에서 더 큰 은을 내도록 하기 위한 필수적요구이다.

경제의 주도적부문과 생산의 기본공정의 전기화를 앞세워야 중공업의 우선적 발전을 확고히 보장하고 그에 기초하여 공업의 모든 부문들의 발전을 따라세워 나라의 경제토대를 튼튼히 축성할수 있으며 인민경제의 기술장비수준을 빨리 높일수 있다.

전기화순차규정에서 중요한것은 또한 자금을 적게 들이고 쉽게 할수 있으며 효과가 큰 대상부터 전기화하는것이다.

자금을 적게 들이고 쉬운것부터 전기화하는것은 전기화를 현실적가능성과 구체적인 객관적 조건에 기초하여 자기힘에 맞게 추진시킬수 있게 함으로써 전기화의 적극적실현에 필요한 경험과 기술과 자금을 축적하게 하며 총체적으로 나라의 전기화를 더욱 다그칠수 있게 한다.

경제적효과가 큰 대상부터 전기화하는것은 모든 부문과 생산단위들에서 전력을 적게 쓰면서 생산효과를 많이 내는 기술창안사업을 다그쳐 기술진보를 촉진할뿐만아니라 이미 마련된 생산토대를 효과적으로 리용하기 위한 경제기술적 대책을 적극 세우도록 자극함으로써 부문간, 생산공정간의 균형을 보장하고 생산을 빠른 속도로 늘일수 있게 한다.

바로 이 원칙에 따라 농촌전기화실현에서 벌방지대농촌의 전기화를 산간지대에 비하여 앞세웠으며 철도전기화에서는 간선의 전기화가 지선전기화에 앞서 추진되고 구배가 심하고 물동량이 많은 철길구간의 전기화가 우선적으로 추진되였다.

사회주의적 생산발전에 따르는 전기화추진에서 경제타산을 바로 하는것은 중요한 원칙으로 된다.

동력기지건설규모의 방대성과 장기성, 전력생산기술공정의 복잡성과 전기리용효과의 다양성은 전기화에서 면밀한 경제타산을 요구한다.

전기화의 효과성을 옳게 규정하는것은 전력자원개발과 인민경제부문별 전기화방향과 대상규정을 정확히 하기 위한 선결조건이다.

과학적으로 타산된 기술경제적 지표에 기초하여 발전소건설대상이 규정되고 동력건설계획화사업이 진행되며 경제적효과성을 전면적으로 타산하여 인민경제부문별 전기화대상이 계획화된다.

경제타산은 전기화대상규정 나아가서 전기화정책을 수립하기 위한 경제적근거를 지어주기 위한 수단으로 된다.

경제타산을 바로해야 우리 나라의 자연지리적 조건과 경제형편에 맞게 전기화방향을 규정하고 대상의 선후차를 옳게 규정함으로써 더 큰 리익을 줄수있다.

수력발전소건설을 기본으로 하면서 화력발전소건설을 배합하고 중소규모발전소를 전국 각지에 건설하며 철도운수의 전기화를 다그치는 문제들은 다 정확한 경제타산에 기초한 창조적인 전기화방침이다.

경제타산을 바로 하는것이 전기화의 기본원칙으로 되는것은 우선 그것이 전력자원을 합리적으로 동원리용할수 있게 하고 전기화의 효과성을 가장 높이 발양할수 있게 한다는데 있다.

경제발전은 일정한 단계에서 전력공급능력과 인민경제 부문별 전기화수준, 그 물질기술적 토대 특히 전력공업의 발전정도에 의존한다.

다른 한편 생산공정은 자체의 생산기술적 특성에 맞는 동력형태를 적용할 때 생산성과 제품의 질이 높아지고 원가는 낮아진다.

그리고 개별적 경제부문과 생산단위는 인민경제에서 차지하는 위치와 노는 역할이 다르기때문에 동력을 공급함에 있어서 그 공급순위와 소비규모를 일률적으로 같은 수준에서 정할수 없다.

이와 같은 제반사정은 나라의 동력경리에서 부문별, 공정별로 공급하여야 할 동력의 형태를 과학적으로 분류하고 합리적으로 분배할것을 절박하게 요구한다.

전기화에서 경제적효과성을 타산하는것은 그것이 바로 이 요구를 풀기 위한 수단으로 되기때문이다.

효과성을 옳게 타산하여야 주어진 전력공급능력으로 경제건설과 국방건설, 인민생활문제를 통일적으로 푸는데 가장 합리적인 대상과 그 선후차를 옳게 정할수 있으며 또한 부문별 전기화방향을 옳게 설정함으로써 인민들이 전기화의 혜택을 최대한 누릴수 있게 하고 나라의 전력공업부문사업전반을 합리적으로 조직전개해나갈수 있다.

경제적효과성을 옳게 타산하는것이 전기화실현의 기본원칙으로 되는것은 또한 그것이 전기화발전을 다그치고 나라의 전반적경제건설을 다그칠수 있게 하기때문이다.

경제적효과성이 높은 전력생산 및 공급방식과 전력소비공정을 도입하는것은 이미 있는 생산자원을 절약할수 있게 할뿐아니라 사회순소득을 늘임으로써 경제건설에 필요한 물자자원과 화페자금을 원만히 보장하며 생산과 건설을 가일층 다그치고 나라의 경제토대를 끊임없이 확대강화할수있게 한다.

전기화에서 경제타산을 정확히 하자면 경제타산의 방법론적 원칙이 옳바로 수립되여야 한다.

사회주의사회에서 경제타산의 방법론적 원칙은 우선 사람을 중심으로, 사람들의 리익으로부터 출발하여 그리고 사람들의 활동을 기본으로 하여 방안들을 대비평가하고 받아들이는것이며 또한 자립적민족경제건설, 인민경제의 주체화, 현대화, 과학화에 이바지하는 정도를 기준으로 하여 평가하는것이다.

그리고 사회주의하에서 작용하는 경제법칙의 요구를 옳게 구현하는것이며 인민경제전반적 및 전망적 리익의 견지에서 타산하는것이다.

이와 같이 경제타산을 위한 방법론적 원칙을 옳게 규정하는것은 전기화를 합리적으로 추진시키며 동력경리를 과학적 토대우에 올려세우기 위하여 매우 중요하다.

우리의 모든 일군들은 기술적진보에 기초한 사회주의적 생산발전에서 전기화실현이 가지는 의의와 중요성을 깊이 인식하고 제3차 7개년계획의 전력생산고지점령을 위한 투쟁에 적극 이바지해야 할것이다.",KIS,late_socialist_planning,1980s,7.23561914106675
위대한 수령 김일성동지께서 제시하신 사회주의경제건설에서 틀어쥐고나가야 할 중요한 과업,문면호,1989,3,1231,"위대한 수령 김일성동지께서는 불후의 고전적로작 《주체의 혁명적기치를 높이 들고 사회주의, 공산주의 위업을 끝까지 완성하자》에서 사회주의경제건설에서 튼튼히 틀어쥐고 나가야 할 중요한 과업을 밝혀주시였다.

위대한 수령 김일성동지께서는 다음과 같이 교시하시였다.
《사회주의경제건설에서 공화국정부가 틀어쥐고나가야 할 중요한 과업은 인민들의 의식주문제를 사회주의적 요구에 맞게 원만히 해결하며 근로자들을 어렵고 힘든 로동에서 완전히 해방하는것입니다.》(《주체의 혁명적기치를 높이 들고 사회주의, 공산주의 위업을 끝까지 완성하자》, 12페지)

사회주의경제건설을 힘있게 다그치는것은 우리 나라 사회주의제도의 우월성을 높이 발양시키며 우리 혁명을 승리적으로 전진시키기 위하여 나서는 필연적 요구이다.

사회주의경제건설에서 나서는 중요한 과업은 인민들의 의식주문제를 사회주의적 요구에 맞게 원만히 해결하며 근로자들을 어렵고 힘든 로동에서 완전히 해방하는것이다.

의식주문제를 사회주의적 요구에 맞게 원만히 해결하며 근로자들을 어렵고 힘든 로동에서 완전히 해방하는것이 사회주의경제건설에서 나서는 중요한 과업으로 되는것은 첫째로, 물질생활과 로동생활이 경제생활의 기본내용을 이루고있다는 사정과 관련된다.

로동생활이 경제생활의 기본내용의 하나로 되는것은 그것이 경제생활에서 가장 중요한 부분의 하나이기때문이다.

경제생활은 자연을 개조하여 자기 운명을 개척해나아가는 수단인 로동생활로부터 시작된다.

로동생활에 의하여 이루어지는 물질적부는 소유관계, 교환관계, 분배관계 등의 경제생활의 물질적 조건을 이루며 또 경제생활자체도 주로 사람들의 로동생활을 전제로 하게 된다.

경제생활은 주로 사람들의 로동생활을 통해서 진행된다.

그리고 근로자들이 로동생활에서 자주성과 창조성을 발양하면 경제생활내용의 많은 문제들이 순조롭게 풀린다.

물질생활이 경제생활의 기본내용의 하나로 되는것은 그것이 경제생활의 목적의 하나를 이룬다는 사정과 관련된다.

경제생활의 목적의 하나는 근로자들의 물질생활을 보장하기 위한것이다.의식주문제를 해결하지 못하는 경제생활은 사실에 있어서 목적이 없는 경제생활이라고 보아야 한다.

사회주의사회에서 물질적 부를 창조하는 로동생활은 말할것도 없고 교환, 분배 등을 포함하는 이여의 경제생활도 궁극에는 근로자들의 물질생활을 더 잘 보장하기 위한것으로 된다.

직접적인가 간접적인가에는 차이가 있어도 모든 경제생활은 근로자들의 자주적이며 창조적인 물질생활을 보장하기 위한것이다.

로동생활, 물질생활이 경제생활의 기본내용을 이루는것은 이것이 통일되여있으면서 경제생활, 경제건설 전반에서 결정적인 작용을 한다는 사정과 관련되여있다.

로동생활에 의하여 물질적 부가 창조되여야 의식주문제를 해결해나가게 되며 사람이 잘 먹고 잘 입고 좋은 집에서 휴식을 하여야 자주적이며 창조적인 로동생활을 잘할수 있다.

따라서 로동생활과 물질생활이 원만히 진행되면 경제생활전반이 순조롭게 풀려나가게 되며 경제건설도 힘있게 다그쳐지게 된다.

인민들의 의식주문제를 사회주의적 요구에 맞게 원만히 해결하며 근로자들을 어렵고 힘든 로동에서 완전히 해방하는것이 사회주의경계건설에서 나서는 중요한 과업으로 되는것은 둘째로, 이것이 사회주의경제건설이 심화된 오늘 로동생활과 물질생활에 대한 인민들의 요구를 가장 정확히 반영하고있다는 사정과 관련되여있다.

로동생활에 대한 인민들의 요구는 어렵고 힘든 로동에서 완전히 해방하는것이다.

사회주의사회에서 로동생활에 대한 인민들의 요구가 높아진다는것은 일을 보다 헐하게 하면서 생산을 높이려는 요구가 높아진다는것으로서 이것은 사람들의 자주적요구의 표현의 하나이다.

사람은 사회를 이루고 살며 사회적로동을 하면서부터 정도의 차이는 있으나 일을 헐하게 하면서 많은 물건을 만들려는 자주적요구를 지니게 되였으며 이 요구는 사회제도에 따라 달리 제기되였다.

착취사회에서 근로자들의 이러한 요구는 자신들이 로동생활의 주인이 되지 못한것으로 하여 실현되지 못하였으며 로동생활은 자주성
										이 구속된 범위안에서 일정하게 전진하였을뿐이였다.

착취사회에서는 일을 보다 헐하게 하는 사명을 지닌 기술수단도 근로자들의 고혈을 짜내는데 복무한다.

오직 근로자들이 로동생활의 주인으로 되고있는 사회주의사회에 와서야 근로자들의 로동생활에 대한 자주적요구는 실현되여갈뿐아니라 매우 빨리 높아진다.

사회주의사회에서 근로자들의 로동생활조건에 대한 요구는 경제발전수준에 맞게 심화되여간다.

특히 사회주의제도가 선 다음 로동계급의 당은 근로자들을 힘든 로동에서 해방하는 사업을 전면적으로 진행하며 농업로동과 공업로동의 차이를 없애고 중로동과 경로동의 차이를 훨씬 줄이며 녀성들을 가정일의 무거운 부담에서 완전히 해방하는 사업을 적극 추진시켜나간다.

그리하여 궁극에 가서는 인민경제의 종합적기계화, 자동화, 로보트화, 전자계산기화를 실현하여 로동생활조건에서 완전한 평등을 실현한다.

당의 현명한 령도와 끊임없는 배려에 의하여 우리 인민의 로동생활은 흥겨워지고 물질생활수준은 높아졌다.

공업부문의 로동자들은 중로동과 경로동의 차이가 훨씬 줄고 유해로동과 고열로동이 없어짐으로써 일을 매우 헐하게 하게 되였다.

농업근로자들은 기계와 화학의 힘으로 농사를 헐하게 능률적으로 하게 되였다.

이러한 성과에 기초하여 로동생활분야앞에는 근로자들을 어렵고 힘든 로동에서 완전히 해방하는것이 중요과업으로 제기된다.

사회주의가 높은 단계에로 발전할수록 인민들의 물질생활에 대한 요구는 높아지며 인민들에게 보다 더 넉넉한 생활을 보장할수 있는 가능성도 커진다.

당의 령도밑에 우리 인민들의 물질생활은 높은 수준에 이르고있다.

경제건설앞에는 모든 근로자들이 지금보다 훨씬 윤택하고 문화적인 생활을 누리도록 할 과업이 나서고있다.

사회주의경제건설의 발전수준에 맞게 물질생활과 로동생활을 높이는것은 통일적인 련관속에서 경제생활, 경제건설을 더 빨리 발전시키게 한다.

사회주의사회에서 일이 헐하게 되면 될수록 사상교양에 의하여 혁명적열의가 높아진 근로자들은 일을 많이 하여 물질생활의 원천인 물질적 부를 많이 창조하게 된다.

한편 사회주의사회에서 물질생활이 높아지면 높아질수록 로동과정에 소모된 정신적 및 육체적힘을 충분히 회복하고 근로자들은 더 많은 일을 하여 경제건설을 다그친다.

결국 사회주의적 요구에 맞게 물질생활과 로동생활이 발전하면 경제생활, 경제건설은 더 빨리 다그쳐지게 된다.

그리하여 사회주의완전승리를 위한 모든 경제과업들이 훌륭히 수행되게 된다.

위대한 수령 김일성동지께서는 사회주의경제건설의 중요과업을 실현하기 위한 가장 기본적인 문제와 이것을 철저히 관철하는것이 사회주의국가의 임무로 된다는데 대하여 밝혀주시였다.

사회주의경제건설에서 나서는 중요한 과업을 넘쳐 수행하는데서 가장 기본적인 문제는 날로 높아지는 인민들의 요구에 맞게 의식주문제를 원만히 풀고 로동조건을 개선하는 원칙에서 기술혁명을 다그치고 경제건설을 발전시키는것이다.

이러한 원칙에서 기술혁명을 다그치고 경제건설을 발전시키는것은 기술혁명과 경제건설이 자기의 사명을 더욱 철저히 수행할수 있게 한다.

기술혁명은 생산력을 발전시켜 인민들의 물질적 복리를 증진시키며 로동의 본질적차이를 없애고 근로자들을 어렵고 힘든 로동에서 해방하는 사업이며 따라서 사회주의경제건설의 중요과업은 기술혁명을 힘있게 다그쳐야만 성과적으로 수행된다.

사회주의경제건설의 중요과업의 실현은 인민을 위하여 복무하는 사회주의국가의 경제적임무수행에 의하여 철저히 담보되고있다.

사회주의국가의 경제적임무는 소여 시기의 경제과업수행에 의하여 해결되여나가며 해당 시기의 경제과업의 수행은 국가의 경제적 임무수행에 의하여 철저히 담보된다.

인민생활을 높이는것을 자기활동의 최고원칙으로 하고있는 사회주의국가는 새 사회건설의 첫시기부터 기술혁명을 통하여 근로자들의 물질생활과 로동생활을 개선해나간다.

특히 사회주의제도가 선 다음 사회주의국가는 전면적기술혁명을 실현하며3대기술혁명을 통하여 날로 높아지는 인민들의 요구에 맞게 로동생활조건을 개선해나간다.

사회주의경제건설의 중요한 과업은 기술혁명의 과업인 인민경제의 주체화, 현대화, 과학화의 수행에 의하여 철저히 담보되고있다.

사회주의경제건설의 중요과업을 빛나게 수행해나가려면 제3차 7개년계획을 넘쳐 수행하여야 한다.

우선 사회주의농촌문제에 관한 테제를 철저히 관철하고 인민생활을 높이는데서 중요한 의의를 가지는 화학공업, 경공업, 수산업을 빨리 발전시키며 도시와 농촌에서 현대적인 살림집을 많이 건설하여야 한다.

인민생활을 향상시키고 근로자들을 어렵고 힘든 로동에서 해방하려면 사회주의물질기술적 토대를 튼튼히 닦는 기간공업과 대외무역을 발전시켜야 한다.

이 방대한 과업을 성과적으로 수행하기위하여서는 대중적기술혁신운동을 힘있게 벌리고 과학기술을 빨리 발전시키며 경제관리에서 대안의 사업체계의 요구를 철저히 관철하여야 한다.

사회주의경제건설의 중요과업을 철저히 관철하는것은 사회주의의 완전한 승리를 다그치는데서 커다란 의의를 가진다.

사회주의의 완전한 승리를 이룩하려면 적대계급의 준동과 낡은 사상의 부식작용을 없애며 도시와 농촌의 차이, 로동계급과 농민의 계급적차이를 없애고 사회주의물질기술적토대를 튼튼히 쌓는것과 함께 근로자들을 어렵고 힘든 로동에서 해방하며 그들의 물질문화생활수준을 지난날의 중산층수준이상으로 올려야 한다.

여기에서 어느 하나가 실현되지 못해도 사회주의의 완전한 승리를 이룩할수 없다.

사회주의경제건설의 중요과업의 실현이 사회주의의 완전한 승리를 빨리 다그치게 하는것은 이것이 로동계급과 농민의 계급적 차이, 도시와 농촌간의 차이를 빨리 없애게 한다는데 있다.

로동계급과 농민의 계급적차이를 없애려면 다른것과 함께 그들사이의 로동조건에서의 차이도 없애야 한다.

근로자들을 어렵고 힘든 로동에서 해방하는것은 농업로동과 공업로동의 차이를 없애여 농민들의 일을 로동자의 일처럼 헐하게 만드는것을 중요내용의 하나로 하고있는것만큼 로동계급과 농민의 계급적차이를 빨리 없애는데 직접 이바지한다.

근로자들을 어렵고 힘든 로동에서 해방하는것은 도시와 농촌간의 차이를 빨리 없앰으로써 사회주의의 완전한 승리를 다그친다.

도시에 비한 농촌의 기술적락후성을 없애는것은 본질에 있어서 락후한 농촌의 물질기술적 토대를 발전된 공업의 물질기술적 토대의 수준으로 끌어올리는것으로 된다.

농업로동과 공업로동의 차이를 없애는것은 농업부문의 로동의 기술장비도를 공업부분의 로동의 기술장비도 수준으로 끌어올리는것을 전제로 하는것만큼 도시에 비한 농촌의 기술적락후성을 빨리 없애나아간다.

농업로동과 공업로동의 차이를 없애는것은 도시에 비한 농촌의 사상, 문화적락후성을 없애며 농업의 생산수단에서 전인민적 소유의 비중을 압도적으로 높일수 있게 한다.

경제관리는 사람들의 로동생활을 반영하는것만큼 로동생활이 달라지면 경제관리방법도 달라져야 한다.

농업로동과 공업로동의 차이가 없어져감에 따라 농민들의 일은 더 헐해지고 그들은 더욱 흥겹게 일하게 된다.

사회주의경제건설의 중요과업의 실현이 사회주의의 완전한 승리를 빨리 다그치게 하는것은 이것이 모든 근로자들의 생활을 완전히 승리한 사회주의사회의 수준으로 끌어올린다는데 있다.

사회주의경제건설의 중요과업의 하나인 의식주문제를 사회주의적 요구에 맞게 해결하는것은 근로자들의 물질생활을 완전히 승리한 사회주의사회에 맞게 높이는것을 내용으로 하고있다.

또한 사회주의경제건설의 중요과업의 하나인 근로자들을 어렵고 힘든 로동에서 완전히 해방하는 사업은 인민들의 생활을 고르롭게 높이며 로동자와 농민의 로동생활수준에서의 차이를 없애는데서 중요한 작용을 한다.

근로자들을 어렵고 힘든 로동에서 해방하는 사업의 내용의 하나인 중로동과 경로동의 차이를 없애는것은 로동생활조건에서의 차이를 없애는것으로 하여 분배에서의 차이도 없앤다.

농업로동과 공업로동의 차이를 없애는것은 농민들의 로동생활조건을 공업부문의 로동자들의 로동생활조건과 같이 만드는것으로 하여 로동자와 농민의 분배에서의 차이를 결정적으로 없애게 한다.

농민들의 물질생활수준을 공업로동자들의 물질생활수준으로 끌어올리며 전반적인 근로자들의 물질생활수준을 고르롭게 높이는것은 근로자들의 물질생활을 완전히 승리한 사회주의사회의 생활수준에로 끌어올리는데서 혁명적전환을 가져오게 한다.

사회주의경제건설의 중요한 과업의 실현은 적대계급의 준동과 낡은 사상의 부식작용을 없애는데서도 중요한 작용을 한다.

위대한 수령님과 친애하는 지도자동지의 현명한 령도와 크나큰 은정에 의하여 오늘 우리 나라의 모든 근로자들은 자주적이며 창조적인 로동생활과 물질생활을 마음껏 누리고있다.

우리의 모든 일군들과 근로자들은 당중앙위원회 제6 제 14차전원회의와 제6기 제16차전원회의 결정을 높이 받들고 공작기계와 전자, 자동화 공업을 더욱 발전시키고 당의 경공업혁명방침을 관철하여 인민소비품생산에서 새로운 전환을 일으킴으로써 사회주의경제건설을 다그치고 사회주의완전승리를 앞당기는데 적극 이바지해야 할것이다.",KIS,late_socialist_planning,1980s,7.116394144093465
농업협동화운동에서 견지한 우리 당 계급정책의 빛나는 실현,정영희,1990,2,1713,"도시와 농촌에서 낡은 생산관계를 개조하고 사회주의적생산관계의 유일적지배를 확립하는데서 가장 중요한 문제는 농촌경리를 협동화하는것이다.

농업협동화운동은 농업생산력을 낡은 생산관계의 구속에서 완전히 해방하며 농민들을 온갖 착취와 압박에서 영원히 해방하여 그들을 사회주의적근로자로 개조하는 혁명운동이다.

농촌에서 토지문제를 해결한 다음에 사회주의적협동화는 필수적요구로 나선다.

협동화를 실현하여야 로동계급의 령도밑에 로농동맹을 끊임없이 강화하며 농업생산력을 낡은 생산관계의 구속에서 영원히 해방하여 공업과 농업의 균형적발전을 보장하며 농촌에서 착취와 빈궁의 근원을 없애고 농민들의 생활을 빨리 높여 사회주의혁명을 다그칠수 있다.

낡은 생산관계를 사회주의적으로 개조하기 위한 농업협동화운동은 심각한 계급투쟁을 동반한다.

농업협동화운동은 수세기에 걸쳐 내려오던 개인농민경리를 집단경리에로 전환시키기 위한 사회경제적인 변혁인것만큼 경제토대와 생활처지의 차이로 하여 농업협동화운동에 대한 농민 각 계층의 태도와 립장에서는 본질적인 차이가 있으며 따라서 농업협동화운동발전에서 그들이 노는 역할도 서로 다르다.

이것은 농업협동화운동을 승리에로 이끌기 위하여서는 모든 농민들이 이 운동에 절실한 리해관계를 가지도록 할뿐아니라 혁명력량의 결정적우세를 보장할수 있도록 옳바른 계급정책을 실시하여야 한다는것을 의미한다.

옳바른 계급정책을 실시하여야 혁명의 편에 유리하게 계급력량관계를 편성할수 있고 핵심들의 역할을 높여 농촌에서 혁명적변혁과정을 승리적으로 실현하여나갈수 있다.

위대한 수령 김일성동지께서는 농업협동화운동에서 확고히 견지하여야 할 우리 당의 계급정책을 밝혀주시고 그것을 철저히 관철하도록 현명하게 이끌어주시였다.

위대한 수령 김일성동지께서는 다음과 같이 교시하시였다.
《자원성의 원칙에 따라 각이한 계층의 농민들을 협동경리에 받아들이는데 있어서 우리 당은 빈농에 튼튼히 의거하면서 중농과의 동맹을 강화하고 부농을 제한하며 점차적으로 개조하는 계급정책을 견지하였습니다.》(《김일성저작집》27권, 583페지)

위대한 수령님께서 밝혀주신 우리 당의 계급정책은 영생불멸의 주체사상을 전면적으로 구현한것으로서 우리 나라의 사회경제관계와 계급관계에 대한 과학적인 분석으로부터 출발하고있는 독창적이며 가장 정확한 방침이였다.

또한 그것은 당의 계급로선과 군중로선을 철저히 구현함으로써 혁명력량의 결정적우세를 보장하고 농촌에서 사회주의혁명의 직접적담당자들인 농민들을 최대한으로 전취하여 농업협동화운동에 적극적으로 참가시키며 심각한 계급투쟁이 벌어지는 복잡하고 어려운 환경속에서도 농업협동화의 승리를 확고히 담보할수 있게 한 혁명적인 방침이였다.

우리 당의 계급정책을 실현하는데서 원칙적의의를 가지는것은 우선 빈농에 튼튼히 의거하는 계급정책을 관철하여 빈농의 핵심적역할을 높여 그들이 농업협동화운동의 앞장에 서서 사회주의혁명을 이끌고나가도록 한것이였다.

빈농은 농업협동화를 시작하던 때의 우리 농촌의 계층별 구성에서 약 40%를 차지하고있었다.

빈농은 농촌의 절반로동계급으로서 자신들의 계급적처지로부터 농촌경리의 사회주의적협동화에 다른 어느 계층보다 절실한 리해관계를 가지고 처음부터 농업협동화운동을 적극적으로 지지하여 나섰다.

이로부터 우리 당은 농업협동화운동에서 빈농에게 튼튼히 의거하는 계급정책을 내세웠으며 빈농들의 핵심적이며 주동적인 역할에 기초하여 농업협동화운동의 승리를 이룩하도록 하였다.

우리 당은 빈농에 튼튼히 의거할데 대한 계급정책에 기초하여 먼저 협동화를 가장 적극적으로 지지하여나선 빈농민들과 농촌핵심들로써 경험적으로 매개 군에 몇개씩의 농업협동조합을 조직하고 그것을 튼튼히 하는 기초우에서 협동화운동을 발전시키도록 하였다.

경험적단계를 설정하여야 할 필요성은 농업협동화운동이 매우 복잡하고 심각한 사회경제적변혁이며 그것을 빠른 시일내에 계급력량관계를 혁명의 편에 유리하게 전환시킴으로서만 성과적으로 실현될수 있다는데로부터 제기된다.

경험적단계를 설정하여야만 우리 나라의 실정에 
										맞는 협동화의 구체적인 방도와 규모, 속도를 옳게 규정하고 협동화운동을 지도하는데서 경험을 쌓을수 있으며 농민들에게 실천적모범을 통하여 협동경리의 우월성을 실물로 보여줄수 있다.

위대한 수령 김일성동지께서는 경험적단계의 사업에 착수하시면서 몸소 중화지구에 나가시여 거기에서 시범적으로 농업협동조합을 무어 실물교육을 주는 사업을 직접 조직지도하시고 그 경험을 전국에 일반화하시였다.

당의 계급정책을 받들고 각급 인민정권기관들은 매개 군에 시범적으로 농업협동조합을 조직하기 위하여 농촌의 빈농들속에서 정치사상사업을 힘있게 벌렸으며 그들이 농업협동화운동의 선두에 서서 광범한 대중을 이끌어나가도록 하였다.

당의 농업협동화방침이 제시되자 농촌의 빈농들은 높은 혁명적열의를 가지고 군마다에 시범농업협동조합을 조직하는 사업에 적극 떨쳐나섰다.

신천군 한은리의 32세대의 빈농민들은 1953년 9월초에 남먼저 협동조합을 무었으며 청산리에서는 1953년 11월 농촌의 핵심들인 지난날의 빈고농과 피살자가족, 인민군후방가족들을 중심으로 한 16호의 농가로 협동조합을 조직하였다.

1953년 12월말까지 벌써 강서군에서는 팔청리를 비롯하여 11개의 농업협동조합이 조직되였으며 평안남도에서만도 88개의 시범농업협동조합이 조직되였다.

이리하여 농민들의 비상히 앙양된 열의속에 1953년 12월말까지 전국적으로 800여개의 시범농업협동조합들이 조직되였다.

시범농업협동조합들은 우리 나라 농촌에 창설된 첫 사회주의적협동경리로서 농업협동화운동을 더욱 힘있게 벌려나갈수 있는 토대로 되였다.

1953년말까지의 시범농업협동조합조직사업에서 쌓은 경험에 기초하여 1954년부터 농업협동화운동을 더욱 적극적으로 다그쳐나갈수 있게 되였다.

빈농에 튼튼히 의거할데 대한 계급정책의 중요한 요구의 하나는 빈농들로 조직된 농업협동조합들을 정치경제적으로 튼튼히 꾸려 협동경리의 우월성을 충분히 나타내도록 하는것이다.

경험적으로 조직된 농업협동조합들이 협동경리의 우월성을 충분히 나타내도록 하는것은 농업협동화운동을 새로운 높은 단계에로 발전시키기 위한 관건적문제였다.

적지 않은 농민들이 협동화운동에 선뜻 나서지 못하고 《두고보자》는 태도를 취하고있는 조건에서 광범한 농민들로 하여금 협동화운동에 떨쳐나서게 하는것은 전적으로 그들이 실생활을 통하여 경험적으로 조직된 협동조합들의 우월성을 명백히 인식하는데 달려있었다.

그런데 경험적단계에서 조직된 농업협동조합들은 그 경제적토대가 매우 미약하였다.

문덕군 룡성농업협동조합은 42호의 농가에 100여명을 망라하고있었으나 논밭 90정보와 부림소 두마리, 달구지 1대, 호리 6개, 후치 10개, 탈곡기 1대, 새끼꼬는 기계 1대를 가지고있었을뿐이며 다른 협동조합들도 다 농기구와 부림소, 종곡과 식량이 부족하였다.

이런 형편에서 협동경리의 우월성을 보여주는것은 쉬운일이 아니였다.

농업협동조합을 튼튼히 꾸리고 그 우월성을 충분히 나타내게 하기 위하여 중요한것은 우선 조직된 협동조합을 정치적으로 공고히 하기 위한 투쟁을 힘있게 벌리는것이였다.

위대한 수령님께서는 농촌의 당조직들을 더욱 강화하고 정치사상사업을 보다 진공적으로 벌려나가며 조합안에 혁명적인 제도와 질서를 철저히 세우도록 하심으로써 농업협동조합을 정치적으로 강화하도록 하시였다.

농촌의 당조직들이 우수한 일군들로 튼튼히 꾸려지고 농촌핵심들의 적극적역할이 강화됨에 따라 협동조합원들의 정치사상적각성이 높아지게 되였으며 조합안에 사회주의적인 제도와 질서가 서가게 되였다.

이에 따라 조합원들이 공동경리를 위하여 애써 일하는 주인다운 기풍이 발양되고 협동조합들의 경제토대도 현저히 강화될수 있게 되였으며 사회주의적집단경리로서의 그 우월성이 뚜렷이 나타나게 되였다.

농업협동조합을 튼튼히 꾸리고 그 우월성을 충분히 나타내는데서 중요한것은 또한 조직된 협동조합을 로동계급의 국가적지원밑에 경제적으로 강화하는것이였다.

일반적으로 사회주의제도가 그러한바와 같이 농촌에서의 협동경리제도도 저절로 생겨날수 없으며 공고발전될수 없다.

로동계급의 당과 국가의 지도방조는 농촌에서 사회주의제도의 발생과 공고발전을 위한 필수적조건으로 된다.

위대한 수령 김일성동지께서는 협동조합을 경제적으로 강화하여 그 우월성이 실물로 뚜렷이 나타나게 하시기 위하여 당과 정부로 하여금 협동조합들에 화학비료와 농기계, 식량과 종곡, 농기구와 부림소, 자금과 자재를 우선적으로 공급하도록 하며 막대한 로력적지원을 주는 방법으로 협동조합들을 물질기술적으로, 재정적으로, 로력적으로 적극 도와주도록 하시였다.

우리 당과 공화국정부는 1954년에 토지가 부족한 농업협동조합들에 7, 000여정보의 토지를 주고 8, 000여만원(당시 화페)의 융자적방조와 수만공수의 로력적지원을 주었다.

협동조합원들의 창조적로력투쟁과 당과 국가의 지도방조는 빠른 시일안에 농업협동조합의 경제적토대를 강화할수 있게 하였으며 전례없는 풍작을 이룩하여 협동경리의 우월성을 실생활을 통하여 발양시킬수 있게 하였다.

1954년에 전국적범위에서 농업협동조합들이 복구, 개간, 확장한 토지면적은 1, 777정보에 달하였으며 정보당 수확고는 개인농민경리에 비하여 알곡은 33％(최고 50％), 남새는 25％ 더 높았다.

이처럼 농업협동조합들은 불과 1년사이에 커다란 성과를 이룩하였으며 개인농경리에 비한 협동경리의 우월성을 실물로 뚜렷이 보여주었다.

빈농에 튼튼히 의거할데 대한 계급정책의 중요한 요구의 하나는 또한 조합간부대렬을 지난날의 빈고농들을 기본으로 튼튼히 꾸리는것이다.

우리 당은 농촌의 당조직들을 강화하고 빈농민들 가운데서 우수한 일군들을 선발하여 관리간부들을 육성, 배치하며 기술력량을 파견함으로써 농촌의 관리일군들과 초급간부대렬을 튼튼히 꾸리도록 하였다.

빈농들로 협동조합의 간부대렬이 꾸려진 다음에는 그들이 고착되여 사업과정에서 수준을 높이도록 하였으며 양성 및 재교육하는 기관들을 대대적으로 설치하여 관리일군들과 초급간부들의 정치실무수준을 높이기 위한 강습을 광범히 조직하도록 하였다.

당이 취한 이러한 조치에 의하여 수많은 농촌간부핵심들이 빈농들로 튼튼히 꾸려지고 그들의 적극적역할이 비상히 강화되였다.

이리하여 빈농들과 농촌의 당핵심들은 당과 국가의 적극적인 지도방조밑에 수많은 애로와 난관을 이겨내면서 시범농업협동조합을 조직하고 공고발전시킴으로써 농업협동화운동의 선구자적역할을 훌륭히 수행하고 협동경리의 우월성을 남김없이 보여주었으며 우리 나라 농촌에서 사회주의혁명의 불길을 세차게 일으키는 거대한 힘으로 되였다.

우리 당의 계급정책을 실현하는데서 중요한것은 다음으로 중농과의 동맹을 강화할데 대한 계급정책을 철저히 관철하여 자원성의 원칙에서 광범한 중농들을 농업협동조합에 받아들임으로써 농업협동화운동을 대중적단계에로 발전시키는것이였다.

우리 나라 농민의 약 60%를 차지하고있던 중농을 쟁취하는것은 농업협동화운동에서 그 승패를 좌우하는 근본문제의 하나였다.

중농은 자기의 힘으로 농사를 짓는 근로농민으로서의 측면과 자기의 토지와 부림소를 비롯한 생산수단을 가지고 농사를 짓는 소소유자적인 측면을 가지고있는 2중적성격을 띤 농민계층이다.

중농가운데서는 토지개혁의 혜택으로 해방후 새로 중농대렬에 들어선 계층과 원래부터 중농이였던 계층이 있었다.

이들은 다 같이 중농이면서도 농업협동화에 대한 태도와 립장에서는 서로 달랐다.

새로 자라난 중농의 대부분은 협동경리를 지지하는 립장이였으며 원래부터의 중농은 동요하고 주저하면서 좀 더 《두고보자》는 립장이였다.

중농들을 협동경리에 광범히 받아들이는데 있어서 그들이 가지고있는 소극적이고 동요하는 소소유자적측면을 제때에 극복하지 않는다면 그것은 농업협동화운동의 승리적전진을 가로막는 큰 장애로 될수 있었으며 농촌에서의 계급투쟁을 보다 심각하게 할수 있었다.

중농의 농업협동화운동에 대한 태도와 립장, 그들의 생활처지를 구체적으로 분석한데로부터 우리 당은 중농과의 동맹을 적극적으로 실현하여 농촌의 절대다수의 농민들을 농업협동화운동에 인입함으로써 농촌경리의 사회주의적개조를 힘있게 다그쳐 나갈수 있게 하였다.

우리 당은 중농과의 동맹을 강화할데 대한 계급정책을 관철하기 위하여 우선 모든 중농들이 자원적으로 협동경리에 들어올수 있게 사상교양사업과 실물교육을 강화하도록 하였다.

농촌의 각급 당단체들과 정권기관들에서는 중농들속에서 사상교양사업을 강화하여 그들의 계급적각성과 사회주의사상의식을 높이는 한편 우리 당의 농업협동화정책의 정당성을 깊이 인식하게 하였으며 매개 군에 실천적모범단위를 조직하고 모든 협동조합들에서 그 우월성을 보여주는 실물교육을 강화하여 중농들이 협동경리에 들어가야 잘살수 있다는 인식을 가지도록 하였다.

중농에 대한 사상교양사업과 실물교육은 소소유자적처지로부터 오는 그들의 소극성과 동요성을 극복하고 광범한 중농들이 농업협동화운동에 대중적으로 참가할수 있게 한 중요한 계기로 되였다.

중농과의 동맹을 강화할데 대한 계급정책을 관철하는데서 중요한것은 또한 중농들의 경제적리해관계를 침해하지 않게 함으로써 그들이 농업협동화운동을 지지하여 나서게 한것이다.

농업협동화운동에서 중농들이 동요하는 주되는 원인은 그들이 생산수단에 대한 소유자로서의 리해관계와 중요하게 관련되여있다.

이로부터 우리 당은 중농들을 강제로 협동경리에 끌어들이거나 협동경리의 형태와 규모, 생산수단의 통합방식문제를 규정할 때 중농들의 리해관계를 침해하지 않도록 하였다.

중농들이 조합에 들어오려고 할 때에는 그들이 가지고있던 부림소와 농기구들을 기계적으로 통합하지 않고 희망에 따라 통합하든가 일정한 시기까지 계속 사적소유로 남겨두면서 공동으로 리용하게 하였으며 통합하는 경우에는 해당한 대가를 치르게 하였다.

로력협조반에 중농들이 부림소와 농기구를 가지고 들어오는 경우에는 그것을 사적소유로 남겨두면서 공동으로 리용하고 그 대가를 현물이나 로력으로 갚아주게 하였다.

토지에 대한 사적소유를 보존하면서 토지를 출자하는 형식으로 통합하고 공동경리를 실시하며 토지와 로동에 의하여 분배를 실시하는 제2형태에 중농이 들어오는 경우에는 출자한 토지의 면적과 비옥도에 따라 평가한 토지점수만큼 분배를 주며 그 몫은 개인소비로 들어가는 분배초액의 20%가 넘지 않게 하였다.

토지를 비롯한 기본생산수단을 모두 공동소유로 하고 오직 로동에 의하여서만 분배를 실시하는 제3형태에 중농이 들어올 때에는 부림소와 농기구같은 생산수단에 대한 값을 정당하게 치르도록 하였다.

이러한 조치는 부림소와 농기구같은 생산수단을 순조롭게 통합할수 있게 하였으며 중농들의 리해관계를 침해하지 않고 그들이 쉽게 농업협동화를 접수하고 자원적으로 협동경리에 들어올수 있게 한 가장 정확한 대책이였다.

협동경리의 세가지 형태와 생산수단의 이와 같은 통합방식은 농촌의 구체적형편과 농민들의 준비정도에 맞게 규정한것으로서 중농들로 하여금 협동경리를 쉽게 받아들일수 있게 하였으며 협동화과정에서 나타날수 있는 이러저러한 페단을 미리 막을수 있게 하였다.

중농과의 동맹을 강화할데 대한 계급정책이 철저히 관철된 결과 동요하고있던 중농들을 전취하여 순조롭게 협동화의 길로 이끌수 있었으며 그들이 주저하면서 《두고보자》던 소소유자적립장에서 빨리 벗어나 농업협동화의 정당성과 우월성을 깊이 인식하고 협동경리에 들어설수 있게 하였으며 이리하여 협동화운동은 대중적단계에로 발전하게 되였다.

우리 나라 농업협동화운동에서는 또한 부농을 제한하고 점차 개조할데 대한 계급정책이 철저히 관철되였다.

부농은 민주주의혁명시기에는 고립대상이였지만 사회주의혁명단계에 이르러서는 투쟁대상으로 되였다.

농업협동화운동에서 부농을 수탈의 방법으로 청산하는가 아니면 제한하고 점차적으로 개조하는가 하는것은 매개 나라 부농들의 특성과 그 영향력, 농업협동화에 대한 그들의 립장과 태도, 적아간의 력량관계에 의하여 결정된다.

어떤 나라에서는 사회주의혁명단계에서 수탈의 방법으로 부농을 청산하였지만 우리 나라에서는 부농을 수탈하고 청산한것이 아니라 우리 나라실정에 맞게 그를 제한하고 점차적으로 개조하는 정확한 계급정책을 시종일관 견지하였다.

우리 나라에서의 부농은 원래 보잘것없던데다가 토지개혁당시 그 지주적측면에 타격을 받아 약화되였으며 혹심한 전쟁피해까지 입어 그 경제적토대는 거의다 파산되였다.

농촌주민구성에서 부농이 차지하는 비률은 0.6%에 불과하였다.

농촌의 계급적력량관계는 혁명의 편에 결정적으로 유리하게 변하고 나라의 상품알곡생산에서 부농이 차지하는 몫은 보잘것없었다.

이런 조건에서 부농들은 농업협동화에 대하여 처음에는 외면하거나 반대하는 립장에 섰지만 도시와 농촌에서 사회주의적개조가 진척되여 점차 착취대상과 지반이 없어지게 되면서 그 절대다수는 농업협동화를 접수하지 않을수 없었다.

위대한 수령 김일성동지께서는 이 모든것을 전면적으로 분석하신데 기초하시여 부농을 수탈의 방법으로 청산하는것이 아니라 그의 착취적측면을 제한하면서 점차 개조할데 대한 독창적인 방침을 제시하시였다.

우리 당은 협동화방침을 접수하고 협동조합에 들어오려는 부농들은 모두 협동경리에 받아들여 사회주의근로자로 개조하였으며 협동화운동을 방해하는자들에 대하여서는 엄격한 제재를 가하였다.

대부분의 부농들은 착취대상이 없어지게 된 협동화운동의 마지막시기에 스스로 협동조합에 들어왔다.

우리 당이 부농에 대하여 취한 방침은 사회주의혁명력량이 결정적으로 우세한 반면에 부농자체의 력량은 매우 미약하며 도시와 농촌에서 사회주의적개조가 빨리 진척되고 부농의 착취대상과 지반이 없어져감에 따라 그들이 이전과 같은 방식으로는 도저히 살아나갈수 없게 된 현실적조건을 과학적으로 타산한 정당한 조치였다.

농촌경리의 협동화는 사회주의혁명에서 가장 복잡하고 어려운 과업의 하나였다.

그러나 우리당은 농촌의 당력량과 농민들의 높은 혁명성에 튼튼히 의거하여 이 복잡하고 어려운 과업을 전후 불과 3~4년동안에 매우 순조롭게 완수하였다.

이것은 위대한 수령 김일성동지께서 제시하신 빈농에 튼튼히 의거하면서 중농과의 동맹을 강화하고 부농을 제한 개조할데 대한 우리 당의 농촌계급정책의 실현에 의하여 이룩된 위대한 승리였다.",KIS,late_socialist_planning,1990s,7.446585099157725
세계시장시세의 변동요인,김철용,1990,1,1434,"친애하는 지도자 김정일동지께서는 다음과 같이 지적하시였다.
《무역일군들은 우리 당의 무역정책으로 튼튼히 무장하고 무역실무를 성실히 배우며 세계시장시세를 환히 꿰뚫어야 하겠습니다.》

사회주의자립적민족경제의 요구에 맞게 대외무역을 더욱 확대발전시켜야 할 오늘 세계시장시세의 움직임을 잘 파악하는것은 매우 중요한 문제로 나선다.

세계시장시세의 움직임을 정확히 파악하는것은 무역거래에서 나라의 경제적리익을 철저히 옹호하며 무역을 능동적으로, 목적지향성있게 확대해나갈수 있는 선결조건으로 된다.

만일 세계시장시세에 대한 변동추이를 모르고 무역거래를 하게 되면 상품을 눅게 팔거나 비싸게 사게 되여 나라에 막대한 외화적손실을 주게 된다.

세계시장시세를 정확히 파악한데 근거하여 무역거래를 진행하기 위하여서는 가격동태의 기본원리와 가격이 움직이는 여러가지 요인들을 잘 알아야 한다.

세계시장시세란 해당 상품의 국제적가치를 기준으로 하여 시장에서의 수요와 공급의 변동에 따라 자연발생적으로 오르내리는 국제시장가격을 말한다.

국제시장가격은 상품의 국제적가치의 화페적표현인것만큼 일반적으로 상품의 국제적가치와 일치할것을 요구한다.

그러나 이것은 국제시장가격이 언제나 고정되여있어야 한다는것을 의미하지 않는다.

국제시장에서 상품들의 가격들은 초기에 제정된 다음 가치법칙의 작용에 의하여 가치를 중심으로 변동된다.

다시말하여 국제시장가격은 국제적인 사회적필요로동량이 변하는데 따라 변동된다.

상품생산에 필요한 로동량은 고정불변한것이 아니며 국제적범위에서 생산력발전수준이 높아짐에 따라 변화된다.

다른 조건이 같을 때 상품생산에 들인 사회적필요로동시간이 국제적범위에서 줄면 국제시장가격도 떨어지며 사회적필요로동시간이 늘어나면 가격도 오른다.

독점가격과 독점리윤이 형성되는 제국주의시기에 와서 상품의 국제시장가격은 국제적가치로부터 심히 배리된다.

현대제국주의 시기에는 독점들에 의한 가격규제의 작용이 강화된다.

이리하여 독점의 지배밑에 해당 상품의 국제적가치로부터 심히 배리된 독점가격이 설정된다.

개별적독점들은 해당 상품의 국제적가치와 상대적으로 분리시켜 국제시장가격을 인위적으로 높이 설정하기는 하나 그것 역시 절대적이며 불변한것으로 될수 없다.

독점이 지배하는 조건에서도 일정한 부문에서 생산의 증대는 상품수요에 대한 공급의 증대를 동반하며 이것은 점차 시장가격을 저하시키는 방향으로 작용하게 된다.

상품의 가격과 그 가치사이의 련관관계는 여러 고리들을 거쳐 굴절된 형태로 나타나고있지만 상품가격의 기초에는 가치와 수요의 변동이 중요하게 작용하고있는 사실을 무시할수 없다.

이것은 서로 다른 상품들의 가격동태를 대비하면 더욱 명백하여진다.

현대자본주의하에서 국제시장가격이 계속 오르고있는것은 그 상품의 가치가 커진데 원인이 있는것이 아니라 인플레로 하여 화페가치가 급격히 떨어지고있는 조건에서 독점적고률리윤을 추구하는 독점들의 가격인상책동이 강화되고있는데 주되는 원인이 있는것이다.

따라서 개별적상품의 독점가격이 그 가치와 크게 배리되여 량적으로 같지 않지만 사회적범위에서 오랜 기간을 놓고 볼 때에는 독점화된 상품을 포함한 상품의 가격수준에서의 변화는 결국 수요와 공급의 호상관계의 영향밑에 상품가치를 중심으로 하여 이루어지며 전체 상품의 가격총액이 가치총액과 일치한다는 원리는 의연히 타당성을 가지고있다.

국제시장가격은 자본주의적경쟁에 의하여 끊임없이 변화하며 가치로부터 심히 배리된다.

경쟁은 생산수단이 사적소유로 되여있고 더 많은 리윤을 목적으로 하여 움직이는 자본주의경제의 속성이며 운동법칙이다.

자본주의사회에서 가치법칙은 경쟁을 통하여 작용하고 바로 그에 의하여 사회적생산이 조절된다.

상품생산의 조절자적역할을 하는 가치법칙의 작용에 의하여 수요와 공급사이의 일정한 균형이 이루어지는것은 일시적인 현상이며 그것은 곧 새로운 경쟁을 준비한다.

경쟁은 상품생산을 증대시키며 상품의 품종과 수량이 해당시기 시장의 수요를 초과하여 과잉될때 상품의 가
										격을 낮추면서 가치로부터 배리시킨다.

이것은 상품생산자들에게 수요를 초과하였다는것을 암시해주며 해당 상품생산을 감소시키는 결과를 가져오게 한다.

이리하여 상품이 부족하게 되면 그의 가격은 가치보다 높아지며 이것은 다시 생산자들에게 상품생산을 높이도록 자극한다.

이와 같이 경쟁이 지배하는 자본주의사회에서 상품가격이 가치로부터 부단히 배리되는것은 필연적인 현상으로 된다.

자본주의시장에서 상품 판매와 구매 문제를 둘러싼 상업경쟁은 몇가지 형태로 존재한다.

우선 국제시장에서 다른것을 밀어내고 자기 상품을 가장 많이 판매하려는 판매자들사이의 경쟁이 있다.

이 경쟁은 해당 상품의 가격을 낮추게 한다.

또한 상품을 사려는 구매자들사이의 경쟁이 있다.

이 경쟁은 해당 상품의 가격을 높인다.

이와 함께 상품을 헐값으로 사고 다음에 비싸게 팔것을 원하는 구매자와 판매자사이의 경쟁이 있다.

구매자와 판매자사이의 경쟁결과는 경쟁하는 측들의 력량대비에 의존한다.

다시말하여 판매자와 구매자간의 가격흥정에서는 당사자들의 력량관계에 따라 가격을 낮추거나 올리게 된다.

시장문제와 가격문제를 둘러싼 경쟁은 산업자본주의시기는 물론 독점자본주의로 넘어온 다음에도 계속된다.

자본주의독점의 지배는 상업경쟁을 없애지 못할뿐만아니라 그것을 더욱 격렬하게 만든다.

독점의 지배밑에서의 상업경쟁은 독점들사이에 진행될뿐아니라 독점과 독점에 들어있지 않은 자본가들사이에도 날카롭게 벌어진다.

독점들은 상업경쟁에서 다종다양한 수단과 방법들을 쓴다.

오늘 상업경쟁에서 중요한 도구로 되고있는것은 가격공간, 가격조작이다.

가격조작과 관련하여 널리 적용되고있는 방법의 하나는 대독점들이 상품을 대량 요구하는 수요자들에게 비밀리에 일시적으로 가격을 높이거나 낮추어 팔며 할인하는 체계이다.

이 방법은 흔히 대량판매를 특징으로 하는 생산수단도매거래에서 적용되고있다.

자본주의기업들의 경쟁능력은 여러가지 조건들 특히는 그들이 얻는 리윤의 규모에 의존한다.

높은 리윤을 얻는 그에게는 다른 경쟁자들에 비하여 가격을 낮출수 있게 하며 많은 상품을 팔수 있게 한다.

이때 상품의 최저가격이 규정되는 생산비는 가격저하의 한계로 된다.

그런데 생산비는 불변한것으로 되지 않으며 원료, 자재와 정비례하여 그리고 로동생산능률과 설비가동률에 반비례하여 변동된다.

국제시장가격은 수요와 공급과의 호상관계에 의하여서도 변동된다.

수요와 공급간의 호상관계가 변화됨에 따라 경쟁력이 달라지며 가격이 움직이게 된다.

수요와 공급간의 관계가 변동됨에 따라 상품의 시장가격은 그의 가치보다 현저히 낮아지거나 혹은 그 가치이상으로 높아진다.

공급이 수요를 넘을 때에는 국제시장가격이 가치이하로 배리되면서 떨어지며 반대로 수요가 공급을 넘을 때에는 국제시장가격이 가치이상으로 배리되면서 오른다.

만일 국제시장에서 해당 상품에 대한 수요와 공급이 균형을 이룬다면 국제적가치에 맞는 국제시장가격이 형성된다.

그러나 수요와 공급은 실제로 언제나 접근되지 않으며 접근되더라도 그것은 다만 일시적인것이다.

수요와 공급에 영향을 주는 요인들의 작용에 의하여 이러한 균형상태는 오래가지 못한다.

상품의 국제적가치에 비하여 국제시장가격이 오르면 리윤의 장성을 가져오며 결국 이 부문에 자본의 집중을 일으킨다.

자본의 집중으로 생산의 장성이 이루어지는것과 함께 시장에서 상품의 공급이 증대되고 국내상업과 수출이 장성하게 된다.

그런데 공급이 수요를 넘어서게 되면 약한 경쟁자들을 몰락시키면서 국제시장가격은 생산가격에까지 떨어진다.

이와 같이 수요와 공급의 호상관계에 따라 생산가격범위안에서 시장가격의 변동이 일어난다.

국제시장에서 수요와 공급이 상품의 가치와 호상 균등화되는 시기는 각이한 종류의 상품마다 다르며 따라서 여러 상품보다 한 상품이 먼저 수요에 공급이 적응한다.

국제시장가격은 자본주의경기순환에 의하여서도 변동된다.

경기순환은 상품의 수요와 공급관계에 큰 영향을 준다.

상품의 수요와 공급의 변동은 자본주의경기변동과 밀접히 련관되여있다.

일반적으로 경제가 불경기로부터 활기증진에로 넘어갈때에는 많은 경우 상품의 수요는 공급을 넘어서게 되며 구매자들사이의 경쟁이 격화되여 시장가격은 오른다.

호경기에 이르러 상품의 수요가 공급보다 더욱 많아질 때 즉 공황직전에 가격은 가장 높이 오른다.

그러나 불경기국면에서 수요는 공급아래로 떨어지고 판매자들사이의 경쟁이 첨예화되면서 시장가격은 떨어지게 된다.

공황이 닥쳐오면 수요의 급격한 감소로 시장가격은 더욱 떨어지게 된다.

시장가격이 떨어지는 정도는 과잉생산의 정도와 직접 관련된다.

이처럼 호경기시기에는 시장가격이 생산가격보다 높이 오르며 공황시기에는 시장가격이 생산가격아래로 떨어지는것이 일반적현상이다.

국제시장가격의 움직임은 현대자본주의 경기변동의 조건에서 이전의 경기국면의 주기들에서와는 다른 특성을 나타낸다.

그러므로 자본주의경기순환에 의한 국제시장가격변동을 분석하는데서 반드시 변화된 이 특성을 고려하는것이 필요하다.

그 특성은 자본주의경제의 위기시기에도 자본주의시장에서 상품가격이 오르내리는 현상이 나타나고있는것이다.

이러한 현상이 나타나고있는것은 우선 원료, 연료 문제가 심각한 난관으로 제기되고있는것과 관련된다.

일반적으로 이전의 공황시기에는 원료, 연료가격을 비롯하여 상품가격이 심히 떨어지는것이 일반적인 현상이였다.

그러나 최근시기 원료, 연료난은 공황시기에도 원료, 연료를 비롯한 상품가격을 더욱더 뛰여오르게 하고있다.

최근시기 자본주의시장에서의 상품가격은 또한 공황시기는 물론 불경기시기에도 계속 오르고있다.

그러므로 자본주의시장경기를 조사함에 있어서는 경기순환에 따르는 가격의 일반적인 변동정형과 함께 경기순환의 매 국면에서 변하는 경향을 구체적으로 조사하며 현대자본주의경기변동의 조건에서 변화하는 특성도 반드시 고려하는것이 필요하다.

국제시장가격은 리윤추구를 위한 독점들의 책동에 의해서도 변동된다.

제국주의시기 리윤추구를 위한 독점들의 책동은 가격수준에 큰 영향을 준다.

제국주의독점체들은 생산과 류통의 많은 부문들을 자기손에 틀어쥐고 자기가 지배하는 부문의 생산물에 대하여 인위적으로 높은 가격을 설정한다.

자본주의시기에 자유경쟁은 공장주들에게 평균리윤을 제공해주었다.

제국주의시기에 독점은 생산 및 판매조건에서 차지하고있는 독점적지위에 의거하여 독점적인 높은 가격으로 상품을 실현함으로써 독점적고률리윤을 얻는다.

현대의 독점들이 자본주의생산에서 가장 발전된 생산수단을 대규모적으로 집적하고 보다 완성된 과학기술적성과들을 틀어쥐고 해당한 제품의 압도적부분을 생산하고있는것은 독점화되지 않은 상품에 비하여 독점화된 상품의 가격을 올리는데 유리한 조건을 조성한다.

독점들은 생산조직과 판매조직, 가격정책을 비롯한 여러가지 방법으로 가격수준에 영향을 준다.

특히 콘체른을 비롯한 독점들은 가격기구는 물론 시장조사나 판매조직과 관련된 기구들을 직접 조직하거나 틀어쥐며 가격정책을 실시한다.

지어 그들은 생산의 제반 가능성과 시장규모에 대한 여러가지 정보들까지 틀어쥐고 그것을 저들이 바라는 수준에서 독점가격을 설정하는데 리용하고있다.

그리하여 독점가격은 독점의 인위적인 책략이나 정책의 영향을 많이 받는다.

독점들은 세계시장에서 차지하는 독점적지위를 리용하여 자기가 생산하는 공업제품들에 대하여서는 국제시장가격보다 훨씬 높은 가격으로 팔고 발전도상나라들로부터 구입하는 원료, 연료는 국제시장가격보다 훨씬 낮은 가격으로 사들임으로써 독점리윤의 폭과 규모를 늘이려고 한다.

특히 부등가교환에 의한 착취와 략탈은 《다국적기업》들에 의하여 가장 파렴치하게 감행되고있다.

침투국의 일정한 생산부문을 틀어쥔 《다국적기업》들은 그 나라의 수출품에 대하여서는 낮은 가격을 설정한다.

반면에 그 나라에서 수입하는 상품에 대하여서는 독점적으로 높은 가격을 설정한다.

이와 같이 독점체들은 여러가지 측면에서 시장가격에 일정한 영향을 준다.

그러나 이것은 독점들이 가격을 높은 수준에서 유지하고 독점적고률리윤을 얻는데서 마음대로 전횡을 부릴수 있다는것을 의미하지 않는다.

가격에 대한 독점들의 작용정도는 제한되여있다.

국제시장가격은 투매, 통화팽창, 대용품의 출현과 새 기술도입 등을 비롯한 다른 요인들에 의하여서도 영향을 받는다.

세계시장에서 경쟁이 격화됨에 따라 독점들은 시장침투의 새로운 방법인 투매(덤핑)에 매달리기 시작한다.

독점들은 경쟁자들을 거꾸러뜨리고 자기의 생산을 최대한으로 확대하기 위하여 국내에서는 높은 독점가격으로 자기의 제품을 판매하고 세계시장에서 지어는 그의 3분의 1이하로 판매하는 《밑지는 가격에 의한 수출》을 진행하게 된다.

투매는 제국주의시기 시장경쟁의 일반적수단의 하나로서 그것은 국내시장에서 독점적고률리윤을 얻음으로써만 가능하다.

제2차세계대전후 자본주의지배를 확립하기 위한 독점들의 의견충돌과 자본주의식민지체계의 붕괴에 의하여 생긴 시장경쟁의 첨예화는 투매를 확대시켰다.

현대제국주의하에서도 미국독점들은 특히 투매를 광범히 진행한다.

투매의 확대는 독점가격안정성파괴의 중요원인으로 되며 그것은 시장경쟁을 격화시킨다.

그러나 이러한 현상은 거래상대국에서 여러가지 대응조치를 취하는 조건에서 오래 지속될수 없다.

자본주의나라정부는 국내시장에서 자기나라 독점과 다른 나라 독점과의 경쟁을 제한하기 위하여 관세장벽을 쌓고 여러가지 제한대책을 세운다.

자본주의나라정부는 판매시장에 대한 싸움을 격화시키는 투매를 이겨내도록 독점들에게 수출장려금의 지불, 관세의 복귀, 운임을 저하시키는 등의 이른바《방조》를 준다.

통화팽창도 국내시장가격에 영향을 준다.

통화팽창현상은 자본주의사회에서 돈을 무턱대고 많이 찍어내거나 상품생산량이 줄어든 결과 일어난다.

통화가 팽창되면 물건값이 오르면서 화페의 가치는 떨어진다.

대용품의 출현과 새 기술의 도입도 국제시장가격에 많은 영향을 미친다.

독점기업들은 과학과 기술의 성과를 책략적으로 적용함으로써 생산을 늘이고 그 효과성을 높이고 있다.

그들은 기술의 연구, 개발에 거액의 투자를 하며 기성의 과학기술성과를 가로채여 그것을 먼저 도입하거나 필요하다면 그 도입을 방해하기도 한다.

그리고 여러가지 발명과 기술적완성과 관련되는 특허를 독차지하고 그것을 좌지우지하고있다.

그들은 또한 현대과학기술의 발전을 리용하여 생산비를 적게 들이면서 질적으로 새로운 여러가지 합성원료와 새 제품을 만들어내도록 하며 제품의 단위당원자재소비량도 훨씬 줄어들게 하고있다.

이것은 이전에 생산하고있던 제품의 가격을 떨어뜨린다.

자본주의시장가격은 이와 같이 여러가지 요인들에 의하여 움직인다.

이것은 생산의 무정부성과 경쟁이 지배하는 자본주의시장의 고유한 특성이다.

우리의 모든 일군들은 상품수출의 경제적효과성타산을 잘하여 외화수입을 늘임으로서 인민경제의 주체화, 현대화, 과학화를 더 잘 실현해나가며 인민들의 물질문화생활을 더욱 높이는데 적극 기여하여야 할것이다.",KIS,late_socialist_planning,1990s,7.268920128193722
"원료, 자재의 합리적리용에 작용하는 중요지표들과 경제적공간",한득보,1987,2,2171,"위대한 수령 김일성동지께서는 력사적인 문헌 《사회주의의 완전한 승리를 위하여》에서 경제발전의 현실적요구에 맞게 기업관리를 합리화하기 위한 중요한 과업을 제시하시였다.

위대한 수령 김일성동지께서는 다음과 같이 교시하시였다．
《인민경제 모든 부문에서 정확한 계획과 계산, 통계에 기초하여 과학적인 방법으로 경영활동을 진행하며 사회주의사회의 과도적성격에 맞게 여러가지 경제적공간을 옳게 리용하여 기업관리를 합리화하여야 하겠습니다．》(《사회주의의 완전한 승리를 위하여》, 20페지)

사회주의경제발전의 현실적요구에 맞게 기업관리를 합리화하는데서 중요한 의의를 가지는것은 매개 공장, 기업소들에서 원료, 자재를 절약적으로, 합리적으로 리용하도록 하는것이다．

원료, 자재의 절약적리용은 공장, 기업소들의 생산경영활동을 합리화하는데서 중요한 문제로 나선다． 그것은 원료, 자재의 절약적리용이 원가와 리윤, 수익성을 비롯한 기업소의 계획지표들에 커다란 영향을 주기때문이다．

원료, 자재의 절약적리용은 사회주의경제건설의 10대전망목표를 실현하며 총체적으로 공업생산을 1．9배로 장성시켜야 하는 제3차7개년계획의 성과적수행에서 중요한 문제로 나선다．

자연적으로 주어진 지하자원은 재생산될수 없는것으로서 캐내여 쓰는만큼 줄어들며 보충되지 않는다． 그런데 지하자원은 오늘만이 아니라 앞으로의 생산에도 씌여져야 할 귀중한 재부이다．

원료생산부문은 시초원료생산부문과 가공원료생산부문으로 구분되며 여기에서 보다 큰 의의를 가지는것은 시초원료생산부문이다． 그런데 시초원료생산부문은 그 발전에서 자연적조건의 영향을 많이 받는다． 따라서 이 부문의 발전은 가공부문의 발전에 비하여 더 힘들며 그 확대가 어렵게 된다． 물론 채취부문에 대한 투자와 로력을 늘이는것이 확고히 견지되지만 투자장성속도, 로력장성속도에 맞게 그 생산량이 늘어나는것은 아니다． 그것은 시초원료를 생산하는 채취부문에서는 가공부문에서와는 달리 투자의 많은 부분이 현존생산을 유지하는데 돌려지지 않으면 안되기때문이다． 채취부문에 돌려지는 기본투자에서 경상투자몫과 확대투자몫의 관계는 날이 갈수록 경상투자몫이 늘어나는것으로 특징지어진다． 이로부터 늘어나는 경상투자몫을 제외하고 감소되는 확대투자몫을 가공부문전체투자몫보다 훨씬 늘이지 않고서는 원료생산부문의 발전을 가공부문의 발전에 앞세울수 없는것이다． 그런데 늘어나는 경상투자몫을 감당하면서 확대투자몫을 가공부문 전체 투자몫보다 훨씬 늘이는것은 결코 쉬운일이 아니다． 세계 많은 나라들에서 원료, 자재의 긴장성이 조성되고 있는 주되는 원인의 하나가 이 문제해결의 난관에 있는것이다．

그런데 채굴심도가 깊어진다고 하여 캐내는 원료자원의 산업적가치가 높은것도 아니다． 따라서 원료자원의 질이 종전과 같거나 지어 낮은 경우에도 생산비가 높아지는것이 보편적인것으로 되고 있다． 원료생산부문발전의 이러한 제한성, 그 생산물의 낮은 질과 높아지는 생산비는 가공부문생산발전에 영향을 주는 주되는 요인의 하나로 된다．

모든 공장, 기업소들에서 원료, 자재의 절약적리용, 회수자재의 적극적리용은 원료생산부문발전의 이러한 특성과 중요하게 관련된다． 사회가 생산에 인입된 원료, 자재를 절약하는만큼 제한된 생산자원의 전망적인 리용기간은 길어지며 전반적가공부문의 더 빠른 발전의 가능성은 커지게 된다．

공장, 기업소들의 생산경영활동에서와 전사회적생산발전의 견지에서 원료, 자재의 절약적리용이 가지는 이러한 의의는 사회주의기업관리에서 원료, 자재의 절약적리용, 합리적리용에 힘있게 작용하는 지표들과 자극, 통제의 공간들을 정확히 설정하고 리용할것을 중요한 문제로 내세운다．

위대한 수령 김일성동지께서는 다음과 같이 교시하시였다．
《...근로자들속에서 원료와 자재를 절약하기 위한 투쟁을 강화하는것이 중요한 문제로 나서고 있습니다．》(《김일성저작집》 10권, 389페지)

사회주의기업관리를 합리화하여 원료, 자재의 절약적리용을 추동하는데서 중요한것은 첫째로, 원단위소비기준과 생산물의 물자용량지표를 옳게 리용하는것이다． 원단위소비기준과 생산물의 물자용
										량지표는 원료, 자재, 연료, 동력을 비롯한 류동재산의 리용을 반영하는 생산의 효과성지표이다．

두 지표의 리용은 기업관리에서 원료, 자재의 절약적리용에 대한 자극과 통제를 강화하고 물질적장려와 책임을 정확히 적용하기 위한 필수적인 요구로 된다． 그것은 두 지표의 특성, 그들의 호상관계와 관련된다．

원단위소비기준과 생산물의 물자용량지표는 밀접히 련관되여있으면서도 서로 구별되는 지표이다． 원단위소비기준이 생산에서 구체적인 물자의 지출한도를 규정함으로써 통제적기능을 하는 지표이라면 생산물의 물자용량은 생산된 생산물에서 물자재산전체의 크기를 표시하는 지표이다． 원단위소비기준과 물자용량은 정비례관계에 있다． 원단위소비기준을 낮출수록 생산물의 물자용량은 적어지며 그것이 초과될수록 물자용량은 커진다． 그런테 원단위소비기준과 물자용량이 현물적측면에서 표시될 때 그들사이에는 일정한 차이가 있게 된다． 그것은 생산물생산에 리용되는 원료, 자재의 소비기준에는 불가피한 기술공정상손실로 하여 다시 쓸수 없는 손실이 포함되지만 생산물의 물자용량에서는 그것이 제외되기때문이다． 원단위소비기준과 생산물의 물자용량의 차이를 줄이며 나아가서 그 차이를 없애는것은 원료, 자재의 절약적리용을 보장하는 중요한 내용으로 되며 여기에 사회주의기업관리에서 두 지표를 동시에 리용해야 할 필요성과 그 의의가 있다． 소비기준과 물자용량과의 차이는 기술적으로 복잡하고 여러가지 부속품과 부분품들의 결합으로 이루어지는 생산물의 경우에 더 크다． 리용되는 원료, 자재의 규격과 재질, 생산방법도 소비기준과 물자용량의 차이에 큰 영향을 준다． 해당 생산물생산에 필요한 규격보다 더 큰 규격의 원료, 자재나 질이 낮은 원료, 자재의 소비기준은 다시 쓸수 없는 기술공정상손실을 많이 포함하며 개별적인 가공보다 형단조화나 프레스화는 그 몫을 결정적으로 줄일수 있게 한다． 

기업관리를 합리화하여 원료, 자재의 절약적리용을 보장하기 위한 소비기준지표의 리용에서 특별히 중요한것은 원단위소비기준을 정하는 물자의 품종별, 규격별, 재질별 대상을 더 구체화하고 기준의 과학성과 현실성을 보장하는것이다． 같은 제품을 생산할 때에도 규격과 재질이 다른 원료, 자재의 과학적소비기준이 구체적으로 설정되여있을수록 절약적리용에 대한 소비기준지표의 작용이 크고 생산량과 원료, 자재의 소비량과의 차이를 줄이는데 힘있게 작용하게 된다． 일정한 제품생산에 쓰일수 있는 각이한 규격과 재질의 원료, 자재소비기준이 국가적으로 규정되여있지 않는 경우에는 그 절약적리용의 요구를 원만히 실현할수 없게 된다． 물론 해당 생산물생산에 리용될수 있는 규격과 재질의 자재이지만 그 생산물생산에 리용되여서는 안될 경우에는 소비기준을 정해주지 말아야 하며 오직 해당 생산물생산에 리용될수 있는 범위의 규격과 재질의 한계에서 그 매개 원료, 자재에 대한 소비기준을 정해주는 문제가 중요하게 나선다．

과학과 기술이 발전하고 생산방법이 개선됨에 따라 많은 원료, 자재들이 각이한 규격과 질을 가지고 생산되며 그것들은 보다 다양한 생산물생산에 리용될수 있게 된다． 그리고 모든 공장, 기업소들의 생산경영활동에서는 언제나 하나의 규정된 재질과 규격의 원료만이 아니라 서로 다른 규격과 재질의 원료들도 불가피하게 리용하지 않으면 안되는 경우들이 흔히 있게 된다． 이러한 조건에서 해당 제품생산에 리용될수 있는 여러가지 원료, 자재의 품종별, 규격별, 재질별 소비기준을 중앙집권적으로 정하는 범위를 확대하는것은 원단위소비기준지표의 통제적기능을 높이는데서 중요한 의의를 가진다．

원료, 자재의 소비기준대상목록을 늘이는 동시에 소비기준의 과학성과 현실성을 보장하는것이 중요하다, 지나치게 높은 소비기준은 물자용량의 초과, 자금동결을 가져오며 지나치게 낮은 기준은 생산과 류통의 규칙성을 보장하는데 난관을 조성한다． 제품생산에 대한 설계의 개선, 기술적조건의 변화, 생산자들의 기술기능수준 등을 타산하여 소비기준을 과학적으로 정하고 갱신하는것이 중요하다. 과학적기초가 없이 주관주의적으로 소비기준을 갱신하는것은 현실적의의를 가지지 못하며 생산자들을 그 준수에로 추동하지 못한다．

규격별, 재질별 소비기준을 정하는데서 생산물의 질제고를 가져오지 않으면서 필요한 규격보다 더 큰 규격을 쓰거나 더 높은 질의 원료, 자재를 쓸 때에도 그 소비기준을 긴장하게 주며 같은 질의 생산물생산에서 규격이 작고 질이 낮은 원료, 자재를 쓸 때에는 장려의 요구의 맞게 그 소비기준을 정해주는것이 필요하다． 그래야 원단위 소비기준이 생산물의 물자용량에 대한 적극적작용을 강화하고 기업관리에서 원료, 자재의 절약적이며 효과적인 리용을 그 지출과 생산결과의 견지에서 힘있게 추동할수 있다．

기업관리를 합리화하여 원료, 자재의 절약적 리용을 추동하는데서 소비기준지표와 함께 생산물의 물자용량지표를 옳게 리용하는것이 중요하다． 생산물의 물자용량지표는 생산물에 들어있는 원료, 자재, 연료, 동력 등의 총체를 가치적으로 표현하는 종합지표이다． 물론 이 지표의 경우에도 개별적인 원료, 자재의 리용정도를 밝히기 위하여 현물측정단위로 계산되는 구체적인 지표가 설정되고 리용될수 있다． 례컨대 공작기계 대당 철강재용량, 질소비료 톤당 전기용량 등을 들수 있다．

생산물의 개별적인 물자용량이 구체적인 원료, 자재별 소비기준과 구별되는 조건에서 개별적인 물자용량지표는 원료, 자재의 지출과 생산결과사이의 관계를 분석하며 주되는 원료, 자재의 절약적리용을 추동하는데서 의의를 가진다． 특히 개별적인 물자용량지표는 생산물생산에 들어가는 여러가지 원료, 자재의 각이한 변동을 분석평가하는데 리용될수 있다． 공장, 기업소들은 생산물생산에서 그 수요가 긴장되지 않는 부차적인 원료, 자재의 몫을 줄이는것으로 국가적으로 긴장되여있는 원료, 자재의 초과지출을 메우고 물자용량을 낮추거나 초과하지 않을수 있으며 또 반대로 국가적으로 긴장된 원료, 자재를 절약하면서도 부차적인 원료, 자재의 몫이 초과로 하여 물자용량이 높아지거나 종전수준의것으로 될수도 있다． 생산물의 물자용량지표에서 매개 부분들의 절약과 초과가 가져다주는 결과가 다른만큼 개별적인 물자용량은 물자원단위소비기준과 결합하여 절약과 초과를 국가적견지에서 정확히 평가하고 장려와 책임을 적용하는 지표로 리용될수 있다．

생산물에 들어있는 개별적인 물자용량지표와 함께 생산물에 들어있는 모든 물자용량을 표시하는 지표가 리용된다．

생산물의 물자용량은 주로 제품에 들어있는 원료, 자재, 연료, 동력의 몫을 총체적으로 특징짓는 종합지표로서 가치적으로 계산된다．

종합적인 가치지표로서의 생산물의 물자용량은 인민경제적범위에서는 총생산액이나 국민소득에 대한 원료, 자재가치의 비률로서 생산물 또는 국민소득 100만에 대한 원료자재의 가치로 규정될수 있다． 기업소범위에서도 생산액에 대한 원료자재의 가치로 계산될수 있다． 때문에 생산물의 물자용량은 원료, 자재의 지출에 정비례하고 생산량에는 반비례한다．

기업소에서 생산물의 물자용량을 낮출수록 원료, 자재리용의 효과성이 높아지며 생산경영활동의 여러 지표들이 개선되게 된다． 물자용량의 저하는 곧 원가저하이며 순소득의 증대이다． 때문에 이 지표는 추가투자없이 주어진 원료, 자재로 보다 많은 생산물생산을 추동하는 공간으로 될수 있다． 또한 이 지표는 기업소의 생산적예비의 규모와 미성품가치의 량을 감소시키는데도 작용한다． 여기에 기업관리를 합리화하는데서 생산물의 물자용량지표를 리용하여야 할 필요성과 의의가 있다．

그러나 이 지표를 대비지표로 리용하는데서는 일련의 문제들을 고려하지 않으면 안되게 된다． 그것은 생산물에 따라 원료, 자재의 구성이 다르고 생산부문과 단위에 따라 폰드구성이 다르기때문이다． 생산물의 가치구성에서 원료, 자재의 몫이 적은 제품일수록 물자용량저하의 가능성이 적으며 그 저하에 의한 원가저하와 순소득의 증대가 작다． 그러나 생산물의 가치구성에서 원료, 자재 비가 많은 제품일수록 물자용량저하의 가능성은 크며 그 저하에 의한 원가저하와 순소득증대의 규모는 크다．

또 생산물에서 원료, 자재몫이 같은 경우에도 그 가지수와 구성이 어떠한가에 따라 물자용량저하의 가능성이 다르며 원가저하와 순소득증대에 주는 영향도 다르다． 여러가지 원료, 자재를 쓰는 생산물일수록 물자용량저하가 힘들고 한두가지 원료, 자재를 많이 소비하여 생산하는 생산물일수록 그 저하의 가능성은 크다． 원료, 자재의 가격이 서로 다른 조건에서 비싼 원료를 쓰는 생산물에서 1%저하는 눅은 원료, 자재를 쓰는 생산물에서의 1%저하보다 훨씬 크게 되며 따라서 이 요인도 원가저하와 리윤증대에 차이를 가져다준다． 비싼 원료자재라고 하여 그 소비를 낮추는것이 힘든것이 아니고 눅은 원료, 자재라고 하여 그 소비를 낮추는것이 쉬운것이 아닌만큼 물자용량지표리용에서 이 요인도 고려하지 않으면 안된다．

이로부터 생산물의 물자용량을 여러 기업소들의 원료, 자재의 리용을 평가하는 대비지표로 리용하는 경우에는 생산물에서 원료, 자재비의 몫을 대비한 곁수, 가격수준과 대비한 곁수 등을 산출하여 물자용량저하 또는 초과의 각이한 수준을 정확히 가려내는것이 필요하다．

사회주의기업관리를 합리화하여 원료자재의 절약적리용을 추동하는데서 중요한것은 둘째로, 원료, 자재의 절약을 장려하고 랑비에 대하여서는 물질적책임을 지도록 하는것이다．

위대한 수령 김일성동지께서는 다음과 같이 교시하시였다．
《자재를 절약하며 합리적으로 리용하도록 하기 위하여서는 공장, 기업소들에서 원료와 자재를 절약하였을 때에는 상금을 주고 랑비하거나 사장시켰을 때에는 로임자금에서 벌금을 떼내는 방법을 적용하는것도 필요합니다．》(《김일성저작집》 28권, 131페지)

원료, 자재의 절약에 대한 장려와 랑비에 대한 벌금은 사회주의사회의 과도적성격에 맞게 여러가지 경제적공간들을 리용하여 기업관리를 합리화하는 기본수단의 하나로 된다．

현실적으로 공장, 기업소들의 생산경영활동수준, 기업관리의 합리화수준은 국가와 기업소사이의 손익관계에서 집중적으로 표현된다． 그런데 이 손익관계는 원료, 자재의 리용수준에 크게 의존된다． 원단위소비기준과 생산물의 물자용량지표는 기업소가 생산경영활동에서 국가에 준 손익관계를 계산평가하는 기초로 될 때 보다 의의있는것으로 된다． 이것은 정확한 소비기준과 물자용량지표를 설정하는것과 함께 그 준수와 위반에 대한 장려와 책임제가 반드시 뒤따라야 한다는것을 말해준다．

원료, 자재절약에 대한 장려금은 원가저하장려금과 같은 내용을 가진다． 그것은 원가저하의 주되는 내용이 원료, 자재의 절약이고 설비리용률을 높인데 대한 장려금형태가 따로 적용되기때문이다．

원료, 자재절약장려금원천은 원가저하로 생긴 금액이다． 따라서 조성된 리윤에 그 원천을 두고 있는 장려금이나 생활비에 그 원천을 두고있는 장려금, 국가예산에 그 원천을 두고있는 장려금과 구별된다．

원료, 자재절약장려금은 감가상각금을 공제한 원가저하금액에 그 원천을 두지만 생활비의 일정한 비률로 한정되지 않으면 안되게 된다． 그것은 장려금이 본질에 있어서 로동보수의 추가적인 형태이고 절약된 금액의 분배에서 국가적리익이 보장되여야 하기때문이다.

장려금적용에서 중요한 이 문제를 실례를 가지고 좀더 구체적으로 보기로 한다．

일정한 기간 례컨대 한달동안에 생산된 생산물의 가치가 어느한 기업소에서 300c1+ 640c2 + 500v+100m= 1540 이였는데 원료, 자재를 절약하여 300c1+ 540c2+ 500v+100m=1440 이라면 절약액은 100으로 된다． 단위를 천으로 할 때 10만원의 절약액은 국가와 기업소사이에 분배되여야 하며 여기에서 두 기준이 반드시 필요하다． 그 하나는 절약액에 대한 비률기준이고 다른 하나는 생활비계획에 대한 비률기준이다． 그런데 두 기준은 일치되여야 한다． 그것은 두 기준이 일치하지 않으면 기업소들사이에 불평등이 생길수 있기때문이다． 절약액의 30%, 계획생활비의 30%를 장려금규모로 규정한다고 할 때 우에서 든 실례에서 10만원의 30%인 3만원이 장려금의 원천으로 된다． 그러나 이것은 어디까지나 원천이고 장려금의 현실적몫으로 되지는 않는다． 여기에서 생활비에 대한 비률기준이 반드시 필요하며 그것이 절약액을 국가와 기업소, 생산자들사이에 분배하는데서 노는 중요한 기능에 대하여 명백히 리해할 필요가 있다,

생활비에 대한 비률이 반드시 설정되여야 하는것은 절약액의 크기가 기업소마다 다른것과 관련된다, 우에서 본 기업소의 경우에는 장려금원천이 3만원이지만 고정폰드의 몫이 크고 원료, 자재의 몫이 적은 기업소들의 경우에는 그 몫이 작다. 례컨대 생산액이 같은 다른 한 기업소에서 540c1+ 400c2 +500v+100m= 1540 의 가치구성이 540c1+ 379c2 +500v+100m= 1440 으로 된 경우 원료, 자재절약액은 2만천원이며 따라서 장려금원천은 6,300원으로 된다． 첫기업소의 경우 장려금원천 3만원은 계획생활비의 30%인 1만 5천원 (50Ov의 30%)보다 배나 크지만 둘째기업소의 경우에 장려금원천 6천원은 계획생활비의 3%보다 8,700원이나 작다． 따라서 첫기업소의 경우에는 1만5천원에 해당하는 금액만 장려금으로 쓰고 나머지 1만5천원은 국가에 바치게 된다． 만약 그것을 다 장려금으로 쓰게 하는 경우 다시말하여 생활비에 대한 비률기준을 정하지 않고 절약액의 비률로만 규정하면 1%당 절약금액이 큰 기업소들은 계획을 미달하여 벌지 못하는 생활비를 장려금으로 충당할수 있으며 오히려 계획수행 또는 초과수행으로 받는 생활비보다 더 많은 보수를 받을수도 있게 된다． 물론 원료, 자재의 절약은 그 자체로서 인민경제적의의를 가지지만 보다 많은 생산물을 생산하자는데 주되는 목적이 있는만큼 생산계획수행에 대한 관심을 약화시킬수 있는 원료, 자재절약장려금규모에 대하여 경계하지 않으면 안되게 된다． 이로부터 장려금규모를 생활비의 일정한 비률로 국한시키지 않으면 안되게 된다．

둘째기업소의 경우 절약액 2만천원은 국가와 기업소사이에 분배되여야 하며 그의 30%인 6,300원은 계획생활비의 30%인 1만5천원보다 8,700원이나 적다． 그렇다고 하여 2만천원중에서 1만5천원은 장려금으로 쓰고 6천원을 국가에 바치게 하면 결국 절약하여 기업소집단이 소비하는 몫이 국가에 리익을 주는것의 2.5배나 된다． 이것은 국가소유로서의 사회주의기업소들의 경영상독자성, 독립채산제원칙과 맞지 않는다． 따라서 절약액에 대한 비률기준이 반드시 있어야 한다． 이 기준은 생활비계획에 대한 비률기준과 함께 절약액분배에서 국가와 기업소의 리익을 철저히 실현하는 중요한 척도로 기능한다．

기업관리에서 원료, 자재 절약장려금을 옳게 적용하기 위해서는 또한 장려금 적용조건과 적용대상을 명확히 하는것이 중요하다．

원료, 자재의 절약과 직접 관련이 적은 여러 가지 조건들에 의하여 장려금적용이 제한되면 원료, 자재절약이 이루어져 국가적리익이 보장되는 경우에도 장려금을 받지 못하는 일이 생기게 된다． 원료, 자재의 절약은 이미 본바와 같이 생산 자원의 전망적인 소비, 보다 적은 자재로 보다 많은 생산을 보장하는 사회주의적경영의 중요한 과업인것만큼 따로 평가하고 장려해야 하는것이다． 또 현실적으로 사업이 잘된 부분은 잘된대로 평가하고 잘 안된 부분은 잘 안된대로 계산하는것이 정확한 평가로 된다． 이로부터 원료, 자재의 절약에 대해서는 다른 여러가지 지표수행과 별도로 그에 해당한 장려금을 적용하는것이 원칙이다． 그러나 제품의 질을 손상시키면서 원료, 자재를 절약한 경우에는 장려금이 적용될수 없다． 기계설비의 성능을 낮추는 철강재의 절약, 건설물의 수명을 보장 못하는 건재의 절약, 영양카로리를 보장못하면서 생기는 원자재의 절약 등을 들수 있다． 사회주의사회가 요구하는 절약, 사회주의기업관리에서 이루어져야 할 절약은 언제나 질을 보장하는 절약, 질을 떨구지 않는 절약이다． 생산물과 건설물의 질에 부정적영향을 주면서 얻은 절약은 절약이 아니며 어떤 의미에서는 다음 공정이나 소비자들에게 추가적인 지출, 보다 많은 소요량을 야기하는 랑비로 된다． 그러므로 원료, 자재 절약에 대한 장려금적용에서는 다른 여러가지 제한조건을 적게 설정하는것과 함께 생산물의 질을 보장하는 요구가 관철되지 않으면 안된다．

원료, 자재의 절약은 생산자들뿐아니라 관리봉사일군들에게도 적용된다． 그것은 원료, 자재의 절약을 생산방법과 경영의 여러 측면들에서의 노력과 떼여놓고 생각할수 없기때문이다．

과도적사회인 사회주의사회의 기업관리에서 원료자재절약에 대한 장려금제도는 그 초과와 랑비에 대한 물질적책임과 결합되지 않으면 안된다． 물질적책임과 물질적장려에 의하여 기업관리에서 절약이 추동되고 랑비가 통제된다．

원료, 자재의 초과, 랑비에 대한 물질적책임은 그에 대한 변상제도에서 나타난다． 여기에서 중요한것은 변상금의 원천과 규모를 옳게 정하고 초과량비로 하여 모자라는 원료, 자재의 구입은 높은 가격으로 이루어지게 하는것이다．

원료, 자재의 랑비에 대하여 변상금의 형태로 매개 생산자들이 책임지게 하는 동시에 부족되는 자재가 높은 가격으로 구입되게 함으로써 기업소의 생산경영활동에 큰 영향을 미치게 하는것은 원단위소비기준초과나 류용랑비가 생산자들과 기업소집단의 생산경영활동에서 하나의 비정상적인 현상이고 국가적으로 엄격히 경계되고 통제되여야 할 심중한 결함으로 되기때문이다．

모든 생산자들과 공장, 기업소들은 원료, 자재의 절약적리용이 사회주의기업관리와 생산발전에서 가지는 중요성을 깊이 체득하고 국가앞에 지닌 자기의 책임과 의무를 다해나가야 한다． 우리는 사회주의기업관리를 합리화하는데서 원료, 자재의 절약적리용에 작용하는 원단위소비기준과 생산물의 물자용량지표, 장려금과 변상금의 본질적내용과 그 적용에서 나서는 원칙적요구들을 정확히 알고 기업관리를 끊임없이 개선해나가기 위한 경제적공간으로 활용해나가는데 응당한 주의를 돌려야 할것이다．",KIS,late_socialist_planning,1980s,7.683403681053826
기업소행정사업의 콤퓨터화는 경영활동개선의 중요요구,리춘선,2011,2,765,"위대한 령도자 김정일동지께서는 다음과 같이 지적하시였다.
《현시대는 과학과 기술의 시대, 콤퓨터시대입니다.
오늘 세계적으로 과학기술은 매우 빠른 속도로 발전하고있으며 사회발전과 인간생활에서 과학기술의 역할은 날을 따라 더욱더 커가고있습니다. 현대과학기술의 기초는 콤퓨터입니다.》(《김정일선집》 제15권, 96페지)

공장, 기업소들에서 경영정보체계를 적극 구축하고 그에 기초하여 생산활동, 경영활동을 벌려나가는것은 기업관리를 정보화하고 경영활동을 개선하기 위한 중요한 경제조직사업으로 된다.

경영정보체계에 기초하여 경영활동을 벌려나가는데서 행정사업의 콤퓨터화는 기업관리를 개선하기 위한 결정적인 대책이라고 할수 있다.

공장, 기업소에서 행정사업은 당위원회의 집체적지도밑에 실현되며 그 목적은 생산활동, 경영활동에서 제기되는 모든 문제를 국가적립장에 서서 처리하자는데 있다. 행정조직사업은 생산자대중의 자각적열성과 창조적적극성을 불러일으키는 정치사업이 선행된 기초우에서 객관적인 경제법칙과 생산의 과학기술적요구에 맞게 생산활동, 경영활동을 과학적으로, 합리적으로 운영하도록 하는 경제기술적지도의 실현을 행정조직적으로 보장하는 사업이다.

기업소행정사업의 콤퓨터화는 복잡한 행정업무에 콤퓨터망의 정보기술을 비롯한 현대적인 과학기술과 정보처리수단들을 받아들여 행정사업을 과학적으로, 합리적으로, 신속정확히 실현하도록 하는 경제조직사업이라고 할수 있다. 공장, 기업소들에서 행정조직사업을 구내콤퓨터망에 기초하여 진행해나가면 행정지휘체계를 보다 강화하여 생산활동, 경영활동을 더욱 과학적으로, 합리적으로, 신속정확히 해나갈수 있다.

행정사업의 콤퓨터화를 실현하기 위한 조직사업에는 기업소 내부단위들의 콤퓨터들을 련결하여 구내콤퓨터망을 구축하기 위한 기술경제조직사업, 구내콤퓨터망에 의거하여 행정업무를 진행하기 위한 행정업무재조직사업, 재조직되는 행정업무에 따라 구내콤퓨터망적인 종합자료기지와 그것을 응용하는 프로그람을 개발하고 적응시키며 운영하도록 하기 위한 기술행정조직사업 등이 포함되게 된다.

행정사업의 콤퓨터화는 공장, 기업소 구내콤퓨터망에서 운영되는 행정정보체계에 의하여 실현된다.

행정정보체계는 공장, 기업소 경영일군들이 지령시달과 실태장악을 위해 전문적으로 리용하는 정보체계이면서도 종업원들이 생산실태, 경영실태를 일보로 입력보고하기 위해 대중적으로 리용하는 정보체계로서 기업소구내콤퓨터망에서 운영되는 내부홈페지형식의 정보체계이며 행정조직사업을 과학적으로, 합리적으로, 신속정확하게 진행하기 위한 필수적수단이다.

행정정보체계는 공장, 기업소에 구축되는 경영정보체계의 중요한 구성체계의 하나이며 경영정보체계의 한 구성부분인 결심채택지원체계의 많은 특징들을 종합한 정보체계이면서도 그의 구조와 원리가 다른 정보체계이다.

공장, 기업소 경영정보체계구성요소의 하나인 행정정보체계를 적극 실현하는것은 기업관리를 정보화하기 위한 중요한 사업의 일환이며 생산활동, 경영활동을 시대의 요구에 맞게 최첨단수준에서 진행하기 위한 필수적인 사업의 하나로 된다.

기업소행정사업콤퓨터화가 경영활동개선의 중요한 요구로 되는것은 첫째로, 그것이 생산과정, 생산적봉사과정에 대한 행정조직적지도와 통제를 짜고들어 생산을 결정적으로 늘이고 생산적봉사활동을 적극화함으로써 생산계획, 국가계획을 무조건 수행하게 하기때문이다.

생산과정은 생산의 모든 자원(요소)들을 시공간적으로 결합시켜 물질적부를 창조하는 과정으로서 공장, 기업소들에서 생산물생산은 여러가지 조건과 환경속에서 진행되게 된다.

원료, 자재보장상태, 설비들의 기술상태와 운영조건, 종업원들의 기술기능수준과 지식정도는 끊임없이 변하며 성, 관리국과 같은 경제지도기관들로부터 계획으로 내려오는 생산물품종도 변화되는 등 꼭같은 생산조건과 환경은 거의 없다. 부단히 변화되는 환경과 조건을 제때에 장악하고 그에 대응하여 생산계획을 비롯한 국가계획을 제기간에 철저히 수행하려면 최량결심채택에 기초한 합리적인 생산조직과 함께 자재보장과 같은 업무조직, 봉사조직 등 행정조직사업을 신속정확하게
										 하여야 한다. 그리고 합리적인 조직사업에 따라 생산활동 및 봉사활동들이 자기 궤도에서 리탈되지 않고 정확히 수행되도록 장악과 조절통제를 제때에 하여야 한다.

이와 같은 조직사업은 이 사업과 관련한 업무활동에 콤퓨터를 비롯한 정보기술을 적극 도입할 때 원만히 실현될수 있다. 행정업무의 콤퓨터화를 실현하면 생산실태, 경영실태를 제때에 장악하여 합리적인 결심채택을 빨리 진행하고 그에 따르는 지령하달과 같은 조직사업을 신속하게 진행할수 있으며 잘못 진척되거나 진척되지 않는 생산활동, 봉사활동들에 대하여 제때에 바로잡거나 추진시켜나갈수 있다. 그리하여 변화되는 조건과 환경에 맞게 신속한 행정조직사업을 짜고들어 현물생산계획, 공업생산액계획을 비롯한 국가계획을 제때에 어김없이 수행하여나갈수 있다.

기업소행정사업콤퓨터화가 경영활동개선의 중요한 요구로 되는것은 둘째로, 그것이 경영활동에서 최대한의 실리를 보장하기때문이다.

공장, 기업소의 모든 생산자원을 효과적으로 조직, 동원하여 국가계획을 넘쳐수행하면서도 더 많은 경제적리득을 창조하는것은 기업관리, 경영관리의 중요한 요구이다.

공장, 기업소의 생산자원을 효과적으로, 합리적으로 리용하기 위하여서는 생산자원들의 현존상태들을 구체적으로 제때에 장악하여야 한다. 종업원들의 사상정신상태와 지적 및 기술기능수준, 원료, 자재의 확보상태, 보관상태, 질적상태, 소비상태, 설비들의 구입 및 페기정형과 현존설비들의 능력 및 기술상태, 가동조건, 보수정형, 전력소비실태와 앞으로의 보장조건 등을 하나도 빠짐없이 신속정확히 장악하여야 그것을 생산활동, 경영활동에 적극 동원, 리용할수 있으며 생산자원들의 랑비를 사전에 막고 그것을 효과적으로 리용하여 하나의 생산물이라도 더 생산할수 있다.

그러자면 각이한 자원들의 확보상태, 동원상태, 랑비상태들을 최대한 실시간적으로 장악하여야 한다. 이것은 행정업무사업에 콤퓨터를 비롯한 정보기술수단들을 리용하지 않고서는 거의 불가능하다.

현대적인 정보기술수단들을 행정업무사업에 리용하여야만 임의의 시각에 또는 시간보, 교대보, 일보 등을 주기적으로, 정상적으로 받을수 있으며 따라서 각이한 자원들의 확보상태, 동원상태, 랑비상태를 실시간적으로, 정상적으로 정확히 파악하고 더 많은 경제적리득을 창조하기 위한 합리적인 결심을 정보체계를 리용하여 제때에 채택하고 생산활동, 경영활동에 대한 행정조직적지도를 과학기술적지도와 함께 신속정확히 진행할수 있다.

기업소행정사업콤퓨터화가 경영활동개선의 중요한 요구로 되는것은 셋째로, 그것이 생산활동과 경영활동에 대한 국가의 중앙집권적지도를 더 잘 실현하게 하기때문이다. 다시말하여 행정경제사업에 대한 국가적지도와 통제를 제때에 정확하게 보장하기때문이다.

내각으로부터 성, 관리국, 기업소에 이르기까지 전국가적으로 콤퓨터망체계가 구축되여있어 모든 경제조직사업, 경제지도를 콤퓨터망을 통하여 전인민경제적범위에서 통일적으로, 종합적으로, 합리적으로 진행하는것은 사회주의경제관리에서 국가의 중앙집권적지도를 최대로 보장하는것으로 된다.

공장, 기업소들에 구내콤퓨터망을 형성하고 행정정보체계를 구축하면 성, 관리국과 같은 경제지도기관들과 콤퓨터망을 형성할수 있으며 이것은 전인민경제적범위의 콤퓨터망을 형성하는데 적극 이바지할수 있게 된다. 전인민경제적범위의 콤퓨터망이 형성되는 경우 성, 관리국은 콤퓨터망을 통하여 내각으로부터 경제지도를 신속정확하게 받을수 있으며 그에 따르는 작전을 정보체계의 지원하에 치밀하게, 합리적으로 진행하고 역시 콤퓨터망을 통하여 산하기업소들에 그 수행을 위한 경제조직사업을 신속히 할수 있다.

공장, 기업소들은 콤퓨터망을 통하여 경제지도기관으로부터 받은 경제과업을 제정된 기간에 정확히 수행하기 위한 생산조직사업, 행정조직사업을 역시 구내콤퓨터망을 통하여 내부생산단위들에 신속히 할수 있으며 콤퓨터망을 통하여 그 진척정형을 장악하고 추진시켜나갈수 있다.

공장, 기업소들에 콤퓨터망을 형성하고 행정정보체계를 구축하는가, 구축하지 못하는가 하는것은 생산활동과 경영활동에 대한 국가의 중앙집권적지도를 더 잘 실현하는가, 실현하지 못하는가 하는 문제에 귀착된다.

이와 같이 콤퓨터를 비롯한 현대적인 정보기술수단들을 리용하여 생산과정, 생산적봉사과정에 대한 과학기술적지도와 함께 행정조직적지도를 과학적으로, 합리적으로 신속정확히 진행하는것은 시대의 요구에 맞게 기업관리를 정보화하여 생산활동, 경영활동을 개선해나가는데서 필수적인 사업으로 된다.",KJI,marketization_adjustment,2010s,6.641182169740591
"랭전종식후 제국주의무역전쟁의  침략적, 략탈적성격",연철진,2006,4,1375,"랭전종식후 제국주의 무역전쟁의 침략적, 략탈적성격을 옳게 분석하는것은 반제투쟁전략을 수립하고 대적투쟁을 하는데서와 자본주의나라들과의 대외무역에서 우리 당의 원칙적립장을 지키고 실리를 보장하는데서 중요한 리론실천적의의를 가진다.

제국주의의 무역전쟁의 침략적, 략탈적성격을 정확히 해명하여야 랭전종식후 무역전쟁의 형태와 수법, 기본특징과 파국적후과 등을 옳게 해명할수 있다.

20세기 마지막년대가 시작되던 1990년대초 동유럽의 이전 사회주의나라들과 이전 쏘련에서 사회주의체제가 붕괴되는 충격적인 사변이 일어났다. 그로 인하여 제2차세계대전이후 적대적인 대립과 모순으로 대결되여있었던 세계 사회주의체제와 자본주의체제사이의 근 반세기에 걸치는 랭전시대는 끝장나게 되였다.

랭전의 종식은 세계정치정세를 급변시켰을뿐아니라 제국주의렬강들의 경제전략에서도 새로운 변화를 가져오게 하였다.

세계제국주의의 우두머리인 미제는 《유일초대국》의 지위를 차지하려는 변함없는 야망밑에 경제의 《세계화》전략을 집요하게 추구하는가 하면 미제의 손아래 동맹자들인 유럽동맹, 일본, 카나다 등은 지역경제통합을 비롯한 새로운 경제전략에로 나갔다.

제국주의렬강들은 자본의 국제화, 미제의 《세계화》전략에 따르는 리해관계의 대립과 모순으로 하여 치렬한 경제전쟁을 벌리게 되였다.

위대한 령도자 김정일동지께서는 다음과 같이 지적하시였다.

《오늘 제국주의렬강들이 저들의 독점적지위를 유지하기 위하여 서로 결탁하고있지만 시장이 더 좁아지고 자본의 증식과 치부의 길이 막혀짐에 따라 그들사이에 리해관계가 대립되고 모순이 격화되리라는것은 의심할바 없습니다. 먹을것이 적어지면 승냥이들끼리 서로 물고뜯기마련입니다.》(《김정일선집》 9권, 29페지)

세계제국주의렬강들은 세계의 주요자원인 원유, 가스, 금강석, 유색 및 흑색광물생산지 등을 점유하며 쌀, 강철, 자동차, 전자제품을 비롯한 주요 제품들에 대한 시장쟁탈과 경제적리권분할을 둘러싸고 경제의 여러 분야들에서 치렬한 전쟁을 벌리고있다.

제국주의렬강들이 벌리고있는 경제전쟁에서 가장 첨예한것은 무역전쟁이다.

제국주의무역전쟁은 해외상품수출시장을 둘러싼 경제전이다. 다시말하여 제국주의렬강들이 보다 넓은 수출시장을 차지하고 유리한 수출 및 수입조건을 쟁취함으로써 최대한의 리윤을 얻기 위한 제국주의렬강들사이의 치렬한 대결전이다.

제국주의무역전쟁은 랭전시기에는 물론 랭전이 종식된 이후시기에도 계속 벌어지고있다.

랭전종식후 제국주의무역전쟁은 랭전시기보다 더욱더 침략적이며 략탈적인 성격을 띠고있다.

랭전종식후 제국주의무역전쟁의 침략적이며 략탈적인 성격은 첫째로, 강권행사를 하는 미제를 일방으로 하고 그에 도전하는 다른 제국주의렬강들사이의 대립과 모순을 반영한 무역전쟁이라는데 있다.

랭전이 종식된 이후 미제는 《유일초대국》의 행세를 하면서 대외무역분야에서도 독점적지위를 차지한데 기초하여 전횡을 부리고 강권행사를 일관하게 하였다.

무역분야에서 미제가 강권을 행사하는 주되는 목적은 상대방을 희생시켜서라도 저들의 리속을 채우며 《유일초대국》의 지위를 견지하려는데 있다.

미제는 기회가 있을 때마다 주요 자본주의나라들, 《동맹국》들에 《협조》, 《원조》를 한다고 요란하게 떠들었지만 본심은 미국의 수출무역과 수입무역에 장애로 되는 경우에는 모든 강도적수단과 방법을 다 동원하여 상대방을 저들의 강도적요구에 복종시키는것이였다.

랭전종식후 미제가 무역전쟁에서 중요한 무기로 리용한것은 무역법《301조》와 종합무역법《슈퍼301조》, 무역정책들인 보호무역주의, 자유무역주의 , 신보호무역주의, 미국 주도하의 국제회의와 국제경제기구, 쌍무적 및 다무적회담들이다.

미제의 무역전쟁을 뒤받침하는데서 기본무기는 무역법과 무역전쟁이다. 미제가 요란스럽게 떠드는 무역법《301조》에는 무역상대국의 불합리하고 차별적인 무역정책과 조치들을 제거하기 위해 가능한 모든 대책을 강구하며 대방이 미국상품에 불공평한 규제를 가한다고 판단할 경우에는 미국에 수출되는 그 나라의 상품에 대해서도 보복을 가하게 
										되여있다.

례컨대 미국은 랭전종식후 일본에 인공위성, 초대형콤퓨터, 목제품시장을 개방할것을 요구하면서 1990년 6월까지 대책을 취하지 않으면 무역법《301조》에 따라 보복조치를 취할것이라고 강박하였고 종합무역법《슈퍼301조》에 걸어 유럽공동체를 대상으로 근 50개의 종류에 달하는 제품에 관세 및 비관세무역장애를 조성하였으며 미제의 이러한 책동은 21세기에도 여전히 계속되고있다.

미국의 강도적요구, 강권적인 압력은 미국주도하의 서방7개국 수뇌자회의, 재정상회의들과 《세계무역기구》(《우토》), 그 전신인 《관세 및 무역에 관한 일반협정》(《가트》), 《국제통화기금》 등을 통해서도 여실히 드러나고있다.

미행정부는 2003년 가트 《관세 및 무역에 관한 일반협정》리사회에 년간 10억US$에 해당되는 유럽상품에 차별관세를 부과하도록 강력히 요구하였고 2003년 6월에는 미일쌍무회담에서 일본에 농산물시장개방요구를 받아들이며 모든 대일수출농산물의 관세를 25%미만으로 낮출것을 강요하였으며 2005년 미국이 일본에 미국산 소고기수입금지조치를 철회하도록 계속 압력을 가해오다가 2006년 3월 일본이 시급히 소고기수입을 재개할것을 강박하였다.

이처럼 무역전쟁에서 미제의 일방적인 강권조치는 다른 제국주의나라들의 불만을 야기시키고 도전에 부딪치게 하였다.

미제의 《동맹국》들의 도전은 세계무역기구를 비롯한 국제경제기구들에 제소하는것, 미국과의 쌍무적 및 다무적회담들을 통하여 강력히 반발하는것, 보복관세와 비관세장벽조치를 취한것, 가격제재조치와 반투매정책의 실시 등으로 나타나고있다.

이러한 무역마찰, 무역전쟁은 미국과 일본, 미국과 유럽동맹, 미국과 카나다 등 미제를 일방으로 하고 다른 주요 자본주의나라들을 타방으로 하는 무역전쟁이며 강압적으로 내려먹이고 압력을 계속 가하는 미국과 그에 도전하여 반발하는 주요 자본주의나라들사이의 대결전이다.

그러나 이러한 주요 자본주의나라들사이의 무역전쟁은 미국의 강권자세에 다른 주요 자본주의나라들의 저자세, 미국의 압력과 대방의 《양보》와 《타협》으로 끝나게 됨으로써 자체의 《실망》과 미국에 대한 《유감》으로 막을 내리게 되는것이 특징이다.

랭전종식후 제국주의무역전쟁의 침략적이며 략탈적인 성격은 둘째로, 다극화추세를 반영하여 출현한 지역경제통합(지역경제쁠럭)들사이에 배타적인 성격을 띤 무역전쟁이라는데 있다.

랭전종식후 량극체계가 붕괴되고 다극화가 하나의 세계적추세로 되였다. 다극화추세가 가일층 발전되면서 발전된 자본주의나라들이 대륙적 및 준 대륙적인 자유무역지대 및 공동시장, 경제동맹 및 관세동맹을 비롯하여 지역경제통합의 방향으로 나가게 되였다.

지역경제통합은 국가를 통하여 결탁된 여러 나라 독점들의 리기적이며 배타적인 련합이다.

지역경제통합에로 나가게 된 중요한 목적은 련합된 세력으로 다른 세력에 대한 우세를 확보하고 나라들사이에 시장을 분할함으로써 자기 세력의 리익을 보장하려는데 있다.

랭전종식후 지역경제통합, 지역경제쁠럭형성의 첫 발걸음을 내디딘것은 유럽동맹결성이다.

랭전종식후 미국의 강권행사, 강경조치에 반발하여 서유럽의 나라들 특히 도이췰란드, 프랑스, 영국은 지역주의에 기초하여 유럽지역을 포괄하는 방위적기능을 수행하는 지역련합을 시도하고 1993년 11월 마드리드 수뇌자회의에서 《유럽석탄강철공동체》, 《유럽원자력공동체》, 《유럽경제동맹》을 련합하여 《유럽동맹》을 형성하였다.

《유럽동맹》의 형성은 세계경제가 지역쁠럭화시대에 들어섰다는것을 보여주는 동시에 미국의 강한 적수로 등장하여 무역전쟁을 선포한 사변으로 되였다.

《유럽동맹》은 유럽지역의 나라들을 성원국으로 하는 정치련맹이며 자본주의세계의 공업총생산액의 3분의 1을 차지하고있는 경제동맹이다.

《유럽동맹》을 결성하게 된것은 미국과 일본의 경제적침투를 막고 정치, 경제, 외교, 군사 등 모든 분야에서 유럽에 대한 독자적인 지배권을 확립하기 위한데 기본을 두고있다.

미제는 유럽동맹이 무역의 자유화를 억제한다고 비난하면서 유럽동맹결성에 대처하여 1992년 카나다, 메히꼬 등을 끌어들여 《북아메리카자유무역협정》을 체결하고 1994년부터 이 기구가 정식 효력을 발생하도록 하였다.

《북아메리카자유무역협정》은 3억 6천만명의 인구와 자본주의세계 공업총생산액의 절반을 차지하는 경제권을 가진 배타적성격의 지역경제기구이다. 이 기구는 미제가 시장개방과 무역의 《자유화》를 통하여 다른 나라들에 대한 경제적침투와 지배를 강화하기 위한 미국주도하의 지역경제통합이다.

미제는 1989년 11월 일제와 공모결탁하여 카나다, 오스트랄리아, 뉴질랜드를 망라하여 《아시아태평양경제협력회의》(아페크)를 창설하였다. 이 기구는 1994년까지 18개 나라들과 환 태평양지역 나라들을 망라한 지역련합기구로 되였다.

아페크는 유럽동맹이나 북아메리카자유무역협정들과는 달리 경제발전수준과 사회제도가 서로 다른 나라들의 지역경제련합인것으로 하여 전일적인 조직체계로서의 성격이 부족한것이다.

지역경제통합으로 하여 제국주의무역전쟁은 주요 자본주의나라들사이의 무역전쟁으로부터 대륙적인 지역경제련합들사이의 대결전으로 확대되고 경제적경쟁과 정치적대결이 결합되면서 더욱 첨예화되게 되였다.

지역경제련합들사이의 무역전쟁이 벌어진다고 하여 지역경제련합에 속한 나라들사이의 무역전쟁이 해소된것은 아니다. 그것은 대륙적 범위안에서도 나라들마다 자연지리적 및 력사적조건, 인적 및 물적잠재력, 전통적인 경제구조와 경제발전수준, 수출입상품구조와 시장조건 등으로 인한 경제적리해관계로 하여 무역분야에서의 모순이 불가피한것이다. 이로부터 지역경제련합체안에 있는 나라들사이, 한 지역경제련합체에 속한 나라와 다른 지역련합체에 속한 나라들사이, 지역경제련합체와 다른 개별적나라들사이에 수출입상품의 품목과 수량, 가격과 인수도 조건, 수입 및 수출관세, 환자시세, 시장분할 등의 문제들을 둘러싸고 대립과 모순은 없어질수 없는것이다.

례컨대 가격규제문제를 둘러싸고 여러 차례의 세계무역기구총회와 쌍무적 및 다무적협상에서도 합의를 보지 못한것, 유럽동맹과 미국사이에 농산물보조금지불문제와 관련한 회담합의를 프랑스정부가 반대한것, 강철무역, 자동차무역에서 미국과 일본, 미국과 유럽동맹사이에 의견불일치가 생긴것 등에서 볼수 있다.

따라서 지역경제련합들사이의 제국주의무역전쟁은 개별적나라들사이의 무역전쟁인 동시에 집단적이면서 배타적인 성격을 띤 침략적, 략탈적무역전쟁이라고 볼수 있다.

랭전종식후 제국주의무역전쟁의 침략적이며 략탈적인 성격은 셋째로, 제국주의렬강들이 집단적으로 발전도상나라들과 자주적으로 나가는 나라들을 대상으로 하는 침략적이며 략탈적인 무역전쟁이라는데 있다.

제국주의렬강들이 발전도상나라들과 자주적으로 나가는 나라들을 대상으로 하는 무역전쟁을 하게 된것은 이전 동유럽의 사회주의나라들과 이전 쏘련에서 사회주의체제가 붕괴된것, 경제호상리사회(《쎄브》)와 세계사회주의시장이 붕괴된것, 주요 자본주의나라들에서의 경제위기가 격화(생산침체와 실업률의 증가, 과잉상품과 수출정체, 주요전략자원과 생산자원의 부족)된것, 지난날 식민지로 있었던 나라들을 다시 지배하려는 야망이 높아진것 등이다.

랭전종식후 제국주의렬강들이 발전도상나라들과 자주적으로 나가는 나라들을 대상으로 하는 무역전쟁은 제국주의렬강들이 발전도상나라들과 자주적으로 나가는 나라들을 제압하고 희생시키는 침략적이며 략탈적인 무역전쟁이다.

제국주의렬강들이 발전도상나라들과 자주적으로 나가는 나라들과의 무역전쟁의 침략적, 략탈적성격은 무엇보다도 주요 자본주의나라들이 발전도상나라들과 자주적으로 나가는 나라들에 대한 상품수출을 통제하기 위한 국제기구를 조직한데서 볼수 있다.

제국주의자들이 조직한 상품수출통제기구에서 중요한 자리를 차지하는것은 《제2코콤》이다.

미제를 괴수로 하는 제국주의자들은 이전 동유럽의 사회주의나라들과 이전 쏘련에서 사회주의가 붕괴된후 1994년 3월에 《대공산권수출조정위원회》(코콤)가 해산된 조건에서 1996년 7월 12일 네데를란드의 와세나에서 《제2코콤》의 설립총회를 열고 와세나조약을 체결하였다. 와세나조약성원국으로서는 이전 코콤성원국뿐아니라 동유럽나라들과 기타 나라들까지 망라하여 33개 나라가 속해있다.

와세나조약은 무기관련수출을 국제적으로 관리하는 제국주의자들의 협정, 신코콤이다. 와세나조약에서 규제대상으로 규정하고있는 품목은 일반무기와 군사용으로 리용할수 있는 기술을 포함하여 110가지나 된다. 규제대상국은 명문화되여있지 않지만 우리 나라를 비롯하여 반제적립장이 강한 나라들이다.

와세나조약은 코콤에 비하여 성원국도 더 많고 제한품목수도 더 많으며 규제대상국도 사회주의에 국한되지 않고 많은 발전도상나라들을 포함하고있으며 발전된 자본주의나라들이 실제적으로 무기와 상품시장을 독점하고 자주적으로 나가는 나라들을 경제, 군사적으로 견제하고 질식시키기 위한 반동적인 제국주의자들의 수출통제기구이다.

제국주의자들이 발전도상나라들과 자주적으로 나가는 나라들에 대한 수출통제를 위해 조작한 국제경제기구로서는 《세계무역기구》(우토)가 있다.

제국주의자들은 위기에 처한 국제무역질서를 유지할 목적으로 《관세 및 무역에 관한 일반협정》(가트)을 대신하여 새로운 세계무역기구인 《우토》를 조작하였다.

세계무역기구 《우토》는 우루과이라운드의 종결과 함께 1994년 4월 창설이 선포되고 1995년 1월부터 업무를 시작하였다.

세계무역기구는 《관세 및 무역에 관한 일반협정》을 대신하여 만들어진 새로운 무역기구이며 발전도상나라들과 자주적으로 나가는 나라들의 무역에 대한 제재와 통제를 강화하기 위한 무역기구이다.

세계무역기구는 상품무역뿐아니라 봉사무역, 지적소유권, 투자문제까지 포괄하여 무역정책을 정기적으로 심의하고 통제할수 있는 권한, 반투매행동을 기구의 승인밑에서만 진행할수 있게 하였으며 개별적나라들의 수출자주규제를 금지시키는 등 제재와 통제기능을 확대강화하였다. 세계무역기구의 제재와 통제기능이 주로는 발전된 자본주의나라들이 경제적으로 뒤떨어진 나라들에 적용하도록 되여있다는데 그 반동성이 있다.

주요 자본주의나라들의 무역전쟁의 침략적, 략탈적성격은 또한 세계무역기구의 제재와 통제기능을 악용하여 부등가교환을 진행하는데서도 볼수 있다.

발전된 자본주의나라들은 최첨단기계설비들, 전자제품, 가공공업제품 등의 가격은 비싸게 제정하는 반면에 발전도상나라들과 자주적으로 나가는 나라들의 농산물과 원료, 연료상품들의 가격은 헐값으로 제정하고 수출규제사항들을 만들어 막대한 리윤을 짜내고있다.

자료에 의하면 부등가교환으로 발전도상나라들이 입는 손실액은 해마다 평균 1,000억US$를 넘는다.

1980년대 발전도상나라들이 자본주의나라들에서 뜨락또르 한대를 사는데 사탕가루 31t을 주었다면 지금은 160t을 주어야 하며 원유는 9만 9,370l로부터 24만 8,040l를 주어야 한다.

이뿐아니라 발전된 자본주의나라들의 무역전쟁의 침략적, 략탈적성격은 같은 상품에 대하여 2중가격제도를 적용하는데서도 볼수 있다.

2중가격제도는 같은 상품을 자본주의나라들에 팔 때와 발전도상나라, 식민지예속국가들에 팔 때 서로 다른 값을 적용하는것이며 이로 하여 제국주의자들은 막대한 리윤을 얻고있다.

우에서 본바와 같이 제국주의자들의 무역전쟁은 발전된 자본주의나라들이 무역을 통하여 발전도상나라들과 자주적으로 나가는 나라들을 제압, 질식시키고 그들을 략탈하기 위한 불공평한 침략적이며 략탈적인 무역전쟁이라는것을 실증하여준다.

모든 일군들은 랭전종식후 제국주의무역전쟁의 침략적이며 략탈적인 성격을 똑똑히 알고 그 반동성을 낱낱이 밝혀낼뿐아니라 그에 대처하여 반제투쟁을 더욱 강화하여야 할것이다.",KJI,marketization_adjustment,2000s,7.226936018493289
상업기업소 경영전략수립에 영향을 주는 요인,부교수 림춘일,2008,2,1224,"상업기업소들에서 선군시대 당의 경제정책의 요구에 맞게 과학적인 경영전략을 세우는것은 경영활동을 실리가 나게 기동적으로 조직전개하는데서 선차적으로 해결하여야 할 문제이다.

경영전략은 경영활동결과를 구체적으로 장악분석하고 그에 미치는 요인들을 과학적으로 밝혀낼 때에만 경제적실리를 보장하기 위한 책략으로서의 사명을 다할수 있다.

위대한 령도자 김정일동지께서는 다음과 같이 지적하시였다.
《경제일군들은 경제계산자료를 단순히 장악하는데 그치지 말고 그것을 분석하여 경영활동결과에 작용한 요인들의 영향을 과학적으로 밝혀내야 합니다.》

상업기업소 경영전략수립에 영향을 주는 요인은 첫째로, 해당 기업소의 경영실태이다.

해당 기업소의 경영실태란 상품류통활동을 비롯하여 경영활동전반이 작성된 계획과 정해진 기준, 질서에 따라 진행되고있는가를 반영하는 경영활동상태를 말한다.

경영실태는 그에 대한 장악과 분석을 통하여 알아낸다.

경영실태를 장악하고 분석하여야 기업소경영활동에서 걸린 문제를 제때에 찾아내고 그것을 해결하기 위한 중심고리에 력량을 집중할수 있는 경영책략을 기동성있게 세울수 있다.

그러므로 경영전략은 해당 기업소의 경영실태에 기초하여 세워지는 전략이라고 말할수 있다.

상업기업소의 경영실태를 경영활동상 특성에 따라 상품류통실태, 상품보장실태, 상업시설실태, 재정실태 등으로 갈라볼수 있다.

경영전략수립에 영향을 주는 경영실태에서 중요한것은 무엇보다먼저 상품류통실태이다.

상품류통실태는 경영전략수립에 직접적인 영향을 주는 요인으로 작용한다.

상품류통실태는 우선 상업기업소에서 국가로부터 받은 상품류통계획수행정형을 반영한다.

다시말하여 상품류통실태는 국가로부터 받은 상품류통계획을 근로자들의 수요에 맞게 월, 분기, 년간에 걸쳐 지표별로 원만히 수행하였는가, 그렇지 않으면 상품류통액계획만으로 수행하였는가, 또는 국가로부터 받은 상품류통계획을 미달하였는가 등을 종합적으로 반영한다.

만일 상품류통이 정상화되지 못하여 국가계획을 미달하였다면 그것은 불가피하게 로력과 상업설비들의 만가동을 보장하지 못한것은 물론 로동생산능률이 떨어지고 실리도 보장하지 못한것으로 된다.

또한 국가계획을 상품류통액으로만 수행하였다면 그것은 근로자들의 늘어나는 상품수요를 원만히 충족시킨 계획으로 볼수 없다.

상품류통실태는 또한 상품확보 및 보장계획수행정형을 동시에 반영한다.

국가로부터 받은 상품류통계획은 상품보장계획과 밀접히 련관되여있다.

상업기업소들에서의 상품보장계획은 상품수공급계약에 의한 상품보장, 기업소계획에 의한 자체상품보장 등에 의하여 이루어진다.

여기에서 중요한것은 상품보장계획을 수행하였다면 그것이 주민들의 수요에 맞게 이루어진것인가, 특히 발전하는 수요의 질적수준에 맞게 이루어진것인가 하는것이며 또한 상품보장계획을 미달하였다면 그것이 누구의 책임에 속하는것인가 하는것이다.

그러므로 경영전략을 세움에 있어서 상품류통실태를 분석하여 좋은점을 살리고 새 세기의 요구에 맞게 혁신적으로 개선하는 원칙을 견지하여야 한다.

경영전략수립에 영향을 주는 경영실태에서 중요한것은 다음으로 기업소의 상업시설 특히 상업기술실태이다.

상업시설실태는 경영전략수립에 영향을 주는 과학기술적요인으로 작용한다.

상업시설은 상업건물과 상업설비를 구성내용으로 하는 상업의 물질기술적수단이다.

상업이 이와 같은 물질기술적수단들을 원만히 해결하지 않고서는 상품을 생산지로부터 소비지로 옮기며 그것을 실현하는 과정에 제기되는 상품의 포장, 보관, 수송, 광고, 진렬, 판매에 이르는 상품류통활동을 원만히 보장할수 없게 된다.

상업시설실태가 경영전략수립에 영향을 주는 과학기술적요인으로 된다고 할 때 그것은 경영전략이 상업시설을 새 세기의 요구에 맞게 개건, 현대화하는데로 지향되도록 하는것을 중요한 책략적문제의 하나로 내세우고 풀어야 한다는것을 의미한다.

현시대는 과학과 기술의 시대이며 정보산업의 시대이다.

정보산업시대의 요구에 맞게 상업시설을 개건, 현대화하지 않고서는 
										사회주의상업이 자기의 공급자적기능을 원만히 수행할수 없으며 더우기 경제강국의 일대 전성기를 열어나가는 오늘 인민생활향상에서 실질적인 전환이 일어나게 할데 대한 당의 의도를 정확히 구현할수 없게 된다.

상업시설실태는 상업의 문화성과 봉사성수준을 반영한다.

사회주의상업은 인민들에 대한 상품공급사업에서 문화성과 봉사성을 높이는것을 기본으로 하는 상업이며 여기서 상업시설실태는 큰 작용을 한다.

그러므로 상업기업소에서는 경영전략수립에서 상업시설들을 정보산업시대의 요구에 맞게 현대화하는데 큰 힘을 넣어야 한다.

그래야 경영전략이 상업의 문화성과 봉사성을 높이게 하는데서는 물론 로력을 절약하고 로동생산능률을 높이며 상품류통속도를 촉진시키는 등 상품류통과 경영활동전반에서 근본적인 전환을 가져오게 하는데 적극 이바지할수 있다.

경영전략수립에 영향을 주는 경영실태에서 중요한것은 또한 기업소재정실태이다.

재정실태는 경영전략수립에 영향을 주는 주되는 요인의 하나이다.

재정은 경영활동에서 재산순환기능, 자금의 조성과 리용 및 분배기능, 원에 의한 통제기능을 수행하며 따라서 재정실태는 상업기업소의 살림살이를 종합적으로 반영한다.

그러므로 재정실태는 기업소경영실태에서 주되는 내용을 이루는 위치에 놓여있다.

상업기업소재정실태에서 기본을 이루는것은 류동자금실태, 류통비지출수준실태, 은행돈자리자금실태와 같은 지불능력실태이다.

상업기업소재정실태는 또한 상품류통실태, 상업기술실태와 밀접히 련결되여있으며 그것들의 호상관계를 반영한다.

재정실태가 불리한 상태에 있으면 상품류통실태도 좋을수 없으며 상업기술실태도 개선할수 없게 된다.

다시말하여 상품류통과 상업기술, 재정은 뗄수 없는 관계에 있다.

재정실태가 좋으면 경영전략을 예견성있게 잘 세울수 있지만 재정실태가 나쁘면 자립적인 경영전략을 세우기 힘들고 국가에 손을 내미는것과 같은 현상을 막을수 없게 된다.

상업기업소들의 재정실태에서 경제적실리를 특징짓는 기본지표는 순소득지표이다.

순소득은 일정한 기간 육체로동과 지능로동에 의하여 창조된 가치를 반영하며 독립채산제기업소의 경영활동결과에 실지로 벌어들인 순수입규모를 반영한다.

따라서 재정실태에서 순소득규모가 어떤 상태에 놓여있는가 하는것은 기업소재정전략을 세우는데서뿐아니라 총적전략수립에 영향을 주는 주되는 요인으로 작용하게 된다.

상업기업소경영전략수립에 영향을 주는 요인은 둘째로, 해당 기업소의 내부조건과 외부환경이다.

기업소의 내부조건과 외부환경은 경영전략수립에 직접적으로나 간접적으로 영향을 주는 중요한 요인의 하나이다.

기업소의 내부조건과 외부환경이 경영전략수립에 영향을 주는 요인으로 되는것은 경영전략자체가 외부환경변화에 대처하여 기업소의 내부자원과 능력을 합리적으로 동원리용하기 위한 책략이기때문이다.

우선 기업소의 외부환경은 해당 기업소의 경영전략수립에 영향을 주는 중요한 요인의 하나이다.

기업소의 경영활동은 상대적독자성을 가지고 진행되면서도 외부와의 일정한 련관속에서 진행된다.

더우기 사회주의경제는 집단주의적경제인것만큼 경제의 부문을 이루고 경영활동을 하는 모든 경제기관, 기업소들은 유기적으로 련결되여있다.

그리고 경제기관, 기업소의 경영활동은 같은 경제부문에 속하는 경영단위들의 경영활동과 밀접한 관계속에서 이루어지며 이러한 호상관계는 전국적인 범위에서뿐아니라 세계적인 경제관계로 확대발전된다.

따라서 외부환경은 기업소의 경영전략수립에 영향을 주는 요인으로 작용하지 않을수 없다.

다음으로 기업소의 내부조건은 해당 기업소의 경영전략수립에 영향을 주는 중요한 요인의 하나이다.

기업소의 내부조건은 경영전략수립에 주되는 영향을 주는 내적요인으로 작용한다.

기업소의 내부조건이라고 할 때 그것은 로력과 상품, 상업설비, 재정 등의 정보자료와 같은 인적 및 물적자원의 규모와 그 수준 등 외부환경과 그 변화에 대한 적응능력을 말한다.

다시말하여 기업소의 경영일군들과 종업원들의 사상의식 및 기술기능수준, 외부적인 상품수요와 그것을 보장할수 있는 능력, 질이 높은 상품을 확보할수 있는 능력, 상품의 보관능력, 류통비저하능력, 상품류통규모의 장성능력, 상업설비, 상품재고, 자금의 보유정형 등 외부환경의 변화에 대처할수 있는 능력을 의미한다.

기업소의 내부조건은 경영전략수립에 결정적인 영향을 준다.

기업소의 내부조건에서 가장 중요한것은 경영일군들과 종업원들의 사상의식수준과 기술기능수준이다.

경영일군들과 종업원들의 사상의식수준과 기술기능수준이 높으면 그 어떤 어렵고 복잡한 과업이 나선다해도 자력갱생의 혁명정신을 높이 발휘하여 그것을 성과적으로 수행할수 있다.

기업소의 내부조건에 대한 전면적인 파악과 그에 대한 조사와 분석은 경영전략수립의 전제조건으로 된다.

기업소의 내부조건에 대한 파악과 조사분석이 없이는 외부환경에 대처하여 내부자원과 능력을 합리적으로 결합리용하는 문제를 바로 해결할수 없으며 따라서 설정된 경제적목적을 달성할수 있는 경영전략을 과학적으로 세울수 없게 된다.

그것은 경영전략이 외부환경에 내부조건을 지향시켜 수립되며 외부적수요의 변화에 대처하여 기업소의 상품류통과 경영활동을 진행하기 위한 책략이기때문이다.

그런데 기업소의 외부환경만 수시로 변화되는것이 아니라 내부조건도 끊임없이 변화된다.

그러므로 경영전략을 세우는데서는 변화되는 외부환경에 변화되는 내부조건을 지향시켜 그에 적응하도록 하는 전략방안을 찾아내는 문제가 특별히 중요하게 제기된다.

이와 관련하여 외부적으로 제기되는 상품수요의 변화에 대하여 전면적으로 조사분석할뿐아니라 기업소내부조건의 변화에 대하여 구체적으로 조사분석하는 사업을 정상적으로 진행하여야 한다.

그래야 외부환경의 변화에 능동적으로 대처할수 있는 경영전략을 세울수 있다.

상업기업소 경영전략수립에 영향을 주는 요인은 셋째로, 경영지휘관의 실력이다.

경영지휘관의 실력은 경영전략수립에 영향을 주는 주동적요인이다.

경영지휘관의 실력이 경영전략수립에 영향을 주는 주동적요인으로 되는것은 무엇보다먼저 간부가 모든것을 결정하기때문이다.

간부는 모든것을 결정하는 혁명의 지휘성원들이다.

기업소경영지휘관은 당위원회의 지도밑에 행정사업을 설계하고 작전하며 지휘하는 행정책임자의 위치에 있는 간부이다.

경영지휘관이 당의 로선과 정책을 어떻게 받들고 어떻게 일하는가에 따라 경제사업의 성과가 좌우되게 된다.

경영지휘관이 당의 사상과 의도에 맞게 경제사업을 활력있게 밀고나가자면 실력을 결정적으로 높여야 한다.

경영지휘관의 실력이 높은가 낮은가에 따라 기업소경영전략을 과학적으로 세울수도 있고 그렇지 못할수도 있다.

이것은 경영지휘관이 높은 실력을 가질 때에만 경영전략을 주동적으로 세울수 있다는것을 말하여준다.

경영지휘관의 실력이 경영전략수립에 영향을 주는 주동적요인으로 되는것은 다음으로 그것이 과학적인 경영전략을 세울수 있도록 기업소내부조건과 능력을 능동적으로 마련해나가게 하기때문이다.

오늘의 현실은 과학적인 경영전략을 세우는데서 변화되는 환경에 대처하여 기업소의 내부조건과 능력을 능동적으로 마련해나갈것을 요구하고있다.


기업소의 내부조건과 능력을 능동적으로 마련해나가는데서 경영지휘관의 실력은 매우 중요하다.

경영지휘관의 실력이 높아야 우선 경영전략수립에서 주인으로서의 높은 책임감, 똑바른 주견과 과학적인 방법론을 가지고 기업소의 내부조건과 능력을 새롭게 세우기 위하여 끊임없이 사색하고 탐구하게 되며 열정적인 사업의욕을 발휘하게 된다.

경영지휘관의 실력이 높아야 또한 상품수요와 과학기술발전의 변화를 과학적으로 예견하고 기업소에서 걸린 중심고리에 력량을 집중할수 있는 방안을 실용성있게 내놓을수 있다.

경영지휘관의 실력이 높아야 또한 자력갱생의 위력으로 기업소의 능력과 잠재력을 적극적으로 마련할수 있다.

일군들의 실력은 자력갱생의 위력을 발양시키는 전제조건이다.

경영지휘관의 실력이 높으면 기업소경영활동에서 걸린 문제를 자체의 힘으로 풀어나갈수 있지만 실력이 없으면 우에 손을 내미는 현상을 극복할수 없게 된다.

경영지휘관의 실력이 경영전략수립에 영향을 주는 주동적인 요인으로 되는것은 다음으로 경영지휘관이 경영전략을 세우는데서 주도적인 역할을 하기때문이다.

경영전략수립에서 경영지휘관의 지식과 경험, 주관적인 분석과 판단 등은 큰 영향력을 행사한다.

물론 기업소에서 경영전략은 집체적토의와 심의를 걸쳐 최종적으로 확정되게 된다. 그러나 경영전략방안의 개발과 설정에서는 기업소경영지휘관의 실력의 영향을 강하게 받게 된다. 이것은 경영지휘관이 행정책임자의 위치에 있다는데만 있는것이 아니라 그가 지닌 실력이 무시할수 없는 강한 작용을 하기때문이다.

실력은 모든 성과의 열쇠이며 경영지휘관의 실력은 경영전략을 세우는데서 주도적인 역할을 한다.

현실은 실력있고 배짱과 담력있는 경영지휘관이 있는 곳에서는 언제나 혁신과 기적이 창조된다는것을 보여주고있다.

그러므로 상업기업소의 모든 경영일군들은 우리 당의 독창적인 경제관리사상과 리론, 경영전략에 관한 사상으로 튼튼히 무장하고 기업소의 현실과 정보산업시대의 요구에 맞는 과학적인 경영전략을 세움으로써 선군시대 봉사일군으로서의 사명과 본분을 다하기 위하여 적극 노력하여야 할것이다.",KJI,marketization_adjustment,2000s,7.110696122978827
과학기술지식의 본질적특징,최광일,2009,3,1166,"현시대는 과학과 기술의 시대, 정보산업시대이다. 과학과 기술의 시대, 정보산업시대인 오늘의 현실은 모든 일군들과 근로자들이 높은 과학기술지식을 소유할것을 절박하게 요구하고있다. 이로부터 과학기술지식에 대한 옳바른 리해를 가지는것은 모든 부문, 모든 단위의 일군들과 근로자들의 과학기술수준을 높이는데서 기초적인 문제로 나선다.

위대한 령도자 김정일동지께서는 다음과 같이 지적하시였다.
《과학기술지식은 사회생산력발전에서 날을 따라 더욱더 커다란 역할을 하고있다.》(《김정일선집》 14권, 54페지)

일반적으로 지식이라고 할 때 그것은 학습이나 생산실천을 통하여 배워서 알게 된것 또는 체계화된 인식의 총체를 말한다.

과학기술지식은 우선 경험적지식과 대비하여 볼 때 일련의 특징을 가지고있다.

사람들이 사회적실천에서 리용하는 지식은 그것이 객관세계의 본질과 그 변화발전의 합법칙성을 원리적으로 반영하고있는것인가 아닌가에 따라 경험적지식과 과학기술지식으로 구분할수 있다.

과학기술지식은 객관세계에 대한 원리적성격의 지식이다.

경험적지식은 끊임없이 반복되는 사회적실천활동과정에서 감각과 체험을 통하여 터득한 객관적현실에 대한 단편적인 지식으로서 비록 생산실천의 반영이지만 사물현상의 본질과 그 운동법칙을 원리적으로 반영하지 못한다. 인류사회의 최초에 사람들은 생존에 필요한 산열매를 따고 짐승들을 사냥하며 물고기를 잡는 등 경제활동을 하는데서 일정한 지식을 소유하고 그것을 적용하였다. 그러나 당시 주위세계와 거기에서 일어나는 변화들에 대한 그들의 지식은 감각기관, 경험에 기초한것으로서 경험적지식에 불과하였다.

경험적지식은 실천에서의 반복적인 과정을 통한 인식인것으로 하여 그 진리성은 확정적이고 특별한 검증공정을 거치지 않고 실천에 리용되였지만 경험적지식만으로는 변혁적인 성과를 기대하기 힘들며 이미 도입되고있는 기술을 어느정도 개선하는데 국한되는것이 보편적현상으로 되고있다. 실례로 최초에 인간이 불을 발견하고 그것을 리용한것은 어디까지나 경험적지식에 기초한것이지 처음부터 물리, 화학의 원리 즉 연소작용을 리치적으로 인식한데 기초한것은 아니였다. 불의 연소원리, 물리, 화학적원리를 리치적으로 파악하지 못한 경험적지식만으로는 시간과 장소, 대상에 따르는 불의 합리적리용을 담보할수 없다.

과학기술지식은 경험적지식과는 달리 객관세계를 원리적으로 반영하고있는 지식으로서 주로 과학적탐구와 학습을 통하여 얻어진다. 주로 감각과 체험을 통하여 실천에서 얻어지는 경험적지식과 달리 학습과 연구의 결과로 얻어지는 지식인것으로 하여 과학기술지식을 경제건설실천에 리용하는데는 그 진리성과 실천적인 효과성에 대한 검증이 필요하며 일정한 실험공정이 요구되기도 한다. 그러나 과학기술지식은 경험적지식과는 달리 사물현상의 본질과 운동법칙을 리치적으로 반영한 지식인것으로 하여 무에서 유를 창조하고 새로운 기술, 새로운 산업부문을 끊임없이 산생시킴으로써 경제발전의 거대한 원동력으로 작용한다.

이처럼 과학기술지식은 객관세계를 원리적으로 반영하고있는 지식이며 바로 여기에 경험적지식과 구별되는 과학기술지식의 중요한 본질적특징이 있다.

과학기술지식은 또한 물질적재부와 구별되는 일련의 특징을 가지고있다. 인간의 사회적실천활동과정에 창조되는 사회적재부에는 물질적재부와 함께 정신적재부의 한 형태로서의 과학기술지식이 있다.

과학기술지식이 물질적재부와 구별되는 특징은 첫째로, 그것이 사유활동, 지적활동의 산물로서 얻어지고 인간의 의식속에 반영되여있는 지식이라는데 있다.

과학기술지식은 그 존재형태에서 물질적재부와 구별된다.

과학기술지식은 인간의 사유활동, 인간의 존재와 불가분리적인 관계에 있다. 과학기술지식은 물질적재부와는 달리 인간의 지적활동, 사유활동을 통한 객관세계에 대한 원리적인식의 체계인것만큼 사람의 사유활동과 사람 그 자체를 떠나서는 형성될수도 존재할수도 없다. 객관세계의 리치와 실천활동에서의 그 적용원리에 관한 과학기술지식은 어디까지나 인간의 의식속에서만 존재할수 있다.

과학기술지식은 사유활동의 산물로서 인간
										의 의식속에 반영되여있는 지식인것으로 하여 비물질적이며 무형이다. 과학기술지식은 의식에 반영된 정신적재부인것으로 하여 그것을 소유한 사람들이 끊임없이 반복하여 쓸수 있으며 아무리 리용하여도 그 어떤 손실도 보지 않게 된다.

물질적재부는 유형의 재부 즉 물질적형태의 재부이다. 유형의 물질적재부는 그 창조과정에 물질적자원과 인간의 로동을 소비하며 그 지속적리용을 위하여 새로운 자원과 로동을 또다시 요구하게 된다.

사람의 의식속에 반영된 무형의 재부인 과학기술지식은 다만 그것이 전달될 때 종이나 통신수단을 리용하게 된다. 과학기술지식은 일단 창조되면 한사람에게서 다른 사람에게로, 또 다른 사람에게로 전달되며 리용되게 되는데 이때 여러가지 형태의 종이나 통신수단, 전자기억매체 등을 사용하게 된다.

과학기술지식이 물질적재부와 구별되는 특징은 둘째로, 그것이 물질적재부창조의 수단과 방법을 제공한다는데 있다.

과학기술지식과 물질적재부와의 관계에서 결정적우위를 차지하는것은 과학기술지식이다.

과학기술지식의 발전과정은 전달수단의 개선과정과 밀접히 련관되여있다. 문자의 출현과 종이의 발명이 과학기술지식의 발생, 발전을 가져왔으며 전화기와 TV를 비롯한 대중통신수단의 발전, 특히 콤퓨터의 출현이후 광대역망의 형성은 과학기술지식의 폭발적증대를 가져왔다. 비록 그 전달과정에 물질적매체를 필요로 하며 이로 인하여 물질적수단에 의존하게 되지만 과학기술지식은 물질적재부창조의 수단과 방법을 제공하는것으로 하여 물질적재부에 비하여 결정적우위를 차지한다. 과학기술지식발전에 영향을 준 콤퓨터와 대중통신수단도 결국은 과학기술발전의 산물인것이다. 높은 과학기술지식을 소유할수록 물질적재부를 더 많이, 더 좋게 만들어낼수 있으며 사회발전과 경제건설을 힘있게 추동하게 한다.

과학기술지식이 물질적재부와 구별되는 특징은 셋째로, 그 폭과 심도가 끊임없이 확대, 심화되며 부단히 갱신되여나간다는데 있다.

이미 도달된 과학기술지식은 항구적이고 불변적인것이 아니다. 사람들의 자주성, 창조성, 의식성이 높아질수록 그에 맞게 객관세계에 대한 사람들의 인식능력은 끊임없이 높아지며 이에 따라 사람들의 과학기술지식도 끊임없이 넓어지고 깊어지게 되며 새로운 과학기술지식의 탐구나 습득으로 종래의 과학기술지식은 이전의 사용가치를 일정하게 상실하게 된다.

자료에 의하면 세계적으로 과학기술발전속도는 경제발전속도를 3~4배 릉가하고있다고 한다. 세계적으로 한해에 과학기술분야에서 이룩되는 연구성과들을 보면 발명건수는 약 150만건, 과학기술론문건수는 약 500만건에 달하고있다. 이것은 매 시간당 발명은 170건, 과학기술론문은 570건씩 나온다는것을 말해준다.

부단히 확대, 심화되고 갱신되여나가는 과학기술지식의 중요한 특징은 모든 일군들과 근로자들로 하여금 부단히 학습하고 탐구, 사색하여 자기의 과학기술지식수준을 끊임없이 높여나가는것이 필수적인것으로 되게 하고있다.

과학기술지식은 또한 과학기술에 비하여 일련의 특징을 가지고있다.

과학기술지식의 본질적내용은 과학과 기술과의 련관속에서 옳게 파악하여야 한다. 그것은 과학지식, 기술지식이 어디까지나 과학과 기술에 관한 지식이라는 의미를 담고있는것과 중요하게 관계된다. 과학과 기술은 일종의 지식이며 또한 지식의 산물이다. 객관세계의 사물현상의 발전법칙을 밝혀내고 자연과 사회를 개조하고 변혁하는 사람들의 실천활동에 복무하는 과학은 그 자체가 자연과 사회에 대한 사람들의 지식의 체계이다.

과학은 자연과 사회의 리치를 정확히 반영한 체계화된 지식이며 그것은 사람들의 정신활동과 관련된 넓은 령역을 포괄한다. 과학은 개념이나 정의, 공식, 법칙들과 같은것으로 현실을 반영한다는 점에서 다른 사회적의식형태들과 구별되는 특징을 가진다. 과학에 대한 리해로부터 과학지식을 자연과 사회의 본질과 변화발전의 합법칙성에 대한 체계화된 인식으로 규정할수 있다. 여기서 명백히 알수 있는것은 과학이나 과학지식이나 모두 사람들의 인식활동에 의해 얻어지는 자연과 사회의 리치에 관한 체계화된 지식 또는 인식인것으로 하여 기본내용에서는 량자가 본질적인 차이를 가지지 않는다는것이다.

차이는 다만 과학이 주로 자연과 사회에 대한 지식의 체계인 동시에 그러한 지식을 체계화하는 사람들의 창조적활동분야, 학문을 의미한다면 과학지식은 과학을 연구하고 학습하는 사람들의 인식활동에 의하여 사람들의 머리속에 반영되는 자연과 사회의 리치에 대한 인식의 체계라는것이다. 수학이라는 학문, 과학이 있다고 하여 모든 사람들이 수학지식을 가지고있는것은 아니다. 전문적인 연구를 통하여 수학이라는 학문이 나오고 발전하지만 수학지식은 수학을 연구하고 학습하는 사람들만이 가지게 되는 객관세계의 량적관계와 공간적형식에 관한 인식의 체계인것이다.

기술지식 역시 기술과의 관계에서 그 본질적내용을 옳게 파악하여야 한다. 기술이라고 할 때 그것은 생산활동과 사회적실천과정에 이루어진 수단들과 그것을 다루고 발전시켜나가는 과정에 얻어진 기능, 방법의 총체를 의미한다. 기술은 넓은 의미에서는 생산적기술과 비생산적기술을 다 포괄한다. 생산에 리용되는 모든 기술적수단들(기계, 발동기, 기계장치, 공구, 생산적건물과 구축물 등)과 생산공정, 방법, 기능들이 생산적기술에 속하며 비생산적목적에 쓰이는 기술적수단들과 기능(기교), 방법들이 비생산적기술에 속한다.

기술이라고 할 때 주로는 생산적기술을 많이 념두에 둔다. 비생산적목적에 쓰이는 기술적수단들은 생산적기술의 발전에 크게 의존된다.

기술역시 기술에 관한 지식으로서 기본내용에 있어서는 기술지식과 근본적인 차이를 가지지 않는다. 이런 의미에서 기술지식을 생산과 사회적실천에 리용되는 수단들과 방법, 기능에 대한 인식의 체계라고 말할수 있다.

그러나 기술에는 지식적측면과 함께 지식의 활용에 의하여 이루어진 산물도 포함된다. 기계설비를 비롯한 기술적수단들은 물론 새로운 기계설비에 관한 설계와 정보설비들에 쓰이는 각종 프로그람들도 다 기술에 속한다. 이러한 객관적인 기술적수단들과 그의 제작 및 운영방법, 공정을 기록한 문건, 도면 등 매체들은 직접적으로 인간의 의식에 반영된 기술지식으로 될수는 없다. 기술지식은 어디까지나 사람들의 인식활동과 직접 관련된 개념으로서 생산과 사회생활에 리용되는 수단과 방법, 기술에 관한 원리적인 인식의 체계인것이다.

과학기술지식은 인간의 인식활동, 지적활동과 관련된 개념으로서 인간의 머리속에 반영된 객관세계의 합법칙성과 그에 맞는 창조와 개조방법에 대한 인식이지 인식활동, 지적활동의 결과 창조된 수단까지 포괄하는것은 아니다.

사람들이 기계설비나 공구를 가지고있다고 하여 그에 대한 과학기술지식을 가졌다고 할수는 없다. 기계설비나 공구가 어떤 원리에 기초하여 어떻게 제작되는가에 대한 체계적인 인식이 바로 과학기술지식이다. 이러한 과학기술지식이 있어야만 사람들은 설사 그러한 제품이 없다고 해도 만들어낼수 있고 고장나거나 파괴되여도 다시 만들어낼수 있다. 사람들이 기술을 소유하려는 목적도 단순히 현실에 있는 그 어떤 제품을 그대로 리용하는데만 있는것이 아니라 그 제품을 만드는것과 관련된 지식을 배우며 새로운 제품을 만들자는데 있다. 이러한 지식을 가졌을 때 비로소 완전한 기술 또는 기술지식을 소유했다고 할수 있다.

이처럼 과학기술지식은 인간의 인식활동, 지적활동과 관련된 개념으로서 실천활동의 요구로부터 자연과 사회의 본질과 그 변화발전의 합법칙성, 그것을 로동과 생산활동, 사회생활에 적용하기 위한 원리, 리치에 관한 인식의 체계인것이다.

과학기술지식이 과학기술과 구별되는 일련의 특징을 가지고있으나 이 두 개념은 밀접히 련관되여있으며 거의 같은 의미로 쓰이기도 한다.

모든 일군들과 근로자들은 경애하는 장군님께서 《창조와 건설에서 지식은 최대의 재부이며 무식은 최대의 빈곤이다》라고 하신 말씀을 높이 받들고 자신의 과학기술지식수준을 부단히 높여나감으로써 강성대국건설에 적극 이바지하여야 할것이다.",KJI,marketization_adjustment,2000s,7.062191632286556
일본독점자본의 동남아시아 지역에 대한 경제적지배책동의 특징,리철욱,1999,2,1469,"일본독점자본은 일찍부터 동남아시아의 나라 및 지역들에 대한 경제적침투를 강화하였으며 오늘에는 동남아시아에 대한 경제적지배에서 다른 그 어느 나라 독점자본보다도 압도적인 지위를 차지하고 있다．

일본독점자본의 동남아시아지역에 대한 경제적지배책동은 침략적이며 략탈적인 특징을 가지고 있다．

첫째로, 일본독점자본의 동남아시아지역에 대한 경제적지배책동은 미제의 세계전략 아시아태평양전략과 밀접히 결부되여 침략적이며 략탈적인 《환태평양경제권》형성의 일환으로 감행되고 있다는것이다．

위대한 수령 김일성동지께서는 다음과 같이 교시하시였다．
《미제의 적극적인 부추김밑에 일본군국주의자들은 해외팽창야망을 실현하기 위하여 아시아의 여러 나라들에 대한 침투를 강화하고있습니다．》 ( 《김일성저작집》 29권, 73페지)

큰 놈을 등에 업고 횡재하는것은 예나 지금이나 다름없는 일본독점자본의 력사적특징이다．

특히 제2차 세계대전후 되살아난 일본독점자본은 미제를 등에 업고 그의 세계전략, 아시아태평양전략수행에 적극 협조하고 편승 가담하여 침략적인 《환태평양경제권》을 형성하는데서 저들의 해외침략의 야망을 실현하는 길을 찾게 되였다．

이것은 제2차 세계대전후 자본주의세계에서 일어난 변화와 깊이 관련되여있다．

제2차 세계대전을 통하여 세계제국주의는 심대한 타격을 받은 반면에 사회주의력량과 식민지민족해방력량은 급속히 장성하여 제국주의는 멸망의 위기에 직면하게 되였다．

이러한속에서 전쟁을 통하여 막대한 치부를 하고 경제적으로나 군사적으로나 자본주의세계에서 압도적지위를 차지하게 된 미제국주의는 제국주의를 멸망의 위기에서 벗어나게 하며 저들의 세계제패의 야망을 실현하기 위하여 자본주의세계를 군사적으로 장악하고 경제적으로 자기의 통제밑에 넣어 장성하는 사회주의력량과 식민지민족해방력량을 반대하는 침략책동에 매달리게 되였다．

이를 위해 미제는 아시아에서 일본독점자본과 군국주의를 부활시키고 강화하여 저들의 아시아태평양전략과 세계전략수행을 위한 돌격대로 내세우기 위한 정책을 일관하게 실시하여왔다．

또한 제2차 세계대전에서 패망함으로써 치명적인 타격을 받은 일본독점자본과 군국주의는 오직 손아래동맹자로서 미제와 결탁하고 그의 세계전략에 적극 협조함으로써만 저들의 재생과 《대동아공연권》의 옛 꿈을 실현하기 위한 해외팽창에 적극 나설수 있었다．

이리하여 미일제국주의자들은 서로 리해관계의 공통성으로 하여 주종적결탁관계를 맺었으며 이것을 법적으로 고착시킨것이 이른바 《미일안보조약》이였다． 《미일안보조약》은 비단 정치, 군사적으로뿐만아니라 경제적으로 미일간의 주종적결탁관계를 규정하고있다．

일본독점자본은 《미일안보조약》이 규정한 궤도를 따라 미제의 아시아태평양전략과 세계전략수행에 적극 가담협조함으로써 급속히 부활팽창할수 있었으며 이 궤도를 따라 해외진출을 진행함으로써 그것을 급속히 다그칠수 있었다．

미제는 《미일안보조약》을 통하여 일본을 자기의 손아래동맹자로 편입하고 있을뿐아니라 저들의 세계전략수행을 위하여 만들어낸 국제기구들인 《국제통화기금》, 《관세 및 무역에 관한 일반협정》, 《세계은행》, 《경제협력개발기구》, 《선진국수뇌자회의》등에 일본을 끌여들여 이 기구를 통하여서도 일본독점자본이 저들의 세계전략수행에 적극 협조해나서도록 하고있으며 일본독점자본은 일본독점자본들대로 이 기구를 통하여 미제의 세계전략수행에 협조하는 대가로 저들의 해외진출의 야망을 순조롭게 실현해보려고 교활하게 책동하여 왔다．

아시아에서 일본군국주의를 앞세워 이 지역을 장악하고 나아가서 세계제패의 야망을 실현하며 또 미제를 등에 업고 《대동아공영권》의 옛꿈을 실현하려는 일본군국주의의 흉악한 야망은 《환태평양경제권》형성이라는 침략적이며 략탈적인 구상을 배출하게 되였다．

《환태평양경제권》 은 태평양연안나라들사이의 경제협력의 표방밑에 이 지역나라들에 대한 경제적지배권을 확립하기 위하여 일본이 주장하는 경제통합계획으로서 미일공동의 《환태평양경제권》 의 형성은 경제적침략에만 그 목적이 있는것이 아니라 정치적예속과 군사적침략을 강화하는데 중요한 
										목적이 있다． 그것은 경제적예속이 심화되면 될수록 정치군사적예속이 심화되게 되며 부르죠아사상문화적침투가 더욱 강화되기때문이다．

이 구상은 1960년대부터 태평양무역개발회의 (PTDC), 태평양경제위원회(PBEC)등에서 제창되기 시작하였다．

《환태평양경제권》 구상은 주체67(l978)년에 일본의 이전 수상 오히라에 의하여 국가의 정책적인 문제로 제기되였다．

이 구상이 포괄대상으로 하고 있는 나라들을 보면 아시아와 오세안주, 북아메리카주, 남아메리카주지역 등 태평양지역의 모든 나라들이다．

이 구상은 지역내 나라들사이의 개발 《원조》 , 무역과 산업조성, 자원개발, 자본이동, 인재개발 등 기만적인 내용들로 자기의 침략적이며 략탈적인 성격을 가리우고있다．

동남아시아지역은 독점자본이 리윤에 대한 끝없는 탐욕을 실현하는데서 그 어느 지역보다 유리한 점을 많이 내포하고있는것으로 하여 《환태평양 경제권》 형성에서 미일량자에게 다같이 가장 큰 관심을 가지게 하는 지역의 하나로 되였다．

미제는 제2차 세계대전 직후부터 저들의 침략적인 전략을 실현하기 위하여 이른바 《미일동남아시아3각지역구상》을 내걸고 동남아시아를 세력권안에 틀어쥐기 위한 책동을 집요하게 벌려왔다．

일본독점자본은 미제의 침략적인 전략에 적극 편승하여 동남아시아지역에서 정치경제적으로 자기의 마수를 뻗치기 위해 악랄하게 책동하여 왔다．

그리하여 미일독점자본은 서로 《협조》하고 또 《경쟁》 하면서 동남아시아에서 공동의 신식민주의적지배를 실현하기 위한 《경제권》을 형성하는데로 나아가게 되였다．

오늘 일본독점자본은 동남아시아지역에 대한 경제적지배권에서 압도적지위를 차지하고있으며 이 지역나라들에 대한 자본수출과 무역에서 세계 첫 자리를 차지하고있다．

미일공동의 《환태평양경제권》 형성을 위한 책동은 단순한 경제적구상이 아니라 그것은 아시아태평양지역에서 제국주의적이며 신식민주의적인 경제권을 형성하는것이며 사회주의의 영향력을 막고 민족적독립을 이룩한 나라들을 또다시 예속시키며 군사전략적체계를 실현하는데 기본목적이 있다.

이와 같이 일본독점자본의 동남아시아지역에 대한 경제적지배책동은 미제의 세계전략, 아시아전략과 밀접히 결부되여 《대동아공영권》의 재판인 《환태평양경제권》형성의 일환으로 된다는데 그 특징의 하나가 있다.

둘째로, 일본독점자본의 동남아시아지역에 대한 경제적지배를 위한 국가자본수출이 기만적인 《배상》과 《준배상》의 명목으로 시작되여 그 지반이 마련되고 유리한 조건을 형성하였다는것이다.

국가자본수출의 선도적역활은 일본독점자본의 해외진출에서 력사적특징으로 되고있다.

이것은 처음에는 일본독점자본주의의 후진성, 강한 침략성과 관련되여있었다.

이미 유미자본주의나라들이 산업혁명을 수행하고 식민지략탈에 광분하면서 점차 독점단계로 이행하기 시작한 시기에 명치유신을 계기로 뒤늦게 자본주의발전의 길에 들어선 일본은 절대주의권력에 의하여 우로부터의 자본주의발전을 강행하면서 자본주의발전을 위한 시초축적을 위하여 우리 나라와 중국에 대한 식민지략탈을 위한 군사적침략을 일찍부터 감행하는 한편 재벌을 적극 육성하였다.

이러한 조건에서 일본에서는 아직 국가독점단계에 들어서기전부터 재벌과 국가권력의 유착이 매우 강해졌다.

그러나 재벌들의 힘이 아직 미약하여 독자적으로 해외진출을 할수 있는 힘을 못가진 조건에서 국가는 군사적침략을 앞세우면서 그에 기초하여 국가자본을 수출하고 독점자본의 해외진출을 선도하고 보장하는 역활을 놀게 되였다.

이것은 그후 독점자본이 강화된 조건에서도 계속되여 일본독점자본의 해외진출에서 하나의 체질적인것으로 되였다.

제2차 세계대전후 원조, 경제협력의 미행하에 진행된 국가자본의 수출은 일본독점자본의 해외진출과 다국적기업화를 성과적으로 보장하기 위한 중요한 수단으로 되였다.

대동아공영권의 옛꿈을 실현하는데서 가장 중요한 지역의 하나인 동남아시아지역은 제2차세계대전시기 일제의 강점하에 있으면서 커다란 인적 및 물적피해를 입은 지역으로서 일본에 대한 원한의 감정이 크게 남아있었다.

이런데로부터 일본독점자본은 이 지역의 반일감정을 눅잦히며 경제적진출을 용의하게 하기 위한 수단으로써 기만적인 《배상》, 《준배상》의 형태로 국가자본을 이 지역에 들이밀게 되였다.

제2차 세계대전 이전시기까지만 하여도 동남아시아는 일본독점자본에게 있어서 아직 식민지적지배를 실현하지 못한 미개척지의 하나로 남아있었다.

동남아시아지역은 영국, 네데를란드, 미국, 프랑스 등의 식민지로 이미 분할되여 있었고 식민지적 착취와 략탈을 당하고있었다.

동남아시아지역에는 풍부한 자원이 매장되여 있었다.

이 지역에서 생산되는 주요생산물들인 고무, 삼, 코프라, 기름야자, 치크재목재, 차 등은 세계 총생산액의 50%이상을 차지하였으며 쌀생산이 세계생산량의 30%, 중석이 22%나 차지하며 석유, 철광, 은, 연, 아연 등도 적지 않게 생산되고 있었다.

이러한 현실은 일본독점자본의 구미를 몹시 자극하였다.

특히 자원이 적은 나라로서 침략전쟁을 확대하고있던 일본에 있어서 이 지대를 장악하는것은 매우 사활적인 문제로 제기되였으나 여러 제국주의렬강들에 의하여 이미 식민지로 나누어져있는 사정은 일본독점자본의 이 지역에로의 진출을 강하게 가로막고 있었다.

제2차 세계대전은 일본독점자본의 동남아시아에로 진출을 적극화할수 있는 중요한 기회로 되였다.

그러나 전쟁이 일본의 패전으로 종결되므로 하여 오히려 이 지역 나라들의 반일감정을 격화시키는 결과를 초래하였을뿐이였다.

그러나 리윤에 대한 끝없는 탐욕과 《대동아공영권》의 옛꿈을 실현하려는 일본군국주의자들의 변함없는 야망은 이 지역에 대한 탐욕의 눈길을 떼지 못하게 하였으며 그 출로로 찾은것이 이 지역 나라들에 대한 기만적인 《배상》과 《준배상》이였다.

동남아시아나라들에 대하여 《배상》과 《준배상》의 방법으로 자본진출의 시초로 마련하는것은 여러모로 일본독점자본에 있어서 유리한점을 내포하고있었다.

그것은 우선 이 지역나라들에 커다란 피해를 입힌데 대하여 위선적인 《사죄》감을 표시함으로써 국제사회계의 비난을 모면하게 하며 저들의 지지세력을 규합하여 이 지역에 대한 신식민주의적진출의 유리한 환경을 마련할수 있었다.

또한 이 지역나라들의 경제건설과정은 일본독점자본의 《배상》과 《준배상》의 명목으로 국가자본을 들이미는데서 유리한 조건으로 되고있었다.

제2차 세계대전후 정치적독립을 달성한 동남아시아의 여러 나라들앞에는 민족공업을 창설하고 발전시켜야 할 과업이 절박하게 제기되고 있었다.

지난날 산업혁명단계를 거치지 못하였으며 제국주의자들의 식민지통치시기에 민족공업의 발전이 심히 억제되였던 사정으로 하여 공업화는 정치적독립을 이룩한후 모두 발전도상나라들에 있어서 공통적인 과업으로 제기되는것이다.

제2차 세계대전이 끝난후 동남아시아나라들은 제국주의식민지통치시기의 후과를 가시고 자체의 민족산업을 건설하고 인민들의 생활을 향상시키기 위하여 투쟁하였으며 특히 1960년대에 들어서면서 나라의 경제를 공업화하기 위한 여러가지 형태의 공업화전략들을 추진하면서 새로운 공업부문들을 창설하기 위해 적극 노력하였다.

이 과정에 이 나라들이 겪은 자금의 심한 부족은 일본독점자본이 들이미는 《배상》,《준배상》에 대하여 《정부개발원조》로서 꺼리낌없이 받아들이게 하였다.

일본독점자본이 진행한 이 기만적인 《배상》,《준배상》은 일본독점자본의 잉여상품판매시장을 장기적으로 보장하고 그들의 고도축적을 촉진하는 중요한 수단으로 되였으며 그것을 받는 나라들로 하여금 도로, 철도운수, 항만, 통신시설 등 이른바 산업기반들을 건설하도록 함으로써 사독점자본이 쉽게 침투할수 있는 지반을 마련하도록 하였다.

이처럼 기만적인 《배상》과 《준배상》은 일본독점자본이 동남아시아에 대한 국가자본수출을 대대적으로 진행하는데서 선도적역할을 놀았다.

셋째로,일본독점자본의 동남아시아지역에 대한 경제적지배를 위한 자본수출에서 제조업분야의 비중이 다른 그 어느 지역보다도 휠씬 높다는것이다.

원래 제국주의자들은 발전도상나라들에서 공업이 발전하는것을 바라지 않으며 오직 저들의 원료, 연료의 공급자로서 잉여상품의 판매지로써만 기능할것을 요구하였다.

그러나 제2차 세계대전후 세계적범위에서 발전도상나라들의 민족경제건설을 제국주의자들의 이러한 사고방식의 변화를 가져오게 하였다.

그러나 그러한 변화는 략탈방식의 변화에만 국한되며 그 침략적본성의 변화는 조금도 있을수 없는것이다.

일본독점자본은 동남아시아나라들에서 자주적인 공업발전의 길을 가로막고 이 나라들의 공업에 대한 지배와 략탈체계를 새로운 력사적조건에 맞게 세워놓음으로써 이 나라들에서 저들에 대한 의존성을 강화하며 경제를 하청화하려는 목적을 추구하였다.

한편 과학기술의 발전은 제국주의자들에게 뒤떨어진 나라들에서 낡은 기술에 의거하는 공업을 건설한다 하더라도 생산력발전수준상 심한 차이로 하여 발전된 자본주의나라들의 상품이 뒤떨어진 나라들의 상품을 세계시장에서 밀어낼수 있는 경쟁상우세를 충분히 보장할수 있게 하였다.

또한 뒤떨어진 나라들에 대한 로동집약산업, 공해산업을 비롯한 다국적기업체들의 새끼회사들을 이설함으로써 생산지를 원료원천지와 판매지에 접근시키면 눅은 로동력을 리용하여 최대한의 리윤을 얻을수 있으며 자국내의 환경오염도 방지할수 있었다.

이러한 리해타산은 미일독점자본을 비롯한 략탈자들로 하여금 발전도상나라들의 일부 공업분야에 투자하여 일정한 수준의 가공공업을 건설하게 하였다.

특히 경제가 수출주도형경제구조를 이루고 있는 일본의 독점자본은 일부 수출산업들을 원료원천지와 판매지, 값눅은 로동력이 많은 발전도상나라들에 이설함으로써 경제공황과 수출부진으로 인한 구조적경제위기의 부담을 이 나라들에 전가할 목적으로 그를 위한 유리한 조건이 많은 동남아시아지역에 대한 투자를 미친듯이 진행하였다.

다음으로 제2차 세계대전후 특히 1960년대에 들어서면서 동남아시아나라들에서 실시해 온 공업화전략도 일본독점자본이 동남아시아지역의 가공공업분야에 투자를 집중하게 하는데서 중요한 작용을 하였다.

1950년대말, 1960년대부터 공업화의 목표를 제기하고 여러 공업화전략을 실행해온 동남아시아나라들의 공업화과정은 부족되는 자금과 필요한 기술을 다른 나라에 의거하여 해결하는 과정을 동반하였다.

이 나라들에서 1960년대에 실행한 《수입대체공업화전략》은 수입품을 대신하는 공업기술을 우선적으로 발전시킨것을 그 내용으로 하고있다.

그러나 그를 위한 기술과 대부분의 중간제품, 원료를 수입에 의거하는것으로부터 시작하였으며 이것은 일본독점자본을 비롯한 제국주의독점체들이 이 나라들의 수입대용생산부문에 대한 자본투자를 늘일수 있는 기회를 조성하였다.

1960년대 후반기와 1970년대에 걸쳐 실시한 《수출지향형공업화전략》실행과정은 외국자본의 류입을 더욱더 증대시켰다.

《수출지향형공업화》는 외국독점체들의 기술과 자금을 받아들여 국내원료와 로력자원에 의거하는 수출공업을 건설하는것을 본질적내용으로 하였으며 이것은 제국주의독점체들이 이 분야에 대한 투자를 적극 늘이도록 자극하였다.

일본독점자본은 그 어느 나라의 독점체들보다 동남아시아지역에 대한 투자에 열을 올렸으며 자원 및 로동 집약적공업들, 공해산업, 일부 수출산업들을 이 지역에 《이식》하였다.

이 과정에 이 나라들에서는 대외시장을 대상으로 하는 피복공업, 전기 및 전자제품의 조립공업, 식료공업, 자동차조립공업들이 일본독점체들의 하청기업으로서 등장하였다.

이러한 기업들은 주로 설비 및 중간재, 기술을 일본독점자본에 의존하고있으므로 하여 이 나라들의 대일경제적의존성과 예속성을 더욱 심화시키고 있다.

주체82(1993년)말 현재 동남아시아나라들에 대한 일본독점자본의 직접투자액은 근 540억US$에 달하였으며 그의 70%이상이 제조업분야에 투자되였다.

이것은 이 지역나라들에서 일본독점자본의 지배와 략탈책동이 매우 방대한 규모에서 진행되고 있다는것을 보여주고 있다.

이상에서 본바와 같이 일본독점자본의 동남아시아지역에 대한 경제적지배책동은 다른 지역들과 구별되는 일련의 특징들을 띠면서 더욱더 교활하게 략탈적으로 감행되고있다.",KJI,marketization_adjustment,1990s,7.293017679772782
생산수단류통에서 경제적공간리용의 본질적특징,장인백,2000,1,1337,"사회주의경제제도가 수립되고 근로인민대중이 경제의 주인으로 된 사회주의사회에서 경제를 어떻게 관리운영해나갈것인가 하는 문제 특히 생산수단류통에서 경제적공간을 어떻게 합리적으로 리용할것인가 하는 문제는 나라의 전반적경제발전, 생산발전의 성과를 좌우하는 매우 중요한 문제의 하나이다.

생산수단류통에서 경제적공간의 합리적리용문제는 생산수단류통의 본질로부터 제기되는 필수적인 문제로 제기된다. 그것은 생산수단류통의 본질이 경제적공간의 합리적리용을 위한 구체적인 방법들을 규제해주기때문이다.

이로부터 생산수단류통에서 경제적공간리용의 본질적특징에 대한 해명에 앞서 생산수단류통의 본질을 밝히는 문제가 무엇보다도 선차적으로 나선다.

우리 식 사회주의사회에서 생산수단류통의 본질은 생산수단공급이다.

생산수단공급은 사회주의경제제도의 본성을 반영하는 경제범주로서 중요한 경제적공간을 이룬다.

사회주의사회에서 생산수단류통의 본질이 공급으로 되는것은 첫째로, 생산수단류통이 생산수단에 대한 사회주의적소유에 기초하고있는데 있다.

생산수단에 대한 소유관계는 생산수단류통의 사회적성격을 규정하는 경제적기초로 된다.

그 어떤 생산수단의 류통도 생산수단에 대한 소유관계를 떠나서 독자적으로 존재하지 못한다.

생산수단에 대한 사회주의적소유는 생산의 물질적조건들이 사회주의근로자들의 집단적소유, 사회적소유로 되여있는 소유관계를 반영한다.

생산수단에 대한 사회주의적소유에 기초하고있는 생산수단의 류통은 사회적소유에 기초하고있는것과는 근본적으로 달리 사회주의근로자들이 생산수단에 대한 소유의 주인으로 되여있는 관계를 반영하고있다.

바로 이것은 생산수단의 류통이 공급으로 되게 하는 주되는 근거의 하나로 된다.

생산수단류통의 본질이 공급으로 되는것은 둘째로, 사회주의사회에서 생산수단에 대한 류통이 자본주의사회와는 달리 집단주의리념을 구현하고있는데 있다.

생산수단에 대한 사회주의적소유는 사회적집단이 소유의 공동의 주인으로 되여있고 사회주의근로자들의 기본리념인 집단주의리념에 기초하고있는것으로하여 근로자들사이에는 서로 동지적으로 협조하고 방조하는 관계가 서게 된다.

생산수단의 류통이 바로 이러한 사회경제관계를 반영하고 있는것으로하여 본질상 공급으로 되는 다른 하나의 근거로 된다.

생산수단류통의 본질이 공급으로 되는것은 셋째로, 사회주의사회에서 생산수단에 대한 류통이 국가의 통일적이며 계획적지도밑에서 실현된다는데 있다.

사회주의사회에서 매개 자재공급기관들은 국가의 중앙집권적인 통일적지도와 통제밑에서 인민경제계획에 따라 경영활동을 진행한다. 사회주의국가는 인민경제의 계획적균형적발전법칙의 요구에 맞게 전사회적규모에서 계획을 세우고 기업소들에 시달하며 매개 기업소들은 국가의 계획과제를 수행하는 과정을 통하여 사회주의경제법칙의 요구를 실현해나간다. 사회주의사회에서 생산수단의 류통은 바로 국가의 계획적이며 통일적인 지도밑에서 이루어지는 경제관계를 반영하고있다. 이것은 바로 생산수단류통이 공급으로 되는 근거의 하나이다.

생산수단류통이 공급으로 되는것은 생산수단에 대한 사회주의적소유와 사회주의근로자들사이의 동지적협조와 방조, 국가의 통일적지도와 계획적지도에 의하여 경제가 운영될 때만이며 그 가운데서 어느 하나의 요소라도 이루어지지 못하면 생산수단의 류통이 본질상 공급으로 될수 없다는것을 잘 보여준다.

사회주의사회에서 생산수단류통의 본질이 공급임에도 불구하고 상업적형태를 통하여 실현된다.그것은 사회주의사회의 과도적성격이 작용하기때문이다.

사회주의사회의 과도적성격으로 하여 경영상 상대적독자성이 존재하게 되며 다같이 국가적소유에 기초한 기업소들사이 생산수단의 류통은 생산수단의 소유관계에서 그 어떤 변화를 가져오지 않으면서도 사고 파는 형식을 취하게 된다는것을 알수 있다.

사회주의사회에서 생산수단류통의 지위와 역할은 첫째로, 재생산의 계기에서 기본이며 결정적인 역할을 수행하는 생산계기에 속하는 류통의 두단계이라는데 있으며 둘째로, 나라의 재부를 늘이며 새로운 가치형태를 창조한다는데 있으며 셋째로, 사회주
										의적재생산의 균형을 보장하는 고리로 된다는데 있다.

다음으로 생산수단류통의 본질을 해명한데 따라 생산수단류통에서 경제적공간리용의 본질적특징을 밝히는 문제이다. 그것은 경제적공간의 본질과 관련된다.

일반적으로 경제적공간이란 사람들과 기업관리 단위들의 경제활동을 추동하며 조절, 통제하는데 리용되는 경제적수단이지만 사회주의사회에서의 경제적공간의 본질은 국가와 경제의 주인으로 된 근로인민대중의 경제적요구와 리해관계를 반영하고 실현하는 경제적수단이라는데 있다.

따라서 사회주의사회에서는 경제적공간의 본질과 그 리용의 본질적특징을 잘 알고 경제관리실천에 옳게 활용해야 한다. 그래야 생산과 류통단위의 근로자들로하여금 경제관리와 기업관리운영을 현실적발전의 요구에 맞게 끊임없이 개선하여 자재, 자금을 절약하면서도 생산과 류통의 발전을 촉진시켜 나갈수 있다.

사회주의사회에서 근로인민대중의 역할을 높여 경제의 실제적인 주인으로 되게 하는데서 결정적인 담보로 되는것은 근로인민대중의 자주적인 사상의식을 높이는것이다.

근로인민대중의 자주적인 사상의식을 높이는 수단과 기본방법은 정치사업이다. 정치사업은 근로인민대중의 역할을 높이는 기본방도로 된다. 이와 함께 중요한것은 경제적공간을 합리적으로 리용하는데 있다. 그것은 경제적공간의 국가와 경제의 주인으로 된 근로인민대중의 경제적 요구와 리해관계를 반영하기때문이다.

위대한 령도자 김정일동지께서는 다음과 같이 지적하시였다.
《사회주의경제관리는 사회주의사회의 공산주의적성격을 반영하기때문에 개인주의에 기초한 자본주의적기업관리와 구별되는 고유한 특징을 가집니다.》

사회주의사회에서 생산수단의 류통을 위한 경제적공간리용에서는 일련의 특징을 가진다.

생산수단의 류통을 위한 경제적공간리용의 본질적특징은 첫째로, 생산수단의 류통에 대한 근로인민대중의 경제적요구와 리해관계를 반영한다는데 있다.이 특징은 자본주의사회에서 생산수단의 류통을 위한 경제적공간과의 근본차이를 가진다는것을 의미한다.

자본주의사회에서 생산수단의 류통을 위한 경제적공간은 더많은 잉여가치를 차지하며 생산수단의 류통부문에 고용된 근로자들에 대한 경제적지배를 실현하려는 상업자본가들의 경제적요구와 리해관계를 실현하는 수단이다. 그러므로 자본주의사회에서 생산수단의 류통을 위한 경제적공간은 계급적대립과 계급분화를 촉진시키는 중요한 경제적수단의 하나이다.

그러나 사회주의사회에서 생산수단의 류통을 위한 경제적공간은 근로자들의 역할을 높여 실제적인 주인으로서의 기능과 역할을 수행하게 하는 경제적수단의 중요한 형태의 하나이다.

사회주의사회에서 경제적공간은 근로인민대중에게 사회적분담을 바로하고 그 분담을 옳게 실현하는 과정을 추동하는 기능을 수행한다.

근로인민대중의 역할을 높이는 분담을 옳게 설정하고 그 수행을 추동하는것은 사회주의경제관리앞에 나서는 근본문제의 하나이다. 그런데 만일 근로인민대중앞에 분담이 옳게 설정되지 못할 때에는 사회주의적소유는 실제적으로 주인이 없는것과 같다.

생산수단의 류통을 위한 경제적공간은 생산수단의 류통에 대한 분담관계를 옳게 설정하게 하며 그 수행을 추동하는 경제적수단이다. 이런 의미에서 놓고볼 때 생산수단의 류통을 위한 경제적공간은 생산수단의 류통부문에서 일하는 일군들과 근로자들의 역할을 높이는 경제적조직사업을 위한 수단이라는것을 말해준다.

생산수단의 류통을 위한 경제적공간리용의 본질적특징은 둘째로, 경제적공간을 리용하는 담당자와 리용의 대상이 일치된다는데 있다.

생산수단의 류통을 위한 경제적공간을 리용하는 주인은 바로 국가와 경제의 주인으로 된 근로인민대중이며 직접적으로는 생산 수단의 공급을 담당한 근로자들이며 사회적으로는 생산수단의 류통을 담당한 사회적단위인 자재상사이다.

경제적공간을 리용하는 대상 역시 생산수단의 류통을 사회적으로 분담받은 근로자들과 그 집단이다.

생산수단의 류통을 위한 경제적공간을 리용하는 목적은 생산수단의 류통을 담당한 근로자들과 그 집단의 책임성과 역할을 높이자는데 있다.

이처럼 사회주의사회에서 생산수단의 류통을 위한 경제적공간을 리용하는 주인과 대상은 일치한다.

그러나 자본주의사회에서는 생산수단의 류통을 위한 경제적공간을 리용하는 그 주인과 대상이 서로 다를뿐아니라 서로 대립되여 있다.

자본주의사회에서 생산수단의 류통은 상업자본가들의 리윤추구에 있으며 근로자들에 대한 지배와 착취의 중요한 공간의 하나이다. 그렇기때문에 생산수단의 류통을 위한 경제공간의 리용에서 주인은 상업자본가이며 경제적공간을 적용하여야 할 대상은 근로자들이다.

자본주의사회에서는 경제적공간을 리용하는데서 주인과 그 적용대상이 근본적으로 차이날뿐아니라 적대적대립관계에 놓여있다. 이것은 생산수단에 대한 사자본주의적소유의 필연적인 산물이다.

사회주의사회에서 생산수단이 류통을 위한 경제적공간은 그것을 리용하는 주인과 대상이 완전히 일치할뿐아니라 근로자들간의 동지적협조와 단결을 강화하는 기능과 역할을 수행한다. 그러나 자본주의사회에서 생산수단의 류통을 위한 경제적공간은 자본가집단과 근로자들사이 경제적리해의 대립을 더욱 심화시키며 자본가들사이, 자본가들과 소생산자들사이 계급분화를 촉진하게 하는 역할을 한다. 이리하여 자본주의사회에서 생산수단의 류동을 위한 경제적공간은 부익부 빈익빈의 현상을 더욱 심하게 하는 역할을 한다.

사회주의사회에서 생산수단의 류통을 위한 경제적공간리용의 본질적특징은 셋째로, 그것이 사회주의경제제도의 특성에 기초하고있다는데 있다.

사회주의경제제도의 특성에서 기본은 사회주의경제제도의 본성이다. 사회주의경제제도의 본성은 근로인민대중이 국가와 경제의 주인으로 되고 나라의 경제가 근로인민대중을 위하여 복무한다는것이다.

근로인민대중이 국가와 경제의 주인으로 되고 나라의 경제가 근로인민대중을 위하여 복무하는 사회주의경제제도하에서는 경제건설에서 근로자들의 정치적자각과 혁명적열의가 끊임없이 높이 발양되게 된다.

사회주의, 공산주의 경제건설과정은 사회주의경제제도의 본성을 강화하는 과정이며 그것이 전면적으로 지배하게 하는 과정으로 된다.

생산수단의 류통을 위한 경제적공간에서 기본으로 되는것은 사회주의경제제도의 본성을 반영하는 경제적공간이다. 이것은 사회주의경제제도의 본성을 반영하는 경제적공간이 여러 경제적공간들가운데서 주도적이며 다른 경제적공간의 리용을 제약한다. 

사회주의경제제도의 본성을 반영하는 경제적공간은 일반적으로 인민경제계획화이며 생산수단의 류통부문에서는 생산수단의 공급계획, 지표별공급계획등을 들수 있다.

사회주의경제제도의 특성에서 다른 하나는 사회주의사회의 과도적성격이다. 이것은 사회주의사회에서 어디까지나 비본질적이며 부차적이다.

사회주의사회의 과도적성격은 생산수단에 대한 소유와 계급의 차이, 로동에서의 차이, 생활수준에서의 차이이다. 이와 같은 성격을 띠고있는 사회주의경제제도의 특징은 공산주의의 높은 단계와 대비할 때 첫째로, 수요에 의한 분배를 진행할 정도로 생산력이 발전하지 못한것이며 둘째로, 일군들과 근로자들의 머리속에서 낡은 사상잔재가 남아있으며 셋째로, 로동이 생활상 1차적요구로 되여 있지 못한것이다.

사회주의사회의 과도적성격에 기초하고있는 생산수단의 류통을 위한 경제적공간은 바로 부가금, 부가금수입, 류통비, 생활비, 리윤 등을 들수 있다.

생산수단의 류통을 위한 경제적공간은 크게 사회주의경제제도의 본성을 반영하는 경제적공간과 사회주의사회의 과도적성격을 반영하는 경제적공간으로 구분된다.

이와 같이 사회주의사회에서 생산수단의 류통을 위한 경제적공간은 크게 두가지 성격을 가지는 경제적공간으로 구분된다.

사회주의사회에서 생산수단의 류통을 위한 경제적공간리용의 본질적특징은 넷째로, 그것이 물질적생산부문에서 리용되는 경제적공간과 내용에서 같으며 형태에서는 차이를 가진다는데 있다.

생산수단의 류통을 위한 경제적공간은 새로운 가치를 창조하는 물질적생산부문에서 리용되는 경제적공간의 한 형태이다. 새로운 가치는 오직 생산부문과 생산의 연장부문에서 창조된다. 사회적인 총 가치는 생산부문에서 창조된 가치형태와 생산의 연장부문에서 창조된 가치형태로 이루어지고있다.

생산수단의 류통은 생산의 생산적소비를 련결시키는 고리로서 생산의 연장부문이며 새로운 가치형태를 창조한다. 이면에서는 생산수단의 류통부문이 생산부문과 같다. 일반적으로 생산부문에서 리용하는 경제적공간은 새로 창조된 가치형태의 형성과정과 분배과정을 나타낸다.

생산수단의 류통을 위한 경제적공간도 새로운 가치형태의 창조과정과 분배과정을 나타낸다.이면에서는 생산부문에서 리용되는 경제적공간과 같다.

이것은 생산기업소들의 계획적관리운영에 리용되는 경제적공간과 생산수단류통단위 기업소들의 계획적관리운영에 리용되는 경제적공간들이 경제적내용에서 같다는것을 의미한다. 그러나 생산수단의 류통을 위한 경제적공간들은 생산부문에서 리용하는 경제적공간과 다르다. 생산부문에서 리용하고있는 경제적공간은 생산량, 생산액, 판매수입, 원가, 가격 등이다. 그러나 생산수단의 류통부문에서 리용하고있는 경제적공간들은 류통량, 부가금수입, 부가금, 류통비 등이다. 이것은 새로운 가치형태를 창조하는면에서는 생산부문에서 리용하고있는 경제적공간과 생산수단의 류통부문에서 리용하고있는 경제적공간의 경제적내용이 같으며 경제적공간들의 형태에서는 차이가 있다는것을 말하여준다.

생산수단의 류통을 위한 경제적공간의 특징은 이와 함께 소비상품류통을 위한 경제적공간과의 공통성과 차이에서 나타난다. 

생산수단의 류통을 위한 경제적공간은 새로운 가치형태의 창조과정과 그 분배과정을 나타낸다.그러나 소비상품류통은 크게 두 부분으로 나누어진다. 그 한 부분은 생산의 연장과 관련한 부분이다. 이것은 사회주의사회에서 많은 비중을 차지하며 사회주의건설과정에서 더욱 높아진다.

자본주의사회에서는 이와 반대로 생산의 연장비중이 낮아진다. 이것은 자본주의상업의 기생성과 부패성을 보여준다.

사회주의사회에서 소비상품류통을 위한 경제적공간은 우선 생산의 연장과정에서 새로 창조된 가치형태의 창조과정과 분배과정을 나타낸다.

이 측면에서는 소비상품류통을 위한 경제적공간이 생산수단의 류통을 위한 경제적공간의 경제적내용과 같다는것을 보여준다.

소비상품류통에 리용되는 경제적공간의 중요한 경제적내용의 하나는 비생산적성격을 띤다는것이다. 소비상품류통은 비생산부문이기때문에 가치형태를 창조하지 못한다. 비생산부문에 속하는 소비상품류통에 지출되는 물질적수단과 자기를 위한 로동지출에 대한 보상은 생산부문과 생산의 연장부문에서 사회를 위한 로동에 의하여 창조된 가치형태를 원천으로 하고있다. 이면에서 생산수단의 류통을 위한 경제적공간은 소비상품류통을 위한 경제적공간과의 경제적내용이 다르다.

이와 같이 생산수단의 류통을 위한 경제적공간의 경제적내용은 소비상품의 류통을 위한 경제적공간과의 공통점과 함께 차이점이 있다. 그것은 소비상품류통이 두가지 경제적내용을 가지는것과 관련된다.

생산수단의 류통을 위한 경제적공간리용의 본질적특징을 이와 같이 세부적으로 체계화하는것은 사회적으로 생산수단의 류통단위들에 대한 합리적인 경제조직사업과 관리운영방법을 과학화, 합리화하는데 중요한 의의를 가진다.",KJI,marketization_adjustment,2000s,7.198931240688173
정보산업시대 경제의 중요특징,부교수 황경오,2008,4,1207,"21세기는 정보산업의 시대이다.

위대한 령도자 김정일동지께서는 다음과 같이 지적하시였다.
《현시대는 과학과 기술의 시대, 정보산업의 시대입니다. 오늘 세계적으로 정보기술을 비롯한 과학기술이 비상히 빠른 속도로 발전하고있으며 사회경제생활의 모든 분야에서 그 역할은 날로 더욱 높아지고있습니다.》(《김정일선집》 15권, 225페지)

정보산업시대의 경제는 지난 기계제산업시대의 경제와 여러 면에서 구별되며 특히 물질적부의 생산에서는 새로운 특징을 띠게 되였다.

그것은 첫째로, 물질적부의 생산이 정보기술에 기초하여 이루어진다는데 있다.

지난 기계제산업시대에는 물질적부의 생산이 기계기술에 기초하여 이루어졌다. 기계기술의 출현으로 손로동에 의한 작업의 기계화와 기계에 의한 기계의 생산이 실현되고 생산공정이 기계기술에 기초하여 편성되게 됨으로써 생산력은 이전에 비하여 크게 발전하게 되였다. 그러나 이러한 기계기술수단들은 사람의 육체적로동기능을 주로 대신하였으며 조종기능과 같은 정신적, 지능적로동기능은 대신하지 못하였다. 당시에는 어디까지나 사람의 조종밑에서 기계가 가동하여 물질적부의 생산이 이루어졌다.

이와는 달리 정보산업시대에는 과학기술의 비약적발전으로 정보기술이 새로 개발되고 그에 의거하여 물질적부의 생산이 이루어지게 되였다.

정보기술이란 정보의 수집과 가공처리, 보관과 전송 등을 공학적으로 담보하는 기술을 말한다. 정보기술은 콤퓨터기술, 프로그람기술, 정보처리기술, 정보전송기술, 정보봉사기술 등을 포괄한다. 이러한 정보기술은 인류가 이룩한 과학기술적진보의 집대성으로서 최첨단과학기술의 정수를 이룬다.

정보기술의 출현에서 중요한 과학기술적전제로 된것은 량자력학의 정립과 그에 기초한 반도체제조기술의 발전이다. 19세기말~20세기초에 걸쳐 이룩된 일련의 과학적발견에 의하여 량자력학의 리론적기초가 마련되고 그에 토대하여 량자력학이 정립됨으로써 원자나 전자와 같은 미소립자의 구조와 그 운동법칙이 밝혀지고 반도체립자의 운동을 조종할수 있게 되였으며 이에 기초한 반도체3극소자의 출현은 량자력학의 정립과 그에 따르는 반도체제조기술의 발전과 직접적으로 련관되여있다.

수자화기술의 개발은 정보기술의 출현에서 다른 하나의 중요한 과학기술적전제를 이룬다. 20세기 중엽에 수자화방식에 의한 정보의 송수신에 관한 리론적기초가 마련되고 그에 따라 0과 1의 2진법체계에 의한 정보의 부호화, 신호화방식이 출현하게 되였다.

이러한 수자화에 의한 정보의 송수신방식은 정보를 기억매체에 기억시키기 쉽고 임의의 시각에 재현할수 있으며 오래동안 보존할수 있는 우점을 가진다. 그리하여 수자화기술은 정보의 송달과 환원, 그와 관련한 콤퓨터의 가동에 가장 적합한 기초기술로 등장하게 되였다.

정보기술의 출현은 기계체계에서 커다란 변혁을 가져왔다.

작업기와 동력기, 전도장치로 이루어졌던 종래의 기계체계에 정보기술이 첨가됨으로써 사람은 종전에 수행하던 조종기능과 같은 정신적, 지능적로동기능의 일부까지도 기계체계에 이전시킬수 있게 되였으며 지난 시기 사람의 육체적로동기능을 주로 대신한 기계체계는 사람의 정신적, 지능적로동기능까지도 대신하는 기계체계로 질적으로 갱신되게 되였다. 정보기술에 기초하여 기계체계가 갱신됨으로써 생산공정은 콤퓨터조종에 의한 능률적인 생산공정으로 바뀌여지게 되였다.

정보기술의 출현은 생산체계에서도 변혁을 가져왔다.

기계기술에 기초한 생산이 이루어졌던 지난날에는 기계설비가 특정된 기능만을 수행하였다. 그러나 기계체계에 정보기술수단이 첨가되고 생산공정이 정보기술에 기초하여 편성되게 된 오늘날에 와서는 기계설비의 다기능화, 생산의 유연화를 실현할수 있게 되였다. 경직생산체계의 유연생산체계에로의 이행은 생산체계분야에서의 커다란 변혁이며 유연생산체계의 출현으로 물질적부의 생산은 자동조종체계에 의한 생산단계로 넘어가고 생산의 현대화는 새로운 높은 수준에 오르게 되였다.

기계체계와 생산체계, 생산공정들이 정보기술에 기초하여 새롭게 편성되게 됨으로써 정보기술이 사회적생산의 기술적기초로 되고 물질적
										부의 생산은 정보기술을 떠나서 이루어질수 없게 되였다.

정보산업시대의 경제가 가지는 중요한 특징은 둘째로, 정보를 주요생산자원으로 한다는데 있다.

지난 기계제산업시대에는 사회적생산에서 정보자원의 역할이 미약하였으며 원료자원, 에네르기자원들이 생산자원에서 기본을 이루었다. 이와는 달리 정보산업시대에는 정보가 중요한 생산자원으로 등장하고 정보자원의 리용에 기초하여 물질적부의 생산이 이루어지게 되였다.

생산자원으로서의 정보는 경제활동의 일정한 목적달성을 위하여 가공처리된 자료나 지식을 말한다. 여기에는 과학기술과 생산요소, 생산적 및 소비적수요 등에 관한 지식과 자료들이 포괄된다.

정보가 중요한 생산자원으로 등장하게 된것은 과학기술이 급속히 발전하고 그에 따라 생산의 사회화수준이 비상히 높아져 사회적생산에서 정보가 노는 역할이 전례없이 강화되게 된것과 주요하게 관련된다.

과학기술의 빠른 발전으로 정보기술이 사회적생산의 기술적기초를 이루게 됨으로써 매개 생산단위가 정보기술체계에 기초하여 호상 련결되게 되였으며 사회적분업이 더욱 발전하여 경제부문들이 보다 세분화되고 여러 부문과 지역들사이의 경제적련계와 의존성이 전례없이 강화되게 되였다.

이러한 조건에서 물질적부의 생산을 원만히 진행하려면 과학기술발전동태와 기업소사이, 부문사이, 지역사이의 생산소비적련계 등에 관한 다종다양한 정보를 수집하고 가공처리하여야 생산을 현대화, 효률화하여 많은 자재와 로력을 절약하면서도 제품의 질을 높이고 그 량을 늘일수 있으며 생산주기도 단축할수 있다. 이것은 오늘날의 생산에서 정보가 필수적이고도 주되는 생산자원이라는것을 말하여준다.

지난날에는 많은 생산수단과 로동력을 마련하는것이 생산장성을 위한 기본조건으로 되였다. 그러나 오늘날에 와서는 가치있는 정보자원을 장악하는것이 생산발전을 위한 기본조건으로 되고있다.  가치있는 정보를 쥐기만 하면 상대적으로 적은 규모의 생산수단과 로동력을 가지고서도 물질적부의 생산을 원만히 보장할수 있게 되였다.

정보가 주요생산자원으로 전화되게 된것은 생산물단위당 정보함유량이 더욱더 높아지고있는데서 뚜렷이 나타나고있다. 생산자원가운데서 원료자원이나 에네르기자원이 기본을 이루었던 지난날에는 생산물단위당에서 물자나 에네르기의 함유량이 많은 몫을 차지하였다.

그러나 정보가 중요한 생산자원으로 등장하면서 생산물단위당에서 물자나 에네르기가 차지하는 몫이 상대적으로 저하되고 정보가 차지하는 몫이 늘어나게 되였다. 그리하여 정보의 수집과 가공처리에 드는 비용이 생산원가의 더욱더 많은 부분을 차지하게 되고 정보자원획득과 관련한 비용이 생산적지출로 확고히 전환되게 되였다.

정보의 생산자원으로의 전화는 구체적으로 그의 취득과 활용과정을 통하여 이루어진다. 정보는 그 소재로 되는 기초자료의 수집과 수집된 기초자료의 분석과 종합에 기초하여 얻어지며 얻어진 정보는 그것을 기록하고 전달하는 공정을 거쳐 리용되게 된다. 이러한 정보의 취득과 활용과정에 정보가 생산자원이 되고 물질적부가 창조되게 된다.

정보가 중요한 생산자원이 되여 물질적부가 창조되는 여기에 지난날의 생산과 구별되는 오늘날의 생산이 가지는 중요한 특성이 있다. 생산자원가운데서 정보가 특별한 자리를 차지하고 정보자원에 의하여 물질적부의 생산이 좌우되는 시대가 바로 오늘의 정보산업시대이다.

정보산업시대의 경제가 가지는 중요한 특징은 셋째로, 과학기술과 생산이 일체화되여 물질적부가 창조된다는데 있다.

과학기술과 생산의 일체화는 정보산업시대 과학기술발전의 세계적추세로, 현대산업의 중요한 특징으로 된다.

지난 기계제산업시대에는 물질적부의 창조에서 과학기술의 역할이 상대적으로 미약하였던것으로 하여 새 기술개발을 위한 과학연구사업과 같은것이 생산보장을 위한 절박한 요구로 제기되지 않았으며 과학연구와 기술개발, 생산부문들사이의 협업의 수준은 높지 못하였다. 이와는 달리 정보기술을 비롯한 과학기술이 급속히 발전하고 생산에서 노는 과학기술의 역할이 비상히 높아진 정보산업시대에는 과학기술과 생산이 밀착되여 일체화되게 되였다.

과학기술과 생산의 일체화는 과학기술이 생산에 적극 복무하고 생산은 과학기술에 철저히 의거하는것을 본질적내용으로 한다. 연구개발부문은 물질적부의 생산이 요구하는 과학기술지표들을 연구개발과제로 설정하며 생산부문은 연구개발된 과학기술적성과에 기초하여 제품생산을 보장한다. 과학기술이 생산에 복무하고 생산은 과학기술에 의거하는 과정에 량자가 호상 유기적으로 결합되고 일체화되게 된다. 과학기술과 생산의 일체화는 로동생산성의 장성과 생산물의 질제고, 연구개발로부터 제품생산에 이르는 공정주기의 단축 등으로 발현된다.

과학기술과 생산의 일체화는 생산부문에 연구개발기지가 설치되여 량자가 결합되는 형태, 연구개발부문에 생산기지가 설치되여 량자가 결합되는 형태, 생산부문과 연구개발부문이 호상 결합되는 형태로 이루어지고있다.

과학기술과 생산의 일체화는 과학기술의 주도적역할을 전제로 한다. 과학기술발전이 선행되고 그에 기초하여 물질적부의 생산이 이루어지며 과학기술에 의하여 생산발전이 추동되고 좌우된다. 이러한 과학기술의 주도적역할에 기초하여 과학기술과 생산의 유기적결합이 실현되게 된다.

과학기술과 생산이 일체화되여 물질적부가 창조된다는데 지난날의 생산과 구별되는 오늘날의 생산이 가지는 중요한 특성이 있다. 과학기술이자 생산이고 생산이자 과학기술로 특징지어지는 시대가 오늘의 정보산업시대이며 여기에 정보산업시대의 중요한 원리의 하나가 있다.

정보산업시대의 경제가 가지는 중요한 특징은 넷째로, 물질적부를 창조하는데서 주로 지능로동에 의거한다는데 있다.

물질적부는 근로자들의 로동에 의하여 창조된다. 물질적부를 창조하는 근로자들의 로동은 크게 육체로동과 지능로동으로 구분된다. 로동과정에서의 사람의 육체적, 정신적힘의 지출가운데서 육체적힘의 지출이 기본을 이루는 로동이 육체로동이고 정신적, 지능적힘의 지출이 기본을 이루는 로동이 지능로동이다. 육체로동이 육체적로동능력을 주로 활용하는 로동이라면 지능로동은 정신적, 지능적로동능력을 주로 활용하는 로동이다.

지난 기계제산업의 시대에는 물질적부를 창조하는데서 주로 육체로동에 의거하였으며 그에 종사하는 근로자들이 로력자구성에서 압도적비중을 차지하였다.

기계제산업의 시대에도 기계체계의 관리와 갱신 등에 종사하는 지능로동이 존재하였다. 당시의 지능로동은 육체로동에 의한 물질적부의 생산을 기술공학적으로 담보하는 역할을 주로 수행하였으며 그에 종사하는 근로자들은 수적으로 얼마 되지도 않았다. 이와는 달리 정보산업시대에는 물질적부를 창조하는데서 주로 지능로동에 의거하게 되였으며 그에 종사하는 근로자들이 로력자구성에서 차지하는 비중이 급격히 증대되게 되였다.

물론 오늘도 물질적부의 창조에서 육체로동이 일정한 역할을 놀고있는것만은 사실이다. 그러나 정보산업이 발전된 나라들에서는 물질적부가 육체로동보다 지능로동에 의거하여 창조되고있다. 정보산업시대에 물질적부를 창조하는데서 주로 지능로동에 의거하게 된것은 정보산업시대 생산의 중요한 특징을 이루는 정보기술에 기초한 생산, 정보의 주요생산자원으로의 전화, 과학기술과 생산의 일체화 등이 지능로동에 의하여 담보되는것과 중요하게 관련된다.

정보기술에 기초한 생산은 정보기술과 같은 최첨단과학기술을 체득하고 활용하는것을 전제로 한다. 최첨단과학기술인 정보기술의 체득과 활용은 높은 지능적로동능력의 지출을 요구하며 이를 감당하는 로동은 고도의 정신로동, 지능로동으로 특징지어진다.

생산자원으로서의 정보의 취득과 활용 역시 고도의 지능로동이라고 말할수 있다. 정보의 수집과 가공처리, 그 전달과 리용은 창조적로동능력, 지능적로동능력의 발현과정으로서 이를 감당하는 로동은 강한 지식집약적성격을 띠게 된다.

과학기술과 생산의 일체화의 주도적부문을 이루는 과학기술개발을 감당하는 로동은 전업적인 지능로동으로서 지능로동의 전형을 이룬다. 과학기술과 생산의 일체화에서 과학기술개발부문의 주도적역할은 다름아닌 그를 감당하는 지능로동에 의하여 담보된다.

정보기술의 체득과 활용, 정보의 취득과 활용, 과학기술의 연구개발 등을 감당하는 고도의 지식집약적로동이라는데 정보산업시대 지능로동이 가지는 중요한 특성이 있다.

정보산업시대의 중요한 특징을 이루는 정보기술에 기초한 생산, 정보의 주요생산자원으로의 전화, 과학기술과 생산의 일체화 등이 바로 지능로동에 의하여 담보되게 됨으로써 물질적부의 창조는 더욱더 지능로동에 의거하게 되였다. 지능로동에 의거하여 물질적부가 창조되는 여기에 정보산업시대의 경제가 가지는 가장 중요한 특징이 있다.

이상과 같이 정보산업시대의 경제는 사회적생산의 기술적기초의 정보기술에로의 전화, 정보의 주요생산자원으로의 전화, 과학기술과 생산의 일체화, 물질적부의 창조가 지능로동에 더욱더 의거하는것 등을 중요한 특징으로 한다.",KJI,marketization_adjustment,2000s,7.0967213784947605
철도수송수단의 질을 높이는것은 경제적효과성을 높이기 위한 중요방도,조명남,2007,1,995,"현시대는 과학과 기술의 시대이며 정보산업의 시대이다.

기관차와 화차, 철길 등 여러 분야에 정보기술을 비롯한 현대과학기술이 적극 도입됨으로써 더욱 현대화되여가고 철도의 전기화, 중량화, 고속도화가 힘있게 추진되여감에 따라 철도수송수단의 질적수준이 비약적으로 높아져 생산과 수송에서 커다란 경제적효과성을 나타내고있는것이 세계철도발전추세이다.

과학기술의 급속한 발전과 현대화되여가고있는 세계철도발전추세에 맞게 철도에서 과학적인 품질관리질서를 철저히 세워 수송수단의 질을 결정적으로 높여야 사회적로동을 절약하고 수송의 효과성을 높여 철도경제관리에서 실리를 철저히 보장할수 있다.

위대한 령도자 김정일동지께서는 주체91(2002)년 1월 5일 김종태전기기관차공장을 현지지도하시면서 일군들이 새 세기의 요구에 맞게 사고하며 첨단기술에 기초하여 무엇을 하겠는가 하는 안을 세워가지고 기술개건을 하여 더 좋고 더 훌륭한것을 만들어야 한다고 간곡한 가르치심을 주시였다.

철도공장들에서 아무리 많이 생산하여도 수송수단의 질이 높지 못하면 그것을 수송에서 효과있게 쓸수 없고 경제관리에서 실리를 보장할수 없다.

위대한 령도자 김정일동지께서는 다음과 같이 지적하시였다.

《아무리 많이 생산하고 건설하여도 생산물과 건설물의 질이 높지 못하면 그것이 효과있게 쓰일수 없습니다.》(《김정일선집》 8권, 36페지)

위대한 령도자 김정일동지의 원대한 구상에 따라 사회주의경제강국을 건설하기 위한 성스러운 투쟁이 힘차게 벌어지고있는 오늘의 현실은 철도운수부문에서 수송수단의 질을 높일것을 중요하게 요구하고있다.

철도수송수단의 질이라고 할 때 그것은 수송수단이 가지고있는 쓸모를 규정하는 속성들의 유기적인 총체를 말한다.

철도수송수단의 질을 반영하는 속성들의 크기에 의하여 수송수단의 쓸모가 커질수도 있고 작아질수도 있다. 철도수송수단의 질을 높이면 질을 반영하는 속성들의 크기가 증대되여 쓸모가 커지고 그에 따라 경제적효과성도 높아지게 된다.

철도운수부문에서 수송수단의 질을 높이는 문제와 경제적효과성은 별개의 문제가 아니라 서로 통일되여있다. 철도수송수단의 질은 경제적효과성에 의하여 담보되며 경제적효과성은 수송수단의 질을 높임으로써만 이루어지게 된다.

수송수단의 질이 높아지면 적은 로력과 자재, 자금으로 더 많은 생산과 수송을 보장하게 된다.

질이 높은 수송수단일수록 질이 낮은 수송수단에 비하여 견인능력과 생산성이 높고 속도가 좋으며 수명이 긴것으로 하여 수송에서 높은 경제적효과를 가져온다.

철도수송수단의 질을 높이는것이 경제적효과성을 높이기 위한 중요방도로 되는것은 무엇보다도 그것이 끊임없이 증대되는 무진장한 절약예비로 되기때문이다.

철도수송수단의 질을 높이는것은 경제규모가 커지고 과학기술이 발전하는데 따라 한 부문의 높은 질적개선이 그와 관련된 다른 부문의 질적개선을 촉진시킴으로써 방대한 규모에서 절약을 가져온다.

성능이 높은 8축전기기관차와 100t화차의 도입-이것은 전력공급설비와 신호설비, 철길, 침목, 차굴, 다리를 비롯한 수송수단의 질을 보다 높은 수준에 이르게 하며 그로 인한 사회적로동의 절약은 방대한 규모에 이르게 한다.

실례로 철도중량화와 관련하여 콩크리트침목을 받아들이면 철길의 강도는 더욱 높아지고 질좋은 나무를 많이 절약하게 된다.

철길1km구간에는 약 150m3의 나무침목이 깔리는데 이것을 생산하려면 적어도 70~80년이상 자란 질좋은 통나무가 300m3이상 들게 된다. 그러므로 철도운수부문에서 침목을 바꾸는데만 하여도 해마다 수십만m3의 통나무가 소비된다.

콩크리트침목을 깔면 이처럼 많은 량의 질좋은 나무가 인민경제 다른 부문에서 효과있게 쓰이게 된다. 철도수송수단의 질을 높이는것은 절약의 무진장한 예비로 될뿐아니라 항구적인 예비로 된다.

절약예비는 복잡하고 다양한 형태로 나타나지만 리용의 가능성에 따라 드러난 예비와 숨은 예비로 나누어 볼수 있다.

경제가 발전함에 따라 드러난 절약예비는 점차 줄어들고 숨은 절약예비는 끊임없이 늘어난다.

										
물론 절약의 숨은 예비는 많은 정력과 사색을 요구하며 최신과학기술에 의거할 때만 동원, 리용할수 있는 예비이며 수송수단의 질이 높아지면 질수록 더 많은 절약을 가져오는 항구적인 내부예비이다.

자연을 개조변혁하며 생산과 수송, 건설이 끊임없이 진행되는 조건에서는 언제나 사람의 의사와 요구에 맞게 수송수단의 질을 높이는 사업이 있게 되며 그에 따르는 절약은 언제나 동반되게 된다.

철도수송수단의 질을 높임으로써 이루어지는 절약예비는 과학기술이 발전하는데 따라 얻어지는 절약의 숨은 예비로서 끊임없이 갱신되고 새로운 면모를 갖추면서 증대되는 항구적인 예비이다.

철도수송수단의 질을 높이는것이 절약의 항구적인 예비로 된다는것은 철도수송수단을 개발하고 리용하며 그 질을 높여온 철도운수의 전력사적발전과정이 뚜렷이 확증해주고있다.

최초에 만들어진 증기기관차는 운영초기에 원료, 자재, 연료, 동력의 부분적이며 일반적인 질적개선을 가져왔다면 현대적인 철도수송조건에서는 과학기술의 급속한 발전에 맞게 새로운 형태의 전기기관차와 내연기관차, 자석우로 달리는 초고속부상렬차들이 개발리용되면서 사회적로동은 더욱 절약되고 인간의 높아지는 물질문화적수요는 보다 원만히 충족되고있다.

우리가 개발하고있는 비동기전기기관차를 받아들이면 차축수를 늘이지 않고도 축당출력과 점착곁수를 크게하여 견인력을 높일수 있다. 비동기견인전동기는 출력kw당 질량이 1.7~1.9kg으로서 직류견인전동기의 약 5분의1밖에 되지 않는다.

또한 비동기전기기관차에 쓰이는 견인전동기는 교류통형 비동기식이기때문에 정류자와 솔, 보극권선이 필요없으며 조작회로의 모든 요소들이 무접점식으로 조종되므로 고장이 거의나 생기지 않는 우월성을 가지고있다.

이것은 인간의 창조적활동에 의한 철도운영과정의 전기간에 철도수송수단의 량적증대와 함께 질제고가 동반되였으며 이것으로 인한 절약은 점차 증대되는 항구적예비라는것을 보여준다.

철도수송수단의 질을 높이는 근본목적은 철도수송수단리용의 효과를 높이자는데 있다. 철도수송수단의 리용효과는 여러가지 측면에서 각이하게 나타나지만 총체적으로는 절약으로 나타난다.

절약은 절약이 이루어지는 단계에 따라 철도수송수단생산 단계에서의 절약과 운영단계에서의 절약으로 구분할수 있다.

생산단계에서의 절약은 불합격품과 오작품을 없애고 1등품의 비중을 높임으로써 얻어지는 절약으로써 일반적으로 보충적인 투자를 동반하기때문에 절약의 효과성은 그리 크지 않거나 지어는 손실을 초래할수도 있다.

생산단계에서 철도수송수단의 질을 높이는것은 그 쓸모를 높임으로써 운영단계에서 매우 큰 절약을 가져온다.

질이 높은 철도수송수단을 리용함으로써 얻어지는 절약은 생산단계에서의 추가적인 투자에 비해볼 때 막대한 절약이다. 수송수단의 질이 높으면 높을수록 리용에서의 효과가 큰것으로 하여 질을 높이는데 투자된 비용에 비할바없이 많은 절약을 가져온다.

철도수송수단의 질을 높이는것이 경제적효과성을 높이기 위한 중요방도로 되는것은 다음으로 그것이 주어진 수송수단을 가지고 더 많은 짐을 제때에 실어나를수 있게 하는 증송의 중요한 예비로 되기때문이다.

철도수송수단의 질을 높이기 위한 과정은 견인능력과 속도, 수명과 보존성을 비롯한 철도수송수단의 질을 특징짓는 속성들의 크기를 증대시키는 과정이다. 따라서 질이 높은 철도수송수단은 질이 낮은 수송수단에 비하여 리용률이 매우 높다.

질이 높은 철도수송수단은 그 리용에서 질이 낮은 수송수단과 형태적으로 량이 같다고 하여도 내용적으로는 그 량이 늘어나는것과 같다고 말할수 있다.

그 효과성은 질이 낮은 철도수송수단을 몇개를 쓰는것과 같은 결과를 가져온다.

이것은 철도수송수단의 질을 높이는것이 곧 수송수단의 생산량을 늘이는것과 같고 그것은 현재의 수송수단을 가지고도 인민경제의 수송수요를 더욱 원만히 충족시킬수 있다는것을 보여준다.

철도수송수단의 질을 높이는것은 그 자체가 증송으로 될뿐아니라 증송을 위한 예비로도 된다.

증송은 내부예비동원을 전제로 하고있는것만큼 내부예비를 동원하지 않고서는 증송에 대해 말할수 없으며 내부예비를 최대한으로 동원리용할 때만이 수송에서 커다란 앙양을 일으킬수 있다.

내부예비는 과학기술이 발전함에 따라 부단히 늘어나며 여기서 거대한 잠재력을 가지고있는것은 철도수송수단의 질을 높이는것이다.

철도수송수단의 질을 높이는것은 물자소비기준을 낮추고 철도수송수단의 리용률을 부단히 높여 더 많은 짐을 실어나르기 위한 큰 예비를 조성한다.

많은 전력과 연료는 철도수송과정에 부단히 소비되면서 수송에 옮겨지는 조건에서 철도수송수단의 질이 높아지면 전력과 석탄을 비롯한 물자소비기준이 낮아져 많은 절약을 가져온다.

지금 세계적으로 객차의 중요한 질적지표인 좌석당 에네르기소비와 제질량을 줄이기 위하여 압출하여 만든 알루미니움합금으로 차체를 만들고있다.

이런 객차는 제질량이 14.2~14.8t이고 m당 질량은 1.08~1.13t으로서 강재객차에 비하여 제질량이 30%나 작다.

객차의 제질량을 줄이면 레루와 차바퀴의 마모를 줄이고 많은 견인에네르기를 절약하게 된다.

최근 현대객차로 불리우고있는 객차의 한개 좌석에서 소비하는 전력은 100km당 1.91kw·h 로서 보통객차에서보다 보통 평균 29%가 절약된다.

철도수송수단의 질제고는 물자소비기준을 낮추게 할뿐아니라 철도수송수단의 정상적인 가동을 보장함으로써 수송의 높은 장성속도를 가져오게 한다.

증송은 절약에 기초하여 이루어지며 철도수송수단의 질을 높이는것은 절약원천의 중요한 구성부분으로서 증송에 직접적인 영향을 준다.

철도수송수단의 질을 더 높여 더 많이 절약하면 할수록 철도수송수단의 리용률이 높아져 그만큼 수송량이 늘어나게 된다.

이것은 철도수송수단의 질을 높이는것이 절약과 증송의 담보로 되며 경제적효과성을 높이기 위한 중요한 방도라는것을 보여준다.

철도운수부문의 모든 경제관리일군들과 수송지도일군들은 철도수송수단의 질을 높이는것이 사회적로동을 절약하고 경제적효과성을 높이는데서 가지는 중요성과 의의를 옳게 인식하고 과학적인 품질관리질서를 철저히 세워 수송수단의 질을 결정적으로 높여나감으로써 늘어나는 수송수요를 원만히 보장하여야 한다.",KJI,marketization_adjustment,2000s,6.903747257584598
"우리 식의 식량문제, 먹는 문제해결의 기본방향",변승호,2004,4,1371,"인민들의 식량문제, 먹는 문제를 원만히 해결하는것은 인민생활을 안정향상시키고 우리 식 사회주의의 우월성을 더욱 높이 발양시키며 강성대국건설을 힘있게 다그쳐나가는데서 중요한 의의를 가진다.

경애하는 장군님께서는 식량문제, 먹는 문제해결의 중요성과 절박성을 깊이 통찰하시고 우리 농업의 현실태와 농업과학기술의 발전추세를 전면적으로 분석한데 기초하시여 나라의 농업생산을 결정적으로 늘여 식량문제, 먹는 문제를 우리 식으로 확고히 풀어나갈수 있는 기본방향에 대하여 명철하게 밝혀주시였다.

위대한 령도자 김정일동지께서는 다음과 같이 지적하시였다.
《종자혁명과 감자농사혁명, 두벌농사방침, 이것이 우리 나라에서 식량문제, 먹는 문제를 우리 식으로 해결해나가는 기본방향입니다.》

우리 식으로 식량문제, 먹는 문제를 푼다는것은 한마디로 말하여 주체적관점과 립장에서 식량문제, 먹는 문제를 해결한다는것을 의미한다. 다시말하여 우리 나라의 구체적실정과 조건에 맞게 인민들의 농업생산물의 수요를 자체의 농업발전에 의거하여 원만히 생산보장하도록 한다는것이다. 이것은 인민들의 식생활보장을 위한 현물량적인 농업생산물의 생산뿐아니라 식생활의 질적개선에서 나서는 다종다양한 농업생산물의 생산도 전적으로 우리 나라의 구체적실정과 조건에 맞게 자체의 농업발전에 의거하여 자기 식으로 풀어나간다는것을 의미한다.

나라마다 구체적실정과 조건은 각이하며 세계의 식량위기는 더더욱 심해지고있다. 특히 선군의 기치를 높이 들고 단독으로 미제를 비롯한 제국주의자들의 책동을 짓부시고 강성대국건설을 다그쳐나가고있는 우리 나라의 실정은 식량문제, 먹는 문제를 오직 제땅에서 자기 식으로, 자기 힘으로 풀어나갈것을 절실히 요구하고있다.

인민들의 식량문제, 먹는 문제를 우리 식으로 원만히 풀자면 나라의 농업생산을 결정적으로 늘여야 하며 그러자면 당의 종자혁명과 감자농사혁명, 두벌농사방침을 철저히 관철하여야 한다.

종자혁명과 감자농사혁명, 두벌농사방침을 철저히 관철하는것이 우리 식의 식량문제, 먹는 문제해결의 기본방향으로 되는것은 그것이 우리 나라의 자연지리적조건에 맞게 농업생산을 비약적으로 늘일수 있게 하기때문이다.

산이 많고 부침땅이 제한되여있는 우리 나라에서 종자혁명을 기본고리로 틀어쥐고 나가는것은 불리한 농업생산환경에서도 생산을 비약적으로 늘일수 있게 하는 가장 효과적인 방도로 된다.

종자는 후대를 남길수 있는 생물체의 시원물질로서 농업생산의 근본성과를 좌우한다. 해당 자연기후적풍토에 맞으면서도 높고 안전한 소출을 낼수 있는 새 품종의 좋은 종자를 육종하고 확보하는것은 막대한 자금과 자재, 로력과 원가를 극력 절약하면서도 그 어떤 조건에도 구애됨이 없이 농업생산을 결정적으로 늘일수 있게 한다. 즉 종자혁명은 투자의 경제적효과성을 높여 농업생산을 결정적으로 늘일수 있게 하는 가장 효과적인 방도로 된다.

오늘 세포공학과 유전자공학과 같은 첨단과학기술의 눈부신 발전은 종자혁명에서 새로운 전환을 일으킬수 있는 과학적인 담보와 가능성을 마련해주고 있으며 당의 종자혁명방침을 관철하기 위한 투쟁과정에 이룩된 실천적경험과 성과들은 종자혁명이야말로 우리 나라의 자연지리적기후조건에서도 농업생산을 결정적으로 늘일수 있다는것을 뚜렷이 보여주고있다.

종자혁명과 함께 감자농사혁명을 일으키고 두벌농사를 대대적으로 진행하는것도 우리 나라의 구체적실정에 맞게 농업생산을 비약적으로 늘일수 있게 한다.

감자는 벼나 강냉이를 비롯한 다른 농작물에 비하여 생산성이 매우 높은 다수확작물이며 내한성작물이다. 그러므로 산이 많은 우리 나라의 실정에서 감자농사는 농업생산을 비약적으로 늘일수 있게 하는 중요방도로 된다.

두벌농사 역시 부침땅이 제한되여있는 우리 나라의 실정에서 농업생산을 늘일수 있게 하는 중요방도로 되고있다.

두벌농사는 말그대로 한해에 한 포전에서 농작물을 순차적으로 두번 심어 가꾸는 농사로서 부침땅의 리용률을 2배로 높여 같은 면적에서 알곡을 비롯한 여러가지 농작물들을 많이 생산할수 있는 우월한 영농방법이다. 한마디로 말하여 두벌농사는 우
										리 나라의 실정에 맞는 집약농법이다.

물론 두벌농사는 단벌농사에 비하여 로력과 영농자재가 많이 든다. 이런 조건에서 두벌농사를 알심있게 하지 못하여 실리가 보장되도록 하지 못하면 당의 두벌농사방침을 관철할수 없으며 농업생산을 늘일수 없다. 당의 두벌농사방침의 요구는 두벌농사를 지대적특성에 따라 알곡 대 알곡, 알곡 대 감자를 기본으로 하면서 알곡 대 남새, 알곡 대 공예작물과 같은 여러가지 방법으로 논과 밭에서 알심있게 조직진행함으로써 최대한의 실리를 보장하는것이다. 바로 당의 의도대로 두벌농사를 진행할 때만이 농업생산을 늘이고 식량문제, 먹는 문제를 풀수 있다.

이와 같이 종자혁명과 감자농사혁명, 두벌농사방침을 철저히 관철하는것은 우리 나라의 구체적실정에 맞게 농업생산을 비약적으로 늘여 인민들의 식량문제, 먹는 문제를 우리 식으로 풀어나가는 기본방향으로 된다.

종자혁명과 감자농사혁명, 두벌농사방침을 철저히 관철하는것이 우리 식의 식량문제, 먹는 문제해결의 기본방향으로 되는것은 다음으로 그것이 적지적작, 적기적작의 원칙에서 나라의 농업생산구조를 대담하게 개선하여 농업생산을 결정적으로 늘일수있게 하기때문이다.

나라의 농업생산구조를 대담하게 개선하는것은 농업생산을 결정적으로 늘이기 위한 근본담보이다. 그것은 농업생산의 각이한 내부부문들의 배치와 호상결합상태를 반영하는 농업생산구조를 어떻게 확립하고 발전시키는가 하는데 따라 농업생산의 방향과 방식, 규모 등을 비롯하여 생산장성의 중요요인들이 크게 좌우되기때문이다.

나라의 농업생산구조를 대담하게 개선해나가는데서 나서는 기본문제는 기성의 틀에 구애됨이 없이 우리 나라의 구체적실정과 조건에 맞게 적지적작, 적기적작의 원칙에서 가장 큰 실리를 보장할수 있게 농업내부생산부문들을 합리적으로 배치하고 적극 발전시켜나가는것이다.

적기적작, 적기적작의 원칙에서 나라의 농업생산구조를 개선한다는것은 지대별, 필지별 특성과 농작물의 생물학적특성에 맞게 작물 및 품종을 배치하는 원칙에서 농업생산의 내부부문들을 합리적으로 설정하고 적극 발전시켜나간다는것을 의미한다. 농작물은 기후, 토양 등 자연환경을 바탕으로 자라는 생물유기체이다. 따라서 농작물을 잘 키우자면 해당작물의 성장과 결실에 가장 알맞는 생태환경을 지어줄수 있는 적지에 작물들을 배치하여야 한다. 특히 우리 나라와 같이 자연기후적풍토조건에서 지역적 차이가 매우 심하고 재배되는 농작물의 품종이 다양한 조건에서 적지적작, 적기적작의 원칙에서 농업생산의 내부부문들을 합리적으로 배치할 때만이 농업생산에서 높은 성과를 거둘수 있으며 최대의 경제적 실리를 얻을수 있으며 최대의 경제적실리를 얻을수 있다. 즉 농업생산구조의 개선에서 적지적작, 적기적작의 원칙을 지킬 때 가장 큰 경제적실리를 얻게 된다.

당의 종자혁명과 감자농사혁명, 두벌농사방침을 철저히 관철하는것은 적지적작, 적기적작의 원칙에서 나라의 농업생산구조를 개선해나갈수 있게 한다.

지난시기에 우리 나라에서는 농업생산에서 벼농사와 강냉이농사를 위주로 하여왔다. 그러나 벼나 강냉이가 잘되지 않는데서까지 일률적으로 벼나 강냉이를 심을 필요는 없다. 물론 벼나 강냉이가 잘되는 지대에서는 벼농사와 강냉이농사를 위주로 하여야 하지만 벼나 강냉이가 잘되지 않는 지대에서는 해당 지대에 맞는 작물을 많이 재배하여야 한다.

우리 나라의 자연기후적, 기후풍토조건으로 보아 거의 모든 지방, 지역들에서 감자농사를 진행할수있다. 그러므로 매 지방, 지대별로 잘되는 작물을 심는것과 함께 감자농사를 전면적으로 진행하는것은 나라의 농업생산구조를 적지적작의 원칙에서 개선완성하여 농업생산을 늘일수 있게 하는 중요조건으로 된다.

두벌농사인 경우에 더욱더 적지적작, 적기적작의 원칙에서 작물 및 품종배치를 하여야 한다. 생육조건과 환경이 서로 다른 작물을 년간에 순차적으로 두번 재배하여야 하는 두벌농사에서 적지선정과 그에 해당한 작물배치를 잘못하면 경제실리는커녕 단벌농사보다도 생산성을 보장할수 없다.

당의 두벌농사방침의도는 적지적작, 적기적작의 원칙에서 작물 및 품종배치를 잘하고 농사를 실속있게 지어 높은 경제적실리를 보장하는것이다. 결국 당의 두벌농사방침을 정확히 집행하는것은 농업생산에서 비약을 일으키기 위한 중요방도로 되며 그것은 또한 적지적작,적기적작의 원칙에서 농업생산의 내부부문들을 합리적으로 배치하고 전면적으로 발전시켜나가는 길이다.

종자혁명은 나라의 농업생산구조를 대담하게 개선해나가는데서 가장 결정적인 의의를 가지는 종자문제를 원만히 해결해나갈수 있게 한다.

농작물은 서로 다른 품종은 물론 같은 품종이라하여도 기후풍토조건에 따라 요구하는 생물학적조건과 환경이 서로 다르다.

당의 의도대로 두벌농사를 대대적으로 벌릴수 있는 우리 식의 농업생산구조를 확립하고 전면적으로 발전시켜나가자면 첫째도, 둘째도 종자문제를 바로 풀어야 한다.

감자가 아무리 내한성다수확작물이라 하여도 저절로 농사가 잘되는것이 아니다. 감자농사를 잘 하자면 매 지대별, 지방별 기후풍토에 맞으면서도 비료를 적게 요구하고 생산성이 높으며 비루스에 감염되지 않고 병충해에 잘 견디는 우량한 새 품종의 감자종자를 육종하고 확보하여야 한다.

두벌농사에서 높은 생산성을 내자하여도 지대별, 지방별특성에 맞으면서도 생육기일이 짧고 옹근소출을 낼수 있는 종자가 요구된다. 뿐만아니라 축산과 과수, 잠업과 남새를 비롯한 다른 모든 농업생산부문들에서도 결정적으로 종자문제가 제기된다.

제반 사실들은 결정적으로 종자문제를 해결할 때만이 적지적작,적기적작의 원칙에서 나라의 농업생산구조를 대담하게 개선하고 농업생산에서 비약적발전을 이룩할수 있다는것을 명백히 보여주고있다.

우리 당의 종자혁명은 우리 식의 좋은 종자, 다시말하여 우리 나라의 기후풍토에 맞고 비료를 적게 요구하고 생육기일이 짧으면서도 옹근소출을 낼수 있으며 박막을 쓰지 않고 농사를 지을수 있는 종자 등과 같은 좋은 종자를 육종하고 확보하여 나라의 농업생산구조개선에서 근본적인 전환을 가져오고 생산을 비약적으로 발전시킬수 있게 하는 현명한 방침이다.

당의 종자혁명과 감자농사혁명, 두벌농사방침을 철저히 관철하는것은 나라의 농업생산구조를 대담하게 개선하고 농업생산을 늘일수 있게 하는 근본담보로 된다.

종자혁명과 감자농사혁명, 두벌농사방침을 철저히 관철하는것이 우리 식의 식량문제 먹는 문제해결의 기본방향으로 되는것은 다음으로 그것이 농업생산의 과학화, 집약화를 적극 추진시켜 농업생산을 획기적으로 늘일수 있게 하기때문이다.

현시기 과학화, 집약화는 농업현대화의 기본추세이다. 농업생산을 고도로 과학화, 집약화하여야 투자의 경제적효과성을 높이고 생산을 급속히 장성시킬수 있으며 특히 부침땅이 적은 우리 나라의 실정에서 더욱 중요하다.

농업생산기술공장을 과학화, 집약화하자면 그 요구를 충족시킬수 있는 종자를 마련하여야 한다.

제한된 면적에서 속성방법으로 원가를 적게 들이면서도 최대의 경제적실리를 얻을수 있게 하는 종자가 바로 농업생산의 과학화, 집약화의 요구를 충족시킬수 있게 하는 새로운 품종, 우량품종의 종자이다. 이런 종자들이 있어야 그에 알맞는 선진적인 영농기술과 영농방법, 재배 및 축산방법을 받아들이고 기계기술수단들을 효과적으로 리용하여 농업생산의 과학화, 집약화를 다그칠수 있다. 이로부터 종자혁명을 하여 농업생산의 과학화, 집약화실현에 필요한 종자문제를 원만히 풀어야 한다.

감자농사혁명, 두벌농사방침을 철저히 관철하는것은 농업생산의 과학화, 집약화를 높은 수준에서 적극 실현시킬수 있게 한다.

지난 기난 당의 감자농사혁명,두벌농사방침을 관철하기 위한 투쟁과정에 감자농사에서 대홍단식과학농법이 창조되여 감자농사에서는 물론 전반적농업생산에 과학적인 농업생산기술과 방법이 적용되여 큰 은을 내고있으며 두벌농사가 주체적인 영농체계로, 우리 식의 집약농업법으로 발전되여 우리 농업의 과학화,집약화수준이 매우 높아지게 되였다. 실천적경험은 감자농사와 두벌농사를 대대적으로 진행하는 여기에 우리 농업생산을 보다 과학화, 집약화하는 중요방도가 있다는것을 보여주고있다.

종자혁명과 감자농사혁명, 두벌농사방침을 철저히 관철하는것이 우리 식의 식량문제, 먹는 문제해결의 기본방향으로 되는것은 다음으로 그것이 우리 인민들의 식생활개선에서 근본적인 전환을 가져오게 하기때문이다.

오늘 우리 당은 새 세기의 요구에 맞게 인민들의 식생활에서 혁명을 일으킬것을 요구하고있다.

종자혁명은 식생활개선의 요구에 맞게 맛있고 영양가가 높으며 우량한 새 품종의 농작물이나 집짐승 육종 및 확보를 통하여 우리 인민들의 식생활에서 질적인 개선을 가져오게 한다.

감자농사혁명은 인민들의 식생활개선의 요구에 맞게 감자를 주식물로 리용할수 있는 실제적인 조건을 지어줄뿐아니라 축산을 발전시켜 고기생산을 늘이는데서도 커다란 의의를 가지며 식생활을 매우 다양하고 윤택하게 진행할수 있게 한다. 감자로는 떡과 국수, 빵, 튀기를 비롯하여 맛있고 영양가 높은 여러가지 음식들과 가공품을 만들어 식생활에 리용할수 있으며 농마찌끼, 감자껍질 등과 같은 감자 페설물, 부산물같은것들은 집짐승먹이로 리용하여 고기생산을 늘일수 있다.

두벌농사방침 역시 다종다양한 농작물재배를 통하여 식생활개선에서 중요한 작용을 한다.

바로 이와 같이 우리 당의 종자혁명과 감자농사혁명, 두벌농사방침은 우리 나라의 현실적조건에서 농업생산을 결정적으로 늘일뿐아니라 인민들의 식생활개선에서 근본적인 전환을 가져오게 함으로써 가장 정당하고 현명한 우리 식의 식량문제, 먹는 문제 해결의 방향으로 된다.

농업부문 일군들과 근로자들, 과학자, 기술자들은 우리 식으로 식량문제, 먹는 문제를 시급히 해결하기 위한 경애하는 장군님의 사상과 의도를 잘 알고 종자혁명과 감자농사혁명, 두벌농사방침을 철저히 관철하여야 한다.",KJI,marketization_adjustment,2000s,7.22402480828583
태평양전쟁시기 일제의 해외경제적략탈을 위한 《국가총동원계획》과 《대동아국토건설계획》,부교수 김성도,2009,3,1053,"위대한 수령 김일성동지께서는 다음과 같이 교시하시였다.
《조선인민에 대한 일제의 탄압과 략탈은 태평양전쟁개시이후 절정에 달하고있습니다.》(《김일성전집》 1권, 562페지)

일본제국주의자들의 해외침략야망은 태평양전쟁개시이후 절정에 이르렀으며 그 실현을 위하여 략탈적인 《국가총동원계획》과 《대동아국토건설계획》을 조작하고 다른 나라들에 대한 침략과 략탈에 미쳐날뛰였다.

일제의 《대동아공영권》을 통한 경제적략탈야망은 일본지배층과 독점들의 사활적인 요구로 제기되였으며 놈들의 끝없는 탐욕적요구는 침략전쟁과 강도적인 략탈에로 이어졌다.

일제가 제창한 《대동아공영권》은 령토팽창에 대한 야망과 함께 강도적인 경제적략탈을 근본바탕으로 한것으로서 그것은 가장 강도적이고 야수적인것이였다.

《대동아공영권》의 실현은 일본반동정부와 독점재벌들의 리익에 철저히 부합되는것으로서 놈들은 그것을 첫째가는 국가정책으로 내세우고 저들의 침략적목적을 이루어보려고 발광적으로 책동하였다.

그 대표적인것이 바로 《국가총동원계획》과  《대동아국토건설계획》이였다.

일제는 1938년에 《국가총동원법》을 조작하고 저들의 침략전쟁수행에 필요한 인적, 물적자원을 식민지와 강점지역나라들에서 강제적방법으로 징발하기 위해 미쳐날뛰였다.

 《국가총동원법》은 일본헌법 다음가는 악법으로서 태평양전쟁시기에 본격적으로 적용되였다.

1943년에 조작된 《국가총동원계획》은 태평양전쟁의 절정기에 꾸며진것으로서 《국가총동원법》을 바탕으로 하여 구체화된 강도적인 략탈계획이였다.

일제의 《국가총동원법》이 저들의 해외침략정책을 실현하기 위한 모든 인적, 물적자원을 총동원하기 위하여 꾸며낸 강도적인 악법이라면 그에 기초하여 조작된 《국가총동원계획》은 태평양전쟁에 절실하고 긴박하게 요구되는 인적, 물적자원을 국내와 식민지, 강점지역에서 략탈하기 위한 구체화된 집행계획이였다.

1943년부터 일제의 전시경제는 파탄되기 시작하였으며 군수생산은 전선의 요구를 충족시킬수 없게 되였다. 1942년 가을 과덜커낼섬에서의 대참패이후 일제의 전선형편은 일본의 경제력으로써는 도저히 해결할수 없는 대소모전으로 전환되였다. 수십만명의 륙해군병사들이 전멸된것은 더 말할것도 없고 수많은 비행기와 함선들이 련이어 파괴되였다. 일제는 모든것을 전쟁능력강화에 집중하려고 하였으나 남방에서 략탈한 원료에 대한 수송이 따라서지 못하고 원래 중공업이 취약했던 리유로 하여 급격히 높아가는 군수생산의 요구를 감당해낼수 없었다. 이런 정황하에서 최후발악을 위해 고안해낸것이 《국가총동원계획》으로서 여기에는 《물자동원계획》, 《교통동원계획》, 《생산확통계획》, 《국가자금동원계획》, 《전력동원계획》, 《국민동원계획》, 《교역계획》, 《생활필수품동원계획》 등 8가지의 동원계획이 포함되여있었으며 그것은 태평양전쟁에서 저들의 기울어져가는 형세를 건져보려는데 그 목적이 있었다.

일제는 《국가총동원계획》에서 이른바 《2개의 기본방침》과 《4가지 원칙》을 내놓았다.  《국가총동원계획》에서 내놓은 《2개의 기본방침》에서 하나는 전쟁수행에 절실히 요구되는 물자들을 충분히 보장하는것이며 다른 하나는 《대동아자급자족체계》의 기초를 마련하는것이였다.

일제가 내놓은 《기본방침》에서 보는바와 같이 놈들은 전쟁수행에 요구되는 막대한 전략물자와 인적자원을 깡그리 략탈하고 동원하지 않으면 안되였다. 다른 한편 《대동아자급자족체계》를 마련하는것은 끝없는 독점적고률리윤추구에 열이 오른 일본독점재벌들의 리익을 보장하기 위한것이였다.

그리고 《국가총동원계획》에 박아넣은 《4가지 원칙》은 철저히 략탈적목적으로 일관되였다.  《4가지 원칙》은 우의 《기본방침》에 기초한것으로서 첫째로, 자원획득 특히 전쟁수행상 긴요한 자원을 확보하며 둘째로, 남방의 중요자원의 《적성국가》에로의 류출을 방지하며 셋째로, 일본군대에 필요한 군수품을 현지에서 확보하며 넷째로, 동아지역에 있는 모든 기업들이 《기본방침》에 적극 협력하여 《동아신질서》건설에 기여하는것이였다.

일제는 《국가총동원계획》의 《기본방침》과 《4가지 원칙》에 따
										라 《대동아경제권》이라는것을 만들어놓고 그에 기초한 구체적인 략탈계획을 수립하고 강도적인 략탈에 광분하였다.

일본제국주의자들은 략탈적인 《국가총동원계획》과 함께 《대동아국토건설계획》이라는 장기적인 략탈계획을 조작하였다. 일제는 《대동아국토건설계획》을 조작하고 아시아와 태평양지역의 여러 나라들을 저들의 영원한 식민지로 만들고 이 나라들의 풍부한 자원을 독차지하려고 미친듯이 날뛰였다.

일제는 《대동아국토건설계획》의 취지에 대하여 《일본이 대동아전쟁의 불길을 일으킨 이상 미영의 세력을 타승하고 〈대동아공영권〉을 실현함으로써 자급자족경제를 확립하는것이 절대적으로 필요하며 그 정책수행에 관한 계획이 바로 〈대동아국토건설계획〉》이라고 줴쳤다.

일제가 조작해낸 《대동아국토건설계획》은 한마디로 말하여 종합적이며 장기적인 략탈계획이였다. 이 계획은 산업, 교통, 문화, 인구 등을 포괄하고있다.

 《대동아국토건설계획》의 대상은 《대동아공영권》내에 포함되는 모든 나라와 민족이며 그 목표는 일본을 중핵으로 하여 《고도국방국가체계》를 확립하는것이며 기간적으로 볼 때 100년이라는 오랜 기간을 설정하고 세운 장기적인 략탈계획이였다. 일제가 이 략탈계획을 조작한 사실 하나만 놓고보아도 대륙침략열기가 어느 지경에 이르렀으며 세계제패의 야망이 골수에 찬 침략자, 략탈자였다는것을 알수 있다.

일제가 조작한 《대동아국토건설계획》에는 《광공업략탈계획》, 《농업, 림업, 축산, 수산략탈계획》, 《동력연료략탈계획》, 《대동아제민족정책》 등이 포함되여있었다.

《대동아국토건설계획》은 놈들의 종합적인 략탈계획으로서 일본수상이 직접 주관하고 그 직접적인 집행은 《기획원》이 담당하였으며 내각에 《국토계획위원회》를 설치하였다. 그리고 각 지방행정단위에는 그의 조사와 집행을 위한 기구들이 조직되여있었다.

일본제국주의자들은 《대동아국토건설계획》에 부문별 략탈계획으로서 광업, 공업, 전력에 대한 략탈계획을 기본계획으로 포함시키였다. 놈들은 광업, 공업, 전력에 대한 자원략탈을 원만히 보장하기 위한 이른바 《광업, 공업 및 전력건설에 관한 방책》이라는것을 내놓았다. 놈들은 이것을 《제1기방책》과 《제2기방책》으로 구분하고 보다 구체화된 략탈계획을 수립하였다.

《제1기방책》은 침략전쟁수행에 절실히 필요한 전략물자인 철강재, 석탄, 석유, 동, 알루미니움과 함께 비행기, 함선건조를 위한 군수공업과 그에 필요한 자원략탈에 중점을 두는것이였다.

《제2기방책》은 대동아 각 지역의 자원략탈에 기초하여 중요국방산업의 비약적인 확대에 중점을 두며 대동아의 각지역에서 략탈할 전략물자의 품종을 규정한것이였다.

일제가 규정한 각 지역의 건설지표에 의하면 우선 일본에서 정밀공업, 기계공업, 병기공업건설에 힘을 넣도록 함으로써 일본재벌들의 리익을 철저히 보장해주며 그를 통한 군수산업의 확대와 침략전쟁수행에 필요한 방대한 군수물자를 확보하려 하였다.  또한 만주와 중국 내륙지역에는 광업, 제철, 석탄, 제염을 비롯한 전략자원략탈을 위한 건설지표가 규정되여있었다. 또한 남방지역에는 석유와 각종 중요생산물의 가공처리에 필요한 건설지표가 규정되여있었다. 이것은 일제가 식민지나라들과 강점지역의 지하자원을 강도적인 방법으로 무제한 략탈하여 침략전쟁을 위한 당면한 군수생산을 적극 다그치려는 략탈적본성으로부터 나온것이였다.

 《대동아국토건설계획》에는 또한 《산업립지계획》이라는 략탈계획이 포함되여있었다.  《산업립지계획》은 침략전쟁의 확대와 광대한 령토의 팽창에 따라 점령지와 각 지역의 자원략탈대상에 기초하여 여러 지역에 건설할 산업대상과 그것의 일본 중화학공업 및 군수산업과의 호상관계를 규정한것으로서 당면한 침략전쟁수행과 략탈적목적을 달성하기 위한 계획이였다.

일제는 각 지역에서 략탈하는 전략물자의 대상과 수량 그리고 본토의 군수공업에 필요한 물자의 수급상태와 수송 등을 고려하지 않을수 없었다. 점령지역에서 략탈한 자원의 수송문제 하나만 보더라도 매우 심각한 난문제로 제기되였다. 당시 놈들은 략탈한 물자의 거의 대부분을 해상수송에 매달리지 않으면 안되였는데 전쟁과정에 많은 선박을 잃었으므로 해상수송은 거의 불가능한 형편이였다. 이런 상황에서 략탈한 자원을 보다 효과적으로 리용하여 늘어나는 군수물자에 대한 수요를 보장하기 위해 고안해낸것이 바로 《산업립지계획》이였다. 이것은 일본독점자본가들에게 자본투하지를 제공함으로써 독점적고률리윤을 획득할뿐아니라 현지군수물자의 조달을 보장하려는데 있었다.

일본제국주의자들이 조작한 《대동아국토건설계획》에는 또한 략탈적인 《무역계획》이 포함되여있었다. 일제가 조작한 《무역계획》은 표면상 《무역계획》이지 본질에 있어서 이 지역 나라들의 자원을 강제징발하기 위한것이며 놈들자신이 실토한것처럼 등가교환에 대하여서는 애당초 생각조차 하지 않고 오직 강도적인 략탈만이 적용되였다.  《대동아공영권》에 속하는 나라들에서 생산되는 중요농산물의 8개 품종은 세계생산량의 50%이상을 차지하며 석탄은 90%, 고무는 95.9%를 차지하고있었다. 반면에 일본은 중요공업원료의 대부분을 해외에 의존하고있었다. 그 몇가지만 보아도 철광석은 82.2%, 면화는 98.7%, 생고무는 100%, 니켈은 100%를 해외에 의존하고있는 형편이였으며 다른 원료들도 거의다 수입에 매달리고있었다. 그러므로 일제에게 있어서 식민지나라들과 강점지역의 방대한 원료자원의 략탈은 처음부터 강도적인 수단과 방법으로 감행된 강탈전이였으며 모든 략탈계획은 그것을 전제로 하여 세워진것이였다.

일본제국주의자들이 조작한 《대동아국토건설계획》에는 또한 강도적인 《대동아제민족정책》이 포함되여있었다.

일제는 《대동아제민족정책》의 목적에 대하여 《... 〈대동아제민족정책〉의 진의도는 일본이 대동아의 제민족을 타고 앉아 대동양민족을 창조하는것을 중점으로 하며 그것이 종국적목적》이라고 떠벌이였다.

우의 자료에서 보는바와 같이 《대동아국토건설계획》에 반영된 《대동아제민족정책》은 철저히 아시아 및 태평양지역의 여러 나라들을 저들의 식민지지배하에 넣고 마음대로 략탈하기 위해 조작된것이였다.

일본제국주의자들이 조작한 《대동아국토건설계획》에는 또한 강탈자의 속심이 그대로 반영된 《인구배치계획》이 포함되여있었다.

일제의 령토팽창야망은 극도에 달하여 아시아와 태평양지역의 넓은 지역을 포괄하는 광활한 지역을 저들이 가로타고 앉겠다는 검은 속심이였다.  《인구배치계획》은 이러한 일제의 령토팽창야망과 깊은 련관속에서 세워지고 추진되였다.

일제는 20년을 기간으로 하여 식민지 조선, 만주를 비롯하여 여러 강점지역에 일본인들을 이주시켜 점차 일본화하려고 책동하였다.  《인구배치계획》에는 점차적으로 조선에 1천만명, 만주에 500만명에 달하는 일본인들을 이주시킬것을 계획하고 매해 수천명씩 해외에 내보냈으며 여러 강점지역에도 각이한 방법과 형태로 이주시켰다.

일제가 조작한 《대동아국토건설계획》은 장기적인 략탈계획이였다.

일제의 《대동아공영권》은 아시아와 태평양지역의 광대한 지역을 저들이 타고앉아 《맹주》가 되려는 침략과 략탈야망이라면 《대동아국토건설계획》은 장기적인 략탈계획으로서 이 지역을 영원히 저들의 식민지, 략탈지로 만들기 위한 실제적인 집행계획이였다.

일제가 《대동아국토건설계획》을 100년이라는 기간을 두고 조작한것은 이미 아시아 및 태평양지역을 완전히 제놈들의 식민지로 간주하고 꾸민 파렴치하고 날강도적인 략탈계획이였다는것을 실증해주고있다.

이와 같이 일본제국주의자들은 태평양전쟁기간 아시아와 태평양지역나라들에서 수많은 인적, 물적자원을 강도적인 방법으로 략탈하고 헤아릴수 없는 재난과 고통을 들씌운 극악한 침략자, 략탈자이다. 그러나 일본반동들은 과거 저들이 저지른 죄악의 력사를 인정하고 사죄배상할 대신 복수주의적야망을 품고 또다시 재침의 길에 나서고있다.

우리는 미제와 공모결탁하여 감행되고있는 일본군국주의자들의 새 전쟁도발책동에 높은 경각성을 가지고 우리 나라에 대한 재침책동을 분쇄하기 위하여 적극 투쟁하여야 한다.",KJI,marketization_adjustment,2000s,6.960347729101308
"전문화된 대규모 공장, 기업소들의 생산능력을 최대한으로 리용하는것은 강성대국건설의 중요방도",지태화,2002,2,1618,"오늘 우리 인민은 《경제강국건설의 자랑찬 성과로 민족최대의 명절을 빛내이자!》는 구호를 들고 사회주의건설의 모든 전선에서 새로운 혁명적대고조를 일으켜 나가고 있다.

사회주의강성대국은 나라의 정치적위력과 방위력을 강화하는것과 함께 강력한 경제력을 가질것을 요구한다.

나라의 경제력을 강화하여 강성대국을 건설하기 위하여서는 이미 마련된 경제토대의 잠재력을 최대한으로 리용하여야 하며 그것을 더욱 확대하여야 한다. 여기서 중요한것은 자립적민족경제의 골간을 이루는 전문화된 대규모 공장, 기업소들의 생산능력을 최대한으로 리용하는것이며 이것은 강성대국건설의 중요한 방도로 된다.

전문화된 대규모 공장, 기업소들의 생산능력을 최대한으로 리용하는것이 강성대국건설의 중요한 방도로 된다.

전문화된 대규모 공장, 기업소들의 생산능력을 최대한으로 리용하는것이 강성대국건설의 중요방도로 되는것은 무엇보다도 이러한 공장, 기업소들이 전문화의 우월성과 대규모생산으로 특징 지어 지는 생산집적의 우월성에 기초하고 있기때문이다. 전문화와 생산집적은 협동화, 결합화와 함께 사회적생산조직발전의 기본방향이다.

전문화는 매개 생산단위들에서 하나 또는 몇개의 고정된 생산물을 생산하거나 기술공정만을 수행하도록 하는 사회적생산조직형태이며 생산집적은 개별적생산단위의 생산능력을 가능한한 크게 함으로써 기술경제지표들을 개선할수 있게 하는 사회적생산조직형태이다.

위대한 령도자 김정일동지께서는 다음과 같이 지적하시였다.
《생산을 전문화하면 생산공정과 기술수단의 현대화를 다그치고 로동자들의 기술기능수준을 빨리 높이며 설비와 자재, 로력을 합리적으로 리용하여 높은 생산성을 보장하면서도 질 좋은 제품을 값싸게 생산할수 있습니다.》 (《김정일선집》 10권, 134페지)

전문화된 대규모 공장, 기업소들은 사회적생산조직발전과 과학기술발전의 합법칙적결과이며 커다란 우월성을 가지고 있다.

전문화된 공장, 기업소들의 우월성은 첫째로, 제품단위당 원료, 자재, 연료, 전력의 소비량을 줄임으로써 제한된 생산자원으로 보다 많은 생산물을 생산할수 있게 한다는데 있다. 그것은 전문화된 대규모 공장, 기업소들에서는 단위출력이 큰 설비들을 리용함으로써 기술공정에서 무부하소비와 기술공정상손실을 줄이고 기타손실도 줄이며 페설물생산량이 최소로 되게 할뿐아니라 그것을 효과적으로 회수리용하는것과 관련된다.

전문화된 대규모 공장, 기업소들의 우월성은 둘째로, 흐름식생산조직, 유연생산조직과 같은 앞선 생산조직방법을 받아 들이고 기계화, 자동화를 적극 실현하여 설비리용률과 로동생산능률을 높일수 있게 하는데서 나타난다.

전문화되지 않았거나 생산능력이 작은 생산단위에서는 생산물품종이 바뀌거나 다른 여러가지 리유로 생산중단이 생기게 되며 따라서 설비리용률과 로동생산능률이 낮아 진다. 전문화된 대규모생산단위에서는 단위당출력이 큰 설비들에 만부하를 걸수 있고 생산물교체나 교대조직에 따르는 생산중단이 없어 지거나 훨씬 적어 지므로 설비리용률이 높아 지며 설비능력단위당 봉사인원수가 작으므로 로동생산능률도 높아 진다.

전문화된 대규모 공장, 기업소들의 우월성은 셋째로, 전문기술지식과 높은 기능을 소유한 기술자, 전문가, 기능공들이 많고 이들은 자기가 같은 분야에 정통하고 있으므로 생산에 대한 기술지도와 생산물과 원자재에 대한 검사를 일상적으로 강화하여 질 좋은 생산물을 많이 생산할수 있게 하는데서 나타난다.

생산물의 질을 높이는것은 생산물에 대한 수요를 보다 원만히 충족시킬수 있게 하므로 더 많은 생산물을 생산하는것과 같은 효과를 준다. 또한 생산물의 질을 높이는것은 대외시장에서 상품의 경쟁능력을 높여 나라의 국제적위신을 높이며 수출량을 늘일수 있게 한다. 더구나 우리 나라가 이제는 전적으로 자본주의시장을 상대로 하게 된것과 관련하우 수출품의 질을 높이는것은 매우 절실한 문제로 제기된다.

생산물의 질은 원료가 같은 조건에서는 설비의 상태와 로동자들의 기술기능수준에 의존한다. 전문화된 대규모 공장, 기업소들에서는 유능한 기술자들과 고급기능공들에 의하여 설비들이 
										늘 정비된 상태에 있게 하며 생산과정에서 기술규정과 표준조작법의 요구를 엄격히 지키도록 하는 문제를 보다 원만히 풀수 있게 된다. 이것은 생산물의 높은 질을 담보한다.

전문화된 대규모 공장, 기업소들의 우월성은 넷째로, 사회순소득을 더 많이 창조하여 국가예산수입을 늘임으로써 사회주의적확대재생산과 인민생활향상을 다그칠수 있게 하는데서 나타난다.

세금제도가 없어 진 우리 나라에서 국가예산수입의 기본부분은 공장, 기업소들의 순수득에 의하여 보장된다. 기업소에서 창조되는 순소득의 규모는 생산물의 질과 원가수준 및 생산물생산량에 의하여 규정된다.

전문화된 공장, 기업소들에서는 앞에서 고찰한 우월성들로 하여 원가에서 기본을 이루는 원료, 자재, 연료, 동력에 대한 지출을 줄이며 생산물생산량이 많은것만큼 조건적불변비도 작아 진다. 이처럼 전문화된 대규모 공장, 기업소들에서는 생산물의 질을 높이고 원가를 낮추며 생산물생산량을 늘이는 문제를 다같이 풀므로 더 많은 순소득을 창조하게 된다.

다음으로 전문화된 대규모 공장, 기업소들의 생산능력을 최대한으로 리용하는것이 강성대국건설의 중요방도로 되는것은 이런 공장, 기업소들이 커다란 생산잠재력을 가지고 있다는것과 관련된다.

마련된 생산토대의 생산잠재력을 최대한으로 리용하여야 인민경제 모든 부문을 활성화하고 전국적범위에서 생산을 정상화할수 있다.

위대한 수령님과 경애하는 장군님의 현명한 령도밑에 우리 나라에서는 자립적민족경제체계가 확립되고 자립적인 공업이 건설되였으며 그 자립성과 주체성이 끊임없이 강화되고 있다.

전문화된 대규모 공장, 기업소들은 자립적공업의 기본골격을 이룬다.

전문화된 대규모 공장, 기업소들의 커다란 생산잠재력은 첫째로, 그 생산능력이 아주 크다는것을 놓고 말할수 있다.

우리 나라에서 전문화된 대규모 공장, 기업소들은 대부분 생산물에 대한 적국적인 수요를 충족시키고도 남음이 있을만큼 큰 생산능력을 가지고 있다. 그러므로 그것을 다 발휘하게 한다면 국내에서 생산물에 대한 인민경제와 인민생활상 수요를 충족시킬뿐아니라 많은 량을 수출할수도 있다. 또한 생산물의 질을 세계적수준으로 높임으로써 수요를 량적으로만이 아니라 질적으로도 충족시키며 더 많은 외화를 얻을수 있게 한다.

전문화된 대규모 공장, 기업소들의 커다란 생산잠재력은 둘째로, 그것이 그 어떤 세계적인 경제파동이나 경제적봉쇄에도 끄떡하지 않는데서 나타난다.

오늘 제국주의자들의 책동과 자본주의경제의 모순으로 하여 세계적으로는 원료위기, 연료위기, 금융위기의 형태로 여러가지 경제파동들이 자주 일어 나고 있으며 이것이 발전도상나라들의 경제발전에 커다란 영향을 미치고 있다. 특히는 미제를 비롯한 제국주의자들이 사회주의의 보루인 우리 나라 사회주의를 말살하기 위하여 우리 나라에 대한 고립압살책동과 경제적봉쇄를 끊임없이 감행하고 있는것과 관련하여 외부적인 경제파동을 막아 내는것이 더욱 절박한 문제로 된다.

우리 나라의 대규모 공장, 기업소들은 모두다 자체의 원료, 연료, 동력원천에 의거하고 있고 인민경제부문들과 생산단위들사이에 긴밀하게 련결되여 있으므로 외부적인 경제적파동도 받지 않게 되여 있다. 이것은 세계적으로 지난 날 많은 나라들이 경제에 파국적영향을 미쳤던 원료위기, 연료위기가 우리 나라 경제에는 아무런 영향도 미치지 못하였으며 최근에 동남아시아나라들에 심대한 타격을 준 금융위기가 우리 나라에는 그 어떤 후과도 가져 오지 않은 사실이 실천적으로 증시하여 준다.

전문화된 대규모 공장, 기업소들의 생산능력을 최대한으로 리용하는것이 강성대국건설의 중요방도로 되는것은 또한 그것이 과학기술발전을 다그치고 그 성과를 적극 받아 들일수 있게 하기때문이다.

과학기술발전은 강성대국건설의 힘 있는 추동력이다.

오늘 세계적으로 과학기술은 눈부신 속도로 발전하고 있으며 우리 시대는 과학기술의 시대로 특징 지어 진다. 나라의 경제적위력은 최신과학기술의 성과를 받아 들인 정도에 따라 규정된다고 말할수 있다. 그러므로 우리 나라를 강성대국으로 일떠세우기 위하여서는 과학기술발전을 세계적수준에서 다그쳐 나가야 하며 그 성과를 제때에 받아 들여야 한다.

전문화된 대규모 공장, 기업소들은 자기 전공분야에 정통하고 있는 우수한 과학자, 기술자들과 고급기능공들을 많이 가지고 있으며 생산기술공정도 국내에서는 그중 앞선 기술에 기초하고 있을뿐아니라 과학연구사업과 새 기술도입에 필요한 시험측정수단들과 검사수단들을 갖추고 있다. 그리하여 일군들이 관심을 돌려 짜고든다면 전문화된 대규모 공장, 기업소들에서는 자기 부문의 최신과학기술성과를 세계적범위에서 조사장악할수 있고 그것을 받아 들이기 위한 과학연구사업과 시험사업을 조직진행할수 있다.

또한 전문화된 대규모 공장, 기업소들은 전문과학연구기관들과의 창조적협조를 강화하는데서 유리한 조건을 가지고 있다. 전문화된 대규모 공장, 기업소들의 생산실천에서 제기되는 문제들은 전문과학연구기관들의 연구종자로 될수 있으며 현장기술일군들과 고급기능공들의 풍부한 경험은 전문과학연구기관들의 연구과제를 해결하는데서 귀중한 자료로 된다.

또한 전문화된 대규모 공장, 기업소들은 전문과학연구기관들의 연구결과를 실천을 통하여 검증하는 실천기지로도 된다. 이처럼 전문화된 대규모 공장, 기업소들은 나라의 과학기술을 발전시키는데서 중요한 역할을 하게 된다. 이것은 전문화된 대규모 공장, 기업소들이 과학기술과 생산실천을 밀착시켜 나라의 과학기술발전을 다그치고 인민경제 모든 부문을 현대과학기술의 토대우에 올려 세우는데서 위력한 기지로 된다는것을 말하여 준다.

전문화된 대규모 공장, 기업소들의 생산능력을 최대한으로 리용하는것이 강성대국건설의 중요 방도로 되는것은 또한 이것이 집단주의의 위력과 생활력을 더욱 높이 발양시킬수 있게 한다는데 있다.

우리가 건설하려는 강성대국은 사회주의강성대국이다. 사회주의는 집단주의를 생활적기초로 하여 강화되고 더욱 공고화된다. 그러므로 사회주의강성대국을 건설하기 위하여서는 집단주의의 위력과 생활력을 더욱 높이 발양시키는데 기초하여 나라의 경제력을 끊임없이 강화해 나가야 한다.

전문화된 대규모 공장, 기업소들에서는 무엇보다도 로동계급의 대집단이 일하고 있으며 모든 단위, 직종들에서 여러명이 함께 일하며 생활하고 있다. 이것은 근로자들이 집단적인 생활과정을 통하여 조직규률을 자각적으로 지키며 서로 돕고 이끌어 주는 혁명적생활기풍, 공산주의적미풍을 높이 발휘하며 집단주의정신으로 무장할수 있게 하는 중요 조건으로 된다.

또한 전문화된 대규모 공장, 기업소들은 내부생산단위들이 긴밀하게 련결되여 있으며 다른 부문 공장, 기업소들과도 협동생산체계를 통하여 긴밀한 련계를 가지게 된다. 그리하여 일상적인 생산실천에서 본위주의를 극복하는것을 중요한 과제로 내세우게 되며 전 사회적범위에서 집단주의의 위력과 생활력을 훌륭히 발휘할수 있게 한다. 이처럼 전문화된 대규모 공장, 기업소들의 생산능력을 최대한으로 리용하고 확대강화하는것은 사회주의사회의 기초인 집단주의를 더욱 공고발전시킴으로써 우리 세대에 맡겨 진 사회주의강성대국을 건설하는 보람찬 위업을 성과적으로 실현해 나갈수 있게 한다.

전문화된 공장, 기업소들의 생산능력을 최대한으로 리용하기 위하여서는 무엇보다먼저 이 공장들에서 모든 일군들이 자력갱생의 혁명정신을 높이 발휘하여 생산설비와 시설들을 점검보수하여 생산공정을 완비하는 사업을 힘 있게 밀고 나가는것이 중요하다.

최근 몇해동안에 조성된 경제적난관으로 하여 생산이 정상화되지 못하고 일부 생산이 중단된 상태에 있게 되였으며 이것은 생산설비와 시설에 적지 않은 손상을 가져 오게 하였다. 이런 조건에서 전문화된 대규모 공장, 기업소들에서 경제를 활성화할데 대한 요구에 맞게 생산을 정상적인 궤도우에 올려 세우려면 생산설비와 시설들을 구체적으로 점검하고 결함개소들을 퇴치하여 모든 공정들이 원활하게 진행될수 있게 완비하는 사업을 앞세워 나가야 한다. 다음으로 전문화된 대규모 공장, 기업소들의 생산능력을 최대한으로 리용하기 위하여서는 계획화사업을 잘하여 원료와 자재, 연료와 전력을 이 공장, 기업소들에 우선적으로 보장하도록 하여야 한다.

원료와 자재, 연료와 전력을 원만히 보장하는것은 생산을 정상화하기 위한 필수적조건이며 이것을 잘하도록 짜고드는것은 가장 중요한 경제조직사업이다. 오늘 원료와 자재, 연료와 전력이 긴장한 조건에서 제한된 생산자원으로 보다 많은 생산물을 생산하여야 사회적수요를 더 원만히 충족시킬수 있다. 그러므로 높은 수준의 기술경제지표들을 보장할수 있고 질 좋은 생산물을 생산할수 있는 전문화된 대규모 공장, 기업소들에 원료와 자재, 연료와 전력을 우선적으로 보장하는것은 경제를 활성화할수 있는 중요 조건으로 된다. 때문에 모든 계획단위들에서 계획을 작성함에 있어서 전문화된 대규모 공장, 기업소들에 원료와 자재, 연료와 전력을 우선적으로 보장하도록 하고 그것을 어김없이 집행하도록 하여야 한다.

전문화된 대규모 공장, 기업소들의 생산능력을 최대한으로 리용하는데서 또한 중요한것은 이 공장, 기업소들이 자기 생산능력을 다 낼수 있게 하는데 사회적관심을 높이고 지원사업을 강화하며 지원한 단위들에 생산물을 우선적으로 공급하는 체계를 바로 세우는것이다.

모든 부문, 모든 단위의 일군들은 전문화된 대규모 공장, 기업소들의 생산능력을 최대한으로 리용하는것이 나라의 경제를 활성화하고 강성대국건설을 다그치는 중요방도로 된다는것을 똑똑히 알고 자기 단위에서 도울수 있는 가능성을 찾아 내여 이 공장, 기업소들에 대한 사회적지원에 적극 참가하도록 하여야 한다. 또한 긴장한 원료와 자재, 연료를 가지고 전문화된 대규모 공장, 기업소들에서 생산하는 생산물을 자체로 생산하려 할것이 아니라 가지고 있는 원료와 자재, 연료를 대규모 공장, 기업소들에 넘겨 주고 해당한 생산물을 받아다 쓰도록 하여야 한다.

국가경제기관들은 제국주의자들의 고립압살책동으로 《고난의 행군》, 강행군을 하던 시기에 기관, 기업소들이 꾸렸던 생산물의 질이 낮고 전력과 중요물자들의 제품단위소비량이 큰 소규모자체생산기지들을 기초하고 있는 과학기술수준과 경제적효과성을 따져서 국가가 실리를 더 얻을수 있게 하는 방향에서 정리하는 사업을 힘 있게 밀고 나가야 한다. 특히 세멘트, 카바이트, 유리, 철강재와 주물품, 용접봉, 피대, 베아링, 종이와 같은 생산물은 다 대규모전문생산기지들에서 생산보장할수 있게 짜고 들어야 한다.

이와 함께 전문화된 대규모 공장, 기업소들에서는 수요자들이 제공하는 원료와 자재, 연료의 질적상태를 평가하고 규정된 거둠률을 고려하여 해당한 수량의 생산물을 즉시에 넘겨 줌으로써 지원단위들과의 관계에서 신용을 높이며 수요자들이 자체로 생산하여 쓰는것보다 손해를 보는 일이 없게 하여야 한다. 국가적으로 대규모 공장, 기업소들에 원료와 자재, 연료를 원만히 보장할 때까지는 수요자들로부터 원료와 연료, 다른 중요물자들을 받고 해당한 수량의 생산물을 넘겨 주도록 하는것이 불가피하다. 특히 파철이나 파지와 같은것을 원료로 리용하는 공장, 기업소들에서는 이러한 련계를 옳게 리용하는것이 생산을 정상화하는 중요조건으로 된다. 이러한 련계는 신용이 담보되는 조건에서만 유지될수 있다. 그러므로 대규모 공장, 기업소들에서는 원료, 자재와 연료를 제공한 수요자들에게는 제때에 규정된 량의 생산물을 무조건 넘겨 주도록 하여야 한다.

마지막으로 전문화된 대규모 공장, 기업소들의 생산능력을 최대한으로 리용하기 위하여서는 이 공장, 기업소들에서 생산물의 질과 기술경제지표들을 세계적수준으로 높이기 위한 투쟁을 힘 있게 벌려야 한다.

전문화된 대규모 공장, 기업소들에서는 앞선 기술공정과 과학기술의 최신 성과를 적극 받아 들여 생산물의 질과 기술경제지표들의 수준을 높이는 사업을 체계적으로 적극 밀고 나가야 한다.

인민경제 모든 부문, 모든 단위의 일군들은 전문화된 대규모 공장, 기업소들의 생산능력을 최대한으로 리용하는것이 강성대국건설의 중요한 방도로 된다는것을 옳게 인식함으로써 우리 나라를 세계적인 주체경제강국으로 만드는 사업에 적극 떨쳐 나서야 할것이다.",KJI,marketization_adjustment,2000s,7.389563953677635
경제의 저탄소화는 새로운 경제발전방향,한철호,2011,4,628,"위대한 령도자 김정일동지께서는 다음과 같이 지적하시였다.
《국토관리사업과 환경보호사업을 잘하는것은 세계적추세입니다.》(《김정일선집》제14권, 203페지)

오늘 환경보호형의 경제를 건설하는것은 인류의 존망과 관련되는 매우 첨예한 세계적문제의 하나로 나서고있다. 이러한 요구를 반영하여 경제의 저탄소화가 새로운 경제발전방향, 추세로 주목되고있다.

경제의 저탄소화개념은 새 세기에 들어서면서 제기되였다.

경제의 저탄소화는 본질에 있어서 지구온난화를 초래하는 이산화탄소를 비롯한 온실효과가스의 방출량을 최소화하여 경제를 환경보호에 유리하도록 발전시키는것을 의미한다.

경제의 저탄소화는 화석연료위주의 현존 에네르기자원소비구조를 태양열, 풍력, 생물에네르기 등 록색에네르기위주의 에네르기자원소비구조로 전환시켜 에네르기자원소비에 의한 오염 및 온실효과가스방출을 적게 하는 경제발전방식이다. 경제의 저탄소화는 에네르기자원소비에 의한 오염과 온실효과가스로 하여 재난을 초래할수 있는 기후변화를 막고 인류의 생존과 안정된 경제발전을 보장하는것을 목적으로 하고있다.

경제의 저탄소화가 오늘 새로운 경제발전방향으로 주목되고있는것은 무엇보다먼저 화석연료에 기초한 경제발전이 지구온난화를 초래하고 그것이 이상기후현상과 뜻하지 않는 재난을 산생시키는것과 관련된다.

지구온난화현상과 지구환경의 파괴는 주로 온실효과가스가 대기중에 많아지는데 있다.  원유나 석탄, 천연가스와 같은 화석연료의 연소과정에 이산화탄소가 대기속에 방출되여 대기의 이산화탄소함량이 일정한 정도로 높아지게 되면 지구표면의 열이 우주공간에로 퍼져나가지 못하게 되는데 이것이 바로 온실효과이다. 온실효과가 나타나면 지구표면과 대기하층의 온도가 높아지게 되고 이 과정에 지구온난화가 초래되며 지구온난화는 이상기후현상과 각이한 자연재해를 가져온다.

지구온난화를 가져오는 온실효과가스의 대대적인 방출은 물질적부의 생산에서 원유, 천연가스, 석탄과 같은 화석자원을 주되는 연료로 리용하고있는것과 관련된다.

화석연료에 기초한 경제구조로 이산화탄소방출량이 증대되고 더 많은 리윤을 획득하려는 자본의 본성이 강화되는데 따르는 화석연료자원의 대대적채굴, 무정부적인 생산의 확대는 이산화탄소를 비롯한 온실효과가스를 더욱더 대기속에 방출되게 하였다. 자료에 의하면 자본주의나라들은 산업혁명초기부터 1950년대까지 화석연료를 통하여 이산화탄소방출량의 95%를, 1950년부터 2000년까지 그 77%를 방출시켰다고 한다. 뿐만아니라 독점자본들이 경쟁력이 약한 공해산업들을 발전도상나라들에로 이전시킨것으로 하여 오늘 발전도상나라들에서도 이산화탄소방출량이 증대되고있다.

이산화탄소방출량의 증대로 인한 지구온난화는 이상기후현상을 초래하여 지구륙지면적의 거의 4분의 1에 해당한 토지를 사막화되게 하고 수백만ha의 농경지를 류실시키고 농산물생산을 크게 감퇴시켰고 각이한 자연재해를 몰아와 수많은 사람들이 목숨까지 잃고있으며 바다물면이 높아져 섬나라들과 낮은 지대의 나라들이 바다물에 잠길 위험이 조성되고 수천여종의 동식물들이 멸종위기에 처하게 되였다.

오늘 지구온난화는 세계대전이나 경제공황에 못지 않게 수많은 정치경제적 및 사회적혼란을 빚어내고있다. 이것은 화석연료위주의 경제구조, 경제발전방식에서 결정적으로 벗어날것을 요구하며 바로 여기에 경제의 저탄소화가 새로운 경제발전방향의 하나로 되게 된 근거가 있다.

 경제의 저탄소화가 오늘 새로운 경제발전방향으로 주목되고있는것은 다음으로 지식경제시대에 들어서면서 과학기술지식이 주요한 전략적인 자원으로 전환되는 한편 화석연료자원의 점차적고갈로 인한 연료위기의 가능성이 커짐에 따라 화석연료가 장기적인 전략적자원으로 될수 없게 된것과도 관련된다.

새 세기 21세기는 지식경제의 시대이다. 지식경제시대는 과학기술이 발전하고 지식이 대대적으로 축적되며 그것이 적극적으로 활용되는 새로운 시대이다. 지식경제시대에서는 과학기술지식이 주요한 전략적자원으로 전화되며 과학기술과 생산의 일체화가 실현되고 나노기술의 발전에 의한 새 에네르기분야가 발전하는데 따라
										 자연자원에 대한 경제의 의존도가 낮아지고있다.

그러나 아직까지는 화석연료에 적지 않게 의존하지 않으면 안된다. 그런데 화석연료자원은 점차 고갈되여가는 동시에 그에 대한 수요는 높아지고있다.

화석연료자원은 재생불가능한 자원으로서 그 매장량은 한계를 가진다. 물론 탐사기술이 발전함에 따라 새로운 화석연료자원매장지가 일정하게 늘어는 날수 있지만 그 한계에서는 벗어날수 없다. 자료에 의하면 2001년말현재 확정된 원유매장량은 1조 1 400억bbl인데 이것을 현재의 년간생산량으로 볼 때 50년정도밖에 채취할수 없게 되여있다. 반면에 원유를 비롯한 세계에네르기수요는 2020년에 가서 현재보다 55%나 더 높아질것으로 예견되고있다.

이것은 세계의 수많은 나라들의 경제발전에 커다란 타격으로 되고있다. 늘어나는 수요와 계속 높아지는 원유가격으로 많은 나라들은 년간 총수입에서 커다란 재정적부담을 받고있으며 경제발전에 커다란 장애를 조성하고있다. 이러한 사정들은 지구상의 모든 나라들이 화석연료자원에 의존하여서는 사회경제발전의 안정성을 보장할수 없으며 과학기술에 의거하는 새로운 경제발전방식을 요구한다. 여기에 경제의 저탄소화가 오늘 새로운 경제발전방향으로 되는 근거의 다른 하나가 있다.

과학기술이 급속히 발전하고 경제발전에 대한 과학기술의 선도적역할이 더욱더 높아지고있는 오늘 경제의 저탄소화의 확고한 과학기술적담보들이 마련되고있다.

우선 경제의 저탄소화의 가장 중요한 구성내용이라고 할수 있는 록색에네르기의 개발과 리용이 과학기술적으로 담보되게 되였다.

이미 세계의 많은 나라들에서 에네르기자원전략을 새롭게 수립하고 전통적인 화석연료자원을 대신할수 있는 새로운 에네르기개발 특히 태양열에네르기, 풍력, 조수력, 지열에네르기 등의 개발과 리용에 커다란 힘을 넣고있다. 특히 화석연료위주의 에네르기생산보다 재생에네르기생산과 그 리용에 더 많은 자금을 투자하고있다.

또한 화석연료의 리용에 대한 새로운 방식들이 연구개발되고 적용되고있다. 화석연료가 현조건에서 이산화탄소를 방출한다는것은 그것을 완전히 리용하지 말아야 한다는것을 의미하지 않는다. 화석연료도 깨끗한 연료로 전환시키면 얼마든지 계속 리용할수 있다.

현재 세계적으로 에네르기자원의 록색화가 추진되고있다. 여기서 대표적인것이 깨끗한 석탄기술이다. 석탄은 화석연료가운데서 매장량이 가장 많은 에네르기자원이다. 이러한 조건에서 석탄연소설비들에서 나오는 이산화류황, 질소화합물, 이산화탄소배출량을 줄일수 있는 기술적대책을 세우고있는데 이것이 바로 깨끗한 석탄기술이다.

이처럼 경제의 저탄소화는 경제발전의 새로운 방향, 추세의 하나로 되고있으며 따라서 경제의 저탄소화에 대한 과학연구사업을 심화시키고 그것을 적극적으로 발전시켜나가는것이 지구환경을 보호하고 경제를 지속적으로 더욱 발전시켜나갈수 있다는것을 보여준다.",KJI,marketization_adjustment,2010s,6.444131256700441
자본주의적국제분업의 《현대화론》의 반동성,학사 계춘봉,2006,3,1727,"오늘 자본주의세계가 겪고있는 심각한 위기는 자본주의에 고유한 국제분업의 위기와 깊은 련관을 가지고있다.

발전된 자본주의나라들과 발전도상나라들사이의 국제분업은 자기의 고유한 특징을 가지고있다.

그것은 자본주의적국제분업하에서 발전된 자본주의나라들과 발전도상나라들은 생산력발전수준에서의 커다란 차이로 하여 그들사이에 복잡한 로동생산물들과 덜 숙련된 로동생산물의 교환이 항시적으로 이루어지고 있는것이며 발전도상나라들은 자체의 경제적락후성으로 하여 발전된 자본주의나라들에 리익만을 가져다줄뿐 자체는 아무런 리익도 얻지 못하고있는것이다.

발전도상나라들에서 일정하게 경쟁능력이 있어 세계시장에 진출할수 있는 생산부문은 전적으로 다국적기업체의 활동에 의존하고있다.

자본주의적국제분업체계에서 발전된 자본주의나라들과 발전도상나라들의 이러한 불평등한 처지는 제국주의식민지예속화정책의 산물로서 현시기 발전도상나라들이 경제적난관을 겪게 하는데 커다란 작용을 하고있다.

이로부터 많은 발전도상나라들에서는 저들에게 손해만을 가져다주고있는 자본주의적국제분업체계의 개편을 강력히 요구하고있다.

이것은 1976년 5월에 나이로비에서 열리였던 유엔무역개발회의 제4차회의 진행과정이 뚜렷이 보여준다.

이 회의에서 발전도상나라들은 자본주의적국제분업을 발전도상나라들이 가지고있는 경제적잠재력과 가능성에 맞게 개조할것을 요구하였다.

뜌니지대표는 자기의 연설에서 《발전도상나라들에 효과적인것》으로 될 일정한 형태의 생산이 발전도상나라들에로 이동하게 할 로정표를 만들어야 한다, 이전에는 우리의 원료가 발전된 자본주의나라들의 기계에 갔다면 이제는 이 기계들이 발전도상나라들의 원료에로 와야 한다고 강조하였다.

불평등하고 착취적인 성격을 띠고있는 자본주의적국제분업체계의 개편을 요구하는 발전도상나라들의 투쟁은 부르죠아반동적지배층들과 독점자본가들의 커다란 불안과 위구를 자아냈다.

발전된 자본주의나라들에서 부르죠아반동적지배층과 독점자본가들은 더욱더 강화되는 발전도상나라인민들의 투쟁에 대처하여 그들의 불만을 가라앉히고 시종일관하게 높은 식민지리윤을 얻을것을 추구하고있다.

발전된 자본주의나라들에서 부르죠아반동지배층과 독점자본가들의 이러한 침략적, 략탈적야망을 반영하여 부르죠아경제학자들은 자본주의적국제분업의 《수정》을 운운하면서 교활한 론조들을 제기하였다.

그 반동적인것의 하나가 다름아닌 국제분업의 《현대화론》이다.

부르죠아경제학자들은 수출경제부문을 유인하는 방법으로 발전도상나라들을 자본주의세계경제에 끌어들이기 위한 방향에서 국제분업《현대화》의 각이한 리론들을 광범히 류포시키였다.

그 대표적인물들은 미국의 반동적경제학자들인 두글라스빠우, 찌보르스찌똡쓰끼, 벨라 발라싸, 영국의 반동적경제학자들인 얀 리틀, 모리스 스코트, 뽈 스티리쩬, 카나다의 가리게 죤손 등이다.

부르죠아경제학자들은 무엇보다먼저 국제분업의 《현대화》의 《론거》를 제기하였다.

그에 의하면 국제분업《현대화》의 《론거》는 첫째로, 식민지시기의 국제분업이 제2차세계대전이후 특히 1960년대말~1970년대초에 자본주의세계에서 과학기술의 빠른 발전추세가 지속되면서 발전된 자본주의나라들이 국제적인 상품교환이 내용과 형태에 영향을 줌으로써 그 범위에서 질적인 비약을 이룩하였으나 발전도상나라들은 이 비약을 이룩하는데 참가하지 못하였다고 주장하였다.

그리하여 발전도상나라들이 국제적범위에서 상품교환구조가 빨리 변화되고 새로운 기술공학적요구에 따라 생산이 개편되는데 맞게 자기의 경제력을 적응시킬수 있는 능력이 없는것으로 하여 이 나라들의 락후성은 더욱더 증대되였다고 떠벌이였다.

부르죠아경제학자들은 식민지시기의 국제분업이 유지되는 조건에서는 발전도상나라들에 불리한 세계자본주의시장가격이 적응되는것으로 하여 이 나라들의 락후성을 더욱 촉진시킨다고 하면서 식민지시기에 고유한 락후한 국제분업체계를 그대로 둔다면 발전된 자본주의나라와 발전도상나라들사이의 기술공학적, 무역적, 신용화페적모순은 더욱 증대되고 국제상품교환에서 불리한 경향을 극복하기 위한 발전도상나라들의
										 노력이 바라는 결과를 가져오지 못할것이라고 주장하고있다. 그리고 그 원인을 한편으로 발전도상나라들이 빠른 기술적진보를 받아들일수 있게 국내경제구조가 준비되여있지 못하고 다른 편으로 세계시장에로 뚫고들어가려는 이 나라들의 적극적인 시도를 억제하는 대외경제적요인들이 존재하는것으로 분석하고있다.

따라서 발전도상나라들이 과학기술의 빠른 발전추세에 적응하게 자본주의세계시장에 뛰여들자면 식민지시기의 전통적인 농업위주, 광업위주의 국제분업체계에서 탈퇴하여 경제구조를 개편해야 한다는것이다.

식민지시기의 전통적인 국제분업의 위기에 대한 설교는 발전도상나라들을 시종일관하게 저들의 경제체계에 얽매여놓고 착취와 략탈을 일삼으려는 음흉한 목적을 추구하고있다.

위대한 수령 김일성동지께서는 다음과 같이 교시하시였다.
《제국주의자들은 낡은 국제경제질서에 의거하여 쁠럭불가담나라들과 발전도상나라들의 자연부원을 략탈하고있으며 이 나라들에 경제적난관을 조성하고있습니다.》

발전도상나라들은 지난날 수세기에 걸치는 제국주의자들의 식민지적착취와 략탈로 하여 자본주의국제분업체계에서 농업국, 광업국의 위치를 차지하고있다.

식민지통치시기에 발전도상나라들은 제국주의종주국에 농업원료, 광업원료를 보장해주는 역할을 하였다.

제2차세계대전후 수많은 나라들에서 독립을 쟁취하고 새 사회건설을 위한 투쟁에 힘차게 떨쳐나섰다.

이것은 식민지를 자기의 생명선으로 하고있던 제국주의나라들에 커다란 타격으로 되였다.

제국주의나라들은 어떻게 해서든지 새로 독립을 쟁취하고 새 사회건설의 길에 들어선 나라들을 자본주의국제분업체계에 얽매여놓고 그들을 착취하여 살찌려고 하였다.

이러한 제국주의자들과 독점자본가들의 리해관계를 반영하여 부르죠아경제학자들은 식민지시기의 국제분업의 위기설을 조작함으로써 마치도 발전도상나라들과 자본주의나라들사이의 경제기술적련계는 불가피하며 여전히 의의가 있는것처럼, 따라서 식민지시기의 위치에서가 아니라 과학기술발전의 새로운 높은 단계에서 《호상협력》하는 새로운 국제분업으로 개편하여야 한다고 떠벌이였다.

이것은 발전도상나라들에 대한 제국주의자들의 착취와 략탈의 새로운 경제적조건을 마련하려는 반동적목적을 추구한것이다.

부르죠아경제학자들이 제기하는 국제분업의 《현대화》의 《론거》는 둘째로, 《원조》가 저들이 기대하는 결과를 가져오지 못하였다는것이다.

부르죠아경제학자들은 발전된 자본주의나라들에서 발전도상나라들이 마음대로 하게 내버려둔다면 그것이 앞으로 세계자본주의경제관계에 엄중한 후과를 초래할수 있는 분렬을 더욱 심각한것으로 되게 하기때문에 이를 철저히 경계하여야 한다고 주장하고있다.

그러면서 저들의 이 주장을 《원조》정책의 결과를 놓고 립증하고있다.

부르죠아경제학자들은 《원조》정책이 발전도상나라들을 자본주의발전의 길로 이끌어나가는데로 수십년동안 지향하였지만 발전도상나라들은 자본주의적확대재생산에로 이행하지 못하고 여전히 매우 많은 금액의 《원조》를 필요로 하고있다고 떠벌이였다.

그러면서 《원조》정책은 될수록 더 빨리 《호상리익》을 전제로 하는 보다 합리적인 기초에 자리를 양보해야 한다고 주장하면서 이러한 기초로서는 새로운 국제분업만이 될수 있는데 이 새로운 국제분업체계에서는 국제상품교환의 우점을 리용할수 있는 보다 유리한 가능성이 발전도상나라들에 제공되여야 한다고 떠벌이였다.

부르죠아경제학자들은 새로운 형태의 국제분업은 발전도상나라뿐아니라 발전된 자본주의나라들의 장기간의 리해관계와 일치한다고 하면서 그것은 새로운 국제분업이 발전된 자본주의나라들로 하여금 자기의 공업구조를 최신적인것으로 《개선》하게 하며 발전도상나라들을 판매시장과 자본투하지로 더 적중하게 리용하게 하기때문이라고 설교하였다.

《원조》의 제한성에 대한 부르죠아경제학자들의 견해는 제국주의적《원조》의 침략적, 략탈적성격을 가리우는 반동리론이다.

제국주의적《원조》는 본질에 있어서 하나를 주고 열, 백을 빼앗아가는 착취와 략탈의 수단이다.

그럼에도 불구하고 부르죠아경제학자들은 제국주의적《원조》가 발전도상나라들이 경제개발을 다그쳐 자체의 성장의 길을 걸어나가도록 하기 위한 수단인것처럼 사실을 외곡하고있다.

제국주의적《원조》의 착취적, 략탈적본성은 제2차세계대전후 수십년동안에 여실히 드러났다.

부르죠아경제학자들은 다음으로 《현대화》된 《새로운》국제분업의 내용에 대하여 설교하고있다.

우선 부르죠아경제학자들은 《현대화》된 새로운 국제분업에서는 발전도상나라들이 더욱더 광범히 참가하도록 이 나라들의 구조를 《합리적으로》 형성하도록 하여야 한다고 주장하였다.

그러면서 발전도상나라들은 《새로운》 국제분업체계하에서 경제의 내부구조준비에 앞서 수출부문의 공업적형성에 우선권을 부여하여야 하며 그 경우에 민족경제의 발전에 기초한 수출공업부문이 아니라 뒤떨어진 생산기술공정에 기초한 수출공업부문의 창설에로 지향하여야 한다고 떠벌이였다.

또한 부르죠아경제학자들은 《현대화》된 《새로운》 국제분업하에서의 발전도상나라들의 공업구조에 대하여 설교하고있다.

이 견해는 미국의 반동적경제학자 드글라스 빠우, 네데를란드의 얀 찐베르겐, 프랑스의 기제라 샤리에르, 미국의 벨 발라싸에 의하여 제기되고있다.

미국개발계획쎈터에 종사하고있는 드글라스 빠우는 자기의 책에서 발전도상나라들에서 경제발전을 위하여 부르죠아경제학자들이 제기한 량자택일 다시말하여 《수입교체, 수출장려》와 구별되는 새로운 견해를 제기하였다.

그는 식민지경제로부터 발전된 경제에로의 이행에 대하여 말하면서 《과도적인 성장의 길의 세가지 가능한 안들중 두가지 즉 수출의 장려와 수입의 교체는 식민지경제의 기능수행기구에 아주 가깝다. 두 경우에 상품흐름의 알려져있는 3각형이 보존되며 공업부문은 국부적인 시장에 의존되며 1차산품의 수출은 공업성장의 기본적인 시장자극제로 계속 남아있게 된다》고 하면서 방도의 3번째 안인 수출구조변화방안을 제기하고있다.

그는 《수출의 교체는 공업부문이 주요수출원천지로서의 력사적역할에서 농업을 구축》하며 《이것은 공업상품의 확대뿐아니라 새로운 시장에로의 침투도 초래한다》고 설교하였다.

얀 찐베르겐은 자기가 쓴 책《국제분업에 대하여》에서 국제분업의 《개조》를 설교하였다.

그의 견해에 의하면 현시기 세계경제발전의 주요한 장애로 되는것은 국제상품교환에 참가하지 않는 지나치게 많은 수의 상품들이 각이한 나라들에 존재한다는것이다.

그는 이로부터 출발하여 경제부문들의 집단적인 《재분배》시기, 다시말하여 단축하거나 완전히 청산하는 혹은 확장하는 일정한 상품들의 생산과 무역의 조직시기가 도래하였다고 떠벌이였다.

찐베르겐은 실례를 들어 가장 가난한 나라인 중앙아프리카나 또 파키스탄은 방직공업의 큰 몫을 가장 합리적으로 배치할것이며 인디아에는 강철과 간단한 금속제품의 생산과 수출을, 에짚트와 메히꼬, 브라질, 까리브해지역의 일부 나라들에는 옷과 통졸임의 생산과 수출을 합리적으로 배치해야 할것이라고 설교하였다.

찐베르겐은 이러한 국제분업의 《개조》에서 다국적기업체가 특별한 역할을 놀것이라고 설교하였다.

벨 발라싸는 자기의 책 《반공업나라들에서의 개발전략》에서 주민수와 령토가 크지 않은 나라들에서 《대외적련계로 향하는》 로선을 실현하는것이 특별히 필요하다는데 대하여 강조하였다. 그는 작은 나라들의 조건에서 생산규모를 리용한 경제의 리용은 불가능하며 때문에 국내시장으로 지향되는 많은 공업부문들의 건설이 리익이 없다고 력설하였다. 그는 이러한 전략이 이 나라들에 많은 공업부문을 형성하게 하지만 《이 부문들은 흔히 뒤떨어진 기술공정에 의거하고있고 질이 낮은 생산물을 생산하며 현대적조건에서 요구하는 부문들사이의 전문화수준에 이르지 못하고있다》고 하면서 작은 나라들이 국제분업에로 더 빨리 뛰여드는데서 개발의 출로를 찾아야 한다고 력설하였다.

《현대화》된 국제분업체계하에서 발전도상나라들의 공업구조에 대한 부르죠아경제학자들의 견해는 발전도상나라들을 자본주의세계시장경제체계에 깊숙이 끌어들이여 민족경제의 자립적발전을 가로막기 위한 목적을 추구하고있는 반동리론이다.

부르죠아경제학자들은 다음으로 새로운 《현대화》된 국제분업체계에서 발전된 자본주의나라들과 발전도상나라들사이의 《호상작용》에 대하여 설교하고있다.

이것은 발전된 자본주의나라들과 발전도상나라들사이의 호상관계문제에 대한 변호론들을 많이 내놓은것으로 알려진 부르죠아경제학자 가리 게 죤쏜과 기타 부르죠아대변자들에 의하여 제기되였다.

《현대화》된 국제분업체계에서 발전된 자본주의나라들과 발전도상나라들사이의 《호상작용》에 대한 견해는 특히 가리 게 죤쏜의 편찬밑에 출판한 책 《부유한 민족과 가난한 민족을 위한 무역전략》에서 집중적으로 제기하고있다.

이 책에서 부르죠아경제학자들은 오래동안 계속되는 《발전도상나라들의 락후성은 발전된 자본주의나라들에도 결코 리롭지 못하다》고 하면서 현시기에 와서 발전도상나라들의 보다 효과적인 개발이 주목된다고 설교하였다.

부르죠아경제학자들은 발전도상나라들의 효과적인 개발이 발전된 자본주의나라들에로 일련의 새로운 공업상품이 쓸어들게 하여 자본주의나라들로 하여금 이에 대항하는 보복팽창이 있을수 있으나 문제는 그것에 맞설것이 아니라 그것을 가장 유리하게 리용하는데 있다고 하였다.

그러면서 자본주의나라시장들에로 발전도상나라들의 공업상품이 일정한 범위에서 많이 들어가는것은 발전된 자본주의나라들이 새로운 상품들로 생산공정을 바꾸게 하는 가능성을 마련하여주며 따라서 발전도상나라들의 수출성장이 결국 발전된 자본주의나라들에 손해를 끼치지 않을것이라고 주장하였다.

결국 부르죠아경제학자들은 새로운 《현대화》된 국제분업체계에서 발전된 자본주의나라들과 발전도상나라들은 《호상리해관계》를 실현하면서 세계경제발전에 이바지한다는것이다.

새로운 《현대화》된 국제분업체계에서 발전도상나라들과 발전된 자본주의나라들의 《호상작용》에 대한 설교는 《호상작용》, 《호상리익》의 미명하에 자본주의적국제분업체계의 《유리성》을 주장함으로써 발전도상나라들의 경제적락후성의 근원을 가리우고 이 나라들을 자본주의적국제분업체계에 못박아놓아 저들의 경제적부속물로 영원히 남아있게 하려는 극히 반동적인 리론이다.

부르죠아경제학자들은 마치도 발전도상나라들의 계속되는 락후성이 발전도상나라들이 원료원천지와 판매시장으로서만 역할을 놀고 무역경제적련계는 발전된 자본주의나라들간에만 있기때문이라고 설교함으로써 발전도상나라들에서의 경제기술적락후성의 진정한 근원을 가리우고있다.

사실상 제2차세계대전후 독립을 쟁취하고 새 사회건설의 길에 들어선 나라들의 경제기술적락후성은 전적으로 이 나라들에 대한 제국주의자들의 식민지적착취와 략탈에 그 근원이 있는것이다.

부르죠아경제학자들이 떠벌이는 발전도상나라들에서 국제분업의 《현대화》과정에 생산되는 새로운 공업상품이 자본주의나라들에 등장하는데 대하여 발전된 자본주의나라들이 대항할것이 아니라 그것을 유리하게 리용하여 호상리익이 나게 하려는것은 본질에 있어서 그것이 마치도 발전된 자본주의나라들뿐아니라 발전도상나라들에 그 무슨 리득을 가져다주는것처럼 묘사함으로써 자본주의적국제분업체계의 략탈성을 가리우고 발전도상나라들을 발전된 자본주의나라들의 경제적《번영》에 이바지하는 영원한 희생물로 만들려는 교활한 목적을 추구하고있는것이다. 부르죠아경제학자들은 다음으로 《현대화》된 국제분업체계에서 발전도상나라들의 생산전문화구조에 대하여 설교하였다.

부르죠아경제학자들은 국제분업의 《현대화》를 운운하면서 발전된 자본주의나라들이 발전도상나라들에 저들의 공업부문의 일부를 이식시키는 방법으로 발전도상나라들의 경제구조를 개편할것을 꾀하고있다.

이로부터 《현대화》된 국제분업체계란 본질에 있어서 발전된 자본주의나라들로부터 발전도상나라들에로의 일부 공업생산부문의 이전에 기초한 국제적전문화라고 말할수 있다.

부르죠아경제학자들은 우선 발전된 자본주의나라들이 발전도상나라들에 숙련로동을 요구하지 않는 단순한 제품생산부문 그것도 발전도상나라들에서 본래의 우월성으로 하여 경쟁능력이 있는 부문을 넘겨주어야 한다고 떠벌이고있다.

1970년대초에 이전 서부도이췰란드의 하원개발위원회 위원장은 이와 관련된 견해를 제기하면서 개발전략은 《세계경제건설에서 낮은 층들의 해방에로, 다시말하여 3세계가 더 잘, 더 값눅게 수출할수 있는 상품생산에로》 지향해야 한다고 말하였다.

그러면서 그는 《농업부문과 원료부문이 큰 공업지대주위에 집중되여야 한다는 19세기의 견해는 오늘날에 와서 현실성이 없다》고 설교하였다.

부르죠아경제학자들은 또한 발전도상나라들에 발전된 자본주의나라들이 비교적 값눅은 잉여로동력을 리용할수 있는 부문 다시말하여 해당한 제품생산에서 본래의 우월성은 없지만 값눅은 잉여로동력을 리용하여 품이 많이 드는 제품을 생산할수 있는 부문을 넘겨주어야 한다고 설교하였다.

일본잡지 《오리엔틀 에코노미스트》는 발전도상나라들에로 일본의 자본수출이 증대되는 원인의 하나가 자기의 로동력의 부족이 커지는데 있다고 하면서 《일본은 이러한 조건에서 로동력을 충분히 공급할수 있는 나라들에 로동집약적인 공업부문을 남겨놓아야 한다》고 주장하였다.

일본의 대외무역에 관한 정부백서에서도 《일본은 발전도상나라들에 품이 많이 드는 공업부문을 넘겨주어야 한다》고 로골적으로 지적하였다.

일본의 부르죠아경제학자들은 만일 이렇게 하지 않는다면 앞으로 일본이 경제성장의 높은 속도를 유지할수 없다고 간주하고있다.

영국의 부르죠아경제학자 뽈 스트리쩬은 《현대화》된 국제분업체계하에서 발전도상나라들에 배당되는 공업수출상품을 5가지로 분류하고있다.

즉 지역적인 원료가공에 기초한 생산물들인 식료품, 목재, 섬유제품, 금속과 전통적으로 품이 많이 드는 상품들인 양복, 직물, 신발 등 단순한 공업제품들과 소성제, 가구, 유리, 가발 등 새롭고 품이 많이 드는 제품들, 초기에 수입을 반대하는 성격을 가지고있는 상품들인 모터찌클, 자전거, 다국적기업체의 생산범위에서 생산되는 기계부속품들과 부분조립품들로 구분하였다. 부르죠아경제학자들은 《더러운》생산인 야금공업, 화학공업 등을 발전도상나라들에 배치하는것을 국제분업의 구조적개혁의 중요한 내용의 하나로 제기하고있다.

부르죠아경제학자들은 국제분업의 《현대화》의 미명하에 발전도상나라들에 이러저러한 조건들로 하여 다른 지역에서 바라지 않거나 또는 불가능한 공업기업소들을 건설할것을 권고하고있다.

부르죠아경제학자들은 발전된 자본주의나라들에 해로운 생산기업체를 리용할수 있는 커다란 공간이 남아있지 않기때문에 이러한 기업소들을 자기 령토에 건설하는것이 현실적으로 불가능하다고 하면서 이것을 국제분업의 《형태변화》의 미명하에 발전도상나라들에 배치할것을 설교하고있다.

뽈 스트리쩬은 이것이 《각이한 나라들에서 주위환경보호가치에서의 차이에 의거하여 행동하게 될 새로운 다국적기업체들의 기능들중의 하나로 될수 있을것이다》고 떠벌이였다.

뽈 스트리쩬은 발전도상나라들에 유리한 측면이 있다고 하면서 그것은 발전도상나라들이 자기들의 공업상품을 발전된 자본주의나라시장에 자유롭게 판매되도록 발전된 자본주의나라들의 지배층에게 압력을 가하는 등 발전도상나라들에 배치된 공장, 기업소들을 자기들의 리익에 맞게 리용할수 있는데 있다고 설교하였다.

부르죠아경제학자들이 설교하는 국제분업체계에서 발전도상나라들에 대한 일련의 공업생산의 전문화에 관한 리론은 발전도상나라들의 공업부문구조를 기형화하고 자립적민족경제건설을 방해하며 발전도상나라들을 희생으로 하여 자본가들에게 높은 독점리윤을 안겨주려는 목적을 추구하고있는 반동리론이다.

부르죠아경제학자들이 떠벌이고있는 발전된 자본주의나라들이 발전도상나라들에 숙련로동을 요구하지 않는 단순한 수출제품생산부문이나 잉여로동력의 리용에 기초한 로동집약적수출생산부문을 넘겨주어야 한다는 설교는 발전도상나라들이 뒤떨어진 기술에 기초한 일련의 공업제품생산에 전문화되도록 함으로써 이 나라들에서의 공업부문구조의 락후성과 기형성을 증대시키고 자립적민족경제의 발전을 가로막는 극히 반동적인 설교인것이다.

발전도상나라들에 발전된 자본주의나라들에서 바라지 않는 《사양산업》인 공해산업을 이전시켜야 한다는 설교는 국제분업《개편》의 미명하에 발전도상나라들을 공해산업지대로 전환시켜 이 나라 인민들에게 커다란 인적, 물적피해를 가져다주는 대신 독점자본가계급에게는 막대한 고률리윤을 안겨주려는 악랄한 목적을 추구하고있는 반동적인 설교이다.",KJI,marketization_adjustment,2000s,7.454719949364001
지방회계는 지방예산제의 정확한 실시를 위한 중요수단,김혜성,2010,3,854,"현시기 지방예산제를 정확히 실시하는것은 근로인민대중에게 보다 유족하고 문명한 생활을 보장하며 그들의 생활상편의를 더 잘 보장하도록 예산수입을 늘일데 대한 사회주의재정관리의 원칙적요구를 철저히 관철하여 지방경제를 발전시키고 인민생활을 향상시키기 위한 중요한 문제로 나선다.

지방경제를 발전시키고 인민생활향상에서 결정적전환을 이룩하자면 매개 지방정권기관들이 자기 지방의 살림살이에 대하여 국가앞에 책임지고 지방의 무궁무진한 원료원천과 로력자원을 적극 탐구동원하여 지방공업도 발전시키고 인민봉사사업도 잘해야 한다.

이것은 모든 지방들에서 지방예산제를 정확히 실시함으로써만 훌륭히 실현될수 있다.

우리 식의 지방예산제도를 정확히 실시하는데서 중요한 문제의 하나는 지방정권기관들이 지방적범위에서 이루어지는 자금운동과 그 결과에 대한 회계계산을 바로하는것이다.

이것은 지방회계를 통하여 진행된다.

지방회계를 바로하여야 지방예산운영과정에 이루어지는 화페자금의 운동관계를 정확히 반영할수 있으며 지방살림살이에 필요한 화페자금을 원만히 조성하고 효과적으로 리용할수 있다.

또한 돈계산을 강화할데 대한 당의 정책적요구를 지방적범위에서 구현할수 있게 한다.

위대한 령도자 김정일동지께서는 다음과 같이 지적하시였다.
《우리는 지방예산제를 강화발전시켜 그 우월성과 생활력을 높이 발양시켜야 합니다.》

 지방회계는 국가예산집행과 관련하여 해당 지방에서 이루어지는 화페자금의 운동을 기록계산하고 분석타산하는 종합회계의 한 고리이다.  

지방회계는 종합회계체계의 한 고리를 이루며 국가적인 돈계산체계를 똑바로 세우는데서 매우 중요한 자리를 차지한다.

지방회계는 지방예산집행정형을 정상적으로, 수자적으로 료해장악하고 지방예산수입과 지출의 시기별, 지역별균형을 보장함으로써 지방예산제를 정확히 실시할수 있게 하는 중요한 수단이다 .

지방회계가 지방예산제를 정확히 실시하기 위한 중요수단으로 되는것은 우선 그것이 지방예산집행과 관련한 지방재정자금의 운동을 체계적으로 계산장악하기때문이다.

자금운동을 체계적으로 기록계산하는것은 회계의 고유한 기능의 하나이며 지방예산제는 그에 대한 계산을 전제로 한다.

지방예산제는 국가의 중앙집권적지도밑에 지방정권기관들이 자체로 벌어서 자기 지방의 살림살이를 제힘으로 꾸려나가는 예산제도로서 지방마다 재정수입과 재정지출을 자체로 맞추어나갈것을 요구한다. 이로부터 지방들에서는 지방예산을 편성하고 집행하며 결산총화하게 된다.

지방예산은 각급 지방정권기관들이 자기 지방의 살림살이에 필요한 자금을 형성하고 분배리용하는 예산형태로서 그 편성과 집행은 지방예산수입과 지방예산지출로 구분되여 진행된다.

사회주의사회에서 지방예산수입은 지방경제의 여러 부문에서 조성되는 사회순소득과 순수입, 기타 화페소득을 원천으로 하여 이루어지며 지방예산지출은 인민경제에 대한 지출, 인민적시책에 대한 지출, 사회문화사업에 대한 지출, 국가관리에 대한 지출을 비롯하여 여러가지 구성부분으로 이루어진다.

지방예산수입과 지출들이 진행되는 과정에는 자금의 운동이 매우 다양하고 복잡하게 이루어지며 이러한 자금운동의 정확한 계산장악은 지방회계를 통하여 실현된다. 그것은 지방회계의 특성과 관련된다.

지방회계는 지방회계계시를 가지고 지방예산자금을 경제적내용별로 분류하고 그의 증가와 감소를 계산하는 경제계산형태이다.

지방회계계시에서는 해당 지방의 범위에서 이루어지는 지방예산자금의 운동이 경제적내용별로 구체화되여 반영된다.

지방회계계시는 지방예산집행을 세부적으로 반영할수 있도록 지방예산수입과 지출이 관, 항, 목별로 구체화되여있다. 지방회계에서는 예산자금수입이 국가기업리득금계시, 협동단체리득금계시, 부동산사용료수입금계시, 감가상각금계시, 재산판매 및 가격편차수입금계시, 기타 수입금계시, 지방유지금계시로 구체화되여있으면서 해당 지방의 예산수입정형을 항목별로 갈라 계산반영하며 예산자금지출을 기본건설자금계시, 대보수자금계시, 인민경제사업비계시, 사회문화사업비계시, 국가관리비계시, 지방예산우대기금계시를 비
										롯한 계시를 통하여 그 용도별로 경상계산을 진행한다.

지방회계는 바로 이러한 지방회계계시를 가지고 지방예산자금의 변화가 이루어질 때마다 지방예산수입과 지출을 구체적으로 경상계산하여 지방예산자금의 운동을 체계적으로, 구체적으로 기록계산함으로써 지방예산집행과정에 지방예산자금의 운동을 정확히 장악하고 그에 기초하여 지방살림살이상태와 원인, 개선대책을 바로세워 지방예산을 바로 집행해나갈수 있게 한다.

지방회계가 지방예산제의 정확한 실시를 위한 중요수단으로 되는것은 다음으로 그것이 지방예산자금에 대한 계산자료의 정확성을 보장함으로써 지방의 경제실태를 과학적으로 정확히 장악할수 있게 하기때문이다.

지방예산집행과정에 복잡하게 이루어지는 지방예산자금에 대한 계산자료의 정확성을 보장하는것은 경제실태를 구체적으로 장악하여 경제활동에 대한 통제적기능을 원만히 수행하기 위한 중요한 요구의 하나이다.

지방예산자금의 운동을 기록계산하는것은 단순히 그 자체에 있는것이 아니라 그에 기초하여 지방경제부문 기관, 기업소들의 경제실태를 구체적으로 장악하고 그것을 개선하기 위한 대책을 세우며 그들의 경제활동을 통제하자는데 중요한 목적이 있다. 그런것만큼 계산자료의 정확성을 보장하여야 지방경제부문 기관, 기업소들의 경제실태를 정확히 장악할수 있으며 그들의 경제활동을 개선하기 위한 대책을 옳바로 세우고 그들에 대한 통제도 더욱 강화할수 있다.

지방예산자금의 운동에 대한 계산자료의 정확성은 과학적인 계산방법에 의하여 보장된다.

지방예산집행과정에 이루어지는 자금의 운동을 과학적인 계산방법에 의거하여 계산하여야 지방예산수입과 지출이 서로 엉키여 복잡하게 진행되는 조건에서 이루어지는 자금의 운동을 정확히 반영하고 계산할수 있으며 따라서 계산자료의 정확성을 보장할수 있다.

지방회계는 지방예산자금운동에 대한 계산자료의 정확성을 보장하는 과학적인 계산방법이다.

종전에는 지방재정기관들에서 통계적인 방법으로 계산된 예산자금의 수입과 지출에 대한 계산자료들의 정확성은 주로 해당 결산기말에 가서 은행에 종합된 지방예산수입과 지출집행자료와 대비하여 확증하였다. 이것으로 하여 기업소와 재정기관, 은행기관사이에 지방예산수입과 지출계산에서 일부 불일치현상이 나타나게 되였으며 이것은 지방예산자금계산자료의 정확성이 원만히 보장되지 못하는 결과를 가져오게 되였다.

지방회계는 복식기입방법에 의해 지방예산자금계산자료의 정확성을 거래건별, 일별, 순별, 월별, 결산기별로 확고히 담보할수 있게 한다.

복식기입은 자금의 변동을 둘 또는 그 이상의 계시에서 동시에 기록계산한다. 이런 조건에서 해당 계시들에 계산된 차방금액과 대방합계액이 일치하는 관계가 성립되게 된다. 이러한 성립관계는 지방예산자금운동에 대한 개별적인 금액계산이 정확히 진행된 조건에서만 가능하다.

지방회계는 매일 지방예산자금의 거래를 마감하면서 관, 항, 목별예산수입과 지출거래에 대한 자료를 즉시에 종합하고 그 정확성을 은행기관과 서로 대조확인받음으로써 재정결산보고의 신속성과 정확성을 담보할수 있게 한다.

이 모든것은 지방회계가 지방예산자금운동에 대한 계산자료의 정확성을 보장하는 과학적인 계산방법으로 된다는것을 보여준다.

지방회계가 지방예산제의 정확한 실시를 위한 중요수단으로 되는것은 또한 지방예산집행에서 수지를 따지고 경제적실리를 보장함으로써 지방살림살이를 깐지고 알뜰하게 해나갈수 있게 하기때문이다.

사회주의원칙을 확고히 지키면서 가장 큰 실리를 보장하는것은 사회주의경제사업에서 확고히 틀어쥐고나가야 할 종자이며 사회주의경제관리의 기본원칙과 사회주의경제관리의 구성부분인 재정관리 특히 지방재정관리에서도 마땅히 구현되여야 한다.

지방재정관리에서 실리를 보장하기 위하여 나서는 중요한 문제는 지방예산편성과 집행에서 실리를 따져볼수 있게 돈에 의한 계산체계를 똑바로 세우는것이다.

지방재정관리에서 실리를 따져볼수 있게 하는 돈에  의한 계산체계가 바로 지방회계이다.

지방회계는 지방예산자금의 운동을 단순히 금액적으로만 경상계산하는것이 아니라 지방예산수입과 지방예산지출을 결부시켜 계산분석함으로써 지방예산자금관리에서 실리를 정확히 보장하는데 이바지한다.

지방회계에서는 지방예산수입면계시와 지방예산지출면계시에 대하여 서로 반대의 성격을 부여하고 그 편차가 예산수지편차계시에 기계적으로 반영되게 되여있다. 예산수지편차계시에서는 예산지출에 비한 수입초과 또는 예산수입에 비한 예산지출초과금액이 일정한 시점에서 정확히 계산되게 된다.

새로 생긴 지출에 비한 예산수입초과액은 재정기관에 새롭게 조성된 자금원천으로서 예산수지편차금(원천면)을 증대시키면서 재정예비로 적립계산되게 되며 예산수입에 비한 지출초과액은 예산수지편차예금(재산면)을 증대시키면서 재정적자로 계산된다. 이것으로 하여 지방회계는 지방재정기관들로 하여금 지방예산자금수지를 정확히 따져 재정관리에서 번것만큼 쓰고 실리를 보장할수 있게 하는 한편 지방적범위에서의 경영자금의 상태와 그 리용결과를 따져볼수 있게 한다.

지방회계에서는 재산 및 자금원천대조표,

경영수입과 지출 및 분배대조표를 작성한다. 이것은 지방경제부문 기관, 기업소들의 경영자금의 상태와 그 리용결과를 지방적범위에서 종합적으로 반영하는 결산표로서 지방의 생산토대와 잠재력, 지방경제활동결과와 실리보장정형을 계산반영할수 있게 한다.

이와 같이 지방회계는 지역적범위에서 경제관리결과를 종합적으로 평가계산하고 실리를 계산확정하는데서 중요한 역할을 놀고있는것으로 하여 지방예산제를 정확히 실시할수 있는 중요수단으로 된다.",KJI,marketization_adjustment,2010s,6.75110146893676
우리 식 CNC화는 인민경제 모든 부문에서 최첨단을 돌파하기 위한 관건적고리,박용건,2011,3,688,"현시대는 과학과 기술의 시대, 정보산업의 시대이다.

새 세기의 요구에 맞게 과학기술을 빨리 발전시켜 나라의 경제를 최첨단수준으로 끌어올리지 않고서는 과학기술강국, 경제강국을 일떠세울수 없다.

《최첨단을 돌파하라!》, 이것이 현시기 우리가 들고나가야 할 투쟁구호이다.

위대한 령도자 김정일동지께서는 다음과 같이 지적하시였다.
《CNC화는 오늘 첨단을 돌파할데 대한 당의 사상을 집약화한 시대어입니다. 우리 식 CNC기술을 개척하는데서 이룩한 성과와 경험에 토대하여 나라의 모든 분야에서 세계가 도달한 첨단수준을 돌파함으로써 우리 나라를 강국의 지위에 당당히 올려세우자는것이 나의 의도입니다. 이것이 나의 첨단돌파사상이고 강성대국건설구상입니다.》

인민경제 모든 부문에서 최첨단을 돌파하기 위한 관건적고리는 우리 식 CNC화를 실현하는것이다.

우리 식 CNC화가 인민경제 모든 부문에서 최첨단을 돌파하기 위한 관건적고리로 되는것은 무엇보다먼저 CNC기술이 최첨단돌파전의 핵심기초기술이기때문이다.

핵심기초기술은 현대과학기술발전의 근본핵, 사회경제발전의 기초로서 견인기적역할을 수행하는 최첨단과학기술이다.

오늘 세계가 이룩한 모든 경제부문들에서의 첨단수준은 정보과학기술지식의 보급과 그 응용에 기초하고있으며 최신과학기술의 발전과 사회경제생활에서의 과학기술적변혁, 생산의 비약적장성들은 다 CNC기술과 떼여놓고 생각할수 없다.

CNC기술에 의한 기술경제적효과성은 우선 높은 가공정밀도와 가공속도로 제품을 만들수 있게 한다는데 있다.

종전의 NC공작기계로는 0.01mm의 가공정밀도와 수십mm의 가공속도를 보장하였지만 CNC공작기계로는 0.001µm의 가공정밀도와 수십m의 가공속도로 제품을 만들수 있다. 제품가공에서 가공정밀도를 한자리수 또는 두자리수의 정밀도로 높였다는것은 단순한 량적변화가 아니라 제품의 질적변화를 의미하고있다.

CNC기술에 의한 기술경제적효과성은 또한 아무리 복잡한 형태의 제품도 다 가공할수 있게 한다는데 있다.

일반수자조종장치에서는 기계의 조종법칙을 장치적으로 고정시켰기때문에 복잡한 특수기계설비들의 부분품가공이나 일용필수품생산을 위한 다른 부분품을 가공하려면 그 장치를 근본적으로 고쳐야 한다. 그러나 CNC장치에서는 가공체에 맞게 프로그람을 넣어주기만 하면 다른 형태의 제품뿐아니라 복잡한 부분품도 쉽게 가공할수 있다.

CNC기술에 의한 기술경제적효과성은 또한 생산능력이 재래식설비로 가공할 때보다 몇배 또는 수십배로 높은데 있다.

종전의 제품가공에서는 수동조작으로 인한 시간소비가 적지 않게 들었지만 지금은 기대공이 소재의 설치와 해체, 제품가공에 대한 감시만 진행하고있기때문에 생산능력이 보다 높아지고있다.

전국의 수많은 공장, 기업소들에서 CNC기술에 의한 생산체계를 전면적으로 확립하여 기계설비의 고속화, 정밀화를 실현한 결과 많은 로력과 자재, 전기를 절약하면서도 제품의 질과 량을 획기적으로 높이는 자랑찬 성과들을 이룩하고있다.

현실은 CNC기술이 최첨단돌파전의 핵심기초기술로 된다는것을 보여주고있으며 바로 여기에 우리 식 CNC화가 인민경제 모든 부문에서 최첨단을 돌파하기 위한 관건적고리로 되는 중요한 리유의 하나가 있다.

우리 식 CNC화가 인민경제 모든 부문에서 최첨단을 돌파하기 위한 관건적고리로 되는것은 다음으로 그것이 인민경제 모든 부문을 현대화, 정보화하기 위한 필수적요구이기때문이다.

최신과학기술에 기초하여 첨단산업을 빨리 발전시키고 인민경제를 현대화, 정보화하는것은 새 세기 정보산업시대의 요구에 맞게 강력한 국가경제력을 마련하고 과학기술강국, 경제강국건설에 필요한 과학기술적토대를 튼튼히 다지기 위한 중요한 사업이다.

인민경제 모든 부문을 현대화, 정보화하는 사업은 생산설비와 생산공정의 현대화, 정보화와 경영활동의 정보화를 기본내용으로 하고있다.

인민경제의 현대화, 정보화는 우선 생산설비와 생산공정의 현대화, 정보화를 통하여 실현된다.

생산설비와 생산공정을 현대화, 정보화하여야 뒤떨어진 생산설비들과 생산공정들을
										 현대적정보설비로 개조하여 생산의 과학기술수준을 높이고 인민경제 모든 부문에서 생산을 자동화할수 있다. 여기서 대표적인것의 하나가 바로 CNC화이다.

오늘 CNC화는 콤퓨터를 비롯한 정보설비와 정보과학기술지식의 대량생산 및 보급과 그 응용에 기초하여 생산설비와 생산공정의 CNC화의 실현을 가져오고있으며 인민경제의 현대화, 정보화에서 중요한 역할을 하고있다.

인민경제의 현대화, 정보화는 또한 경영활동의 정보화를 통하여 실현된다.

경제규모가 커지고 부문들사이의 경제적련계가 비할바없이 복잡해진 오늘의 현실적조건은 경영활동전반의 정보화실현을 요구한다. 그러므로 콤퓨터를 비롯한 정보기술수단을 적극 도입하고 응용함으로써 경영활동의 조직과 지휘에서 나서는 모든 문제들을 신속정확하고 기동성있게 보장하는것이 중요하다.

우리 나라의 중요 공장, 기업소들에서는 경영활동의 정보화를 실현함으로써 경제에 대한 국가의 중앙집권적이며 통일적인 지도를 강화하고 경영활동에서 고도의 신속성과 정확성, 기동성을 보장하게 되였으며 적은 로력으로 최대한의 실리를 얻는 유연생산체계, 콤퓨터통합생산체계를 실현해나가고있다.

이것은 생산과 경영활동에 CNC기술을 적극 받아들일 때 인민경제의 현대화, 정보화를 원만히 실현해나갈수 있다는것을 보여주고있으며 여기에 우리 식 CNC화가 인민경제 모든 부문에서 최첨단을 돌파하기 위한 관건적고리로 되는 중요한 리유의 다른 하나가 있다.

우리 식 CNC화가 인민경제 모든 부문에서 최첨단을 돌파하기 위한 관건적고리로 되는것은 다음으로 그것이 최첨단돌파전의 믿음직한 담보로 되기때문이다. 인민경제 모든 부문에서 우리 식 CNC화를 실현하여 최첨단을 돌파하기 위하여서는 높은 과학기술적토대와 함께 물질경제적토대가 안받침되여야 한다.

우리에게는 최첨단을 돌파하기 위한 가장 과학적인 길을 밝혀주는 선군시대 경제건설로선과 당의 과학기술중시사상이 있으며 어버이수령님께서 유산으로 물려주신 자립적민족경제의 토대가 있다.

선군시대 경제건설로선은 우리 식 CNC화실현의 방향과 방도를 명확히 밝혀주며 우리 당의 과학기술중시사상은 모든 과학자, 기술자들이 최첨단돌파전의 전렬에서 비약의 나래를 펼칠수 있게 하여주는 위대한 로선이다.

인재나 기술, 경험은 절대로 남에게서 가져올수 없다. 우리에게는 당의 손길아래 자라난 우수한 과학자, 기술자대군이 있으며 우리 식 CNC기술을 개척하는데서 이룩한 귀중한 성과와 방대한 과학기술자료들, 풍부한 제작경험이 있다. 이것이 바로 우리의 최첨단돌파전에서 가장 큰 밑천으로 된다. 우리 식 CNC화는 경제의 자립성을 보장하는데서 나서는 자체의 원료, 연료, 동력기지를 튼튼히 꾸리는데 필요한 기계설비들을 최첨단수준으로 장비함으로써 나라의 경제구조를 조화롭고 다방면적이며 현대적으로 완비하는데서 중요한 역할을 수행한다.

이 모든것은 우리가 최첨단을 확고히 돌파할수 있게 하는 믿음직한 담보로 된다.

모든 일군들과 근로자들은 언제나 자기 땅에 발을 붙이고 눈은 세계를 내다보면서 인민경제 모든 부문에서 최첨단을 돌파하기 위한 관건적고리인 우리 식 CNC화를 더 높은 수준에서 더 빨리 실현해나감으로써 사회주의경제강국건설에 적극 이바지하여야 한다.",KJI,marketization_adjustment,2010s,6.535241271013659
리윤에 대한 현대부르죠아경제리론의 특징과 반동성,림정희,2004,4,1450,"위대한 령도자 김정일동지께서는 다음과 같이 지적하시였다.
《우리는 부르죠아어용학자들이 들고나오는 경제리론의 기만성과 그 반동적본질을 똑똑히 꿰뚫어보아야 합니다.》

현대부르죠아경제리론에서 중요한 자리를 차지하는것은 리윤에 대한 리론이다.

리윤에 대한 현대부르죠아경제리론의 특징과 반동성을 폭로비판하는것은 경제리론분야에서 제국주의의 사상문화적침투를 막고 주체경제리론의 순결성을 고수하기 위한 계급투쟁의 한 고리이다.

리윤에 대한 현대부르죠아경제리론은 1929-1933년 세계경제공황을 계기로 하여 《조절적자본주의》론을 조작한 영국의 반동적인 경제학자 케인즈(1883-1946년)에 의하여 처음으로 제창되였다.

리윤에 대한 현대부르죠아경제리론이 출현하게 된것은 우선 자본주의경제의 위기가 심화됨에 따라 경제에 대한 국가의 간섭이 강화되는 조건에서 그에 의거하여 최대한의 리윤을 얻으려는 독점자본가들의 요구가 제기된것과 관련된다.

1920년대말-1930년대초에 이르러 제국주의나라들의 경제는 파국적인 위기를 겪게 되였다. 20세기에 가장 큰 규모로 자본주의나라들을 휩쓴 1929-1933년 경제공황은 방대한 량의 상품의 체화, 기업의 대량적인 파산, 실업자의 증대, 재정금융위기의 격화 등으로 하여 제국주의를 밑뿌리채 뒤흔들어놓았으며 그의 존재에 커다란 위험을 주었다. 이런 환경에서 독점자본가들은 제국주의국가기구를 더욱더 틀어쥐고 국가기구를 리용하여 경제를 《조정》함으로써 공황으로부터의 출로를 찾고 더 많은 리윤을 얻으려고 하였다. 이로부터 독점자본가들은 경제위기가 심화되는 조건에서도 제국주의국가의 간섭에 의거하여 로동계급의 반항을 무마시키고 최대한의 리윤획득을 합리화할수 있는 《리론》을 요구하게 되였다. 독점자본가들의 이러한 요구를 대변하여 1930년대에 리윤에 대한 현대부르죠아경제리론이 출현하였다.

리윤에 대한 현대부르죠아리론이 출현하게 된것은 또한 종래의 리윤에 대한 부르죠아경제리론의 비과학성, 기만성이 드러난 사정과 관련된다.

종래의 리윤에 대한 부르죠아경제리론은 리윤을 자본의 산물로, 《절욕》의 산물로, 상품의 가치와 가격사이의 차액으로, 《재화》에 대한 사람의 주관적평가상의 차이로 보았다. 이러한 리론들은 리윤창조과정을 사람의 주관심리적요인이나 상품류통과정에 귀착시키고 독점기업에서의 생산과정을 무시하는것으로써 리윤창조과정을 독점자본가들의 리해관계에 맞게 설명할수 없는 리론이였다. 이 가운데서 리윤을 자본의 산물로 보는 궤변만이 현대부르죠아경제학자들에 의하여 그대로 《계승》되여 리윤에 대한 설교에 리용되였다.

이처럼 리윤에 대한 현대부르죠아경제리론은 1929-1933년 세계경제공황으로 하여 경제위기가 심각하여진 조건에서 경제에 대한 국가의 간섭에 의거하여 독점적고률리윤을 얻으려는 독점자본가들의 요구와 종래의 리론과 다른 《새로운》리론에 대한 요구를 반영하여 1930년대에 출현하였으며 제2차세계대전이후에 전면적으로 파급되여 오늘에 이르기까지 여러가지로 변천되였다.

리윤에 대한 현대부르죠아경제리론은 《케인즈주의》와 《사회제도주의》로 대표된다.

《케인즈주의》에서 제기된 리윤에 대한 자중은 전사회적인 범위에서 자본주의적재생산과 국민소득에 대한 고찰을 통하여 리윤의 본질과 원천, 독점적고률리윤추구를 위한 《효과적인 방안》들을 제창하는것이다. 그 대표자들은 영국의 반동적인 경제학자 케인즈(대표작 《고용, 리자 및 화페의 일반론》 1936), 죤 로빈숀, 칼도르, 미국의 볼딩 등이다.

리윤에 대한 《사회제도주의》리론은 경제적관계뿐아니라 정치적, 법적, 도덕적 기타 경제외적사회관계들을 연구대상을 하여 리윤최대화의 조건들을 설교하는것이다. 그 대표자들은 미국의 반동적인 경제학자들은 갈브레이스(대표작 《미국식자본주의》 1952, 《유족한 사회》 1956), 바우몰, 리케르스 등이다.

리윤에 대한 현대부르죠아경제리론은 그 이전 시기의 리론들과 구별되는 일련의 특징을 가진다.

그것은 우선 리윤에 대한 현대부르죠아경제리론이 경제에 대한 국가의 간섭을 옹호하면서 리윤문제를 고찰한다는
										것이다.

리윤에 대한 《신고전주의》적견해를 비롯한 종래의 리론들에서는 국가의 간섭을 반대하면서 자유경쟁이 지배하는 《완전한 경쟁》의 조건에서 리윤범주를 고찰하고 리윤최대화를 주장하였다.

그러나 리윤에 대한 현대부르죠아경제리론은 경제에 대한 국가의 간섭을 전제로 하고 있다.

1930년대에 출현한 케인즈의 《조절적자본주의》론으로부터 오늘에 이르기까지의 현대부르죠아경제리론은 다같이 경제에 대한 국가의 간섭을 주장하고 있다. 물론 국가의 간섭의 내용과 범위, 그 형태와 방법에 대한 설교에서 차이가 있고 치렬한 《론쟁》이 벌어졌지만 례외없이 다 경제에 대한 국가의 간섭을 이렇게 혹은 저렇게 찬양하고 합리화하였다. 그러므로 경제에 대한 국가의 간섭을 주장하는가 반대하는가 하는것은 현대부르죠아경제리론과 종래의 부르죠아경제리론을 구분하는 중요한 표징의 하나로 되는것이다.

현대부르죠아경제리론의 중요한 구성부분의 하나인 리윤에 대한 리론은 경제에 대한 국가의 간섭을 이러저러하게 찬양하고 합리화하는 《리론》의 련관속에서 전개되고있으며 국가의 간섭조건하에서의 리윤최대화에 대하여 설교하고있다. 바로 여기에 리윤에 대한 현대부르죠아경제리론이 종래의 리론과 구별되는 특징의 하나가 있다.

특징은 또한 《집단적리윤》에 대한 고찰을 처음으로 제기하고 그것을 중시한다는것이다.

종래의 리론에서는 개별적자본가의 사적소유로 되여있는 자본주의기업체에서의 리윤에 대하여 주장하면서 개별적자본가의 리윤취득을 합리화하였다. 리윤범주는 개별적자본가의 소득에 국한되였으며 리윤에 대한 모든 설교는 개별적자본가의 리윤을 합리화하고 그것을 변호하는것이다.

리윤에 대한 현대부르죠아경제리론은 리윤문제고찰에서 《집단적리윤》을 선차시하고 그것을 중시하면서 개별적자본가의 리윤에 대해서도 론의하고 있다. 그것은 현대제국주의하에서 주식회사가 광범히 보급되고 기업형태에서 중요한 자리를 차지하는것과 관련된다.

현대부르죠아경제학자들은 주식회사를 주주집단의 《집단적기업체》로 묘사하고 그의 소유를 《집단적소유》라고 설교하면서 주식회사에서 형성되는 리윤이 마치도 《집단적리윤》인듯이 떠벌이고있으며 개별적주주들이 주식회사에서 받는 리익배당금은 《집단적리윤》의 한 부분이며 그 크기에 의존한다고 주장하고있다. 이처럼 《집단적리윤》이라는 개념을 제기하고 그게 기초하여 리윤문제를 고찰하고있다는데 리윤에 대한 현대부르죠아경제리론이 종래의 리론과 구별되는 특징의 다른 하나가 있다.

리윤에 대한 현대부르죠아경제리론의 특징은 또한 독점회사의 경영목적이 리윤추구에 있다는것을 부인한다는것이다.

종래의 리윤에 대한 부르죠아경제리론은 자본주의기업경영의 목적이 리윤추구에 있으며 자본주의기업이 리윤추구에 의하여 추동된다고 설교하면서도 리윤에 의한 자본주의적착취를 부인하는데 매달렸다.

그러나 리윤에 대한 현대부르죠아경제리론은 독점회사의 경영목적이 리윤추구에 있다는것을 부인하면서 독점회사의 착취적성격을 가리우는 궤변들을 주장하고있다. 특히 미국의 반동적인 경제학자 갈브레이스는 현대과학기술의 발전에 의하여 독점회사가 《성숙된 회사》로 되였다고 하면서 이 《성숙된 회사》의 특징의 하나가 바로 독점적고률리윤에 대한 지향이 없어진데 있는것이라고 떠벌였다. 이처럼 마치도 독점적고률리윤을 떠난 독점회사가 존재하는듯이 설교하면서 독점회사의 경영목적이 독점적고률리윤추구에 있다는것을 부인하는것이 리윤에 대한 현대부르죠아경제리론의 또 다른 하나의 특징이다.

리윤에 대한 현대부르죠아경제리론의 반동성은 무엇보다도 독점자본가들에게 최대한의 리윤을 보장해주기 위한 부르죠아국가의 경제에 대한 간섭조치들을 극구 찬양하고 합리화하는 사상리론적도구로 된다는데 있다.

《케인즈주의》에서는 《국가는 자본주의적경제공간과 사회총자본의 재생산조건에 간섭할수 있는 가능성을 널리 리용하여 리윤의 형성에 작용하여야 한다.》고하면서 국가적《조절》, 임금《동결》, 인플레정책, 자본주의경제의 《전망계획화》, 국가예산과 과세률에 대한 경제적《조절》등을 주장하고 있다.

《사회제도주의》에서는 국가적기업활동과 계약구조, 과학연구부문에 대한 융자, 국가에 의한 《인간자본》(로동력을 의미)의 증대를 통하여 국가자본의 리용을 자본주의적생산과 독점적고률리윤의 보장에 지향시켜야 한다고 주장하고있다.

이러한 설교는 기만적이며 반동적인 리론이다. 리윤추구가 생산의 목적으로 되고있는 자본주의기업에서 리윤에 따르는 투자의 자연발생성은 필연적이다. 자본가들은 높은 리윤이 보장되는 한에서만 투자를 늘이며 보다 높은 리윤을 얻을수 있는 부문에 경쟁적으로 자본을 투자하게 된다. 이러한 조건에서 독점자본가들의 수중에 장악되여 있는 제국주의국가는 사적투자를 《조절》할수 없다. 뿐만아니라 생산수단이 사적소유로 되여있는 조건에서는 나라의 경제를 계획적으로, 통일적으로 관리할수 없으며 매 기업들은 더 많은 리윤을 얻기 위한 경쟁을 치렬하게 벌리면서 제가끔 활동한다. 이러한 조건에서는 경제에 대한 제국주의국가의 《조절》도, 국가자본의 리용도 계획경제의 가능성을 조성하지 못하게 전국가적범위에서의 리윤의 《계획적인 장성》을 이룩할수 없다.

자본주의사회에서 국가는 부르죠아지의 계급적지배의 도구이다. 제국주의국가의 모든 정책은 독점자본가들에 의하여 작성되고 그들의 리익을 옹호하고 보장하는데 철저히 복무한다. 그러므로 제국주의국가의 경제정책은 독점자본가들에서 독점적고률리윤을 보장하여주기 위한 정책이며 그 위장물에 지나지 않는다. 특히 《사회제도주의》에서 제창하는 국가예산의 편성과 집행, 그에 따르는 파세률에 대한 국가의 경제적《조절》 등에 대한 주장은 부르죠아국가의 경제정책이 대독점자본가들에게 최대한의 리윤을 보장하는데 전적으로 복무할것을 설교하는 대표적실례이다. 이와 같이 리윤에 대한 현대부르죠아경제리론은 제국주의국가의 경제적간섭에 의거하여 최대한의 리윤을 얻으려는 독점자본가들의 요구를 대변한 부르죠아국가의 경제정책작성을 사상리론적으로 안받침하는 반동적인 리론이다.

리윤에 대한 현대부르죠아경제리론의 반동성은 또한 현대제국주의하에서 자본주의기업의 착취적성격을 부인하는데 있다.

《케인즈주의》에서는 현대제국주의하에서 국가적투자를 늘일것을 주장하면서 《투자의 사회화》를 설교하고있다. 여기서 《투자의 사회화》라는것은 개별적산업부문의 자본주의적기업의 일부를 《국유화》하는것을 의미한다. 케인즈와 그 추종자들은 《국영기업》에서 리윤추구를 위한 자본주의적착취가 완화되는듯이 떠벌이고있다. 《사회제도주의》에서는 현대제국주의하에서 주식회사가 광범히 보급되고 그것이 기업형태에서 중요한 자리를 차지하고있는것으로하여 《무리윤동기》라는것은 현대제국주의하에서 《경제적장성, 사회적복리,  등과 같은 들이 형성되여 자본주의적생산의 목적으로서의 리윤을 최대화하려는 동기가 상실된다》는것이다. 《사회제도주의》에서는 또한 독점회사들의 경영목적이 《독점적고률리윤추구가 아니라 자본가전체의 집단적소득의 장성에 있으며 경제활동의 기본목적이 리윤에 있는것이 아니라 에 있다》고 하면서 독점회사의 활동이 《일련의 생활상 중요한 사회적기능》을 수행하는 과정인듯이 떠벌이고있다. 여기서 회사의 《사회적기능》이라는것은 《회사가 소비자수요의 더욱 원만한 충족, 도시의 개건, 주위환경의 보호, 과학연구사업의 발전 등에 장성하는 소득의 많은 부분을 돌리는것》을 의미한다.

현대부르죠아변호론자들의 이러한 설교는 자본주의기업의 착취적이며 반인민적인 성격을 가리우는 반동적인 리론이다. 자본주의사회에서 진행하는 《국유화》는 생산수단에 대한 소유의 자본주의적성격을 변화시키지 못한다. 이것은 철저히 독점자본가들이 경제에 대한 자기의 지배를 강화하고 독점적고률리윤을 얻기 위하여 국가기구를 리용하는 형태이다. 자본주의적《국가소유》는 본질상 생산수단에 대한 사적소유의 변증이며 따라서 《국영기업》의 자본주의적성격이 달라질수 없고 《국영기업》에서 결코 리윤을 추구하는 자본주의적착취가 완화될수 없다. 또한 이자들이 주장하는 《경제적장성》, 《사회적복리》는 인민대중을 위한것이 아니며 어디까지나 소수 특권계층을 위한것이다. 자본주의사회에서 《경제적장성》이 이룩되고 《생활의 질》이 개선되며 《사회적복리》가 마련되는것은 철두철미 대독점자본가들의 독점적고률리윤획득과 기생적소비를 위한데 목적이 있다. 리윤을 추구하지 않는 자본가가 있을수 없는것처럼 근로대중을 착취하고 억압하지 않는 자본주의란 있을수 없다. 독점자본가들이 주인행세를 하는 제국주의하에서 근로대중에 대한 무제한한 착취를 통하여 독점적고률리윤을 얻는것은 여전히 기업활동의 목적이다. 《사회제도주의》자들이 설교하는 《무리윤동기》와 독점회사의 《사회적기능》이란 현실적으로 존재하지 않는다.

이처럼 리윤에 대한 현대부르죠아경제리론은 《국영기업》의 자본주의적성격과 독점회사의 착취적성격을 부인한데 기초하여 현대제국주의의 착취적본성을 은페하는 반동적인 리론이다.

리윤에 대한 현대부르죠아경제리론의 반동성은 또한 현대제국주의하에서 자본가와 로동계급간의 계급적모순을 부인하고 계급협조를 설교한다는데 있다.

현대부르죠아변호론자들은 리윤을 기업가의 《모험》에 대한 《보상》으로, 기업가들이 《미정성》을 극복한데 대한 《보수》로 묘사하고있다.

그런가하면 《로동자들이 소득을 저축하여 총리윤의 일부를 소유하면 자기의 자본에 대한 리윤을 얻는다.》고 하면서 로동자들도 리윤분배에 참가한다고 주장한다. 그러면서 《리윤은 자본가가 점유하는 부분과 로동자가 얻게 되는 몫으로》이루어지므로 로동자는 임금과 리윤을 받고 자본가는 리윤만 얻는다고 떠벌이고있다.

이러한 주장은 리윤이 임금로동자에 대한 자본가의 착취에 의해 창조된 잉여가치의 전화된 형태라는것을 부인하고 로동계급과 자본가계급사이의 계급적모순을 은페하는 반동적인 리론이다. 리윤이 기업가의 《모험》에 대한 《보상, 《미정성》을 극복한데 대한 《보수》라는것은 리윤을 기업가들의 경영《능력》에 대한 《응당한 보수》로 보는것이다.

현대부르죠아변호론자들이 리윤은 자본가의 경영활동결과의 《산물》이라고 주장하는 목적은 로동자와 자본가가 각각 자기의 《노력》에 대한 《보수》를 받는것으로 묘사함으로써 자본가와 로동계급사이에는 그 어떤 착취관계도, 계급적모순도 존재하지 않는다는것을 설교하려는데 있다. 그러나 자본가의 기업활동과정, 즉 《모험》이나 《미정성》의 극복과정은 생산과정이 아니라 자본가의 심리적추리과정인것만큼 아무런 가치도, 리윤도 창조하지 못한다. 리윤은 철두철미 생산과정에서 임금로동자에 대한 자본가의 착취의 결과 창조된 잉여가치가 전체 자본의 산물처럼 나타나는 전화된 형태이다. 따라서 리윤의 창조과정에는 철저히 자본가와 로동계급사이의 계급적모순이 존재하며 리윤규모가 커지는 과정은 이 모순이 더욱더 심화되는 과정이다.

이자들의 주장은 또한 로동계급과 자본가계급사이의 관계를 계급적협조관계로 묘사하는 반동적인 리론이다. 대독점자본가들은 더 많은 리윤을 얻기 위하여 로동자들에게 소액의 주권을 강매함으로써 얼마안되는 그들의 기아임금마저 투자의 밑천으로 빼앗아낸다. 이것을 두고 부르죠아어용학자들은 마치 로동자들도 기업의 《주인》으로 되여 자본가와 로동계급사이에는 더는 계급적대립이 존재하지 않으며 그들사이에는 다같이 기업활동에 공통적인 리해관계를 가지는 기업의 《주인》, 공통의 기업과 집단들사이의 관계, 서로 협조하고 공동으로 노력하는 관계로 된듯이 주장하고있다. 그러나 로동자들이 소액의 주권을 가졌다하여 주식회사의 《주인》으로, 《자본가》로 되는것은 아니며 회사의 실권은 명실공히 통제주를 장악한 거대독점자본가들의 수중에 있고 로동자들은 여전히 자기의 로동력을 팔지 않으면 살아갈수 없는 임금로동자에 불과하다. 결국 로동자들도 리윤분배에 《참가》한다는 설교는 로동자들의 보잘것없는 수입마저 깡그리 동원하여 자본의 지배력강화를 위한 추가자본으로 리용하는 자본주의적착취의 본성을 가장 교묘한 형태로 은페하는 수단의 하나이며 계급협조를 설교하고 나아가서 계급투쟁을 무마시키는 반동적인 궤변이다. 이처럼 리윤에 대한 현대부르죠아경제리론은 제국주의의 착취적본질을 가리우고 계급협조를 설교함으로써 대독점자본가들에게 복무하는 반동적인 리론이다.

리윤에 대한 현대부르죠아경제리론은 오늘 독점회사들과 제국주의국가의 경제정책작성의 리론적기초로, 현대제국주의경제제도의 착취적성격을 변호하고 그 멸망의 합법칙성을 부인하는 사상리론적기초로 되고있다.

현대부르죠아어용리론가들이 리윤에 대한 반동적궤변들을 조작하여 현대제국주의를 변호하고있지만 날로 심각화되는 정치경제적위기속에서 그의 총파산은 불가피하다.",KJI,marketization_adjustment,2000s,7.280008252884188
비생산령역에서 로동의 효과성을 높이는것은 사회주의경제강국건설을 다그치기 위한 중요한 요구,최은심,2011,1,1192,"오늘 우리 인민앞에는 사회주의경제건설을 힘있게 다그쳐 우리 당이 제시한 사회주의경제강국건설의 웅대한 과업들을 짧은 시간내에 성과적으로 수행하여야 할 중요한 과업이 나서고있다.

현시기 우리앞에 나서고있는 사회주의경제건설의 방대한 과업들을 성과적으로 수행하는데서 나서는 중요한 문제의 하나는 비생산령역에서 로동의 효과성을 끊임없이 높이는것이다. 비생산령역에서 로동의 효과성을 끊임없이 높이는것은 사회주의경제강국건설을 다그치기 위한 중요한 요구이다.

위대한 수령 김일성동지께서는 다음과 같이 교시하시였다.
《로동생산능률의 끊임없는 장성은 새로운 사회제도의 승리를 위하여 가장 중요한것이며 주되는것입니다.》(《김일성전집》 제19권, 119페지)

비생산령역에서 로동의 효과성을 끊임없이 높이는것이 사회주의경제강국건설을 다그치기 위한 중요한 요구로 되는것은 무엇보다도 그것이 비생산부문들의 역할을 높여 사회발전의 높은 속도를 보장하기 위한 중요한 방도의 하나로 되기때문이다.

현시기 사회주의경제강국건설에서 나서는 가장 중요한 문제는 생산의 높은 장성속도를 이룩하는것과 함께 인민경제 모든 부문에서 사회발전의 높은 속도를 보장하는것이다. 인민경제 모든 부문들은 서로 밀접히 련관되여있으며 사회발전에서 서로 밀어주고 이끌어주는 관계에 있다. 그러므로 당이 제시한 방침대로 인민경제 선행부문, 기초공업부문의 발전을 확고히 앞세우면서 인민경제 모든 부문의 발전을 그에 따라 세우는것은 사회발전의 높은 속도를 달성하기 위한 중요한 방도로 된다. 비생산령역에서 로동의 효과성을 끊임없이 높이는것은 사회발전의 이러한 요구를 충족시키는 과정으로 된다.

비생산령역은 물질적생산령역과 함께 사람들의 사회적활동의 독자적인 한 분야를 이룬다. 여기에는 주민들에 대한 문화후생적봉사활동과 과학연구활동, 국가관리활동 등이 속한다. 이러한 령역은 사람들의 활동의 결과에 그 어떤 물질적부도 창조되지 않는다는 점에서 물질적생산령역과 구별되지만 이 령역에서의 사람들의 활동도 육체적 및 정신적힘의 지출과정이며 사람들의 자주적요구를 실현하기 위한 로동활동이라는 측면에서는 물질적생산령역에서의 인간의 활동과 공통성을 가진다.

사회주의사회에서 비생산령역에서의 인간의 활동은 사람을 보다 힘있는 사회적존재로, 사회의 주인으로 만들며 그들의 생활상편의를 도모해주는 활동을 통하여 인간의 자주적요구를 충족시켜준다.

이 모든것은 물질적생산부문에서와 마찬가지로 비생산령역에서도 로동의 효과성을 끊임없이 높이는것이 사회경제발전의 필수적요구이라는것을 말해준다.

비생산령역에서 로동의 효과성을 높여야 할 필요성은 특히 사회주의강성대국건설이 힘있게 벌어지고있는 오늘 사회발전에서 이 분야의 역할이 제고되고 그 령역이 넓어지고있는것과 관련하여 보다 절실한 문제로 제기된다.

과학과 기술이 급속히 발전하고 경제가 큰 규모에서 전례없이 빠른 속도로 발전하고있는 선군시대, 정보산업시대에 와서 국방건설과 경제건설, 인민생활향상에서 비생산분야가 노는 역할은 더욱 높아지고있으며 그 령역도 비할바없이 넓어지고있다.  

비생산분야 특히 교육과 과학기술분야의 급속한 발전은 나라의 생산력발전을 추동하여 물질적생산의 급속한 장성을 가져온다. 비생산분야는 물질적생산에 직접 참가하지 않으면서 생산과정과 국가관리, 사회적수요충족에 복무하며 사회의 정신문화적발전을 보장하면서 생산의 효과성에 커다란 영향을 주고있다.

사회주의사회에서 비생산분야의 가장 중요한 역할은 사람들을 자주적이며 창조적인 존재로 키우는데서 나타난다. 사회주의사회에서 교육, 과학, 보건 등 비생산부문들은 사람들에게 건장한 체력과 높은 사상의식, 과학기술지식을 주어 그들을 자주적이며 창조적인 사회적존재로 키움으로써 생산과 사회적활동에서 중요한 역할을 담당수행하게 한다.

교육부문은 사회발전을 추동하는 과학기술인재들을 더 많이 질적으로 키워내는데서 중요한 역할을 담당하고있다.

현실발전의 요구에 맞게 과학기술인재들을 높은 수준에서 잘 키워내야 나라의 과학기술을 전망성있게 발전시킬수 있을뿐아니라 당면한 과학기술적문제
										들을 원만히 풀어나갈수 있다. 과학기술을 발전시키는 사업은 한두해에 끝나는 사업인것이 아니라 끊임없이 진행되는 사업인것만큼 과학기술인재들을 전망성있게 양성하는것은 과학기술의 끊임없는 발전, 더 나아가서는 사회발전의 필수적조건으로 된다.

이 모든것은 비생산령역에서 로동의 효과성제고가 사회주의사회에서 사회발전의 높은 속도를 이룩하기 위한 중요한 방도로 된다는것을 말해준다.

비생산령역에서 로동의 효과성을 끊임없이 높이는것이 사회주의경제강국건설을 다그치기 위한 중요한 요구로 되는것은 다음으로 그것이 나라의 긴장한 로력문제를 해결할수 있는 중요한 방도로 되기때문이다.

사회주의강성대국건설이 진척되면 될수록 인민경제의 새로운 부문들이 창설되고 이것은 로력에 대한 추가적인 수요를 제기한다. 사회주의사회에서 경제가 발전하는데 따라 추가적인 로력수요를 제기하는것은 사회발전의 합법칙성이다.

인민경제 새로운 부문들이 창설됨에 따라 추가적으로 제기되는 로력문제의 해결방도는 나라의 로력자원을 최대한으로 동원, 리용하는것과 함께 인민경제 모든 부문에서 로동의 효과성을 끊임없이 높여 로력예비를 적극 얻어내는것이다.

여기서 로력자원을 적극 탐구동원하는 방법은 늘어나는 로동력의 수요를 보장하기 위한 중요한 방도의 하나이기는 하지만 기본방도로는 될수 없다. 그것은 로력자원의 장성에는 일정한 한도가 있기때문이다. 이러한 조건에서 새로운 부문들이 늘어나는데 따라 추가적으로 필요되는 로력수요는 인민경제 모든 부문에서 로동의 효과성을 높여 로력예비를 조성하는 방법으로 충당되여야 한다.

로력에 대한 이러한 추가적인 수요는 생산부문뿐만아니라 비생산부문에서도 제기된다.

오늘 우리 나라에는 위대한 수령 김일성동지와 위대한 령도자 김정일동지의 현명한 령도에 의하여 세계에서 가장 우월한 사회주의교육제도와 보건제도가 마련되여있다. 나라의 방방곡곡에 보통교육기관과 고등교육기관, 의료봉사기관과 과학문화기관들이 마련되여있으며 여기에서 수많은 일군들이 활동하고있다. 뿐만아니라 우리 나라에는 근로자들의 생활상편의를 위한 각종 편의시설과 극장, 영화관, 려객수송체계가 정연하게 세워져있으며 여기에서 또한 수많은 일군들이 일하고있다.

인민대중중심의 우리 식 사회주의제도하에서 인민들의 물질문화적수요충족을 위한 이러한 비생산기관들의 수는 앞으로도 계속 늘어날것으로 예견되고있다.

비생산분야에서 로력이 장성하는것과 관련하여 이 분야에서도 로력을 기계수단으로 교체하기 위한 사업이 활발히 진행되고있다. 그러나 이 분야에서 로력을 절약하기 위한 기술수단의 도입은 이 부문의 사업상특성으로 하여 물질적생산부문에서보다 상대적으로 뒤떨어지고있으며 이러한 사정으로 하여 이 부문들에서 로동의 효과성제고는 매우 천천히 진행되고있다.

이러한 사정은 비생산분야에서도 물질적생산부문에서와 마찬가지로 사회적로동을 효과적으로 리용할데 대한 문제를 실천적요구로 제기하고있다. 오늘 이 분야에서 사회적로동을 절약하고 그것을 효과적으로 리용하는것은 공업과 농업을 비롯한 물질생산부문에 못지 않게 심각한 문제로 나선다.

봉사부문과 관리부문, 과학연구부문에서 로동의 효과적인 리용은 근로자들의 물질문화적수요의 보다 원만한 충족, 과학과 기술의 급속한 발전을 위하여 커다란 의의를 가진다. 이 모든것은 비생산령역에서도 지출된 로동의 효과성을 끊임없이 높일것을 요구한다.

비생산부문에서 로동의 효과성을 높이는것은 이러한 방도의 하나이다.

비생산부문들에서 로동의 효과성제고는 단위사업량당 지출로동량을 줄임으로써 종전보다 적은 로력으로 종전과 같은 규모 혹은 그보다 더 큰 규모의 사업을 보장하게 하며 현존하는 로력의 예비를 마련하여 다른 부문에 돌릴수 있는 가능성을 지어준다.

그런데 사회주의사회에서 로동의 효과성제고에는 한계가 없으므로 이러한 로력예비는 비생산부문의 모든 단위에서 끊임없이 조성되게 된다. 그러므로 비생산부문들에서 로동의 효과성을 체계적으로 높이는것은 사회주의하에서 긴장한 로력문제를 해결하기 위한 근본방도의 하나로 된다.

비생산령역에서 로동의 효과성을 끊임없이 높이는것이 사회주의경제강국건설을 다그치기 위한 중요한 요구로 되는것은 다음으로 그것이 비생산령역에서 일하는 근로자들을 힘든 로동에서 해방하고 그들의 생활을 끊임없이 높일수 있는 중요한 방도로 되기때문이다.

근로자들을 힘든 로동에서 해방하고 인민들의 물질문화생활수준을 끊임없이 높이는것은 사회주의경제건설의 중요한 목표의 하나이다.

로동생활과 물질문화생활은 근로자들의 경제생활의 중요한 두 측면이다. 근로자들의 자주성을 실현하려면 로동생활에서 그들의 자주적요구를 실현하여야 하며 인민들의 끊임없이 늘어나는 물질문화적수요를 원만히 충족시켜야 한다. 사람들이 로동생활을 하는 목적은 물질생활에 대한 수요를 원만히 충족시키자는데 있다. 로동생활의 결과가 최상의 수준에 이르지 못하게 되면 물질생활에 대한 수요를 원만히 충족시킬수 없게 된다.

어렵고 힘든 로동에서 해방되고 로동생활에서 자주성을 완전히 실현하는것은 근로자들의 세기적숙망이다. 근로자들의 이러한 요구는 생산부문은 물론 비생산부문에서도 제기된다. 비생산령역에서 근로자들을 힘든 로동에서 해방하려면 과학과 기술발전성과를 비생산령역에 적극 도입하여 로동의 효과를 높여야 한다. 비생산령역에서 과학과 기술발전성과의 도입은 단위사업량당 지출되는 로동량을 훨씬 줄임으로써 일은 헐하게 하면서도 더 많은 성과를 이룩할수 있게 하며 동시에 많은 로력을 절약할수 있는 가능성을 지어준다.

인민들의 물질문화생활수준을 끊임없이 높이는것은 사회주의경제건설의 중요한 목표의 하나이다. 끊임없이 늘어나는 인민들의 문화적수요는 질좋고 쓸모있는 인민소비품을 더 많이 생산보장할뿐만아니라 근로자들에 대한 봉사활동을 끊임없이 개선함으로써만 충족될수 있다.

해당시기 근로자들의 물질문화적수요충족을 위한 봉사활동을 개선하려면 봉사조직사업을 잘하는것과 함께 봉사활동의 효과성을 높여야 한다. 비생산령역에서 로동의 효과성을 높이는것은 근로자들에 대한 봉사활동을 개선하고 그 질을 높임으로써 그들의 물질문화적수요를 더 잘 충족시킬수 있게 한다. 근로자들의 물질문화생활을 향상시키려면 근로자들의 수입을 높여야 한다.

사회주의사회에서 로동보수와 관련된 물질적자극공간의 리용은 로동의 효과성을 높이기 위한 중요한 조건으로 된다.

과도적사회인 사회주의사회에서 근로자들은 자기 로동의 결과에 대한 물질적관심을 가진다. 그것은 로동보수가 사회주의근로자들의 생활원천의 하나로 되며 그들이 지출하는 로동량과 그것에 의하여 창조되는 로동결과의 크기에 의해서 그들에게 차례지는 로동보수의 크기가 달라지기때문이다.

이 모든것은 비생산령역에서 로동의 효과성을 끊임없이 높이는것이 이 부문의 일군들을 힘든 로동에서 해방할뿐만아니라 사회전반에서 인민들의 물질문화적수요를 더 잘 충족시킬수 있게 해준다는것을 말해준다.  

비생산령역에서 로동의 효과성을 끊임없이 높이는것이 사회주의경제강국건설을 다그치기 위한 중요한 요구로 되는것은 또한 그것이 현시기 우리앞에 나선 방대한 과업을 성과적으로 실현할수 있게 하는 중요한 고리의 하나로 되기때문이다.

오늘 우리앞에는 사회주의경제강국건설을 앞당겨 수행하여야 할 중요한 과업들이 나서고있다.

오늘 우리가 진행하는 전투는 인민경제 모든 부문들에서 물질기술적토대를 더욱 강화하고 생산의 끊임없는 앙양을 일으켜 사회주의경제강국을 이 땅우에 하루빨리 일떠세우기 위한 영예롭고 보람찬 전투이다. 현시기 우리앞에 나선 사회주의경제건설의 전략적과업들은 사회주의경제강국건설의 목표들을 수행하기 위한 중요한 과업들이다. 이 과업들이 수행되면 우리 나라에서 사회주의강성대국건설의 력사적과업이 이룩되게 되며 우리 나라는 경제적측면에서도 세계에서 가장 발전된 사회주의나라로 된다.

우리앞에 나선 방대한 과업을 성과적으로 수행하기 위한 고리는 결국 경제건설의 모든 부문에서 로동의 효과성을 높이는것이다.

비생산령역에서 로동의 효과성의 제고는 비생산부문은 물론 인민경제 모든 부문들에서 혁명적인 대고조를 일으킴으로써 사회주의경제강국건설을 위한 전투를 성과적으로 보장할수 있게 하며 사회주의경제건설의 전략적과업들을 앞당겨 달성하게 함으로써 우리 식 사회주의제도의 참다운 우월성을 높이 발양시킬수 있게 한다.

이처럼 비생산령역에서 로동의 효과성을 높이는것은 현시기 사회주의경제강국건설을 다그치기 위한 중요한 요구로 된다.

모든 경제지도일군들은 비생산부문에서 로동의 효과성을 높이는것이 경제강국건설에서 가지는 중요성을 똑똑히 인식하고 이 부문에서 로동의 효과성을 높이기 위한 사업에 응당한 관심을 돌려야 한다.",KJI,marketization_adjustment,2010s,7.084226422097916
현대사회민주주의자들이 설교한 《완전독립채산제》의 반사회주의적성격,서영수,2003,4,838,"인민대중이 생산과 관리의 주인으로 되고있는 사회주의사회에서는 경제관리에서 사회주의원칙을 철저히 고수하고 구현하는것이 생명이다. 특히 기본생산단위인 공장, 기업소들을 사회주의경제관리의 기본원리와 원칙에 맞게 관리운영함으로써만 경제관리전반을 사회주의경제의 본성에 맞게 개선완성하고 경제건설을 힘있게 다그칠수 있다.

사회주의사회에서 국영기업소들은 독립채산제의 방법으로 관리운영된다. 독립채산제는 국가의 중앙집권적인 지도와 통제밑에서 기업소가 상대적독자성을 가지고 경영활동을 해나가면서 생산에 지출된 비용을 자체로 보상하고 국가에 리익을 주는 사회주의국영기업소들의 가장 합리적인 계획적경제관리운영방법이다.

그런데 사회주의배신자들인 현대사회민주주의자들은 국영기업소들에서 실시되던 독립채산제를 《형식주의》적인것이라고 하면서 《완전독립채산제》를 전면적으로 실시하였다.

위대한 령도자 김정일동지께서는 다음과 같이 지적하시였다.
《개별적기업소들의 독자성과 당면한 경제적리익을 전면에 내세우면서 국가의 지도와 통제를 거부하는데로 나아간다면 결국 사회주의경제제도를 파괴하고 자본주의시장경제를 되살리는 결과를 가져오게 됩니다.》 (《김정일선집》12권, 307페지》

《완전독립채산제 》는 국가의 중앙집권적계획적지도를 거부하고 기업소의 독자성을 강화함으로써 경제관리의 자유화를 주장하는 반사회주의적경제관리운영방법이다.

《완전독립채산제》의 반사회주의적성격은 우선 그 실현을 위한 전제조건만 보아도 알수 있다. 현대 사회민주주의자들은 《완전독립채산제》의 실현은 사회에 소속된 생산수단의 리용과 관련하여 기업소와 국가사이의 《보상관계》를 전제로 한다고 주장하였다.

사회주의사회에서 공장, 기업소들은 사회주의의 과도적성격과 관련하여 경영상상대적독자성을 가지고 경제관리를 진행한다. 이것은 곧 국가와 기업소사이의 관계를 나타낸다. 사회주의기업소의 경영상 상대적독자성은 말그대로 소유면과 경영활동분야를 다 포괄한 독자성이 아니라 경리운영면에서의 독자성이며 절대적인 독자성이 아니라 국가의 계획적지도밑에 실현되는 상대적인 독자성이다. 사회주의사회에서 국가는 공장, 기업소들의 경영활동에 필요한 로력과 생산수단을 보장하고 국가계획을 시달할뿐 아니라 그를 넘쳐 수행하도록 지도통제한다. 다른 한편 공장, 기업소들은 국가앞에 계획수행과 국가납부의무수행에 대하여 책임지고 실행한다. 이와 같이 사회주의사회에서 국가와 기업소사이의 관계는 기업소에 대한 국가의 경제지도와 국가에 대한 기업소의 임무수행의 관계이다.

현대사회민주주의자들이 사회주의사회에서 국가와 기업소사이의 관계를 외곡해 나선것은 국가와 기업소가 마치도 물질적인 보상관계만을 가지는 《독자적》이며 《동등한》 관계라는 인식을 줌으로써 기업소에 대한 국가의 중앙집권적계획적지도를 거부하려는 반사회주의적주장이다.

《완전독립채산제》의 반사회주의적성격은 또한 그 본질적내용에서 잘 나타나고있다. 현대사회민주주의자들은 《완전독립채산제》의 본질은 계획성, 경제적리해관계, 경제적책임성, 자체보상제, 자체융자, 자치제, 경제적경쟁원칙으로 특징지어지며 이 원칙들이 철저히 준수될 때 완전한 독립채산제가 옳바로 실시된다고하였다.

현대사회민주주의자들이 주장한 계획성은 매 기업소들이 자기 계획을 독자적으로 작성하고 승인할뿐아니라 그 수행을 위한 생산경영활동안도 독자적으로 채택하도록 하는것이다. 이들은 사회주의사회에서 기업소는 《전통적으로 계획화의 대상》으로만 되였기때문에 《계획수행에서 창발성을 내지 못하고 단순한 집행자에 불과하였다》고 하면서 기업소를 《계획활동의 주체》로 만들어야 한다고 하였다. 그리하여 국가의 지령성계획을 없애고 일부 중요한 전략적물자에 대해서는 국가주문형식으로 나머지는 소비자의 직접적인 주문, 말하자면 시장형편에 기초하여 계획을 자체로 세우도록 하였다.

사회주의사회에서 경제는 유일한 인민경제발전계획에 따라 계획적으로 관리운영된다. 그것은 나라의 경제를 계획적으로, 균형적으로 발전시키는것이 생산수단에 대한 사회주의적소유에 기초하고있는 사회주의사회의 필수적요구이다. 만일 현대사회민주주의자들이
										 주장하는것처럼 공장, 기업소들이 계획을 제가끔 세우도록 한다면 경제발전이 자연발생성을 띠게 되며 나라의 전반적경제를 목적의식적으로 조화롭게 발전시켜나갈수 없게된다. 그러므로 계획성에 대한 주장은 사회주의계획경제의 우월성을 부정하고 계획화사업에 대한 국가의 지도를 거부하려는 철저히 반사회주의적인것이다.

현대사회민주주의자들은 또한 경제적리해관계와 완전한 경제적책임성을 《완전독립채산제》의 중요요소로 내세웠다. 이들은 《상급기관의 가장 중요한 효과적인 결심조차도 로동자와 그 집단의 경제적리해관계가 없는 실천에서 충분하게 완전하게 구현할수 없다》고하면서 개별적집단의 리해관계를 우선시하였으며 이에 기초하여 기업소의 경영활동결과의 많은 부분이 그 지배하에 있어야 한다고 하였다. 또한 기업소는 국가와 다른 기관, 기업소, 자기 로동자들앞에 자기의 로동결과로써 완전히 책임을 지며 국가는 기업소의 의무에 대하여 책임을 지지 않는다는 법조항까지 만들었다.

사회주의는 집단주의에 기초한 사회이다. 사회주의사회에서 개인의 리익은 집단의 리익과 서로 모순되지 않으며 집단의 리익, 사회공동의 리익을 선차적으로 실현하는속에서 개인의 리익이 철저히 보장되게 된다.

사회주의사회에서 공장, 기업소들은 국가로부터 생산수단을 넘겨 받아 경영상상대적독자성을 가지고 경영활동을 진행하는것으로 하여 자기 경영활동에 대하여 국가앞에 책임을 지게 된다. 그러나 기업소의 이러한 책임은 국가가 기업소에 준 권한하에서 수행된 경영활동결과에 대한 책임이지 국가가 기업소의 의무에 대해서 전혀 책임지지 않는 그러한 완전한 경제적책임은 아니다. 때문에 경제적리해관계와 완전한 경제적책임성에 대한 주장은 집단주의에 기초한 사회주의의 본질적우월성을 부정하고 기업소에 대한 국가의 그 어떤 지도와 통제도 없애기 위한 반사회주의적주장이다.

현대사회민주주의자들은 자체보상제와 자체융자, 자치제를 《완전독립채산제 》의 기본방식, 기본조건으로 내세웠다. 자체보상제와 자체융자는 기업소가 자기의 개별적재생산보장과 로동력의 준비, 사회문화령역의 발전과 주위환경보호, 사회적범위에서의 확대재생산, 방위 등과 관련된 자금을 자기의 수익금으로 자체로 보상보충한다는것이다. 본질에 있어서 자체보상제와 자체융자는 기업소가 모든 자원 즉 물질적, 로력적, 재정적인 자원을 전적으로 자체로 보장한다는것을 의미한다. 사회주의사회에서 나라의 모든 인적 및 물질적자원들은 국가의 중앙집권적지도밑에 계획적으로 효과적으로 동원되고 리용된다. 사회주의경제는 계획경제인것만큼 생산에 필요한 모든 자원을 국가의 중앙집권적지도밑에 계획적으로 보장하여야 나라의 경제를 균형적으로 고르롭게 발전시켜나갈수 있다. 또한 생산수단에 대한 전인민적소유에 기초한 사회주의사회에서 국가만이 나라의 모든 자원을 가장 효과적으로 동원하고 리용할수 있다. 때문에 자체융자와 자체보상제에 대한 주장은 기업소의 생산활동에 대한 국가의 지도를 거부하고 기업활동의 자유화를 설교한 반사회주의적인것이다.

현대사회민주주의자들이 떠드는 자치제도 마찬가지이다. 이들은 자치제의 실시로 하여 관리의 민주주의가 보장된다고하면서 기업소의 로동집단에서 간부들을 선거의 방법으로 마음대로 선출하며 기업소에 재정, 제품판매, 로력조절배치, 대외무역과 같은 분야에서 실로 많은 권한을 주었다.

경제관리의 민주주의는 인민대중의 요구와 집체적의사에 따라 경제관리의 방향과 방도를 규정하고 경제를 지도관리한다는것을 의미한다. 사회주의사회에서 경제의 주인은 인민대중인것만큼 경제관리에서 민주주의가 철저히 보장된다. 그러나 기업소의 개별적인 로동집단을 단위로 하는 자치제에서는 사실상 경제관리의 민주주의를 보장할수 없다. 그것은 개별적로동집단의 자주적요구와 창조적힘이 제한되여있는것으로 하여 인민대중의 의사와 요구를 절대로 반영할수 없기때문이다. 현대사회민주주의자들이 자치제를 적극 주장해나선것은 인민대중의 자주적요구와 의사가 마치도 개별적기업소 로동집단의 독자적인 기업관리방법으로 실현되는듯한 인식을 줌으로써 기업소에 더 많은 권한을 주어 경제관리의 자유화를 실현하려는 반사회주의적인것이다.

끝으로 현대사회민주주의자들은 경제적경쟁은 사회주의경제발전의 추동력에서 중심적지위를 차지한다고하면서 이를 기업소의 기본경영원칙의 하나로 내세웠다. 이들은 경제적경쟁은 그 내용에 있어서《로동과 그 결과의 객관적사회가치에 기초한 생산물이 소비자에 의하여 보다 유리하게 선정되도록 하는 최고의 최종결과를 달성하기 위한 기업소들사이의 경쟁성》 이며 그 실현의 근본형태들은 생산물에 대한 사회적가격의 넓고 다양한 체계와 상품화페관계의 보다 완전한 리용에 기초한다고 공공연히 주장하였다.

사회주의사회에서 경제발전의 기본추동력은 자주적인 사상의식과 집단적창조력에 기초한 근로자들의 높은 혁명적열의이다. 물론 사회주의경제발전에 작용하는 요인에는 사회주의경쟁도 있다. 그러나 사회주의경쟁은 근로자들의 주인다운 자각과 혁명적열의에 기초하여 집단적혁신과 생산의 높은 앙양을 이룩하기 위한것이지 상품화페관계의 완전한 리용과 가격의 자유화에 기초한것은 아니다. 그러므로 경제적경쟁성에 대한 주장은 사회주의국가의 유일가격제도를 없애고 상품화페관계의 리용을 절대화함으로써 자본주의시장경제를 복귀하려는 저들의 반사회주의적립장을 드러내놓은것이다.

우리는 《완전독립채산제》가 국가의 중앙집권적계획적지도를 거부하고 기업소의 독자성을 강화하는 반사회주의적경제관리방법이라는것을 똑바로 알고 사회주의의 근본원칙에 맞게 독립채산제를 바로 실시해나가도록 해야 할것이다.",KJI,marketization_adjustment,2000s,6.732210706467206
위대한 수령 김일성동지께서 사회주의경제관리리론을 발전시키는데서 이룩하신 불멸의 업적,부교수 조웅주,2008,2,1040,"오늘 우리 인민은 위대한 령도자 김정일동지의 원대한 강성대국건설구상을 높이 받들고 선군혁명총진군을 힘있게 다그치고있는 환경속에서 태양절을 민족최대의 명절로 뜻깊게 맞이하였다.

태양절을 민족최대의 명절로 뜻깊게 맞이한 우리 인민은 위대한 수령님께서 사회주의경제관리리론을 발전시키는데서 이룩하신 불멸의 업적에 대하여 가슴뜨겁게 돌이켜보고있다.

위대한 당의 령도밑에 우리 인민이 필승의 신심을 안고 다그치고있는 선군혁명총진군의 승리적전진은 위대한 수령 김일성동지께서 주체의 사회주의경제관리리론을 창시하시고 발전풍부화시키신 불멸의 사상리론적업적을 떠나서 생각할수 없다.

위대한 령도자 김정일동지께서는 다음과 같이 지적하시였다.
《경애하는 수령님의 업적가운데서 가장 특출한 자리를 차지하는것은 사상리론적업적입니다.》(《김정일선집》 4권, 143페지)

위대한 수령 김일성동지께서 사회주의경제관리리론을 발전시키는데서 이룩하신 불멸의 업적은 무엇보다먼저 인민대중중심의 주체의 사회주의경제관리리론을 창시하시고 그것을 전면적으로 체계화하신것이다.

경제관리는 원래 자연을 개조하여 물질적부를 생산하는 사람들의 사회적로동과정을 조직지휘할데 대한 객관적요구에 의하여 발생하였으며 사회제도의 성격에 따라 그 형태와 방식을 달리하였다.

이로부터 사회주의혁명을 수행하고 사회주의제도를 세운 나라들에서 로동계급의 당과 국가가 제일먼저 부닥치게 되는 초미의 문제는 사회주의사회의 본성에 맞는 새로운 사회관리방식 특히는 경제관리방식을 찾아내고 그것을 확립하는것이다.

도시와 농촌에서 생산관계의 사회주의적개조가 완성되고 사회주의제도가 확립되면 사회의 모든 성원들은 사회주의적근로자로 되여 그들의 사회경제적처지에서는 근본적인 전환이 일어나게 되며 그들은 모두가 국가와 사회의 주인으로 된다. 또한 생산수단에 대한 사회적소유가 확립됨으로써 근로인민대중을 위하여 복무하는 사회주의경제가 발생발전하게 된다. 그런것만큼 사회주의경제는 마땅히 새로운 경제관리체계와 방법에 의거하여 지도되고 관리운영되여야 하며 그러자면 주권을 잡은 로동계급의 당과 국가가 사회주의경제의 본성에 맞게 경제관리문제를 옳게 해결하여야 한다.

사회주의경제의 본성에 맞는 관리문제를 해결하기 위한 투쟁은 인류가 아직 걸어보지 못한 전인미답의 길이며 지난날 착취사회에서 굳어질대로 굳어진 낡은 경제관리체계와 방법을 근본적으로 부정하고 새로운 경제관리체계와 방법을 확립하기 위한 심각한 사회적변혁이다.

사회주의경제를 어떻게 관리운영할것인가 하는 문제는 로동계급의 선행한 혁명리론에서도 중요한 론점의 하나로 되여왔다.

맑스-레닌주의창시자들의 사회주의경제관리에 대한 사상과 리론을 총체적으로 볼 때 그것은 국가의 중앙집권적지도밑에 경제발전의 계획성을 보장하며 유일관리제원칙에서 행정적이며 경제기술적인 방법을 위주로 하여 경제를 지도관리할데 대한 사상리론이였다고 볼수 있다.

사회주의경제관리에 관한 맑스-레닌주의창시자들의 사상과 리론은 사회주의혁명이 승리한 이후 일정한 시기까지는 자기의 생활력을 나타낼수 있었지만 그것으로써는 사회주의경제건설이 심화발전함에 따라 제기되는 경제관리의 주인으로서의 근로인민대중의 지위와 역할을 끊임없이 높일데 대한 사회주의경제발전의 필연적요구와 경제관리에서 고도로 조직성과 과학성을 보장할데 대한 사회주의경제발전의 객관적요구를 옳바로 해결해나갈수 없었다. 이것은 사회주의경제관리에 대한 선행한 로동계급의 사상리론이 가지고있는 본질적제한성이였다.

위대한 수령님께서는 사회주의경제관리에 대한 선행한 로동계급의 리론의 이러한 제한성을 깊이 꿰뚫어보시고 사회주의제도가 확립된 이후 조성된 환경과 사회주의경제발전의 합법칙적요구를 과학적으로 분석하신데 기초하여 사회주의경제관리에 관한 주체의 리론을 새롭게 창시하시였다.

위대한 수령님께서는 혁명과 건설의 주인은 인민대중이며 혁명과 건설을 추동하는 힘도 인민대중에게 있다는 주체사상의 원리로부터 출발하여 력사상 처음으로 사회주의경제관리문제를 혁명과 건설의 주체로서의 인민대중의 지위와 역할을 최대한으로 높이기 위한 
										문제로 제기하시고 여기에서 나서는 리론실천적문제들에 전면적인 과학적해명을 주시였다.

위대한 수령님께서는 사회주의경제에 대한 당의 령도를 강화할데 대한 리론, 사회주의경제에 대한 국가의 통일적지휘를 강화할데 대한 리론, 우리 당의 혁명적군중로선을 구현한 사회주의경제관리체계를 확립할데 대한 리론, 나라의 경제를 계획적으로 관리운영할데 대한 리론, 경제관리에서 로동계급적원칙을 철저히 견지하고 수정주의를 단호히 배격할데 대한 리론 등 사회주의경제관리운영에서 반드시 지침으로 삼아야 할 수많은 경제관리사상과 리론들을 제시하시였다.

이로써 수백년을 내려오면서 그 어느 사회, 그 어느 사상리론가도 해결하지 못한 사회주의경제관리리론이 위대한 수령님에 의하여 력사상 처음으로 빛나게 해결되게 되였다.

위대한 수령님께서는 주체의 사회주의경제관리리론을 창시하시였을뿐아니라 그것을 전면적으로 체계화하시였다.

위대한 수령님께서는 우리 인민의 사회주의경제건설을 조직령도하시는 과정에서 이룩하신 고귀한 업적과 풍부한 경험을 일반화하시여 력사상 처음으로 인민대중중심의 사회주의경제관리리론을 창시하시였을뿐아니라 그것을 전면적으로 체계화하시였다.

위대한 수령님께서는 사회주의경제관리에 관한 주체의 리론을 전면적으로 체계화하시는데서 근로인민대중을 력사의 주체로 보고 주체의 사회력사원리에 따라 근로인민대중을 중심에 놓고 사회주의경제관리문제를 고찰하는 주체적방법론을 철저히 구현하시였다. 그리하여 위대한 수령님께서 창시하신 사회주의경제관리리론은 근로인민대중을 경제관리의 주인으로 내세우고 주인으로서의 그들의 지위와 역할을 보장하는 인민대중중심의 사회주의경제관리리론으로 체계화되게 되였다.

위대한 수령님께서 전면적으로 체계화하신 사회주의경제관리리론에는 인민대중을 중심에 놓고 해명된 사회주의경제관리의 본질과 기본원리, 그것을 구현하여 로동계급의 혁명적원칙과 사회주의사회의 특성에 맞게 경제를 과학적으로, 합리적으로 관리운영하기 위한 사회주의경제관리의 기본원칙, 근로인민대중이 경제관리에서 주인으로서의 책임과 역할을 다할수 있게 하는 사회주의경제관리체계와 방법에 관한 리론이 집대성되여있다.

위대한 수령님께서 사회주의경제관리에 관한 주체의 리론을 전면적으로 체계화하심으로써 근로인민대중을 경제관리의 실제적인 주인으로 되게 하는데서 나서는 모든 리론실천적문제들에 과학적해답을 주는 완성된 사회주의경제관리리론이 비로소 세상에 나오게 되였다.

위대한 수령님께서 주체사상에 기초하여 창시하시고 전면적으로 체계화하신 사회주의경제관리리론은 그 사상리론적내용의 과학성과 진리성, 시대성과 독창성으로 하여 사회주의건설의 전 력사적시대에 걸쳐 불멸의 생활력을 가지는 과학적인 경제관리리론으로 빛나고있다.

위대한 수령 김일성동지께서 사회주의경제관리리론을 발전시키는데서 이룩하신 불멸의 업적은 다음으로 주체의 사회주의경제관리체계를 창조하시고 그것을 전면적으로 구현하신것이다.

위대한 수령님께서는 비범한 사상리론적예지로 주체의 사회주의경제관리리론을 창시하시였을뿐아니라 그것을 경제관리에 빛나게 구현하시여 주체의 사회주의경제관리체계와 방법을 확립하시고 인민대중이 경제관리의 실제적인 주인으로 되게 하는 새 력사를 펼쳐놓으시였다.

사회주의경제관리체계의 발생과 발전과정은 사회주의적국영경리가 발생하면서부터 시작되며 그것은 사회주의제도가 확립되여 사회주의적소유가 전사회적인것으로 전환되면 전면적으로 확립되고 새로운 높은 단계에서 심화발전되게 된다.

위대한 수령님께서는 새 조국건설시기에 실시한 중요산업의 국유화를 통하여 공업분야에서 사회주의적소유가 생겨난 때부터 전후 생산관계의 사회주의적개조를 완성하는 전 력사적과정에 조성된 환경과 조건에 맞게 우리 식의 사회주의경제관리방식을 창조하시고 발전시켜오시면서 주체의 사회주의경제관리체계확립의 귀중한 경험과 토대를 마련하시였다.

 위대한 수령님께서는 이러한 귀중한 경험과 토대에 의거하시여 우리 나라에서 사회주의적생산관계의 유일적지배가 확립된 새로운 환경의 요구에 맞게 력사상 처음으로 사회주의사회의 본성을 구현한 주체의 사회주의경제관리체계를 창조하시였다.

우리 나라에서 사회주의제도수립후 사회주의경제건설에서는 새로운 환경이 조성되였다. 도시와 농촌에서 사회주의적생산관계의 유일적지배가 확립됨으로써 모든 근로자들이 생산과 관리의 주인으로 되였으며 경제의 규모가 비할바없이 커지고 기술장비가 더욱 강화되였으며 부문들사이의 련계가 밀접해지고 복잡해졌다.

그러나 인민경제에 대한 지도관리는 조성된 새 환경에 맞게 개편되지 못하고있었으며 일군들의 능력과 수준도 발전하는 현실에 따라서지 못하고있었다.

당시 우리 나라에서는 국가가 행정적방법을 기본으로 하여 경제를 지도관리하는 체계가 그대로 유지되고있었다. 특히 공업부문에서는 행정지휘관의 유일관리제에 기초하여 주로 행정적인 명령과 지시로 사람들을 움직이는 관리질서가 세워져있었다.

우리 나라에 조성된 새로운 환경은 이러한 경제관리체계를 사회주의경제제도의 집단주의적본성과 사회주의경제의 경제기술적요구에 맞게 근본적으로 개선할것을 절박하게 요구하고있었다.

위대한 수령님께서는 조성된 새 환경의 요구를 제때에 깊이 통찰하신데 기초하여 새로운 주체의 사회주의경제관리체계를 창조하기 위한 사업을 현명하게 조직령도하시였다.

위대한 수령님의 창조적인 사색과 정력적인 탐구로 하여 성, 관리국으로부터 공장, 기업소에 이르기까지 생산지도와 관련되는 모든 사업을 통일적으로 틀어쥐고 집중적으로 지도하는 정연한 생산지도체계가 세워지고 당위원회의 집체적지도밑에 모든 경영활동을 벌려나가는 우리 식의 새로운 공업기업소관리운영체계를 비롯하여 주체적인 농업지도체계와 계획의 일원화, 세부화를 실현하는 계획화체계가 확립되였다.

주체의 사회주의경제관리체계를 새롭게 확립하신 위대한 수령님께서는 그것을 사회주의경제관리에 전면적으로 구현하기 위한 사업을 현명하게 령도하시였다.

위대한 수령님께서는 기업관리를 정규화하고 사회주의경제관리체계의 요구에 맞게 독립채산제를 바로 실시하도록 하시였으며 계획의 일원화, 세부화를 심화발전시키고 자재공급사업을 개선하며 로동행정사업에서 새로운 혁신을 일으키도록 현명하게 령도하시였다. 뿐만아니라 재정의 기능과 역할을 높이고 통계의 일원화, 세부화를 실현하며 사회주의경제관리체계의 요구를 구현하기 위한 사업을 적극 추진시키시였다.

위대한 수령 김일성동지의 현명한 령도가 있었기에 우리 나라에서는 1960년대전반기에 력사상 처음으로 주체의 사회주의경제관리체계와 방법이 창조되였으며 그후 짧은 기간에 그것이 인민경제 모든 분야에 전면적으로 확립되게 되였다.

우리 나라에서 주체의 사회주의경제관리체계와 방법의 전면적확립, 이것은 우리 인민의 경제생활에서 근본적전환의 새 력사를 펼쳐놓은 력사적사변이였으며 력사상 처음으로 인민대중을 사회주의경제관리의 실제적인 주인으로 되게 하는데서 혁명적전환기를 열어놓은 세기적변혁이였다.

위대한 수령 김일성동지께서 주체의 사회주의경제관리체계와 방법을 새롭게 확립하시여 우리 사회가 제기한 사회주의경제관리문제를 빛나게 해결하신 고귀한 령도업적은 사회주의위업을 옹호고수하고 끝까지 완성하기 위한 인민대중의 투쟁의 만년초석으로 되고있다.

위대한 수령님에 의하여 창시되고 체계화된 주체의 사회주의경제관리리론과 방법은 오늘 위대한 령도자 김정일동지에 의하여 빛나게 계승완성되고있다.

위대한 령도자 김정일동지께서는 선군시대 사회주의경제건설로선을 제시하시고 그 실현을 위한 투쟁을 현명하게 령도하시는 과정에 변화된 환경과 조건에 맞게 주체의 사회주의경제관리리론과 방법을 더욱 발전풍부화시켜나가고계신다.

우리는 위대한 수령님께서 사회주의경제관리분야에 쌓아올리신 불멸의 업적을 길이 빛내이기 위하여 위대한 장군님의 령도를 받들어나가야 할것이다.",KJI,marketization_adjustment,2000s,6.947937068614969
남는 로력동원리용질서를 확립하는데서 나서는 중요한 문제,리명진,2008,3,1424,"오늘 우리 당에서는 사회주의경제강국건설을 위한 공격전을 힘차게 벌려나가는데서 로동행정사업을 짜고들어 나라의 로력자원을 합리적으로 리용하며 누구나 다 맡은 초소에서 조국의 륭성번영을 위한 길에 삶의 자욱을 뚜렷이 남기는 투쟁의 기수,창조의 영웅이 되여 어머니조국에 바치는 자랑찬 로력적성과를 안고 9월의 대축전장에 떳떳이 들어설것을 요구하고있다.

사회주의경제강국건설은 우리 당이 내세운 경제건설의 총적목표이며 이것은 결코 저절로 이루어지지 않는다. 사회주의경제강국건설의 주인은 근로자들이며 그런것만큼 근로자들이 높은 공민적자각과 의무를 지니고 자신의 힘과 지혜를 다 바쳐 적극 투쟁하여야 멀지 않은 앞날에 사회주의경제강국을 일떠세울수 있다.

모든 근로자들이 높은 공민적자각과 의무를 지니고 사회주의경제강국건설에 적극 이바지하도록 하는데서 중요한 문제의 하나는 로동행정사업을 강화하여 공장, 기업소들에서 조성되는 남는 로력에 대한 동원리용질서를 철저히 확립하는것이다.

위대한 령도자 김정일동지께서는 다음과 같이 지적하시였다.
《당의 방침대로 공장, 기업소들에서 남는 로력을 다른 작업에 동원하는 강한 규률과 질서를세우며 이 사업을 철저히 계획화하고 조직화하여야 합니다.》 

과학과 기술의 시대, 정보산업의 시대인 21세기에 들어서면서 과학기술은 매우 빠른 속도로 발전하고있으며 과학기술과 생산의 일체화가 적극 추진되고 인민경제가 정보화, 현대화되고있는 조건에서 공장, 기업소들에서 남는 로력이 적지 않게 조성되는것은 필연적이다. 과학기술이 생산에 도입되고 기계설비가 현대화되면 설비대당 봉사로력이 필요없거나 줄어들게 되며 이로하여 공장, 기업소들에서는 남는 로력이 조성되게 된다.

또한 현존 생산토대의 조건에 맞게 원료, 자재를 제때에 보장해주지 못하는것으로 하여 남는 로력이 조성되는 경우도 있게 된다.

그러나 로력이 늘 모자라는것이 합법칙적현상으로 되고있는 사회주의사회에서는 공장, 기업소들에서 조성되는 남는 로력을 얼마든지 동원리용할수 있다. 만일 공장, 기업소들에서 조성되는 남는 로력을 사회적로동에 제때에 동원리용하지 못한다면 근로자들의 로력적열성을 떨어뜨리고 로력의 랑비를 가져와 사회주의경제건설에 적지 않은 손실을 주고 경제적실리를 원만히 보장할수 없다.

그러므로 남는 로력동원리용질서를 확립하는것은 사회주의경제강국건설에서 중요한 문제의 하나로 제기되고있다.

남는 로력동원리용질서를 세우는데서 나서는 중요한 문제는 우선 근로자들에게 일감을 똑똑히 주고 로동조건을 잘 지어주는것이다.

사회주의사회에서는 근로자들이 자기의 소질과 능력에 따라 일자리를 가지고 안정된 로동생활을 할수 있는 사회적조건을 지어준다. 그러나 여러가지 요인에 의하여 공장, 기업소들에서 남는 로력이 생길수 있다.

공장, 기업소들에서 남는 로력은 일감과 로력과의 불균형관계로부터 발생하는 로력이다. 즉 공장, 기업소에서 일감을 받아안지 못한 로력이다.

그런것만큼 남는 로력을 동원리용하는 사업에서는 근로자들에게 일감을 주고 로동조건을 지어주는것이 중요하다.

남는 로력을 동원하여 그들에게 일감을 주고 로동조건을 지어주기 위하여서는 도, 시, 군인민위원회가 이 사업을 전적으로 책임지고 지역안의 모든 공장, 기업소들에서 조성되는 남는 로력들을 동원리용하는 체계와 질서를 세워야 한다.

각급 인민위원회는 해당 지역의 경제발전과 인민생활을 책임진 호주이다. 인민위원회는 당의 경제로선과 정책, 국가의 경제발전계획에 맞게 예비와 잠재력을 최대한으로 탐구동원하여 자체의 실정에 맞게 경제건설을 진행해나가며 근로자들의 물질생활과 로동생활을 원만히 보장해주어야 한다.

더우기 인민정권기관들은 일할수 있는 모든 사람들에게 일감을 보장해주어야 할 책임을 지니고있다. 그러므로 각급 인민위원회는 공장, 기업소들에서 조성되는 남는 로력자들에게 일감을 똑똑히 주고 로동조건을 원만히 보장해주어야 한다.

현시기 사회주의경제강국을 건설하기 위한 투쟁에서는 국토건설과 도시경영, 중소형발전소건설과 농촌건설 등 각 지역들에서 자체의 실정에 맞
										게 해낼수 있는 과업들이 적지 않으며 여기에는 많은 로력이 요구되고있다. 결코 근로자들에게 일감과 로동조건을 보장해줄수 없는것이 아니다. 국토건설과 도시경영, 발전소건설과 농촌건설 등과 같은 사업은 특별한 기술기능을 요구하거나 또 그리 많은 원료, 자재도 요구하지 않는 작업인것만큼 여기에서 제기되는 과업들은 남는 로력을 리용하여 얼마든지 해제낄수 있다.

그러므로 각급 인민위원회에서는 남는 로력동원리용사업을 전적으로 책임지고 공장, 기업소들에서 조성되는 남는 로력들을 최대한으로 동원하며 근로자들에게 일감을 제때에 똑똑히 주고 로동조건을 원만히 보장해주는 강한 체계와 질서를 세워야 한다.

남는 로력동원리용질서를 세우는데서 나서는 중요한 문제는 또한 공장, 기업소들에서 남는 로력을 옳게 타산하는것이다.

남는 로력수를 정확히 타산하여야 공장, 기업소들에서 로력을 합리적으로 리용할수 있다.  

공장, 기업소들에서 조성되는 남는 로력에는 계획상 남는 로력과 일시적으로 남는 로력이 있다.

계획상 남는 로력은 공장, 기업소들에서 인민경제계획을 수행하는데 필요한 로력보다 더 가지고있는 로력이다.

계획상 남는 로력은 기업소생산과정에서 새 기술을 받아들인 결과에 조성되는 절대적 및 상대적로력절약으로 생기게 된다.

오늘 위대한 장군님의 현명한 령도에 의하여 공장, 기업소들에서는 생산설비들을 현대화하고 생산기술공정을 정보화하는 사업들이 높은 수준에서 활발히 벌어지고있다. 이 과정에 공장, 기업소들에 있는 로력이 생산과정에 다 리용되지 않아도 되는 경우가 있다. 이렇게 조성되는 로력이 바로 계획상 남는 로력이다.

일시적으로 남는 로력은 일단 세운 계획을 수행하는 과정에 생기는 남는 로력이다. 다시말하여 인민경제계획을 수행하는 과정에 원료, 자재, 전력사정 등으로 일시 작업을 하지 못하게 되는 경우 조성되는 로력이다.

일시적으로 남는 로력은 생산계획을 수행하는 과정에 생산자대중의 높은 혁명적열의에 의하여 생산과제를 기간보다 앞당겨 수행하는 경우 추가적으로 요구되는 원료, 자재를 보장하지 못하여 조성된다.

이렇게 조성되는 계획상 남는 로력과 일시적으로 남는 로력을 정확히 타산하여야 한다.

공장, 기업소들에서는 계획작성단계에서부터 계획상 남는 로력을 정확히 타산하여야 한다.

계획상 남는 로력은 재적종업원수에서 생산계획수행에 필요한 로력수를 더는 방법으로 타산한다.

여기에서 중요한것은 생산계획수행에 필요한 로동정량을 바로 제정하는것이다.

로동정량은 개별적 로동자 또는 로동자집단이 일정한 작업조건하에서 하루 로동시간안에 생산하여야 할 제품(작업)량 또는 일정한 제품을 생산하거나 작업을 수행하는데 필요한 로동시간소비기준이다.

사회주의사회에서 로동정량은 본질에 있어서 사회와 로동의 주인으로 된 근로자들로 하여금 사회적로동활동에서 주인으로서의 책임과 역할을 다하게 하기 위한 수단이다. 사회주의사회에서 로동정량은 로동기준과 분배기준, 로동의 결과에 대한 평가척도, 로동에 대한 통제와 생산장성을 추진하는 수단의 기능을 수행함으로써 근로자들로 하여금 사회적로동활동에서 자기의 책임과 역할을 다할수 있게 한다.

특히 로동정량은 로동력지출기준의 기능을 수행하는것으로 하여 분업과 협업의 합리적조직과 로력의 균형적배치를 보장할수 있게 하며 이와 함께 모든 근로자들이 똑똑한 책임량을 가지고 자기의 책임과 역할을 다하기 위하여 480분로동시간에 성실하게 일하도록 함으로써 로력을 효과있게 리용할수 있게 한다.

만일 로동정량을 바로 제정하지 못하면 생산로력자들이 480분로동시간에 최대한으로 성실하게 일할수 없게 되며 이것은 결국 생산계획에 필요한 로력수를 정확히 타산하지 못하여 로력의 랑비를 가져오는것으로 된다.

그러므로 로동정량을 바로 제정하여야 생산계획수행에 필요한 로력수를 정확히 타산할수 있고 그래야 계획상 남는 로력도 정확히 타산하게 된다.

공장, 기업소들에서는 계획작성단계에서 타산된 년간 계획상 남는 로력수에 기초하여 해당 시기의 월 계획상 남는 로력수와 일시적으로 남는 로력수를 옳바로 타산하여야 한다.

다음으로 공장, 기업소들에서는 남는 로력수가운데서 외부작업에 동원할수 없는 로력을 타산하여 실지 동원할수 있는 로력을 확정하여야 한다. 외부작업에 동원할수 없는 로력에는 경부하, 무부하운전에 필요한 로력, 휴가, 병결, 휴직로력 등이 포함되며 매달 남는 로력수에서 이러한 로력들을 덜면 실지 동원할수 있는 로력수가 확정된다.

공장, 기업소들에서는 외부작업에 동원할 남는 로력을 정확히 타산하여 도, 시, 군인민위원회 로력동원부에 제때에 제출하여야 한다.

남는 로력동원리용질서를 세우는데서 나서는 중요한 문제는 또한 남는 로력을 다른 작업에 동원하는 강한 규률과 질서를 세우며 이 사업을 철저히 계획화, 조직화하는것이다.

무엇보다먼저 공장, 기업소들에서 조성되는 남는 로력들을 다른작업에 동원하는 강한 규률과 질서를 세워야 한다.

지금 공장, 기업소들에서 여러가지 요인으로 하여 로력이 남아 돌아가는 현상들이 나타나고있지만 로력이 모자라는것이 합법칙성으로 되고있는 사회주의사회에서는 많은 로력수요가 제기되고있다. 즉 개별적인 공장, 기업소들의 범위에서는 일시 로력이 남을수 있지만 국가적견지에서 보면 로력이 늘 모자라게 된다. 이러한 조건에서 공장, 기업소들에서 조성되는 남는 로력들은 로력이 요구되는 다른 작업에 얼마든지 동원하여 리용할수 있다.

그러나 일부 공장, 기업소들에서는 적지 않은 로력들이 일감이 없어 크게 하는 일없이 놀고있어도 그것을 그대로 그러쥐고 있으면서 로력의 랑비를 가져오는 현상들이 나타나고있다. 이것은 공장, 기업소들에서 조성되는 남는 로력들을 다른 작업에 동원하는 강한 규률과 질서가 세워져있지 못하기때문이다.

우리 당에서는 이미 오래전에 공장, 기업소들에서 조성되는 남는 로력들을 다른 작업에 동원하여 일하게 할데 대한 방침을 제시하고 그 실현방도에 대하여 여러차례 밝혀주었다.

공장, 기업소들에서 조성되는 남는 로력을 다른 작업에 동원하는 강한 규률과 질서를 세우기 위하여서는 일군들이 이 사업에 대한 옳바른 관점을 가져야 한다.

당의 로선과 정책은 일군들에 의하여 그 집행이 좌우된다. 일군들이 당의 로선과 정책을 무조건적으로 접수하고 그것을 관철하기 위하여 노력하게 되면 해결못할 일이 없다. 그러므로 일군들이 남는 로력을 다른 작업에 동원하는 사업에 대하여 옳바른 관점을 가지고 제정된 규률과 질서를 엄격히 지켜나가야 한다.

이와 함께 로동행정기관들에서는 남는 로력을 다른 작업에 동원하는 규률과 질서를 더욱 철저히 세우며 이것을 어기는 현상들이 나타나지 않도록 엄격히 통제하여야 한다.

다음으로 남는 로력을 다른 작업에 동원리용하는 사업을 철저히 계획화, 조직화하여야 한다.

모든 생산수단이 사회적소유로 되여있는 사회주의사회에서 계획이 없이는 경제가 움직일수 없으며 사회주의경제는 오직 계획적으로만 발전할수 있는 계획경제이다. 따라서 사회주의계획경제에서는 계획화사업이 매우 중요하다. 사회주의경제에 대한 지도와 관리는 계획화사업으로부터 시작되며 경제사업의 성과여부는 계획화사업을 어떻게 하는가 하는데 크게 달려있다.

사회주의사회에서 인민경제발전에 중요한 작용을 하는 첫째가는 요소는 로력이며 따라서 공장, 기업소들에서 조성되는 남는 로력동원리용사업도 철저히 계획화, 조직화하여야 한다.

남는 로력을 다른 작업에 동원하는 사업을 철저히 계획화, 조직화하여야 로력조직을 합리적으로 하여 로력랑비를 없애고 남는 로력의 리용률을 높일수 있다.

이 사업을 계획화, 조직화하려면 먼저 세밀히 조사된 과학적인 통계자료와 현실적조건에 대한 구체적인 파악이 있어야 한다. 과학적인 통계자료와 현실적조건에 대한 구체적인 파악이 없이는 현실적인 계획을 세울수 없다.

로동행정기관일군들은 해당 지역의 모든 공장, 기업소들에서의 남는 로력과 그들에게 맡겨줄 작업대상들을 정확히 장악하고있어야 한다. 그러자면 일군들이 당에서 하라는대로 늘 현장에 내려가 현실에 몸을 잠그어야 한다.

일군들이 현실에 내려가야 공장, 기업소들에서 조성되는 남는 로력들을 정확히 료해장악할수 있으며 현시기 제기되는 작업대상들과 로력이 더 요구되는 대상들을 환히 꿰뚫고 있을수 있다.

로동행정기관일군들은 언제나 과학적인 통계자료와 현실적조건에 대한 구체적인 파악을 가지고 남는 로력들을 다른 작업에 동원리용하는 사업을 철저히 계획화하며 이 사업을 조직적으로 진행해나가야 한다.

남는 로력동원리용질서를 세우는데서 나서는 중요한 문제는 또한 남는 로력동원리용사업에 대한 감독, 통제사업과 총화사업을 강화하는것이다.

남는 로력동원리용사업에서 강한 규률과 질서를 세우는것은 당의 의도이며 남는 로력을 합리적으로 동원리용하기 위하여 나서는 중요한 요구이다. 그러므로 남는 로력동원리용질서를 철저히 세우는것과 함께 그 집행정형에 대한 감독, 통제사업과 총화사업을 강화하도록 하여야 한다.

그러자면 무엇보다도 매 시기 공장, 기업소들에서 생산계획과 로력과의 균형을 제때에 따져보고 남는 로력수에 대한 료해장악사업을 정상적으로 진행하여야 한다.

이에 기초하여 로동행정기관들에서는 공장, 기업소들에서 남는 로력을 제때에 제출하지 않고 그대로 그러쥐고 있으면서 로력랑비를 조성하였거나 남는 로력을 받아가지고 작업조직을 구체적으로 하지 않아 남는 로력리용률을 떨어뜨렸을 때에는 해당 단위에 법적, 행정적제재를 주어야 한다.

이와 함께 공장, 기업소들의 생산계획수행정형을 남는 로력동원리용정형과 결부하여 총화하고 평가하는 제도를 세워야 한다.

이처럼 현실적조건에서 남는 로력동원리용질서를 철저히 확립하는것은 로동행정사업을 더욱 강화하여 로력의 랑비를 없애고 모든 근로자들이 사회주의경제강국건설에 적극 이바지하도록 하는데서 중요한 의의를 가진다.

각급 인민위원회와 모든 공장, 기업소들에서는 남는 로력동원리용질서를 철저히 확립함으로써 로동행정사업에서 새로운 전환을 일으키며 누구나 다 우리 당의 사회주의경제강국건설구상을 실현하는데 자신의 힘과 지혜를 다 바쳐 헌신하도록 하여야 한다.",KJI,marketization_adjustment,2000s,7.261927092702751
일제에 의하여 강요된 조선에서의 《화페정리》,리용록,2002,3,1509,"위대한 수령 김일성동지께서는 다음과 같이 교시하시였다.
《우리는 청년들에게 일본제국주의자들이 우리 민족을 어떻게 착취하고 압박하였으며 우리 민족을 말살하기 위하여 어떻게 잔인한 만행을 감행하였는가를 널리 알려 주어야 하며 그들이 오늘 다른 침략세력과 야합하여 또다시 우리 나라를 침략하려고 책동하고 있는데 대하여 경각성을 높이게 하여야 하겠습니다.》(《김일성전집》 8권, 449페지)

일본군국주의는 지난 시기 우리 나라에 대한 침략과 략탈을 악랄하게 감행한 강도의 무리이며 특히 근 반세기에 걸쳐 우리 인민에게 가혹한 식민지노예의 멍에를 들씌운 조선민족의 불구대천의 원쑤이다.

발생할 때부터 침략적인 성격을 띤 일본군국주의는 침략과 략탈로 살쪄 왔으며 그 수법과 방법에서도 악랄하고 교활함이 비길데 없었다.

대포와 총칼로 조선의 항구를 개항한 첫날부터 우리 나라에 대한 경제적침투와 략탈을 강화하여 온 일제는 오만무례하게도 우리 나라에서 발생발전하여 오던 화페류통분야에서의 근대적발전을 가로 막고 우리 나라의 화페류통체계를 극도로 문란시켰다.

일제의 이러한 책등은 우선 일본화페를 조선국내의 전 지역에서 통용시키도록 하기 위하여 책동한데서 찾아 볼수 있다.

다음의 력사적사실자료들은 일제의 이러한 책동을 잘 보여 준다.

1876년 일제에 의하여 강요된 《강화도조약부록》(《조일수호조규부록》) 제7항에는:《일본인은 일본의 여러 화페를 가지고 조선인의 소유물과 교환할수 있으며 조선이 지정한 각 항구에서 호상 통용할수 있다. 일본인은 조선국의 화페인 엽전을 사용하고 운반할수 있다》고 규정되여 있었다.

이것은 화페류통에 대한 일본의 지배를 세우고 제놈들의 상품수출과 조선에서의 원료와 식량의 략탈을 경제적으로 보장하며, 일본의 불환지페를 통용시키게 함으로써 조선상품을 무상으로 략탈할수 있게 하며 조선화페제도를 문란하게 하는 요인으로 되였다.

또한 일제는 1878년 8월 조선봉건정부에서 취한 모두진에서의 관세징수를 계기로 그해 11월 파렴치한 요구조건을 조선봉건정부에 강요하였다.

그 요구조건 2조 2항에는:《조선국내의 전 지역에서 일본화페를 통용시키게 할것》...(《선린시말》 4권)이라고 규정되여 있었다.

앞에서도 본바와 같이 《조일수호조규부록》 제7항에는 개항지의 항구내에서만 일본화페를 사용할수 있었다. 그러나 모두진사건을 계기로 하여 일제는 조선국내의 전 지역에 걸쳐 일본화페를 통용시키게 되였다.

이것은 놈들의 경제적침략범위가 확대되는 동시에 조선의 화페제도를 문란하게 하는 결과를 가져오게 하였으며 앞으로 조선경제의 대혼란을 야기시킨 화근으로 되였다.

우리 나라의 화페류통체계를 말살하기 위한 일제의 책동의 다른 하나는 일본은행권의 발행이였다.

일제는 조선에 대한 경제적침투를 시작한 첫 시기에 이미 제놈들의 은행을 조선의 개항지에 진출시켜 착취와 략탈을 감행하게 하였다. 대표적실례로 《일본제1은행》은 개항직후부터 부산(1878), 원산(1880), 인천(1883), 서울(1888), 목포(1898), 남포(1903), 군산(1903) 등에 지점 또는 출장소를 설치하였으며 1890년에는 《일본제18은행》, 1892년에는 《일본제58은행》이 각각 인천에 지점을 설치하였다.

이 은행들가운데서도 《일본제1은행》지점은 조선에 대한 일본의 경제적침략의 가장 중요한 척후대로 활동하였다. 중일전쟁이전부터 이 은행은 이미 일본의 은화와 일본은행권을 개항장에서는 물론 조선의 여러 지방에서까지 통용시키고 있었다. 뿐만아니라 《제1은행》은 《무기명식즉시지불수형》이라는 불환지페와 같은 신용증서를 발행하여 개항지를 중심으로 하여 무제한하게 통용시켰으며 1902년 8월부터는 조선봉건정부에 강요하여 합법적으로 통용될수 있는 《제1은행권》을 마구 찍어 내기까지 하였다. 그리하여 그 발행고는 해마다 높아 져 일본화페와 《제1은행권》이 조선에서 류통되고 있던 전체 화페수량의 절반을 차지하는데까지 이르게 되였다.

《제1은행권》의 발행액을 년도별로 본다면:

1902년에는 130만원, 1903
										년에는 100만원, 1904년에는 370만원, 1905년에는 1,649만원(경성제국대학 범문학회 《조선사회경제사연구》 104페지)이였다.

이와 같이 《제1은행》이 발행한 은행권은 4년동안에만 하여도 2,200만원이상에 이르렀으며 일본침략자들은 이 은행권을 제놈들뿐아니라 조선인민들에까지 강제로 통용시켜 마치 중앙은행권과 같은 역할을 놀게 하면서 조선인민의 재부를 마구 략탈하게 하였다.

우리 나라에서의 화페류통체계를 문란시키기 위한 책동의 다른 하나는 일제에 의한 조선돈의 위조였다.

일제는 1880년 초기부터 조선돈을 위조하기 시작하여 우리 나라 화페제도에 혼란을 가져 오게 하였다. 기록에 나타난 몇가지 실례만 들어도 1884년 일본놈들은 남양부 어질벌성과 인천 팔미도에서 돈을 부어 만드는 로를 설치하고 《당오전》이란 금속화페를 위조하다가 발각된 사실(《조선사》제6편, 제4권, 718~723페지)이 있었으며 인천앞바다에 있는 사도에서는 일본놈들이 조선배를 빌려 그 안에 엽전을 주조하는 기계를 설치하고 조선돈을 위조하고 있었다. (《인천부사》1,209페지) 뿐만아니라 일본상인놈들은 실질가치가 높은 조선엽전을 골라서 대량적으로 일본에 실어 가는 한편 다시 실질가치가 절반도 못되는 나쁜 엽전을 위조하여 조선에서 류통시킴으로써 폭리를 얻었다.

그리하여 품질이 좋은 엽전은 일제의 손에 들어가 용해되여 략탈당하고 품질이 낮은 엽전이 대량적으로 위조되여 류통되게 된 결과 조선엽전의 가치는 나날이 떨어 지고 여기에 따라 물가는 끊임없이 올라 가게 되였다.

우리 나라의 화페류통체계를 혼란시키기 위한 일제의 책동은 이밖에도 중일전쟁당시 《화페대용증권》이라는 《군표》를 만들어 내여 봉건국가의 법령으로 발행하게 하였으며 로일전쟁기간에는 《군용표》라는 불환지페까지 만들어 전쟁전기간에 총 1억 4천여만원을 람발하는 책동을 감행하였다. 일제는 이러한 아무런 가치도 없는 《군표》와 《군용표》를 무제한 람발하여 일본침략군대들과 일본놈들에게 나누어 줌으로써 그것으로 조선인민의 로력과 재산을 마음대로 략탈할수 있게 하였다.

그리하여 조선인민은 놈들의 총칼아래서 모든것을 빼앗기게 되였으며 그전부터 이미 문란상태에 빠져 있던 우리 나라의 화페제도는 더욱 심각한 혼란상태에 빠지게 되였다.

일제는 이렇듯 조선에서 화페제도를 극도로 문란시켜 놓고는 이번에는 그것을 바로 잡는다는 구실밑에 이른바 《화페정리》를 통하여 조신인민의 화페재산을 마구 략탈하는 간악한 책동을 감행하였다.

지난 날 일제가 《화페정리》를 통하여 감행한 만행은 놈들의 본성이야말로 날강도적인 침략과 략탈로 일관되여 있다는것을 보여 주고 있다.

강도 일제는 1904년 8월 22일 《한일협정》(외국인용빙협정)을 강요한 후 《고문정치》를 실시하면서부터 조선의 재정에 로골적으로 간섭하기 시작하였다. 일제는 1904년 10월 일본대장성주세국장이였던 메가다란놈을 리조봉건국가의 재정《고문》으로 파견하였다.

재정《고문》의 너울을 쓰고 우리 나라에 들어 온 이놈은 조선의 재정에 로골적으로 간섭하면서 문란한 화페제도를 고쳐야 한다고 떠벌이였으며 이른바 《화페정리안》(1904.11)과 같은 략탈적인 문건을 제놈들의 상전인 일본외무성과 대장성에 내는 철면피한 책동을 감행하였다.

일제는 다른 한편으로 《화페정리에 관한 계약서》, 《화페정리자금차입에 관한 계약서》(1905.1)등을 친일괴뢰들에게 강요하고 1905년 7월 1일부터 조선의 이전 화페와 《새 화페》를 바꾸는 《화페정리》를 감행하기에 미쳐 날뛰였다.

일제가 감행한 《화페정리》의 목적은 무엇보다도 《화페정리》를 강권으로 진행하여 화페자금을 빨리 그리고 대량적으로 략탈하려는데 있었다.

그 목적은 또한 조선의 화페류통분야를 완전히 장악하고 일본화페의 자유로운 류통을 보장하려는데 있었다.

일제는 교활하게도 《화페정리》를 통하여 조선봉건정부가 이미 1901년에 발표한 《신화페조례》의 결과로 문란해 진 화페류통을 바로 잡는다고 떠벌이였다.

그러나 이것은 《화페정리》의 략탈적본질과 폭행을 가리우는것이였다.

일제는 《한국화페정리》라는 이름밑에 공포한 여러건의 악법과 《정리안》들에서 《한국의 화페제도에 대하여 가장 큰 리해관계를 가지고 있는것은 또한 일본이다. 그러므로 한국정보는 일본정부로부터 혹은 일본정부의 보증으로써 자금을 차입하여야 할것》이라고 떠벌이였다.

또한 일본에서 류통되는 일본화페를 조선에서도 쓸수 있게 하며 조선봉건국가의 세출세입에서 그것을 리용할것을 밝히였다.

특히 놈들은 여기서 《전환국》을 없애고 새 화페는 일본정부의 《조페국》에서 찍어 내며 조선에서 쓰이는 백동화와 엽전은 교환 및 회수한다고 하였다.

그리고 화페정리사업을 1) 이전의 백동화에 대한 정리, 2) 엽전과 기타 화페의 정리, 3) 새 화페의 발행 등의 순서로 세 단계에 걸쳐 나누어 진행하며 《교환》, 《공납》, 《매수》의 세가지로 한다는것을 규정하였다.

여기에서 보는바와 같이 일제는 《화페정리》를 통하여 조선의 화페를 전부 걷어 들이고 일본의 화페를 자유로이 류통시키려고 갖은 책동을 다하였다. 이것은 본질에 있어서 조선의 화페소유자들을 강탈적인 방법으로 몰락시키고 놈들이 그 화페재산을 략탈하려는것이였다.

그것은 《화페정리》의 절차와 방법에서도 뚜렷이 나타났다.

일제는 1905년 6월 24일 친일괴뢰들에게 강요하여 《구백동화 교환규칙》, 《구백동화 처리순서》등을 발표하게 하였다.

여기에서 놈들은 이 사업을 형식상 조선봉건국가가 맡아 한다는것을 밝히고 교환사업을 위한 관리(화페감정역)들을 임명하기로 하였다. 이것은 제놈들의 략탈적본질을 가리워 보려는 교활한 책동외 아무것도 아니였다.

일제는 교환을 진행할 때 백동화에 대한 감정사업 즉 그 질과 형태 등이 정확한가를 따져 보는것을 엄격히 해야 한다는것을 규정하고 그것을 갑종, 일종, 병종을 구분하여 바꾸어 준다고 하였다.

갑종 즉 손상이 없는것은 1매에 새 화페 2전 5리로, 을종 즉 부정백동화라고 인정되는것은 1매에 1전의 비률로 바꾸어 주며 병종 즉 화페로써 전혀 인정할수 없는것은 바꾸어 주지 않는다고 하였다.

이것은 류통화페량과 액면가치를 무시하고 화페자금을 폭력적으로 단꺼번에 크게 략탈할수 있는 공간을 만드는것이였다.

액면가치에 기초하지 않은 이 《화페교환》이야말로 강권에 기초하여 화페재산을 략탈하는 횡포무도한 만행이였다.

당시의 실정에 의하면 백동화 1매는 그 품종여하를 막론하고 2전~2전 5리로 류통되고 있었으며 이 비률에 의하여 지세도 받고 있었다.

그럼에도 불구하고 일제는 갑종의 경우래야 이 정도의 기준에서 교환할것을 획책하였다.

그리고 일제는 《화페교환》에서 보조화페과잉이 일어 날 우려가 있다는데로부터 출발하여 얼마 안되는 화페는 교환할수 없다고 하면서 먼저 많은 화페소유자들의것만 교환해 주는 교활한 책동을 감행하였다.

이리하여 조선인민은 몇개의 국한된 지역에서 그것도 복잡한 수속을 밟으면서 또한 적은 량의 화페에 대하여서는 교환할수 없게 됨으로써 막대한 피해를 입게 되였다.

또한 일제는 백동화를 교환하기전에 그 비밀을 일본놈들에게 루설시킴으로써 일본놈화페소유자들에게 손해가 미치지 않게 하고 조선인민들에게는 막대한 피해를 입게 하였다.

《화페교환》의 내막을 미리 알게 된 일본놈화페소유자들은 교환사업을 앞두고 손상이 있거나 위조된 백동화는 써버리고 손상이 없는 백동화만 걷어 들이였다. 그러므로 놈들은 위조된 화페를 미리 처리하고 손상이 없다고 하는 좋은 백동화를 모음으로써 《화페교환》을 앞두고 커다란 화페자본의 실제적인 소유자로 되였다. 이것은 사실상 《화페교환》이 진행되기전에 벌써 화페를 수탈당하게 되였다는것을 의미하는것이였다.

일제침략자들은 다른 한편으로 위조된 백동화를 가지고 고리대적착취를 하였다. 이것은 점차 높은 리자가 덧붙여 지는것만큼 그에 의한 화페재산의 축적을 미리 담보하는것으로 되였다.

또한 놈들은 나쁜 백동화를 가지고 토지를 대량적으로 사들였다. 화페교환을 앞두고 그 내막을 알수 없는 농민들은 땅마저 팔아야 할 처지에서 놈들의 속심을 알수 없었던것만큼 그것을 팔아 버림으로써 여기에서 입은 손실은 또한 이루 헤아릴수 없었다. 당시의 자료들에서 《화페교환》에 의하여 수많은 농민들이 땅마저 잃어 버림으로써 그 페단은 큰 물이나 도적과 맹수에 의한 피해보다 더 하였다고 한것은 결코 우연하지 않았다.(《황성신문》1905년 5월 17일)

《화페정리》와 관련한 일제의 략탈은 여기에 그치지 않았다.

일제는 화페를 교환함에 있어서 인민들이 가지고 온 화페를 신청에 따라 눈앞에서 직접 계산도 감정도 하지 않고 《보관증》을 준 다음 후에 그에 근거하여 새 화페를 바꾸어 주는 책동을 감행하였다. 놈들은 그것을 직접 계산하는데는 시간이 걸리고 그래서 불편을 주게 된다는 등 이러저러한 구실을 붙이였다. 이것은 다음아닌 《화페교환》을 통하여 사기와 협잡의 방법으로 조선인민의 화페재산을 대량적으로 략탈하여 폭리를 얻자는데 있었다. 그런가 하면 또한 놈들은 손상이 없는 화페도 덮어 놓고 병종, 을종으로 규정하고 그에 해당한 새 화페를 주지 않고 무효로 선포하였다.

교환기준의 액면가치가 아니라 외형적형태에 따라 그것도 이른바 《감정》에 따라 교환을 진행하는 그자체가 강탈을 전제로 하고 있는데다가 그 절차마저 사기와 협잡의 통간을 허용하고 있는것으로 하여 《화페정리》는 필연적으로 강도적이며 략탈적인 만행을 낳기 마련이였다.

《화페정리》에서의 략탈성은 《제1은행권》에 의한 재부의 무상강탈에서 더욱 뚜렷하게 나타났다.

일제는 《화페정리》를 전적으로 《제1은행》이 담당하게 하였으며 명목상으로 봉건정부가 《제1은행》에 의뢰하여 실시하는것으로 꾸몄다.

《제1은행》한국총지점은 일본반동정부의 지시에 따라 1905년에 《화페정리원조》라는 이름밑에 300만원을 친일괴뢰들에게 대부하였다. 또한 1905년 《국채상환》이라는 이름밑에 별도로 200만원을 일본금융시장에서 공채로 모집하여 그것으로써 《화페정리》를 실시하도록 하였다.

그런데 이러한 대부금은 모두다 《화페정리사업》을 담당한 《제1은행》이 리용하였고 봉건괴뢰정부는 그 원금과 리자를 반환할 의무만 지는것이였다.

일제는 또한 아무러한 보증도 없는 그리고 반환할것을 예상하지 않는 또하나의 무가치한 《채용증서》에 불과한 《제1은행권》을 봉건정부로 하여금 공인하고 무제한 통용시키도록 강요함으로써 《화페교환》을 강제적으로 진행케 하였다. 그리하여 《제1은행권》은 화페류통에서 우세한 지위를 차지하고 있었다. 그러나 《제1은행권》은 사실상 아무런 담보와 대가가 없는것이였다.

그렇기때문에 《화페교환》을 위하여 통용시킨 《제1은행권》은 무상으로 재부를 략탈하여 화페자본을 축적하는 하나의 화페공간의 도구에 지나지 않았던것이다. 실로 《제1은행권》은 가치도, 담보도 없는 종이쪽지를 가지고 금속화페, 귀금속을 략탈하며 그 어디에서나 화페재산을 강도적으로 긁어 모으는 략탈의 도구로 리용되였던것이다.

이상과 같이 일제에 의해 강요된 우리 나라에서의 《화페정리》는 조선의 화페류통을 일대 혼란에 빠뜨리고 일제화페의 자유로운 류통을 보장하며 화페자본을 날강도적으로 축적할수 있게 하였다.

일제침략자들은 이렇게 하여 축적한 화페자본을 다시 조선경제에 대한 략탈을 강화하는데 리용하였으며 그에 의하여 조선의 사회경제발전에는 커다란 장애가 조성되게 되였던것이다.",KJI,marketization_adjustment,2000s,7.31986492980897
정보산업발전에서 자본주의에 비한 사회주의의 우월성,김형석,2004,1,1228,"정보산업의 시대로 특징지어지는 21세기가 흐르고있다.

정보산업은 지금 세계적판도에서 21세기 사회경제발전을 좌우할 핵심부문으로 날이 갈수록 인류의 커다란 관심과 기대를 모으고있다. 정보산업의 리용범위는 날을 따라 확대되여 인간의 사회생활, 생산활동의 모든 분야에 깊이 침투되고있다.

콤퓨터와 정보기술의 급속한 발전에 토대하여 사회경제발전이 이전 시기에는 상상도 할수 없었던 비상한 속도로 이루어지는 시대가 바로 정보산업시대인것이다.

21세기 나라와 민족들, 인류의 운명개척에서 커다란 역할을 하게 될 정보산업의 발전은 사회제도의 성격과 떼여놓고 생각할수 없다.

오늘 제국주의자들과 부르죠아변호론자들은 자본주의사회에서 경제정보기술의 발전으로 경제의 《계획적운영이 가능하다》고 하면서 정보산업의 《발전전망》에 대하여 요란하게 떠들고있다.

제국주의자들과 부르죠아변호론자들의 이러한 궤변을 짓부시고 인민대중중심의 우리 식 사회주의를 옹호고수하고 빛내여나가는데서 나서는 중요한 문제의 하나는 정보산업발전에서 사회주의의 우월성을 널리 해설선전하고 그것을 최대한으로 발양시키는것이다.

위대한 령도자 김정일동지께서는 다음과 같이 지적하시였다.
《현 시대는 과학과 기술의 시대, 정보산업의 시대입니다. 오늘 세계적으로 정보기술을 비롯한 과학기술이 비상히 빠른 속도로 발전하고있으며 사회경제생활의 모든 분야에서 그 역할은 날로 더욱 높아지고있습니다.》

자본주의에 비한 사회주의의 근본적인 우월성을 옳게 밝히려면 과학적인 방법론적원칙에서 출발하여야 한다.

지난시기 자본주의에 비한 사회주의의 우월성을 해명하는데서는 생산력발전을 위주로 보는 관점에서 출발하였다. 어느 사회가 생산력을 발전시키는데 더 유리한가 하는 관점에서 사회제도의 우렬관계를 평가하고 이로부터 사회주의제도의 우월성이 생산수단에 대한 사회적소유형태에만 있는것처럼 생각하게 되였다. 이것은 사회의 발전, 사회제도의 발전과정을 생산력과 생산관계의 호상작용의 리론으로부터 해석하는 유물사관의 원리를 적용한것이다.

그러나 사회를 발전시키고 사회주의제도를 세우는 근본목적이 생산력을 발전시키자는데만 있는것은 아니다. 특히 생산력의 발전은 력사적인 계승성을 가지고있는것으로 하여 일정한 시기 생산력수준만을 놓고 사회제도의 우렬관계를 평가할수는 없다.

위대한 령도자 김정일동지께서는 주체의 사회력사원리에 기초하여 자본주의에 비한 사회주의의 우월성분석의 새로운 방법론적원칙을 밝혀주시였다.

사회제도는 사람을 위하여 필요하고 사람에게 복무하여야 하는것만큼 사람에 대한 복무관점에서 그 우렬관계를 고찰하여야 한다. 다시말하여 사람을 중심으로 사회주의제도의 우월성을 분석하는것이 주체적관점이다.

자본주의에 비한 사회주의제도의 우월성을 사람을 중심으로 하여 분석한다는것은 인민대중의 자주적이며 창조적인 생활이 어떻게 보장되고있는가 하는 측면에서 분석평가한다는것을 의미한다. 인민대중의 자주적이며 창조적인 생활을 유린하는 사회제도는 반동적이고 반인민적인 사회제도이며 그것을 전면적으로 보장하는 사회제도는 인민적이고 우월한 사회제도이다.

사회주의사회는 정보기술과 정보산업을 발전시키는데서 자본주의에 비하여 결정적으로 우월한 사회이다.

정보산업발전에서 자본주의에 비한 사회주의의 우월성은 첫째로, 사회주의사회에서 근로인민대중이 정보산업발전에 절실한 리해관계를 가지고있다는것이다.

정보산업의 창조자는 인민대중이며 정보산업의 발전을 떠밀어나가는 담당자도 다름아닌 인민대중이다. 그러므로 정보산업에 대한 인민대중의 관심과 태도는 그 발전을 규제하는 근본요인이다.

일반적으로 사람의 활동을 조절통제하는것은 사상의식이다. 사람들의 요구와 리해관계를 반영한 의식형태로서의 사상의식이 어떠한가에 따라 정보산업발전에 대한 사람들의 요구와 리해관계가 달라지게 된다.

정보산업발전에 대한 사람들의 리해관계는 경제생활에서 차지하는 사람들의 지위에 의하여 객관적으로 조건지어진다. 경제의 주인이 되지 못하여 창조된 재부가 자신의 향유물로 되지 못할 때에는 사람들이 정보산업발전에 리
										해관계를 가지지 않는다.

근로인민대중이 경제의 주인이 되지 못하는 자본주의사회에서는 정보기술과 정보산업의 발전이 근로대중에 대한 착취를 강화하게 할뿐아니라 그들의 취업조건도 더욱 악화시킨다.

자본주의사회에서는 기계제산업의 발전이 그러했던것처럼 정보산업의 발전도 인민대중에게 실질적인 혜택을 가져다주지 않는다. 정보산업이 발전하면 할수록 지난 기계제산업시대와는 달리 많은 산로동의 참가없이 정보설비에 의하여 물질적부가 생산되게 되는데 이렇게 되면 자본가들은 리윤추구를 위하여 많은 로력을 해고시키게 된다.

국가가 근로자들에게 일자리가 있건 없건 상관하지 않는 자본주의사회에서는 정보기술의 도입과 정보산업의 발전으로 실업자들이 더욱더 늘어나게 된다. 여기에다가 능률높은 정보설비가 생산에 도입됨으로써 많은 지식인들까지도 해고되고있다. 결국 실업문제의 해결이 더욱 곤난해지고 《부익부, 빈익빈》의 량극분화가 심화되게 된다.

최근 발전된 자본주의나라들에서는 정보산업의 발전으로 많은 기업들이 파산되고있으며 그로하여 실업자들이 날을 따라 늘어나고있다.

자료에 의하면 미국에서는 정보산업관련부문에서 2001년에 들어와 7개월동안에만도 그전해 같은 기간에 비하여 4만 1,680여개 더 많은 8만 2,890여개의 일자리가 축감되였다.

카나다의 정보기술업체인 《노텔》회사에서도 최근 10개월동안에 5만개의 일자리를 축감하였다. 이러한 사정으로 하여 오늘 자본주의사회에서는 근로자들이 정보산업의 발전에 리해관계를 가지지 않는다.

그런데 반동적인 부르죠아어용학자들, 수정주의자들은 자본주의사회에서는 생산력발전에 대한 사람들의 리해관계를 더 잘 자극한다고 하면서 정보산업발전에서의 사적소유제도의 《우월성》에 대하여 떠들고있다. 자본주의사회에서는 정보산업발전을 위한 사람들의 창발성을 발양시킬수 없다. 자본주의사회에서 근로자들이 《열성》을 내여 일하는것은 그들이 주인이라는 자각으로부터 출발한것이 아니라 실업을 모면하고 먹고 살아나가기 위한 기아의 규률에 의하여 강요된것이다.

근로인민대중이 경제의 주인이라는 자각을 가지고 정보산업발전을 위한 온갖 창의창발성을 다 내여 일할수 있는 사회적조건은 오직 사회주의사회에서만 참답게 보장될수 있다. 국가가 인민들에게 자주적이며 창조적인 로동생활조건과 평등한 물질생활조건을 책임지고 보장하여주는 사회주의사회에서는 정보기술과 정보산업발전에 대하는 인민대중의 관심과 태도가 자본주의사회에서와는 근본적으로 다르다.

사회주의사회에서 정보산업의 발전은 근로자들을 어렵고 힘든 로동에서 해방할수 있게 하며 정보산업이 가져다주는 혜택이 전적으로 인민들의 복리증진에 돌려지게 되므로 누구나 다 정보산업의 발전에 절실한 리해관계를 가지게 된다. 사람들이 경제의 주인으로서 정보산업발전에 절실한 리해관계를 가지게 되면 온갖 창의창발성을 다 내게 되며 결과 정보기술과 정보산업은 매우 빠른 속도로 발전하게 된다. 이것은 우리 나라 경제발전력사가 뚜렷이 실증해주고있다.

우리 나라에서는 지난시기 산업혁명의 단계를 거치지 못하고 더우기 미제에 의하여 강요된 3년간의 전쟁으로 말미암아 모든것이 파괴된 조건에서도 사회주의공업화의 력사적과업을 불과 14년이라는 매우 짧은 기간에 완수하였다. 자본주의나라들에서 공업화를 하는데 옹근 한세기 지어 수세기가 걸렸다는것을 생각할 때 우리 나라가 빈터에서 14년이라는 기간에 사회주의공업화를 한것은 상상을 초월하는 기적이다. 우리 나라에서 이런 기적을 창조할수 있은것은 바로 인민대중이 경제의 주인이라는 자각과 높은 창조적적극성을 발휘하여 천리마를 탄 기세로 내달렸기때문이다.

이러한 력사적사실을 놓고볼 때 정보산업을 발전시키는데서도 자본주의에 비하여 사회주의사회가 결정적우월성을 가지고있다는것을 알수 있다.

정보산업발전에서 자본주의에 비한 사회주의의 우월성은 둘째로, 사회주의사회에서의 계획경제와 교육사업의 높은 발전수준이다.

무엇보다도 사회주의계획경제는 정보산업을 발전시키는데 우월한 경제제도이다.

정보산업의 발전은 사회경제제도의 성격에 의하여 중요하게 좌우된다. 경제가 어떻게 관리운영되는가 하는데 따라 정보산업이 전망성있게 빠른 속도로 발전할수도 있고 그렇지 못할수도 있다.

사회주의계획경제는 정보산업의 발전을 담보하는 우월한 경제제도이다.

사회주의계획경제하에서는 우선 국가가 정보산업발전을 위한 인적, 물적요소들을 최대로 보장해준다.

현대적인 과학기술수단들을 받아들이는것은 막대한 자금지출을 요구한다. 오늘 거대독점으로 자라난 자본주의대독점기업들에서 정보산업발전을 위한 자금적보장에서 큰 제한을 받지 않지만 적은 규모를 가진 자본주의기업들은 자금적제한성으로 하여 현대적인 기술수단들을 받아들일수 없다. 그러나 사회주의계획경제하에서는 새로운 현대적인 기술도입이 국가적인 투자에 의하여 자금적으로 담보된다.

사회주의계획경제하에서는 국가가 정보산업발전계획을 세우고 그 실현을 위하여 인적, 물적요소들을 전 사회적범위에서 최대한으로 동원하고 합리적으로 리용하도록 한다. 뿐만아니라 인민경제 모든 부문을 현대화, 정보화하기 위한 사업도 통일적으로 틀어쥐고 힘있게 추진시켜나갈수 있게 한다.

사회주의계획경제하에서는 또한 자본주의시장경제에 비하여 새로운 정보기술의 리용조건도 유리하다.

자본주의시장경제하에서는 새로 개발된 정보기술의 도입으로부터 얻어지는 초과리윤을 독차지하기 위한 경쟁으로부터 정보기술분야에서 이룩된 성과들이 제때에 전 사회적으로 보급될수 없다. 그러므로 이 분야의 경제정보사업에 막대한 로동을 지출하지 않으면 안된다. 이것은 자본주의시장경제하에서는 정보기술과 정보산업의 발전이 많은 제한을 받게 된다는것을 말해준다.

그러나 사회주의계획경제하에서는 기업들이 같은 소유의 경리단위들이기때문에 기업들사이에 영업비밀이 없을뿐아니라 서로 협조하면서 새로운 기술을 보급하는 사업을 진행하게 된다. 이것은 새로운 정보기술이 전 사회적범위에로 급속히 보급확대되여 사회적범위에서 정보산업이 빨리 발전하게 한다.

이와 같이 사회주의계획경제는 자본주의시장경제에 비하여 정보산업을 발전시키는데서 매우 우월한 경제제도이다.

오늘 부르죠아변호론자들은 자본주의사회에서 경제정보기술이 발전한것을 가지고 경제의 계획적운영의 가능성에 대하여 떠들고있다. 물론 계획화사업을 하려면 자원과 수요를 잘 타산해야 하고 여기서 경제정보기술이 중요한것만은 사실이다. 경제를 계획적으로 움직이자면 나라의 자원과 수요를 잘 알뿐아니라 그것을 국가가 통일적으로 장악하고 분배하며 전국의 모든 경제부문, 기업소들이 국가의 통일적인 의사와 지휘에 따라 움직일수 있어야 한다.

전국의 경제가 사기업들로 분화되여있는 자본주의경제체계에서 개별적기업들이 경제정보기술에 의거하여 기업활동을 조직화할수는 있으나 전국적범위에서 경제를 계획적으로 발전시켜나갈수는 없는것이다.

경제의 류형은 그 어떤 기술조작에 의하여 형성되는것이 아니라 사회의 경제제도에 의하여 규정되는것이다. 자본주의사회에서 《계획경제》라는 말은 있을수 없으며 오직 사회주의계획경제만이 있을수 있다.

다음으로 사회주의사회에서 교육사업의 높은 발전수준도 정보산업을 발전시키는데서 매우 우월하다.

정보산업은 콤퓨터산업과 정보통신산업, 정보처리산업과 프로그람산업과 같은 지식집약형산업으로 구성되여있는것만큼 정보산업의 발전은 뛰여난 인재의 양성교육사업의 발전을 떠나서 결코 생각할수 없다.

정보산업발전을 위한 뛰여난 정보기술인재를 양성하는데는 적지 않은 교육기간이 필요하다. 그런데 사람을 키우는 교육사업까지도 기업화, 상업화되여있는 황금만능의 자본주의사회에서는 자라나는 새 세대들이 어떤 교육과정을 거치는가 하는것이 돈주머니에 의하여 좌우된다. 교육제도의 부패성으로 하여 돈과 권력이 없으면 체계적인 교육과정을 거치기 곤난하고 결국 정보기술분야의 우수한 인재들이 많이 배출될수 없다. 체계적인 교육과정을 거치면 뛰여난 정보기술인재로 될수 있는 소질을 가진 새 세대들이 사회제도를 잘못만나 재능의 나래를 꺾이우고 시들어가는 자본주의사회야말로 정보산업의 발전을 가로막는 부패한 사회이다.

이와는 달리 사회주의교육제도는 우수한 정보기술인재들을 대대적으로 양성해낼수 있는 우월한 교육제도이다.

우리 나라에서는 11년제의무교육의 실시로 하여 자라나는 새 세대들이 누구나 다 초등교육으로부터 중등일반교육에 이르는 교육학적과정을 거치고있으며 이 과정에 자기의 소질과 재능을 마음껏 꽃피우고있다.

오늘과 같이 어려운 조건에서도 나라의 미래를 내다보며 귀중한 자금을 아낌없이 돌려주는 우리 당의 선견지명한 정책과 크나큰 은정에 의하여 우리 나라에서는 교육사업, 정보기술인재양성사업이 날을 따라 더욱 높은 수준으로 발전해나가고있다. 이것은 우리의 정보기술과 정보산업의 양양한 전도를 확고히 담보해주고있다.

현실이 보여주는바와 같이 계획경제가 실시되고 기술인재양성을 위한 정연한 교육체계가 세워져있는 사회주의사회는 정보산업발전에서 결정적우월성을 가지고있다.

오늘 우리 나라는 정보기술분야에서 발전도상에 있다고 말할수 있다. 그러나 인민대중의 혁명적열의와 창조적적극성을 최대한으로 발양시킨다면 얼마든지 정보산업분야에서도 세계선진국가대렬에 당당히 들어서게 되고 자본주의를 경제기술적으로 압도하게 되리라는것은 의심할바 없다.

우리는 자본주의에 비한 사회주의의 우월성을 최대한으로 발양시켜 정보산업의 비약적인 발전을 이룩해나감으로써 가까운 앞날에 이 땅우에 현대적인 과학기술에 기초한 사회주의강성대국을 일떠세우고야 말것이다.",KJI,marketization_adjustment,2000s,7.113956109566034
상품의 보험재고기준 타산방법,김성국,2004,4,858,"위대한 령도자 김정일동지께서는 다음과 같이 지적하시였다.
《상업부문 일군들은 상품공급사업을 더욱 개선하여 인민들의 생활에 자그마한 불편도 없도록 필요한 상품을 제때에 공급하여야 하겠습니다.》(《김정일선집》 8권, 133페지)

사회주의사회에서는 인민생활에 필요한 모든 상품들이 계획에 따라 정상적으로 공급되게 된다. 그러나 인민경제계획을 수행하는 과정에는 생산기업소들이나 수송기관들에서 예상치 못한 정황으로 하여 판매계획과 맞물린 상품을 제때에 보장하지 못하는 경우가 있을수 있다. 이런 경우에도 상품을 인민들에게 정상적으로 공급하기 위하여서는 상업기업소들에 일정한 량의 상품예비가 마련되여있어야 한다. 인민경제가 계획적으로 발전하는 사회주의사회에서는 이와 같은 상품예비들이 철저히 기준화되여야 한다. 이 문제는 상업기업소들에 상품의 보험재고기준을 설정하는 방법으로 해결할수 있다.

보험재고기준은 바로 판매계획과 맞물린 상품공급이 계획보다 늦어져 상품이 제때에 들어오지 않는 경우에도 주민들에 대한 상품공급을 계속하기 위하여 상업기업소들에서 가지고있어야 할 상품예비의 한도이다.

보험재고기준에 해당한 상품예비는 상품이 제때에 공급되지 못하는 경우에 판매에 투하되지만 해당한 상품이 후에 공급되면 다시 보충되기때문에 일정한 규모를 계속 유지하게 된다.

보험재고기준의 크기는 상품의 하루평균 판매량과 보험보유일수에 의하여 규정된다.

S보험=t보험×p

S보험-보험재고기준, t보험-보험보유일수, P-하루평균 판매량

상품의 하루평균 판매량은 계획기간의 상품판매량을 그 기간의 력일수(혹은 법적로동일)로 나누는 방법으로 규정할수 있다. 계획기간의 상품판매량은 상품판매계획에 기초하여 규정된다.

상품의 보험보유일수는 상품의 긴급공급을 조직하는데 필요한 시간에 기초하여 규정할수도 있고 지난기간의 상품공급실태에 대한 통계자료를 분석한데 기초하여 규정할수도 있다.

보험보유일수는 우선 판매계획과 맞물린 상품이다. 판매된 때로부터 긴급대책을 세워 상품을 받아들여 판매에 투하할 때까지의 최저일수로 규정할수 있다.

여기에는 상업기업소들이 공급자기업소에 긴급상품공급을 통지하는데 걸리는 시간, 공급자가 상품을 출하하기 위하여 준비하는데 필요한 시간, 상품의 수송시간, 상업기업소가 상품을 받아 판매에 투하할 때까지의 시간이 포함된다.

보험재고기준이 판매계획과 맞물린 상품이 제때에 공급되지 않는 경우에 대처하기 위한것인만큼 상품의 긴급공급을 조직하는데 필요한 최저시간으로 보험보유일수를 규정하는것은 일정한 의의를 가진다. 그것은 적당한 상품예비가 있으면 상품이 제대로 공급되지 않는 경우에도 긴급대책을 세워 상품을 받아올 때까지 주민들에 대한 상품보장을 계속할수 있기때문이다.

일반적으로 인민생활에서 중요한 자리를 차지하는 상품들의 보험보유일수를 타산할 때에는 이 방법을 적용하는것이 합리적이다.

그러나 보험보유일수를 타산하는 이 방법에는 일정한 제한성도 있다.

그것은 무엇보다먼저 이 방법이 상품의 수송에는 이상이 없고 다만 공급자기업소가 판매계획과 맞물린 상품을 미처 발송하지 못한것이 전제로 하고있다는것이다. 상품공급은 공급자기업소가 미처 상품을 생산보장하지 못하는 경우뿐아니라 수송과정에서도 여러가지 원인으로 하여 지연될수 있다. 우의 타산방법에서는 이 경우가 고려되지 않고있다. 이 방법은 긴급주문한 상품이 수송도중에 아무런 제한이나 장애를 받지 않고 순조롭게 운반되는것을 전제로 하였다. 긴급상품공급을 주문하여도 수송이 제대로 되지 못할 때에는 상품의 긴급보장기간이 더 걸릴것이다.

다음으로 이 방법은 긴급주문이 곧 실현되는것을 전제로 하고있다. 이 방법에 의하면 상업기업소가 통지를 보낸 즉시 공급자기업소가 상품을 보내주는것으로 되여있다. 그러나 공급자기업소들이 그러한 상품수요에 항상 준비되여있다는것도 아니며 따라서 공급자기업소들이 긴급상품공급에 관한 신청을 받은 즉시에 상품을 공급해주기는 힘들다. 특히 생산자기업소들이 여러가지 원인으로 하여 판매계획과 맞물린 상품을 제때에 생산보장하지 못하였을
										 때에는 긴급상품공급을 신청하여도 즉시 상품을 공급해줄수 없다. 따라서 일부 경우 즉 공급자기업소가 판매계획과 맞물린 상품을 미처 생산하지 못하였을 때에는 보험보유일수가 이 방법으로 타산한것보다 더 길어져야 할것이다.

그리고 이 방법은 상품공급주기가 상품수송시간보다 긴 경우에만 적용하는것이 합리적이다. 상품공급주기가 상품수송시간보다 짧은 경우에는 긴급상품공급을 진행하는데 필요한 최저시간으로 보험보유일수를 규정하는것이 불합리하다.

실례로 한 기업소의 상품공급주기가 3일이고 공급자기업소로부터 그 상업기업소까지의 상품수송기간이 9일이라고 하자. 이때 우의 방법으로 보험보유일수를 규정하면 9일이 넘는다는것을 쉽게 알수 있다. 그러나 공급자기업소가 3일에 한번씩 상품을 발송하기때문에 상품의 공급지연이 9일이 넘는 경우도 드물며 따라서 보험보유일수를 그렇게까지 길게 잡을 필요는 없다.

이상과 같은 제한성을 극복하기 위하여서는 지난 기간의 상품공급실태에 대한 통계자료를 분석한데 기초하여 보험보유일수를 규정하는것이 합리적이다.

보험재고기준이 판매계획과 맞물린 상품이 제대로 공급되지 않는 경우에 대처하기 위한것인만큼 지난기간의 판매계획과 맞물린 상품공급정형을 분석하여보고 상품공급이 제대로 진행되지 않은 날자수만큼 보험보유일수를 규정하는것도 일정한 의의를 가진다.

상품공급실태에 대한 지난기간의 통계자료를 분석한데 기초하여 보험보유일수를 규정할 때에는 해당 상품이 인민생활에서 차지하는 중요성과 상품공급의 균등성정도 등의 요인을 함께 고려하여야 한다.

상품공급실태에 대한 지난기간의 통계자료를 분석한데 기초하여 보험보유일수를 규정할 때에는 우선 지난기간의 늦어진 상품공급가운데서 공급주기(혹은 평균공급주기)를 초과하는 제일 큰 지연날자수를 찾고 그것으로 보험보유일수를 정하는 방법을 적용할수 있다.

이 방법은 인민생활에서 중요한 자리를 차지하는 상품들의 보험보유일수를 타산할 때 적용하는것이 합리적이다.

물론 이 방법에도 제한성이 없는것은 아니다. 그것은 지난기간의 제일 큰 공급지연날자로서 보험보유일수를 규정하는것만큼 그 수값이 공급주기를 초과하는 지연날자수의 일반적이며 대표적인 수값으로 되지 못하고 특이한 한 경우의 수값으로 되기때문이다. 따라서 인민생활에서 중요한 자리를 차지하지 않는 상품들의 보험보유일수를 타산할 때에는 이 방법을 적용하는것이 불합리하다.

지난기간의 상품공급실태에 대한 통계자료를 분석한데 기초하여 보험보유일수를 규정하는 경우에는 또한 공급주기를 초과하는 지연날자수의 일반적이며 대표적인 수값을 구하고 그것으로 보험보유일수를 규정하는 방법을 적용할수 있다.

이 방법은 인민생활에서 중요한 자리를 차지하지 않는 상품들의 보험보유일수를 규정할 때 적용하는것이 합리적이다.

공급주기를 초과하는 지연날자수의 일반적이며 대표적인 수값은 상품공급이 균등하게 진행되는 경우와 불균등하게 진행되는 경우로 갈라서 타산하는것이 합리적이다. 그것은 이 두 경우의 타산자료와 방법이 다르게 주어지기때문이다.

상품공급이 균등하게 진행되는 경우 즉 1회공급량과 공급주기의 변동이 없는 경우에는 지난기간의 상품공급중에서 공급주기를 초과하는 지연공급들만 따로 갈라내고 그 매 지연날자수를 평균하는 방법으로 지연날자수의 일반적이며 대표적인 수값을 산출하여 보험보유일수를 규정할수 있다.

상품공급이 불균등하게 진행되면 매 공급주기가 다 평균공급주기와 일정한 편차를 가진다. 편차에는 +편차도 있으며 -편차도 있다.

공급주기의 평균편차에는 +편차뿐아니라 -편차도 영향을 미치며 편차가 없는 경우에도 즉 0편차의 경우도 영향을 미친다. 그것은 1회공급량이 평균편차를 구하는데서 무게로 리용되기때문에 1회공급량의 변동이 구성변동에 영향을 주어 공급주기의 평균편차를 변화시키기때문이다.

상품공급이 불균등적으로 진행되는 경우 +편차뿐아니라 -편차도 있는 조건에서 +편차의 평균치로서만 보험보유일수를 규정하면 -편차의 경유에 남아있는 상품들이 +편차가 있는 경우에 리용된다는것을 반영하지 못하게 된다. 따라서 +편차의 평균치로서만 보험보유일수를 규정하면 보험재고기준이 실지 필요한 량과 차이나게 된다.

상품공급이 불균등하게 진행되는 경우에는 표준편차의 공식을 리용하여 평균공급주기에 비한 실제공급주기들의 편차정도를 구하고 그것으로 보험보유일수를 규정하는 방법을 적용하는것이 합리적이다.

일반적으로 상품공급에서 불균등성이 적으면 표준편차도 적어지고 변동이 많으면 표준편차도 커진다.

이와 같이 지난기간의 상품공급실태에 대한 통계자료를 분석한데 기초하여 보험보유일수를 규정하는 방법은 공급자기업소가 상품을 미처 생산보장하지 못하거나 수송도중에 상품공급이 지연되거나를 막론하고 여러가지 조건을 다 고려하여 보험보유일수를 규정할수 있는 우점이 있지만 그것이 지난기간의 실태에 기초하여 규정되는것만큼 과학성이 담보된다고 보기는 힘들다.

모든 상업일군들은 상품의 보험재고기준화사업을 과학적으로 해나감으로써 인민들에 대한 상품공급사업을 더 잘하여야 할것이다.",KJI,marketization_adjustment,2000s,6.755768921984255
인플레를 합리화하는 부르죠아변호론의 반동성,김명남,2003,3,836,"오늘 자본주의나라들에서 인플레현상은 만성적인 성격을 띠고 더욱더 격화되고 있다．

위대한 령도자 김정일동지께서는 다음과 같이 지적하시였다．
《자본주의나라들에서 기술은 계속 발전하는데 생산을 제한하다 보니 실업자대렬이 늘어 나고 통화가 팽창하는것을 막을수 없게 되였습니다．》(《김정일선집》9권, 27~28페지)

자본주의나라들에서 부르죠아변호론자들은 격화되고 있는 인플레를 미화분식하는 반동적인 리론들을 류포시키고 있다． 자본주의나라들에서 인플레의 본질을 외곡하는 대표적인 조류는 케인즈주의이다． 영국의 반동경제학자인 케인즈는 반동적인 인플레론을 제창한 최초의 대표자이다． 케인즈는 인플레문제를 《완전고용론》과 《과잉수요론》에 결부시켜 전개하였다． 케인즈는 인플레를 통화량을 초과하는 지페량의 증대현상으로 본것이 아니라 상품에 대한 《과잉수요》현상으로 보았다． 케인즈는 《유효수요》가 늘어 나도 생산물은 증대되지 않고 《유효수요》에 정비례하여 비용단위의 증가만을 가져 오는데 이런 경우 우리는 《참다운 인플레》라고 부르는 상태에 이르게 된다고 떠벌이였다．

케인즈는 인플레문제를 자기의 반동적인 《완전고용》론과 밀착시키면서 《완전고용》을 이룩하자면 화페량을 늘여 리자률을 낮출수 있는 불환지페제도를 도입해야 한다고 떠벌이였다． 특히 케인즈는 자기의 인플레론에서 인플레를 로동자들의 실질임금을 떨어뜨리게 하는 《우월한 수단》으로 인정하면서 그것을 극구 찬양하였다． 케인즈는 명목화페임금을 동결시키는것은 로동자들의 강한 반발을 가져 오기때문에 화페임금의 직접적인 인하보다 상품가격을 올리는 방법으로 실질임금을 낮추는데 주의를 돌려야 한다고 주장하면서 《신축성있는 화페정책》으로서의 인플레정책의 적극적인 실시를 주장하였다．

인플레에 대한 부르죠아변호론의 반동성은 첫째로, 부르죠아국가의 인플레수탈정책을 미화분식하고 그의 실시를 적극 주장하였다는데 있다． 케인즈의 인플레론에서 기본을 이루는 《고용리론》은 로동자들을 실업에서 구원해 내기 위해서가 아니라 반대로 그들을 희생하여 독점자본을 위기에서 구원하고 그들에게 높은 리윤을 보장하기 위한 《경기대책》이다． 케인즈는 침체현상에 빠진 독점자본가들에게 《투자의욕》을 환기시키고 그들을 위하여 이른바 《유효수요》를 인공적으로 조성하며 이를 실현하기 위하여 국가독점자본주의적간섭을 꺼리낌없이 감행할것을 주장하였다． 케인즈는 독점자본가들의 《투자의욕》을 자극해 주기 위하여 《저금리정책》을 써서 눅은 리자로 유리한 융자를 풍부히 제공해 주며 그들을 위하여 세금을 감면해 주고 《국가예산》지출공간을 통하여 유상 또는 무상으로 많은 자금을 뿌려 줄것을 설교하였다． 이것은 사실상 근로자들에 대한 인플레적수탈을 강화한다는것을 의미한다．

케인즈주의자들은 시장문제가 난관에 처하자 그것을 해결하려는 시도로부터 이른바 《유효수요》창조에 관한 변호론을 《투자의욕자극》에 관한 변호론에 련결시키려고 책동하였다． 그들은 국가예산자금을 마구 뿌려 비생산적으로 탕진할수 있는 대상을 끊임없이 새로 조작하며 그들이 생산한 군수물자를 비싼 독점가격으로 사들이고 그것을 대외침략과 팽창정책에 리용함으로써 대외시장을 확대하여야 한다고 설교하고 있다．

케인즈주의자들은 국가의 적자예산이 늘어 날수록 《유효수요》가 늘어 나고 《공업생산은 장성한다》고 떠벌이고 있다． 케인즈주의의 본질은 결국 근로자들에 대한 조세적,인플레적수탈을 강화하여 독점자본의 고률리윤을 보장하는 《경기정책》이라는데 있다． 케인즈주의자들은 지페를 람발하고 리자률을 낮추어 독점자본에 특혜융자를 주며 감면세의 특전과 나아가서는 보조금까지도 주면 과잉생산공황은 극복될수 있다고 하고 있다． 이것은 철저히 독점자본의 리익을 옹호하고 인플레적수탈정책을 적극 지지하는 반동적인 궤변이다．

인플레에 대한 부르죠아변호론의 반동성은 둘째로, 근로인민대중에 대한 추가적수탈정책으로서의 인플레를 부정하고 그 책임을 근로자들에게 넘겨 씌우려는데 있다．

부르죠아변호론자들의 인플레의 략탈적본질을 가리우기 위한 책동의 교활성은 인플레를 순수 물가등귀현상으로 보는데서 집중적으로 표현
										되고 있다．

자본주의국가들에서 지페 또는 불태환은행권을 람발함으로써 화페가치가 떨어 지고 물가가 오르는 현상으로 발현되는 인플레는 국민소득을 자본가들에게는 유리하게 근로인민대중에게는 불리하게 추가적으로 재분배하는 주요한 공간이다． 그럼에도 불구하고 부르죠아변호론자들은 인플레를 가격등귀와 동일시하고 이러한 가격등귀의 원인이 상품에 대한 《과잉수요》에 있다고 떠벌이면서 인플레의 략탈적본질과 그의 발생원인을 가리우려고 책동하였다．

부르죠아변호론자들이 인플레를 순수 가격등귀현상으로 보는것은 부르죠아국가의 범죄적인 지페람발책동을 가리워 보자는데 있다． 인플레를 지페람발현상으로 보면 현 시기 부르죠아국가가 경제를 군사화하고 군비를 확장하기 위하여 독점자본가들에게 각종 특권을 주고 국고를 탕진하고 있는 범죄적사실들은 은페하기 힘 들게 된다． 인플레를 류통계에 차고 넘치는 통화팽창현상으로 보지 않고 순수 물가등귀현상과 같은것으로 보려는것은 결국 지페람발의 근본원인으로부터 근로자들의 눈을 딴데로 돌리려고 하는 부르죠아지들의 속심을 대변하는데 지나지 않는다．

인플레를 가격등귀현상과 동일시하는 주장은 또한 가격등귀의 실제적인 원인을 가리우려는 독점자본의 계급적본성을 반영한것이라고 말할수 있다． 가격등귀현상은 독점자본가들에게 독점적고률리윤을 보장해 주기 위한 부르죠아국가의 반인민적인 가격정책의 산물이다．

가격이 오직 상승의 한길로 움직이는것이 현 시기 자본주의나라들에서 가격변동의 특징이라고 말할수 있다． 이러한 가격등귀현상을 낳게 하는데 결정적으로 작용하는것은 독점체들과 부르죠아국가이다．

국가독점자본주의가 지배하는 제국주의나라들에서 경제에 대한 국가적간섭은 나날이 강화되는데 그 간섭의 기본방법의 하나가 가격정책이다． 부르죠아국가는 가격정책을 통하여 독점들의 가격등귀조작을 법적으로 보장하거나 여러가지 가격보상대책들을 강구해 주고 있다． 인플레를 물가등귀와 동일시하는 부르죠아변호론자들의 주장의 계급적본성은 인플레가 격화되는데 대한 책임을 로동계급을 비롯한 근로대중에게 전가시키려는 음흉한 기도에서도 집중적으로 표현된다． 그들은 가격등귀에 의한 인플레가 마치도 임금인상에 기인하고 있는것처럼 주장하고 있다．

원래 가격등귀와 임금인상사이에는 아무런 관계도 없다． 임금의 크기는 제품생산에 착수하면서 미리 규정되여 있지만 가격은 제품이 생산된 다음 판매과정에 오르내리게 된다． 임금이 제품생산의 구성요소라고 하여 가격등귀의 직접적요인으로 되지 않는것은 이 두 현상이 자본주의경제에 미치는 작용과 영향에서의 차이를 통해서도 알수 있다． 임금인상은 항시적으로 일어 나는 현상이 아니지만 가격등귀는 항시적인 경제현상으로 되고 있다．

그러나 부르죠아변호론자들은 임금인상현상과 물가등귀현상사이의 호상관계를 외곡하고 임금인상을 가격등귀의 요인이라고 하면서 인플레를 억제하기 위한 대책이 근로자들의 임금을 낮추는것이라고 설교하였다． 이것은 인플레의 후과를 근로자들에게 넘겨 씌우고 물가등귀를 리용하여 더 많은 리윤을 획득하려는 독점자본가들의 착취적본성을 반영한 반동적인 궤변이다．

인플레에 대한 부르죠아변호론의 반동성은 셋째로, 인플레발생의 원인을 외곡하고 있는데 있다．

케인즈주의는 인플레를 불필요하게 여러가지로 구분하여 사람들의 주목을 딴데로 돌리고 인플레의 략탈적본질과 그 발생원인을 가리워 보려고 책동하고 있다．

케인즈주의는 인플레를 《공개인플레》와 《억제인플레》로 구분함으로써 인플레의 발생원인을 은페시키려고 하였다． 또한 《포복인플레》요 《비약인플레》요 하면서 인플레를 마치도 정상적인 경제현상의 불가피한 결과인듯이 떠벌이고 있다．이자들은 《포복인플레》란 일반물가수준이 년간을 통하여 2~4% 끊임없이 등귀하는 현상이며 《비약인플레》는 물가수준이 그 보다 빠른 속도로 올라가는 현상인듯이 설교하였다． 《포복인플레》, 《비약인플레》라는 개념을 쓰는 부르죠아인플레론은 다같이 인플레의 본질을 해명하기보다는 물가등귀현상을 통하여 표현하는데 그치고 있다． 부르죠아변호론자들은 전쟁준비와 경제의 군사화를 다그친 결과 지페람발현상이 일어 나 통화가 팽창되고 있는 엄연한 사실을 은페하고 있다．

미국의 하트, 영국의 다우를 비롯한 부르죠아리론가들은 《수요인플레》는 수요와 공급사이의 불균형에 의에서 일어 나고 《비용인플레》는 높아 지는 로임과 원료가격에 의하여 생긴다고 떠벌이였다．

인플레가 마치도 근로자들의 늘어 나는 수요에 의하여 생기는것처럼 떠벌이는 주장은 가격등귀가 곧 인플레라는데 있으며 그 목적은 부르죠아독점자본가들과 국가들이 방대한 군사적수요를 지페람발로 보충하고 있는 사실은 은페하려는데 있다． 이러한 사실을 가리우는데 현대부르죠아인플레론의 계급적본성이 있다．

이상에서 보는바와 같이 현대부르죠아경제학자들은 인플레의 략탈적본질과 그 발생의 근본원인을 가리우고 근로인민들에 대한 인플레적수탈정책을 철저히 옹호하고 변호하고 있는것이다．

우리는 인플레에 대한 부르죠아변호론의 허위성과 반동성을 똑똑히 알고 적극 투쟁함으로써 주체경제리론의 순결성을 견결히 옹호고수하고 빛내여 나가야 한다．",KJI,marketization_adjustment,2000s,6.729824070489475
"제국주의적국제경제기구의 침략적, 략탈적성격",김혜선,2011,4,749,"제2차 세계대전후 국제무대에는 국제경제기구의 세기로 불리울정도로 수많은 국제경제기구가 조직되여 국제경제관계에 커다란 영향을 미치고있다. 특히 주목되는것은 정부적인 제국주의적국제경제기구가 많이 조작되여 미제를 비롯한 제국주의자들의 침략적, 략탈적본성을 실현하는 도구로 리용되고있는것이다.

제2차 세계대전후 제국주의자들은 정부적인 국제경제기구를 많이 조작하여 저들의 세계경제지배책동에 리용하고있다.

제2차 세계대전후 정부적인 제국주의적국제경제기구가 많이 출현하게 된 사회력사적배경은 우선 자본주의나라들에서 국가독점자본주의가 출현하고 지배적인것으로 된것과 관련된다.

국제경제기구는 성원국들사이에 맺은 조약이나 협정에 의해 창설되며 협정체결 당사자의 자격에 따라 정부적인 국제경제기구와 비정부적인 국제경제기구로 구분해볼수 있다. 정부적국제경제기구는 국가 및 정부의 명의로만 체결되고 비준된 조직법전을 가지고 활동하는 기구이다. 지난 시기에는 주로 국제상업회의소, 국제규격화협회와 같은 국제독점체들사이에 체결된 비정부적인 국제경제기구가 조직되여있었다.

제2차 세계대전이후 국가독점자본주의가 지배하면서 부르죠아국가가 국내의 경제생활에 간섭할뿐아니라 국제경제기구에도 직접 참가하고있다. 이리하여 국제통화기금, 국제부흥개발은행, 관세 및 무역에 관한 일반협정을 비롯한 주요국제경제기구들이 정부적인 국제경제기구로 출현하였다.

정부적인 국제경제기구가 조직됨으로써 부르죠아국가가 직접 국제경제기구를 저들의 침략적, 략탈적목적을 실현하는데 이바지하도록 조종하고있으며 이로하여 오늘 주요국제경제기구들이 부르죠아국가의 침략적인 대외경제정책실현의 도구로 리용되고있다.

제2차 세계대전후 정부적인 제국주의적국제경제기구가 많이 출현하게 된 사회력사적배경은 또한 제국주의식민지체계의 붕괴와 관련되여있다.

식민지는 제국주의의 생명선이며 마지막지탱점이다. 제2차 세계대전후 민족해방투쟁의 거세찬 불길속에서 지난날 제국주의의 식민지, 반식민지로 있던 수많은 나라들이 민족적독립을 이룩함으로써 제국주의식민지체계는 급속히 붕괴되게 되였다. 이러한 변천된 력사적조건에서 제국주의자들은 종전과 같은 방법으로 다른 나라와 민족을 지배하고 략탈할수 없게 되였다.

위대한 령도자 김정일동지께서는 다음과 같이 지적하시였다.
《제국주의자들은 신식민주의에 매여달리면서 보다 은페되고 교활한 수법으로 다른 나라 인민들을 략탈하고 예속시키기 위한 정책을 집요하게 추구하고있다.》(《김정일선집》제7권, 455페지)

현대제국주의의 식민지정책의 중요한 특징은 교활한 신식민주의적수법을 적용하고있는것이다. 세기를 거듭하여 감행되여온 제국주의자들의 다른 나라에 대한 지배와 략탈은 세계 여러 나라들로부터 배격을 받고있다. 이러한 조건에서 자본주의렬강들은 세계경제에 대한 지배와 략탈을 은페된 수법으로 감행하는것이 필요하였다. 그러한 수법의 하나가 국제경제기구를 리용하는것이다.

현시기 제국주의자들이 세계경제를 지배하고 략탈하는데 국제경제기구를 많이 리용하는데는 교활한 목적이 숨겨져있다. 제국주의자들이 국제통화기금과 같은 국제경제기구를 리용하면 다른 나라에 대한 지배와 략탈이 그 어떤 개별적인 자본주의나라에 의해서가 아니라 국제적인 협약을 리행하는 국제경제기구의 사명에 기초한것과 같은 외관을 조성할수 있다. 이로부터 미제와 제국주의반동들은 세계경제에 대한 저들의 지배와 략탈을 국제경제기구의 규약과 규범으로 은페할수 있게 되였다.

오늘 제국주의자들은 여러 나라들이 참가하는 다국적협정이나 기구같은것을 조작하고 그것을 집단적신식민주의를 실현하는 도구로 리용하고있다. 이로부터 주요국제경제기구들은 제국주의자들의 세계지배와 략탈에 복무하는 제국주의적인 경제기구로서의 성격을 띠게 된다.

오늘 주요국제경제기구의 제국주의적성격과 그 침략적, 략탈적성격은 첫째로, 제국주의자들이 주도세력이 되여 그들의 요구와 리해관계에 맞게 규약, 규범들이 작성되고 성문화되고있는데서 나타난다.

국제경제기구들에는 자본주의나라들뿐아니라 발전도상나라들도 성원국으로 많이 참가하고있다. 자본주의나라
										들과 발전도상나라들이 다같이 국제경제기구의 성원국으로 되여있다고하여 그것이 발전도상나라들의 경제발전에 이바지하는 남북협조의 기능을 수행하는것은 아니다. 문제는 국제경제기구의 주도세력이 어떤 세력인가 하는데 있다.

오늘 주요국제경제기구들은 제국주의자들 특히 미제의 지배권이 행사되는 제국주의적인 국제경제기구로 조직운영되고있다.

제국주의의 변함없는 본성은 침략과 략탈이다. 침략과 략탈은 제국주의가 제국주의로 남아있는한 변할수 없는 본성이다. 침략과 략탈을 본성으로 하는 제국주의자들이 주인노릇을 하는 국제경제기구는 그 사명과 기능으로 보아 침략적, 략탈적성격을 띠지 않을수 없는것이다.

출자금에 따르는 결의권제도를 비롯하여 여러가지 교활한 수법들을 적용하는 방법으로 국제경제기구를 장악한 제국주의자들은 저들의 일방적인 리익에 맞게 국제규범들을 제정하여 경제적략탈을 강화한다. 미제를 비롯한 제국주의렬강들이 직접 국제경제기구의 지배권을 장악하고 조종함으로써 여기에 많은 발전도상나라들이 망라되여있음에도 불구하고 그것이 제국주의적인 국제경제기구로 기능하고있는것이다.

국제통화금융관계를 규제하는데서 중요한 역할을 하고있는 국제통화기금만 놓고보아도 그것은 현대제국주의의 우두머리인 미제가 실권을 장악하고 조종하고있다. 국제통화기금은 통제주를 장악한 미제의 요구와 리해관계에 맞게 각국의 통화에 대한 평가와 환률제도, 대부제도를 규제함으로써 세계경제에 대한 통화금융적지배와 략탈을 실현할수 있게 되였다. 국제통화기금의 강요로 1994년 서아프리카통화동맹국들은 근 45년간 1FF:56CFAFr(아프리카금융공동체프랑)시세를 유지해오던것을 그 가치를 50% 평가인하하여 1FF:100CFAFr으로 하지 않으면 안되였다. 이리하여 이 나라들에서는 상품가격이 자동적으로 2배로 뛰여오르게 되였다. 결국 국제통화기금의 차관을 받은 나라들은 이 기구의 혜택을 받지 못하고 오히려 경제적수탈을 당한다.

주요국제경제기구들의 침략적, 략탈적성격은 둘째로, 다른 나라들을 경제적으로 지배하고 략탈하는 방향으로 기구가 활동하고있는데서 직접 나타나고있다.

국제경제기구의 활동목적과 방향은 기구의 성격에 의하여 규정된다. 주요국제경제기구가 제국주의적국제경제기구로서의 성격을 띠고있는 조건에서 이 기구의 활동은 제국주의의 본성을 반영하여 다른 나라에 대한 정치경제적지배와 략탈에로 지향되게 된다.

미제를 비롯한 제국주의자들이 제국주의적인 국제경제기구를 조작하면서 발전도상나라들을 그 성원국으로 끌어들인데는 저들의 리기적인 목적이 깔려있다. 제국주의자들에 의하여 지배되는 국제경제기구들이 발전도상나라들에 대하여 협력과 원조를 표방하고있지만 사실에 있어서는 이 나라들의 경제발전에 도움을 주기 위한것이 결코 아니다.

국제경제기구가 표방하는 규정과 활동목적에는 협력, 원조와 같은 미사려구가 담겨져있지만 그것은 본질에 있어서 발전도상나라들을 국제경제기구에 얽매여놓고 정치경제적지배와 략탈을 손쉽게 보장하자는것이다.

국제경제기구에는 성원국들이 반드시 지켜야 할 규정과 규범이 있는것만큼 이러한 국제적인 규정과 규범으로 발전도상나라들을 얽매여놓고 그들에 대한 정치경제적지배를 실현하는데 유리한 공간으로 리용될수 있다.

국제통화기금, 국제부흥개발은행과 같은 제국주의렬강들이 주도세력으로 되고있는 국제통화금융기구들은 본질에 있어서 제국주의국가자본수출의 실현형태이다. 국제통화기금의 조건부대출제도와 구조조정대부제도와 같은 융자제도가 발전도상나라들에 대한 경제적예속화공간으로 되고있다는것은 세상에 잘 알려진 사실이다. 지난 시기 아시아금융위기가 폭발하였을 때 미제가 국제통화기금을 리용하여 남조선에 개입하고 구제융자를 제공한다는 명목으로 신탁통치를 실시한것은 그 대표적인 실례의 하나이다.

세계무역기구의 농산물과 봉사무역의 자유화와 같은 규제도 발전된 자본주의나라들에는 전적으로 유리하지만 발전도상나라들에는 불리하다. 특히 발전도상나라들이 농산물시장개입으로 입는 피해는 이 기구의 가입으로 얻는 리익보다 커지고있으며 이 나라들의 경제발전에 커다란 저해를 주고있다. 유엔아프리카경제위원회 사무국장은 세계무역기구의 협상결과로 아프리카나라들은 큰 손해를 보게 되였다고 하면서 그 손해액수는 해마다 26억US$에 달할것이라고 하였다.

오늘 주요국제경제기구들에 미제를 비롯한 자본주의나라들과 함께 발전도상나라들이 성원국으로 참가하고있는것은 바로 이러한 제국주의적인 지배야망의 산물이라고 말할수 있다. 현시기 주요국제경제기구들이 제국주의적성격, 침략적, 략탈적성격을 띠고있는것으로 하여 미제를 비롯한 제국주의렬강들은 국제경제기구를 리용하여 다른 나라들에 대한 지배와 략탈을 실현하고있다.",KJI,marketization_adjustment,2010s,6.620073206530356
올해 먹는 문제해결에서 획기적인 전진을 이룩하는것은 농업부문의 중요과업,김히일,2007,1,1087,"올해 공동사설은 인민생활을 빨리 높이는데 선차적인 힘을 넣는것을 오늘의 총진군의 주되는 과업의 하나로 규정하였다.

우리 당활동의 최고원칙인 인민생활을 빨리 높이는데서 나서는 중요한 문제는 지난시기와 다름없이 농사를 천하지대본으로 틀어쥐고 인민들의 먹는 문제해결에서 획기적인 전진을 이룩하는것이다.

위대한 령도자 김정일동지께서는 다음과 같이 지적하시였다.

《인민생활을 높이기 위하여서는 무엇보다도 농사를 잘 지어야 합니다.》(《김정일선집》 8권, 5페지)

농사를 잘 짓는것이 인민생활을 높이는데서 무엇보다도 중요한것은 농사가 천하지대본이기때문이다. 옛날부터 농사는 천하지대본이라고 하였는데 이것은 사람들의 먹는문제를 해결하는 농업이 대단히 중요하다는것을 말한다. 다시말하여 농사가 모든 문제해결에서 근본으로 된다는것을 의미한다.

사회주의경제강국건설의 현단계에서 농사를 천하지대본으로 틀어쥐고 인민들의 먹는 문제해결에서 획기적인 전진을 이룩하여야 하는것은 무엇보다도 사회주의건설에서 쌀이 가지는 중요성과 관련된다.

자주성을 위하여 투쟁하는 인민대중의 리념이며 혁명적기치인 사회주의를 건설하는데서 쌀이 제일 중요할뿐아니라 제일 먼저 점령하여야 할 고지이다. 그것은 우선 쌀이 인민생활을 높이는데서 가장 중요한 역할을 하기때문이다. 인민생활을 계통적으로 높이며 그들의 물질생활에서 자주성을 완전히 실현하는것은 사회주의경제강국의 목적이며 혁명적인 당활동의 최고원칙이다. 인민들의 생활을 높이는데서 가장 중요한것은 먹는 문제이며 쌀은 먹는 문제를 푸는데서 첫자리를 차지한다. 그것은 다음으로 쌀이 나라의 전반적경제건설을 다그치는데서 중요한 역할을 하기때문이다. 쌀을 많이 생산하면 자기 나라의 자원에 의거하여 원료와 연료, 동력문제 같은것을 더 잘 풀어 공업생산을 높은 수준에서 정상화하고 끊임없이 발전시켜나갈수 있다. 그리고 현대적인 큰 공장들을 새로 더 많이, 더 빨리 건설하며 모든 생산공정들을 빠짐없이 갖추고 인민경제발전과 인민생활에 필요한 여러가지 물건들을 원만히 생산보장할수 있을뿐아니라 인민경제의 기술장비수준을 훨씬 높이고 모든 경제부문을 정보산업시대의 요구에 맞게 개건할수 있다. 그것은 또한 쌀이 사람들의 사상의식을 개조하는데서 중요한 물질적조건으로 되기때문이다. 생활은 사람들의 사상의식을 사회주의적으로 개조하기 위하여서는 사상혁명을 강화하는것과 함께 경제건설을 잘하여 사회주의제도의 우월성을 실지 생활을 통하여 느끼도록 하는것이 중요하다는것을 보여준다. 쌀을 많이 생산하면 인민경제의 발전을 다그칠수 있으며 인민들을 더 잘살게 할수 있다. 이것은 곧 사회주의제도의 우월성을 더 높이 발양시키는것으로 된다. 사회주의제도의 우월성이 높이 발양되면 될수록 모든 사회성원들의 사상의식을 사회주의적으로 교양개조하는 사업을 더 잘 수행할수 있게 된다.

올해에도 지난시기와 다름없이 농사를 천하지대본으로 틀어쥐고 먹는 문제해결에서 획기적인 전진을 이룩하여야 하는것은 다음으로 먹는문제를 원만히 해결하는것이 우리 인민의 평생소원이기때문이다.

우리 인민들의 평생소원은 흰쌀밥에 고기국을 먹으면서 비단옷을 입고 기와집을 쓰고 사는것이다. 우리 인민들의 이 평생소원은 정권과 생산수단이 착취계급의 손에 쥐여져있던 착취사회에서는 도저히 실현될수 없었다. 하기에 해방전까지는 흰쌀밥에 고기국을 먹으면서 좋은 옷을 입고 좋은 집을 쓰고살려는 우리 인민들의 소원은 한갖 공상으로만 되여있었다.

우리 인민들의 이 평생소원은 오직 위대한 수령 김일성동지께서와 위대한 령도자 김정일동지께서 이끄시는 로동당시대에 와서 비로소 현실로 되였으며 또 되고있다. 오늘 우리 나라에서는 사회주의경제건설의 요구에 맞게 인민들의 생활을 보다 높은 단계에로 끌어올리고있다. 먹는 문제를 원만히 해결하는것은 날로 높아가는 우리 인민들의 생활상요구를 이미 마련된 경제토대와 가능성에 기초하여 가장 높은 수준에서 실현할수 있게 한다. 농사를 잘 지어 쌀을 더 많이 생산하면 할수록 먹을것이 계속 많아지며 결국 우리 인민들의 먹는 문제가 원만히 풀리게 된다. 쌀을 많이 
										생산하면 또한 인민경제의 모든 부문에서 생산과 건설을 계속 힘있게 밀고나갈수 있으므로 우리 인민들의 먹는 문제뿐아니라 입는 문제, 집문제도 더 원만히 풀수 있게 된다. 이렇게 될 때 우리 인민들이 예로부터 품어오던 평생소원이 김정일시대에 와서 더욱 원만히 풀리게 된다.

먹는 문제해결에서 획기적전진을 이룩하는것은 또한 먹는문제의 원만한 해결이 나라와 민족의 자주성을 튼튼히 지킬수 있게 하는것과 관련된다.

우리 시대, 자주성의 시대는 나라와 민족이 자주성을 지킬것을 절실히 요구한다. 인민대중이 자유롭고 행복하게 살게 되자면 먼저 나라와 민족이 그 어떤 지배와 예속도 받지 않게 되여야 한다. 나라와 민족의 자주성을 실현하자면 자주, 자립, 자위의 혁명적원칙을 지켜야 하며 쌀은 바로 그것을 관철할수 있게 하는 수단으로 된다.

정치에서 자주를 실현하자면 농사를 잘 지어 쌀문제부터 자체로 풀어야 한다. 식량문제를 자체로 풀지 못하면 정치에서 자주를 실현하는데서 나서는 문제들을 제대로 해결할수 없게 된다. 식량문제를 자체로 풀지 못하면 발전된 나라라고 하여도 다른 나라에 정치, 군사적으로 예속되게 되며 대외관계에서 완전한 자주권과 평등권을 행사할수도 없게 된다.

경제에서 자립을 실현할수 있는 중요한 물질적담보의 하나는 쌀이다. 쌀은 자립적민족경제건설을 다그치고 실현하기 위한 중요한 수단이다. 우리 나라의 력사적경험은 쌀을 많이 생산하여 먹는 문제부터 푸는것이 자립적민족경제를 건설하고 발전시킬수 있는 밑천을 마련하는것으로 되며 쌀이 있어야 경제에서 자립을 실현할수 있다는것을 보여주고있다.

국방에서 자위를 실현할수 있는 힘있는 수단의 하나도 역시 쌀이라고 말할수 있다. 쌀문제를 자체로 해결하여야 군량미를 넉넉히 대주어 자위적무장력을 강화할수 있으며 전군을 간부화하고 현대화하며 전민을 무장시키고 전국을 요새화하여 전인민적, 전국가적방위체계를 세우는 사업도 잘할수 있다.  쌀문제를 자체로 해결하여야 또한 전체 인민들과 군인들을 당과 수령에 대한 충실성, 사회주의애국주의사상으로 튼튼히 무장시키고 인민군대의 정치사상적우월성을 높이 발양시키며 국방공업을 빨리 발전시키고 후방을 강화하는 사업도 잘할수 있다.

올해 농사를 천하지대본으로 틀어쥐고 인민들의 먹는 문제 해결에서 획기적인 전진을 이룩하기 위해서는 첫째로, 농업부문일군들과 근로자들이 당의 농업혁명방침관철에서 주인다운 책임과 역할을 다하며 자체로 농사를 짓기 위한 투쟁을 힘있게 벌려나가야 한다.

우리 당의 농업혁명방침은 실천을 통하여 그 정당성과 생활력이 뚜렷이 확증되고있다. 당의 농업혁명방침을 철저히 관철해나가는 여기에 알곡생산을 끊임없이 늘여 인민들의 먹는 문제해결에서 획기적인 전진을 이룩할수 있는 기본담보가 있다.

농촌경리부문에서 당의 농업혁명방침을 유일한 지도적지침으로 삼고 일관성있게 관철해나가는데서 주인다운 책임과 역할을 다하기 위해서는 자기들에게 맡겨진 혁명임무는 어디까지나 자신이 책임지고 끝까지 해내고야 말겠다는 높은 사상적각오를 가지고 농업혁명방침관철에 필요한 과학기술지식과 높은 기술기능, 경영관리능력을 소유하여야 하며 맡겨진 혁명과업을 제기일에 끝까지 관철하는 혁명가적기풍을 가져야 한다.

둘째로, 농촌경리부문에서는 농업발전의 전망에 대한 신심을 가지고 알곡생산을 훨씬 높일수 있는 과학적인 영농방법을 적극 받아들여야 한다.

오늘 우리 나라 농촌은 위대한 수령님의 주체적인 사회주의농촌건설사상과 현명한 령도에 의하여 세기적인 락후에서 벗어나 사회주의문화농촌으로 전변되였으며 우리의 농업근로자들은 농촌에 깊이 뿌리내린 사회주의적집단경리를 자기들의 삶의 터전으로, 보금자리로 여기고 사회주의농촌건설에서 높은 정치적열의와 로력적헌신성을 발휘하고있다.

위대한 장군님의 정력적인 지도와 현명한 령도밑에 최근 몇해동안에 대규모 토지정리사업이 성과적으로 추진되여 나라의 모든 토지가 사회주의조선의 땅답게 그 형태와 규모가 근본적으로 달라졌으며 농업혁명방침이 철저히 관철되여 종자혁명이 성과적으로 추진되고 감자농사, 두벌농사, 콩농사에서 새로운 전진이 이룩되였다. 또한 우리 나라에 개천-태성호물길과 백마-철산물길이 완공됨으로써 현대적인 자연관개물길이 마련되고 도처에 현대적인 축산과 가금기지가 개건확장되여 튼튼히 꾸려졌다.

이 모든것은 우리 농업을 새로운 발전단계에로 전진시킬수 있는 물질적토대로 되며 우리 농업부문일군들과 근로자들에게 커다란 신심과 고무를 주는 위대한 창조물이다.

농업부문의 일군들과 근로자들은 농업발전의 전망에 대한 확고한 신심을 가지고 우리 나라의 자연기후적조건과 토양조건에 맞는 과학적인 영농방법인 주체농법을 적극 받아들여 농업생산에서 새로운 변혁을 가져와야 한다.  

셋째로, 농업의 련관부문들에서 농업생산에 필요한 영농물자와 자재들을 최우선적으로 보장해주어야 한다.

농업생산과정은 영농물자와 자재의 소비과정이다. 농업생산은 시기성을 요구하는 특성을 가지고있는것만큼 농사에 필요한 영농물자와 자재를 제때에 질량적으로 보장하는것을 어길수 없는 하나의 법칙으로 요구하게 된다.

올해 농업생산의 련관부문인 비료공장들과 농기계공장들의 책임성과 역할을 더욱 높이는것과 함께 농장들에서 자체로 유기질비료와 미생물비료생산을 늘이기 위한 투쟁을 힘있게 벌려나가야 한다.

농업부문의 련관 기관, 기업소들과 농업부문의 지도일군들은 영농물자와 자재의 보장정도에 따라 농업생산의 성과가 좌우된다는것을 깊이 명심하고 그 실현을 최우선적으로 집행하는데서 높은 책임성을 발휘하여야 한다.

넷째로, 농촌경리부문에서는 위대한 수령님과 경애하는 장군님의 령도업적이 깃들어있는 미루벌을 튼튼한 알곡생산기지로 꾸려야 한다.

미루벌을 튼튼한 알곡생산기지로 꾸리려는것은 위대한 수령님과 경애하는 장군님의 확고한 의도이며 결심이다.

미루벌을 찾으신 위대한 수령님께서는 이곳 인민들의 생활형편을 료해하시고 어떻게 하면 그들의 생활수준을 높이겠는가 하는것을 구상하시고 그 실현을 위한 여러가지 대책을 취해주시였다.

위대한 수령님의 구상과 의도를 꽃피워나가시는 경애하는 장군님께서는 미루벌을 우리 나라의 알곡생산기지로 꾸릴 구상을 펼쳐주시고 그 실현을 위하여 전선시찰의 바쁜시간을 내시여 온갖 조치와 대책을 끊임없이 취해주고 계신다.

경애하는 장군님께서는 미루벌을 튼튼한 알곡생산기지로 전환시키는 중요한 사업으로 미루벌에 대자연흐름식물길을 건설하도록 하시고 여기에 배치할 작물들의 품종을 지적해주시였으며 우량한 작물품종들의 종자를 마련해주시고 그 시험포전까지 찾으시여 구체적인 가르치심을 주시였다.

미루벌이 우리 나라의 튼튼한 알곡생산기지로 전변되여 세상사람들을 놀래우게 될 날은 멀지 않았다.

농업부문의 일군들과 근로자들은 위대한 수령님과 경애하는 장군님의 령도업적이 깃들어있는 미루벌을 알곡생산기지로 꾸리기 위한 투쟁에서 혁명적군인정신과 자력갱생의 혁명정신을 높이 발휘하여야 한다.",KJI,marketization_adjustment,2000s,6.992096427415888
"기관, 기업소재정규률의 본질적요구와 특징",서은하,2011,1,869,"현시기 기관, 기업소재정규률을 강화하는것은 국가예산을 정확히 집행하며 선군시대경제건설에 필요한 자금을 원만히 보장할뿐아니라 기관, 기업소들의 독립채산제를 바로 실시하여 사회주의계획경제의 우월성을 높이 발양시키고 강성대국건설을 하루빨리 앞당기도록 하는데서 중요한 방도의 하나이다.

위대한 령도자 김정일동지께서는 다음과 같이 지적하시였다.
《…재정규률을 강하게 세워야 하겠습니다.》  

기관, 기업소재정규률은 모든 기관, 기업소들이 계획적재생산과정을 위해 화페자금을 분배리용하는 과정에 준수하여야 할 규률이다.

재정규률은 국가규률의 한 측면으로서 기관, 기업소재정규률은 기업소재정계획을 어김없이 집행하기 위한 규률이며 모든 기관, 기업소들과 일군들이 례외없이 복종하고 의무적으로 지켜야 할 행동규범이다.

모든 기관, 기업소들이 재정규률을 지키는데서 중요한것은 그 본질적요구를 잘 아는것이다.

그것은 재정규률이 자금리용과 통제의 기준이며 기업소재정규률을 지켜야만 벌어들인 돈을 지정된 목적에 가장 합리적으로 쓸수 있기때문이다. 또한 모든 기관, 기업소들이 재정규률을 강화하는데서 옳은 방법론을 가지고 이 사업을 편향없이 성과적으로 밀고나갈수 있는것과 관련된다.

기관, 기업소재정규률의 본질적요구는 무엇보다도 기관, 기업소들이 기업관리운영에 필요한 화페자금을 계획에 예견된 방법대로 형성하도록 하는것이다.

기관, 기업소들의 경영활동과정에는 생산물판매수입, 봉사수입, 건설 및 대보수공사수입 등 여러가지 형태의 화페수입이 이루어진다.

재정규률은 기업소들이 재정수입을 마련하는데서 국가의 지도와 통제에서 벗어나 자의대로 경영활동을 진행하는것이 아니라 계획에 예견된대로 제품을 생산하며 공사를 진행하는 방법으로 화페자금을 마련할것을 요구한다.

사회주의경제는 계획경제이며 이것은 전체 인민경제적규모에서 생산의 효과성을 높이고 총체적인 로동지출의 절약, 경제발전의 높은 속도를 확고히 담보한다. 계획경제는 모든 부문, 모든 단위에서 계획에 예견된 제품을 생산하거나 봉사를 진행하며 공사도 계획대로만 할것을 요구한다.

만일 화페수입을 늘인다고 하면서 저마다 수익성이 높은 제품만을 생산한다거나 할수 없게 되여있는 봉사활동을 벌리는 등 경영활동을 제마음대로 한다면 비록 해당 단위에서는 일정한 리익을 얻을수 있지만 전인민경제적인 범위에서 볼 때에는 계획규률이 헝클어지고 경제적실리가 보장되지 못하는 후과가 초래될수 있다.

그러므로 기업소들에서 재정규률을 철저히 지키면서 화페수입을 늘이기 위하여서는 생산을 늘이고 절약투쟁을 강화하는 방법으로 경영활동을 진행해나가야 한다.

기관, 기업소재정규률의 본질적요구는 다음으로 모든 기관, 기업소들에서 마련된 화페자금을 계획에 규정된 용도대로만 지출하도록 하는것이다.

사회주의하에서 기관, 기업소들은 생산의 결과로 형성되는 화페자금을 계획적으로 분배하고 리용하게 된다. 기관, 기업소의 화페수입에서 감가상각비와 원료, 자재비 등 물질적지출이 보상되며 생활비도 지불되고 사회순소득의 일부는 국가예산에 납부된다. 기관, 기업소의 화페수입은 또한 기업소기금과 상금기금 등의 형태로 기업소에 남아 여러가지 필요한 지출에 리용되게 된다.

기관, 기업소들에서 이루어지는 모든 화페적지출은 그것이 어디에 어떤 형태로 이루어지든 철저히 국가적으로 유일적으로 규정된 질서와 방법대로만 다시말하여 계획에 규정된 용도대로만 진행되여야 한다.

기관, 기업소들에서 마련된 화페자금을 계획에 규정된 용도대로만 지출한다고 할 때 그것은 화페자금을 계획에 따라 쓰게 되여있는 항목에만 지출하며 또 규정된 량만큼만을 지출한다는것을 의미한다.

사회주의사회에서는 어떤 자금이든지 그 조성과 리용이 계획에 예견되여있고 그 용도가 지적되여있다. 만약 재정규률을 위반하여 자금을 지정된 목적에 쓰지 않고 다른데 돌려쓴다면 계획된 생산과 건설을 하지 못하게 되는것은 물론 인민경제계획수행과 재정계획수행에 혼란을 주게 된다.

기관, 기업소의 재정규률은 일련의 특징들을 가지고있다.

기관, 기업소재정
										규률의 특징은 무엇보다도 그것이 근로인민대중자신에 의하여 준수되는 자각적인 규률이라는것이다.

이것은 사회주의사회의 본질적우월성에 의하여 규제되는 특징으로서 우리 사회에서 기관, 기업소재정규률준수의 기본담당자를 규정한다.

사회주의사회는 근로인민대중이 모든것의 주인으로 되며 모든것이 인민대중을 위하여 복무하는 세상에서 가장 우월한 사회이다. 사회주의하에서 재정규률을 준수하는 목적도 근로인민대중의 자주적인 요구와 리익을 위해서이다. 인민대중은 생산수단의 주인으로서의 자기의 지위와 권리를 보호하고 유지하려는 목적으로부터 출발하여 기관, 기업소들의 재정활동과 관련한 정연한 제도와 질서를 세우게 되며 그를 침해하는 현상을 반대하여 투쟁하게 된다.

물론 사회주의사회에서 기관, 기업소들의 재정활동과 관련한 규범과 규정들을 작성발표하는 직접적인 담당자는 국가이다. 사회주의국가는 자기의 경제조직자적기능과 역할로부터 출발하여 기관, 기업소들의 재정관리제도와 질서를 세우며 그를 강화하기 위하여 해당한 검열과 통제를 실시한다. 그러나 이것은 기관, 기업소재정규률이 근로인민대중에 의하여 준수되는 자각적인 규률이라는것과 모순되지 않는다.

사회주의하에서 국가는 인민대중의 요구와 리익을 가장 포괄적으로 대표하는 정치조직이다. 사회주의국가가 제정하는 모든 법과 규정들이 그러한것처럼 기관, 기업소재정관리규범과 질서도 인민대중의 요구와 리익을 반영한것이다. 또한 국가에 의하여 진행되는 재정검열과 통제들도 전체 생산자대중의 요구와 리익에 따른것이다.

이와는 반대로 자본주의사회에서 기업의 재정규률은 생산자대중에 의하여서가 아니라 극소수 자본가들에 의하여 유지된다. 자본주의하에서 근로대중은 경제관리의 주인이 아니라 그 대상에 불과하다. 이것은 재정관리사업에서도 마찬가지이다. 자본주의기업들에서 생산자대중은 자본가계급의 리익을 실현시켜주는 도구, 자본가들에게 유리하게 규정된 재정규률에 맹목적으로 순응하여야만 하는 존재이다. 때문에 자본주의사회에서 근로대중에 의하여 자각적으로 준수되는 재정규률에 대하여서는 생각할수도 없다.

사회주의하에서 기관, 기업소재정규률이 근로인민대중에 의하여 자각적으로 준수되는 규률이라는 특징은 기관, 기업소들에서 재정규률을 강화하기 위한 사업에서 근로자들의 정신력, 그들의 혁명적열의와 창조적적극성을 적극 발양시키는것을 기본으로 틀어쥐고나갈것을 요구한다.

기관, 기업소재정규률의 특징은 다음으로 그것이 인민경제계획규률에 의하여 규제되는 속성을 가진다는것이다. 이것은 사회주의계획경제의 특성에 의하여 규제되는 특징으로서 사회주의경제운영에서 재정규률의 지위를 규정한다.

사회주의경제의 가장 중요한 특징은 그것이 계획적으로 운영된다는것이다. 계획경제는 인민경제 모든 부문, 모든 단위의 경제활동이 다 국가에 의하여 법화된 계획에 따라 진행될것을 요구한다. 사회주의하에서 인민경제계획은 곧 법으로 되며 그 누구도 계획을 어기거나 변경시킬수 없다.

이로부터 사회주의하에서 계획규률은 경제를 사소한 편향이 없이 옳게 운영해나갈수 있게 하는 중요담보로 되며 재정규률은 계획규률을 보장하기 위한 수단의 하나로서만 의의를 가진다.

사회주의하에서 기관, 기업소재정규률의 이러한 특징은 기관, 기업소재정관리규범을 작성하거나 변경시킴에 있어서 모든것을 계획규률을 더 잘 지킬수 있도록 하는데 철저히 지향시키며 재정검열이나 총화도 인민경제계획을 원만히 보장할수 있도록 하는 방향에서 진행할것을 요구한다.

기관, 기업소재정규률의 특징은 또한 그것이 기관, 기업소경영활동전반과 관련되여있는 규률이라는것이다.

기관, 기업소의 재정규률은 기관, 기업소의 모든 단위와 개별적성원들의 활동을 규제하며 또 경영활동의 모든 고리를 다 포괄하는 행동질서로 된다. 그것은 기관, 기업소의 모든 경영활동이 화페자금의 운동과 결부되여있기때문이다.

경영활동에 필요한 고정재산을 마련하고 리용하는 과정도 화페자금의 운동을 동반하며 또 원료, 자재를 구입하고 생산물을 생산하는 과정과 제품을 판매하는 과정도 화페자금의 운동을 동반한다. 또한 생산자들의 로동력을 생산과 건설에 효과적으로 리용하는 과정도 화페자금의 운동을 떠나서 고찰할수 없다.

이로부터 재정규률은 기계설비를 비롯한 고정재산의 리용과 원료, 자재의 소비, 제품의 판매와 로동력의 동원리용을 포함한 경영활동의 모든 분야와 다 관련되여있다고 말할수 있다. 다시말하여 재정규률은 단지 화페의 수납과 지출에 관한 규률이 아니라 설비관리와 자재관리, 로력관리와 제품관리에 이르기까지 경영활동의 전반에서 준수하여야 할 행동질서이라는것이다.

기관, 기업소재정규률이 가지는 이러한 특징은 기관, 기업소의 경영활동을 짜고들어 독립채산제를 옳게 실시하며 경제사업에서 실리를 보장하기 위한데서 재정규률을 강화하는데 응당한 의의를 부여하며 재정규률을 강화하기 위한 사업을 중단함이 없이 계속 밀고나갈것을 요구한다.

모든 일군들과 근로자들은 기관, 기업소재정규률의 본질과 특징을 잘 알고 재정규률을 강화하는 사업을 중요한 사업으로 틀어쥐고나감으로써 기업관리를 짜고들고 강성대국건설에 필요한 자금을 원만히 보장하도록 하는데 적극 이바지하여야 할것이다.",KJI,marketization_adjustment,2010s,6.76849321164863
자력갱생의 혁명방식을 구현하는것은 사회주의자립경제의 잠재력을 남김없이 발양시키기 위한 중요방도,박철,2009,4,749,"올해 공동사설에서는 선군의 불길속에서 다지고 다져온 사회주의자립경제의 잠재력을 남김없이 동원하여 선군시대의 총진군속도를 창조할데 대한 과업을 제시하였다.

자립적민족경제의 잠재력을 남김없이 동원하여 선군시대의 총진군속도를 창조하기 위한 중요한 방도의 하나는 모든 부문, 모든 단위에서 자력갱생의 혁명정신을 더욱 높이 발양하는것이다.

위대한 령도자 김정일동지께서는 다음과 같이 지적하시였다.
《우리는 자력갱생의 기치밑에 강성대국을 건설해나가야 합니다.》

자력갱생은 자체의 힘으로 혁명을 끝까지 하려는 혁명정신이고 혁명적립장이며 투쟁원칙이고 기풍이다.

자력갱생은 우리의 고유한 혁명방식이며 우리에게 이보다 더 좋은 방식은 없다.

사회주의경제건설의 담당자, 주인은 그 나라 인민대중인것만큼 경제건설에서 나서는 모든 문제는 마땅히 자력갱생의 원칙에서 자체의 힘으로 풀어나가야 한다.

특히 사회주의경제강국건설에서 이미 마련된 경제적잠재력에 의거하고 그것을 효과적으로 리용하는것 자체가 제힘을 믿고 자체힘에 의거하는 자력갱생인것만큼 남에게 의존하는것을 결정적으로 배격하고 자력갱생의 혁명방식을 철저히 구현하여야 한다.

경제적잠재력의 남김없는 동원리용에서 자력갱생의 혁명방식을 구현하여야 하는것은 우선 사회주의경제강국건설에서 사람들의 정신력이 기본으로 되는것과 관련된다.

자립적민족경제토대의 잠재력에 의거하여 경제강국을 건설하는데는 여러가지 요인들이 작용한다. 우리는 주체사상의 원리에 기초하여 경제강국을 건설하는데서 객관적인 물질적면보다 사상정신적면을 중요하게 보아야 한다.

경제적잠재력을 동원리용하여 경제강국을 건설하는데서 기본은 사람들의 정신력, 군대와 인민의 사상정신상태이다.

인민경제의 모든 부문, 모든 단위에서는 사상이 모든것을 결정하며 사람들의 사상만 발동하면 못해낼 일이 없다는 주체의 사상론으로부터 출발하여 사람들의 정신력을 기본으로 하고 자력갱생을 원동력으로, 투쟁방식으로 하여 경제적잠재력의 매 구성요소들을 개선강화하고 그 위력을 적극 발양시켜야 한다.

경제적잠재력의 남김없는 동원리용에서 자력갱생의 혁명방식을 구현하여야 하는것은 다음으로 우리가 건설하는 사회주의경제강국의 주체적성격과 관련된다.

우리가 건설하는 강성대국은 자력갱생의 강성대국이며 오늘의 대고조는 자력갱생의 대고조이다.

강성대국건설은 우리가 주인이 되여 이 땅우에 우리 인민의 힘과 기술, 자체의 자원으로 자립적경제강국을 일떠세우기 위한 사업이다. 강성대국을 건설하는 과정에는 여러가지 난관이 제기될수 있고 부족한것도 많고 없는것도 적지 않지만 그렇다고 하여 그것을 남에게 의존하여 풀어나갈수는 없다.

우리는 이미 마련된 자립적민족경제토대의 잠재력과 밑천에 의거하여 나라의 경제를 활성화하고 우리 식의 경제강국, 자력갱생의 경제강국을 건설하여야 한다.

자력갱생의 투쟁기풍을 높이 발휘하는 길에서만 경제의 자립성과 주체성이 철저히 보장된 자주적인 경제강국을 일떠세울수 있다.

경제의 자립성과 주체성은 모든 경제적잠재력을 최대한 탐구동원하여 자기 나라의 실정에 맞게 경제를 발전시키며 제국주의자들의 온갖 도전을 물리치고 사회주의사회의 본성적요구에 맞게 인민들에게 자주적이며 창조적인 물질문화생활을 보장해줄수 있게 한다. 자립적이며 주체적인 경제는 우리 나라가 정치사상강국, 군사강국의 지위를 더욱 공고히 해나갈수 있게 하는 담보로 된다.

사회주의경제강국의 중요한 담보인 경제의 자립성과 주체성을 철저히 보장하기 위해서는 자력갱생의 기치를 더욱 높이 들고나가야 한다. 자기 힘으로 혁명을 해나가려는 높은 각오를 가지고 경제적잠재력의 모든 요소들을 개선강화하고 확대해나갈 때 남에게 예속되지 않고 제발로 걸어나갈수 있으며 자기 나라의 자원과 자기의 힘에 의거하여 자기 나라의 실정에 맞게 발전하는 경제를 건설할수 있다.

경제적잠재력의 남김없는 동원리용에서 자력갱생의 혁명방식을 구현하여야 하는것은 다음으로 우리 나라 경제건설의 현실적조건과 관련되여있다.

우리는 선군혁명총진군을 힘있게 벌려 강성대국건설의 
										전환적국면을 열어놓았다.

그러나 우리가 강성대국의 면모를 전면적으로 갖추기 위하여서는 하루빨리 나라의 경제를 강국의 지위에 올려세워야 한다.

지금 나라의 경제가 확고히 상승의 길에 들어섰지만 우리에게는 아직 자금과 에네르기를 비롯하여 부족한것도 있고 여러모로 어려운 문제들이 제기되고있다.

특히 제국주의반동들의 경제적봉쇄와 《개혁》, 《개방》책동이 더욱 악랄해지고있는 조건에서 자력갱생의 혁명방식을 구현하는것은 사활적인 요구로 제기되고있다.

겹쌓이는 시련과 난관을 뚫고 전진하여온 우리 나라 사회주의경제건설의 력사적경험은 자기 인민의 힘을 키우고 자력갱생하는 길만이 승리의 길이며 우리의 미래는 전적으로 우리 자신의 노력에 달려있다는것을 실증하여주고있다.

우리는 오늘의 시대적요구에 맞게 자력갱생의 혁명방식, 투쟁방식을 철저히 구현하여 경제적잠재력을 남김없이 동원리용함으로써 경제강국건설을 위한 총돌격전을 힘있게 벌려야 한다.

전체 인민이 백두의 혁명정신과 그것을 계승한 혁명적군인정신을 사상정신적원천으로 하여 어떤 일이 있어도 우리의 힘과 기술, 우리의 자원으로 우리 인민을 위하여 복무하는 경제를 건설하고 내 나라를 부강하게 하겠다는 투철한 각오를 가지도록 하여야 한다. 여기서는 우리의 사회주의자립경제와 자력갱생이 제일이라는 확고한 신념을 가지고 우리 조국이 주체의 사회주의강국으로 비약하게 한 자력갱생의 기상으로 생산과 건설의 모든 분야에서 일대 비약을 일으키도록 하는것이 중요하다.

경제적잠재력의 남김없는 동원리용에서 자력갱생의 혁명방식을 구현하기 위하여서는 현대적과학기술에 기초한 자력갱생을 하여야 한다.

현시대는 과학과 기술의 시대이다.

오늘의 자력갱생은 시대적요구에 맞게 현대적과학기술에 기초한 자력갱생으로 되여야 한다. 자력갱생한다고 하면서 낡고 뒤떨어진것을 창의고안하는것은 오늘의 자력갱생과 인연이 없다.

현대적과학기술에 기초한 자력갱생을 하자면 당의 과학기술중시로선의 요구를 철저히 관철하여야 한다. 인민경제의 모든 단위에서 과학기술중시를 강성대국건설의 3대기둥의 하나로 내세운 당의 의도에 맞게 과학기술에 철저히 의거하여 경제적잠재력을 효과적으로 동원리용하는것이 중요하다.

우리 자체로 새 과학기술을 연구개발하는 사업과 다른 나라의 선진기술을 우리 실정에 맞게 받아들이는 사업을 잘 배합하며 핵심기초기술을 빨리 발전시키고 그 성과에 토대하여 현존경제토대의 기술장비를 현대화하는데 큰 힘을 넣어야 한다. 특히 경제적잠재력을 효과적으로 리용하는데서 과학기술적으로 걸린 문제, 가장 긴절한 문제들을 푸는데 력량을 집중해서 해결하는것이 중요하다.

경제적잠재력의 남김없는 동원리용에서 자력갱생의 혁명방식을 구현하기 위하여서는 경제적실리를 보장하는 자력갱생을 하여야 한다.

경제적실리는 경제적효과성에서 중요하게 나타난다. 경제적효과성은 생산과 건설을 위한 로동지출과 그 경제적결과를 대비한것으로서 여러가지 자원들의 리용수준과 생산요소들의 결합, 기술공정의 합리적인 조직수준을 특징짓는다.

새것을 창조한다고 하면서 자재와 동력 등 소비에서 손실을 주면서 자력갱생하는것을 허용하지 말아야 하며 자력갱생에서도 결정적으로 실리보장에로 나가야 한다.

자력갱생하여 경제적잠재력을 남김없이 동원리용하는데서는 경제기술적으로 유리한 측면과 불리한 측면을 다 고려하여 있을수 있는 손실을 구체적으로 따지고 원가와 원단위소비기준을 잘 타산하여 설비와 생산공정리용의 경제적효과성을 정확히 확정하여야 한다.

모든 부문, 모든 단위에서는 자력갱생을 하는데서 로력, 자재, 전력소비를 구체적으로 타산하고 실리적견지에서 기본알맹이를 쥐고 생산잠재력을 리용하기 위한 생산조직, 로력조직을 짜고들어 생산과 건설, 관리운영이 보다 효률적으로 되게 하고 인민들이 그 결과의 덕을 실질적으로 보게 하여야 한다.",KJI,marketization_adjustment,2000s,6.620073206530356
자본주의경기순환에 대한 연구,황경오,2004,4,1075,"자본주의경기순환에 대한 연구를 심화시키는것은 자본주의경제의 모순과 취약성을 바로 인식하는데서 중요한 문제의 하나로 나선다.

위대한 수령 김일성동지께서는 다음과 같이 교시하시였다.
《…자본주의경제는 생산이 오르내리며 몇해에 한번씩 주기적으로 경제위기를 겪게 됩니다.》(《김일성저작집》 30권, 123페지)

자본주의경제에서 경기는 공황, 불경기, 활기증진, 호경기의 네 국면으로 이루어지며 그것은 끊임없이 반복, 갱신된다. 공황, 불경기, 활기증진, 호경기로 이루어지는 경기국면들의 반복, 갱신을 경기순환이라고 한다. 경기순환은 그 기간으로 볼 때 한 공황의 시초로부터 다음 공황의 시초에 이르는 기간을 포괄하며 이로부터 경기순환의 주기와 경제공황의 주기는 일치하게 된다. 자본주의적재생산은 공황, 불경기, 활기증진, 호경기의 국면들을 순차적으로 거치면서 진행되며 자본주의적재생산과정은 곧 경기순환과정으로 된다.

자본주의경제에서 경기는 중요하게 수요와 공급의 호상관계에 의하여 규정된다. 수요와 공급의 호상관계는 자본주의시장경기를 규정하는 주되는 요인이다.

수요와 공급의 호상관계에 따라 경기가 회복되기도 하고 후퇴하기도 한다.

수요와 공급사이의 간격이 줄어들면 경기가 회복되고 수요와 공급사이의 간격이 벌어지면 경기는 후퇴한다. 다시말하여 경기가 회복된다는것은 상품의 생산과 지불능력있는 수요사이의 간격이 줄어든다는것이며 경기가 후퇴한다는것은 상품의 생산과 지불능력있는 수요사이의 간격이 벌어진다는것이다. 자본주의시장경기를 규정하는 수요와 공급사이의 호상관계는 자본주의적재생산에 영향을 주는 모든 요인들의 작용밑에 설정된다. 고정자본의 갱신과 가격의 변동, 신용과 화페류통, 임금수준과 취업률, 경제의 군사화와 대외시장 등 일련의 요인들의 복잡한 호상작용속에서 수요와 공급사이의 호상관계가 설정되며 그에 따라 경기들이 규제되고 경기순환의 길이가 좌우되게 된다.

수요와 공급사이의 호상관계는 구체적으로 상품의 생산과 지불능력있는 수요사이의 관계로 나타난다.

자본주의하에서 상품의 생산은 생산적수요의 조성을 전제로 하여 생산적수요의 조성에 기초하여 상품이 생산되고 리윤이 취득된다. 자본주의하에서 생산적수요를 조성하는데 중요한 작용을 하는것은 무엇보다도 고정자본의 갱신이다. 고정자본의 갱신은 기계설비와 같은 생산수단을 생산하는 부문뿐아니라 그와 련관된 생산부문들에도 새로운 생산적수요를 불러일으킴으로써 생산을 확대하고 경기회복에 작용한다. 이로부터 자본가들은 고정자본의 갱신을 경제적침체에서 벗어나고 경기를 회복시키기 위한 중요한 수단의 하나로 리용한다. 고정자본의 갱신은 자본의 새로운 투자를 전제로 한다. 자본가들은 새로운 자본투자에 기초하여 고정자본을 대대적으로 갱신하는 방법으로 불경기에서 벗어나며 활기증진과 호경기시기에도 자본의 추가적인 투자에 의거하여 생산능력을 확대하고 새롭게 조성하는데로 나간다.

오늘 고정자본의 갱신주기는 과학기술의 갱신주기가 단축되는데 따라 끊임없이 단축되고있다. 제2차세계대전 이전시기 30~40년이던 새 기술의 갱신주기는 지금 2~3년으로 짧아지고 있다.

경제의 군사화도 자본주의하에서 생산적수요를 조성하는데 중요한 작용을 한다. 부르죠아국가의 군수품주문은 직접적인 군수품생산부문과 그와 련관된 생산부문들에 새로운 생산적수요를 제공함으로써 이 부문들에서의 생산발전을 추동하며 사회적생산의 일정한 부분을 군수생산부문에로 돌리게 함으로써 상품과 생산능력의 《과잉》현상을 일시적으로 《해소》시킬수 있게 한다. 이로부터 부르죠아국가와 자본가들은 경제의 군사화를 경제적침체에서 벗어나고 경기를 회복시키기 위한 중요한 수단의 하나로 리용하며 경제의 군사화를 불경기시기에만 아니라 활기증진과 호경기 시기에도 계속 벌리는데로 나가게 된다. 2000년대에 들어와 미행정부가 군비경쟁과 경제의 군사화를 발광적으로 벌려놓고있는것도 중요하게 침체에 빠진 경제를 추세우려는것과 관련된다. 2002회계년도 미국의 군사비지출액은 3,480억US$로서 최대규모에 달하였다. 경제의 군사화에 따르는 생산능력의 확대는 추
										가적인 자본투자에 기초한 고정자본의 갱신을 동반하며 경제의 군사화는 고정자본갱신과의 호상련관속에서 경기순환에 작용한다.

대외시장도 자본주의하에서 생산적수요를 조성하는데 중요한 작용을 한다. 대외시장은 대외에서의 상품수요의 조성을 통하여 자본가들에게 새로운 생산적수요를 제공함으로써 상품의 생산능력을 확대하고 생산을 늘일수 있게 하며 생산물의 일정한 부분을 대외에서 실현함으로써 국내에서 상품의 《과잉》현상을 일시적으로 《완화》시킬수 있게 한다. 이로부터 자본가들은 대외시장을 확보하는것을 경기를 회복하고 경제를 추세우기 위한 중요한 수단의 하나로 리용한다. 자본가들이 대외시장의 확보를 중요한 요구로 내세우는 리유의 하나가 여기에 있다. 2000년대에 들어와 경제적침체가 더욱 우심하여지고 있는가운데 자본주의렬강들은 상품시장과 자본시장을 쟁탈하기 위한 치렬한 싸움을 벌려놓고있다. 대외에서의 상품수요충당을 위한 생산능력의 확대는 고정자본의 갱신을 동반하게 되며 대외시장은 고정자본의 갱신과의 호상련관속에서 경기순환에 영향을 주게 된다.

자본주의사회에서 새로운 생산적수요의 조성에 기초한 생산의 확대는 생산수단을 구입하는데 필요한 자본과 함께 로동력을 구입하는데 필요한 자본의 추가적인 투하를 전제로 한다. 그러므로 생산이 확대되는데 따라 로동력에 대한 수요는 늘어나게 된다. 이것은 공황으로 인한 실업인구의 일부를 생산에 인입할수 있게 함으로써 근로자들의 취업조건을 일시적이나마 개선한다. 생산의 확대에 따라 로동력에 대한 수요가 늘어나면 대폭 저락된 임금수준도 서서히 오르게 되며 그에 따라 구매력이 점차 늘어나게 된다. 이것은 상품의 실현난을 일시적으로 《완화》하고 상품 및 화페류통이 활기를 띠게 하며 가격도 오르고 신용도 점차 확대되게 된다.

이 모든것은 생산확대에 작용하여 생산발전을 추동한다. 결과 공황시기와 불경기시기에 크게 벌어졌던 상품의 생산과 지불능력있는 수요사이의 간격이 점차 줄어들게 되며 경기는 호전되고 활기증진과 호경기에로 넘어가게 된다.

활기증진과 호경기 시기에 자본가들은 더 많은 상품을 팔아 리윤을 증식할 목적으로 생산을 일방적으로 확대하는데로 나가며 이것은 근로자들에 대한 가혹한 착취를 동반함으로써 그들의 지불능력있는 수요를 억제한다. 결과 경기는 악화되고 새로운 보다 심각한 공황이 일어나게 된다.

이 모든것은 시장경기의 동태가 상품의 생산과 지불능력있는 수요사이의 호상관계문제에 귀착되며 시장경기를 규정하는데서 고정자본의 갱신규모와 속도, 경제군사화의 수준, 대외시장용량의 크기 등이 중요한 영향을 미치게 된다는것을 보여준다. 고정자본의 갱신규모와 속도, 경제군사화의 규모, 대외시장용량은 상품류통과 신용, 임금수준과 취업 등에 중요한 영향을 미치며 량자사이의 호상작용속에서 경기국면들이 규제되고 교체되며 경기순환의 길이가 좌우되게 된다.

자본주의경기순환에 대한 고찰은 자본주의경제가 수요와 공급사이의 항시적인 불균형속에 상승과 하강기 교차되면서 맹목적으로 움직인다는것을 보여준다. 수요와 공급사이의 불균형속에서 상승과 하강의 우여곡절을 겪으면서 맹목적으로 움직이는 여기에 자본주의경제의 중요한 모순과 취약성이 있다.

그럼에도 불구하고 제국주의 대변자들은 자본주의경기순환은 부정하면서 자본주의하에서의 《공황소멸론》을 다시금 들고나오고 있다. 그들은 정보산업시대에 들어와 정보기술의 출현으로 시장적수요를 《과학적으로》 타산하고 생산을 그에 적응시킬수 있게됨으로써 공황을 극복하고 경제를 조화롭게 발전시킬수 있게 되였다고 주장한다. 이러한 주장은 자본주의경제를 미화분식하고 그 모순과 취약성을 가리우려는 궤변에 지나지 않는다.

경제공황은 자본주의사회의 필연적산물이다.

경제공황이 자본주의사회의 필연적산물로 되는것은 그것이 고용로동에 대한 자본의 착취관계와 생산의 무정부성에 기초한 생산의 사회화를 중요한 전제로 하는것과 관련된다.

사적소유에 기초한 고용로동에 대한 자본의 착취관계는 경제공황을 산생시키는 근본조건이다. 리윤증식을 위하여 자본가들은 자본을 축적하고 생산을 확대하는데로 나가며 자본의 축적에 기초한 생산의 확대는 고용로동자들에 대한 착취의 강화를 동반함으로써 그들의 구매력을 제한한다. 결과 생산의 장성에 비하여 지불능력있는 수요가 상대적으로 감소되게 되며 량자사이의 모순이 격화되면 경제공황이 폭발하게 된다. 생산의 무정부성에 기초한 생산의 사회화는 경제공황을 발생시키는 중요한 조건이다.

자본주의하에서 재산의 사회화는 자본가들 호상간에 생산과 류통, 신용 등 모든 분야에서 경제적련계를 맺고 호상 의존하지 않을수 없게 한다. 다른 한편 자본가들은 시장을 대상으로 하여 제각기 자기 경리를 운영한다. 이것은 자본주의하에서 생산의 사회화가 모순적인 과정속에서 이루어진다는것을 말하여준다. 생산의 사회화에 기초한 자본가들사이의 경제적련계는 경제가 무정부적으로 움직이는 자본주의사회의 조건에서 시장에서의 수요와 공급의 호상관계에 따라 자연발생적으로 이루어지므로 그것은 불안정성을 면치 못한다. 자본주의사회에서 수요와 공급의 호상관계는 심한 불균형으로 특징지어지며 공급과 수요, 생산과 소비사이의 모순이 축적되는데 따라 재생산은 진통을 겪게 되고 자본가들사이의 경제적련계는 파괴되게 된다.

자본가들사이의 경제적련계가 심히 파괴되면 재생산은 파탄되고 일대 경제적혼란이 일어나게 된다. 고용로동에 대한 자본의 착취관계와 생산의 무정부성에 기초한 생산의 사회화는 자본주의에 고유한것이다. 따라서 자본주의이전시기의 상품생산과 류통에서는 경제공황이 현실적인것으로 되지 못하고 가능성으로만 남아있었으며 경제공황은 자본주의시기에 와서 불가피한 필연적인 현상으로 되게 되였다. 경제공황은 그 어떤 우연적인 원인에 의한 일시적인 현상이 아니라 자본주의경제제도자체에 근원을 두고있는 항시적인 현상이며 고칠수 없는 자본주의의 고질적병집이다.

경제공황이 자본주의경제제도에 근원을 둔 자본주의에 고유한 악페인것만큼 자본주의경제제도가 존재하는한 결코 경제공황을 없앨수 없다. 경제공황은 자본주의 출현이후 주기적으로 발생하였으며 생산과 소비, 수요와 공급사이의 모순이 축적되는데 따라 그 폭과 심도가 확대심화되여왔다. 경제공황은 오늘 산업자본주의시기에 비하여 5~6년, 제2차세계대전전의 독점자본주의시기에 비하여 3~4년 그 주기를 단축하면서 보다 더 자주 반복되고있다.

정보기술이 아무리 발전하여도 자본주의사회에서는 생산의 무정부성이 지배하는 조건에서 사회적수요를 계획적으로 타산하고 수요와 공급을 적응시킬수 없으며 경제를 조화롭게 발전시킬수 없다. 자본주의사회에서 정보기술의 발전은 정보기술을 둘러싼 자본가들사이의 약육강식의 경쟁을 격화시키고 생산의 무정부성을 조장시킨다. 정보산업이 발전하였다고하는 미국에서 2000년대에 들어와 정보산업부문과 다른 산업부문들사이, 정보산업부문내에서의 불균형이 더욱 우심해지고 경제적모순들이 심화되고있다. 정보기술의 도입으로 생산은 확대되는데 지불능력있는 수요는 갈수록 억제되고있다. 정보기술을 리용한 자본주의적착취의 강화와 침략과 전쟁정책의 강화에 따르는 세금의 증대 등으로 인하여 최근 10년동안에만도 미국에서 근로자들의 실질소득은 9.3% 줄어들었다. 그리하여 미국에서 수요와 공급, 생산과 소비사이의 불균형이 보다 심화되고 경제전반이 심각한 침체에 빠져들고 있다.",KJI,marketization_adjustment,2000s,6.98100574072173
인민생활향상에서 정보기술의 발전이 노는 역할,조명호,2010,3,1046,"오늘 우리 당은 혁명적대고조의 위대한 승리에 토대하여 인민생활에서 결정적전환을 일으키기 위한 전례없이 웅대한 구상과 작전을 펼치고있다.

위대한 령도자 김정일동지께서는 다음과 같이 지적하시였다.
《정보기술발전계획을 똑똑히 세우고 정보기술발전사업을 국가의 가장 중요한 사업으로 틀어쥐고나가야 합니다.》(《김정일선집》 15권, 114페지)

인민생활을 끊임없이 높이는것은 우리 당활동의 최고원칙이며 강성대국건설의 중요한 목표의 하나이다.

우리가 나라의 군사력을 강화하고 경제강국을 건설하는것도 궁극적으로는 인민들에게 안정되고 유족한 생활을 보장해주기 위해서이다. 인민생활향상은 비단 인민들에게 유족하고 문명한 생활을 보장해주는데만 의의가 있는것이 아니라 나라의 정치군사적위력을 더욱 튼튼히 다지기 위해서도 중요한 문제로 제기된다.

인민생활을 높여야 인민들이 실생활을 통하여 당의 은덕과 사회주의의 우월성을 깊이 체득하고 당을 옹위하며 사회주의제도를 굳건히 지키기 위해 몸바쳐 투쟁하게 된다.

우리 당의 위대한 선군정치에 의하여 정치사상강국, 군사강국의 지위에 당당히 올라선 우리 나라의 현실은 나라의 정치군사적위력을 더욱 공고히 다지기 위해서도 인민생활을 빨리 높일것을 절박하게 요구하고있다.

사회주의강성대국의 지위에 맞는 인민생활은 모든 근로자들이 의식주에 대한 근심걱정을 모르고 유족하고 문명한 물질문화생활을 누리는것이다.  

정보기술을 발전시키는것은 근로자들의 로동생활, 물질문화생활을 획기적으로 향상시키는데서 중요한 역할을 한다.

정보기술의 발전은 무엇보다도 근로자들의 유족한 물질생활을 보장하는데서 중요한 역할을 한다.

인민들의 물질생활을 높이기 위해서는 생산력을 높이는것과 함께 그에 필요한 원료, 연료, 동력을 원만히 보장하여 더 많은 물질적부를 창조함으로써 인민들의 물질적수요를 원만히 보장하여야 한다.

생산력을 높이는데서 중요한것은 근로자 일인당 생산액을 끊임없이 장성시키는것이며 이것은 로동생산능률의 장성에 의하여 보장된다.

정보기술의 발전은 우선 로동생산능률의 끊임없는 장성을 이룩하여 지속적인 생산장성을 담보한다.

일반적으로 로동생산능률은 물질적부의 생산에 지출된 로동의 효과성을 특징지으며 로동생산능률이 높을수록 동일한 로동지출로도 더많은 생산물을 생산할수 있다. 로동생산능률을 제고하는데는 사람들의 사상의식과 사회제도의 우월성과 함께 생산력발전수준, 경제관리수준 등 여러가지 요인들이 작용한다.

정보기술의 발전은 인민경제의 현대화, 정보화를 실현하여 생산력을 높은 수준으로 올려세우며 경제관리를 가장 합리적으로 진행하게 함으로써 로동생산능률을 비약적으로 높일수 있게 하는 중요한 요인이다.

정보기술은 생산과 경영활동을 현대화, 지능화하여 산로동의 지출을 최소화하고 과학기술발전과 생산의 일체화를 실현하여 과학기술의 끊임없는 발전에 의해 로동생산능률의 끊임없는 장성을 이룩하도록 한다.

CNC공작기계들은 일반제품을 생산할 때는 일반공작기계에 비하여 5~10배, 복잡한 제품을 생산할 때는 100배까지의 생산능률을 발휘할수 있다.

이것은 현시기 로동생산능률장성의 기본요인이 정보기술의 발전에 있다는것을 뚜렷이 증명해주고있다.

로동생산능률의 끊임없는 장성은 곧 지속적인 생산력장성으로 이어지게 된다. 그러므로 정보기술의 발전은 현시기 생산력장성에서 가장 중요한 역할을 한다고 볼수 있다.

정보기술의 발전은 또한 생산에 필요한 원료, 연료, 동력문제를 해결할수 있는 수단을 제공한다.

생산은 원료, 연료, 동력의 소비과정이다. 사회적생산의 첫 단계를 이루는 원료와 연료, 동력생산이 원만히 보장되여야 공장, 기업소들의 모든 설비가 만부하로 돌아가고 인민경제부문들사이의 생산적련계가 이루어지게 된다. 생산물을 더 많이, 더 좋게 만들기 위하여서는 필요한 원료와 연료, 동력과 자재를 넉넉히 보장하는것이 무엇보다 중요하다.

오늘 이미 마련된 경제토대의 생산잠재력을 최대한으로 리용하여 생산을 정상화하는데서 제일 절실한것이 원료, 연료, 동력문제이다. 우리 
										인민이 자력갱생, 간고분투하여 마련해놓은 자립적민족경제의 토대가 실지 은을 내도록 하자면 원료, 연료, 동력을 제대로 대주어 공장, 기업소들의 생산을 높은 수준에서 정상화하여야 한다. 긴장한 원료, 연료, 동력문제를 해결하는 기본방도는 과학기술을 발전시키는것이다. 정보기술의 발전은 원료, 연료, 동력문제의 소비를 가장 효률적으로 진행할수 있게 하는 중요한 과학기술수단으로 되며 이 문제를 해결하기 위한 다른 과학기술연구사업에 정보적수단들을 제공한다.

정보기술은 생산에 필요한 원료, 연료, 동력소비를 최소화할수 있는 기술적수단을 제공한다.

정보기술수단들은 프로그람에 의하여 조종되며 프로그람을 최량적으로 작성하면 각이한 정황에서 매 대상의 특성에 맞게 가장 효률적인 방법으로 생산을 조종할수 있다.

정보기술의 발전은 이러한 정보기술수단들을 생산에 도입하여 생산과정을 효률적으로 조종하게 함으로써 생산에 소비되는 원료, 연료, 동력의 소비를 최소화한다. 그리고 정보기술의 발전은 원료, 연료, 동력문제를 해결하기 위한 과학연구사업에 정보적수단들을 제공하여 이 문제해결에 적극 기여하게 된다.

콤퓨터망을 통한 과학기술교류와 검색, 각종 자원개발 및 과학기술프로그람들은 원료, 연료, 동력문제를 해결하는데 적지 않게 기여한다. 콤퓨터망을 통하여 우리에게 없거나 부족한 원료와 자재를 우리에게 흔한 원료로 대신할수 있는 과학기술자료를 수집할수 있으며 연료, 동력의 소비를 최소화할수 있는 방도도 찾을수 있다.

그리고 각종 자원탐사프로그람들을 통하여 나라의 자원개발을 전망성있게 합리적으로 진행하여 원료, 연료, 동력문제해결에 적극 기여하게 된다.

 그러므로 우리가 정보적수단들에 의거하면 원료, 연료, 동력문제를 적지 않게 해결할수 있다.

정보기술의 발전은 또한 우리 인민들의 발전하는 수요에 맞게 생산물의 질을 결정적으로 높여나갈수 있게 한다. 인민들에게 유족한 물질생활을 보장하는데서 생산물의 질제고는 생산물의 량적장성에 못지 않게 중요하며 사회가 발전할수록 그 요구수준은 더욱더 높아진다. 생산물의 질은 그것을 생산하는 근로자들의 기술기능수준과 생산공정의 기술장비수준에 관계된다.

정보기술의 발전으로 생산공정이 현대화, 정보화되면 육체로동은 없어지고 기술위주의 기술로동만이 존재하게 되며 따라서 생산물은 기술기능수준이 보다 높은 근로자들에 의해 생산되게 된다. 그리고 과학과 생산이 일체화되여 과학기술의 성과가 생산에 빨리 도입됨으로써 생산물의 질이 훨씬 높아지게 된다.

현재 우리 나라에서는 콤퓨터를 비롯한 정보기술수단들이 도입되면서 전력공업과 금속공업, 건재공업, 화학공업 등 인민경제 여러 부문들의 련속공정, 흐름식생산공정들은 물론 기계공장, 경공업공장, 축산기지들도 현대화, 무인화의 전망이 열려지고 1인당 생산액, 1인당 국민소득이 비할바없이 높아지게 되였다.

이것은 생산력증산의 기본열쇠가 바로 정보기술의 발전에 있다는것을 여실히 보여준다.

이와 같이 정보기술의 발전은 생산력을 훨씬 제고하고 원료, 연료, 동력문제를 해결하는데 기여하며 제품의 질을 높임으로써 근로자들의 유족한 물질생활을 보장할수 있는 물질적조건을 지어준다.

정보기술의 발전은 다음으로 근로자들의 문명한 문화생활을 보장하는데서도 중요한 역할을 한다.

근로자들이 문명한 사회문화생활을 향유하도록 하는것은 유족한 물질생활보장에 못지 않은 사회주의국가의 중요한 임무이다.

새 세기에 들어와 교육과 문화정서생활에 대한 사람들의 요구는 끊임없이 높아졌으며 그것은 콤퓨터망과 같은 정보기술수단에 의해서 더욱 원만히 충족될수 있다.

정보기술의 도입으로 영화와 교육, 문화오락분야의 창작과 보급에서 획기적인 전변이 일어나고있다.

영화창작에서는 많은 로력과 자금이 드는 창작사업을 콤퓨터로 현실감있게 형상하고있으며 현실에서 실현할수 없는 기교들도 만들어내고있다. 다매체와 가상현실을 결합한 정보기술제품들은 교육과 오락분야에서 새로운 경지를 개척하고있다.

교육사업에 정보기술을 적극 도입하면 전자도서관, 원격교육과 같은 새로운 교육방법을 받아들여 나라의 어느 지역에서나 꼭 같은 교육조건, 학습조건이 지어지게 된다. 그리하여 모든 학생들과 근로자들이 콤퓨터를 리용하여 필요한 과학기술지식과 문학예술작품을 볼수 있으며 콤퓨터로 혁명전적지와 혁명사적지, 이름난 명승지들과 박물관들도 볼수 있다.

새로운 정보기술수단들에 의하여 근로자들은 영화관과 극장에 가지 않고 임의의 장소에서 높은 질의 영화와 음악들을 감상할수 있으며 손전화기와 같은 정보기술기재에 의해 사람들과의 교제와 사업에서 최대한의 편리를 보장받을수 있다.

보건사업에서도 치료와 예방에서 질적인 비약을 이룩하여 사람들이 보다 건강한 몸으로 생활할수 있게 한다.

여러가지 치료지원체계들과 정보기술수단들의 도움으로 수술을 비롯한 치료의 질을 높이고 로인들과 불구자들이 커다란 편리를 보장받을수 있게 된다. 그리고 위치측정체계를 결합한 실시간건강관리체계가 이루어져 항시적인 질병관리와 예방을 진행할수 있는 리상적인 보건체계를 구축할수 있다.

이처럼 정보기술의 발전은 문명한 문화생활을 누리도록 하는데서 상상을 초월하는 새로운 변혁을 가져다준다.

정보기술의 발전이 어느 사회에서나 근로인민대중을 위하여 복무하는것은 아니다.

자본주의하에서는 정보기술이 아무리 발전하여도 생산된 물질적부는 자본가들의 수중에 집중되여 근로자들에게 살인적인 로동강도를 들씌우고 그들의 피땀을 짜내여 자본가들이 높은 초과리윤을 얻게 하는 착취수단으로 리용될뿐이다. 그러므로 자본주의나라에서는 근로인민대중이 정보기술발전에 리해관계를 가지지 않으며 이것은 기술발전에서 심각한 제약을 받게 된다.

그러나 사회주의사회에서는 국가가 인민생활을 전적으로 책임지고 돌봐주는것을 자기의 중요한 임무로 하고있으며 정보기술의 발전으로 이루어지는 모든 혜택은 인민들을 자연의 구속에서 해방하고 그들의 물질문화생활을 높이는데 전적으로 돌려지게 된다. 따라서 사회주의사회에서 인민대중은 정보기술발전에 절실한 리해관계를 가지게 되며 정보기술을 더욱더 빠른 속도로 발전시킬수 있다. 여기에 자본주의국가에 비한 사회주의국가의 절대적인 우월성이 있으며 인민생활을 끊임없이 높일수 있는 비결이 있다.

이와 같이 사회주의사회에서 정보기술은 인민대중을 위하여 복무하는 힘있는 무기인것으로 하여 인민생활향상에서 중요한 역할을 하게 된다.

우리는 올해에 인민생활향상에서 결정적전환을 가져오시려는 위대한 장군님의 원대한 구상을 실현해나가야 하며 그러자면 무엇보다도 과학기술발전을 확고히 앞세워야 한다.

우리 군대와 인민의 무한대한 정신력에 과학기술을 결합시키면 이 세상에 못해낼 일이 없다. 정보기술을 비롯한 과학기술발전을 확고히 앞세우고 최첨단을 돌파해나갈 때 우리는 인민생활향상에서 획기적인 전변을 이룩하게 될것이다.",KJI,marketization_adjustment,2010s,6.953684210870537
